date,ad_id,campaign_name,adset_name,ad_name,impressions,clicks,spend,conversions,thruplay,광고목적
2026-09-08,120243940488790659,[빙과_파인트_초코] 26.02_복요파출시_수동_전환_video_전체타겟,쩜오건_3월 3주차,[26.03]F_V_P초_전환_복요파출시_쩜오건_밈활용_var1.릴스_기본.03_00_이봄_260320_1T_이봄1,66671,905,1066096,63,2546,전환
2026-09-08,120247085571430659,[빙과_파인트] 26.05_파인트990원_ASC_전환_video_전체타겟_5월 2주차_쩜오건/원데이건,[파인트] 26.05_파인트990원_ASC_전환_video_전체타겟_5월 2주차_쩜오건/원데이건,[26.05]F_V_P혼_전환_파인트990원_원데이건_골라담기BP_var3.릴스_맛.인트로.재원PJ1_1C_연시온_260515_1T_연시온,6910,103,103701,8,142,전환
2026-09-08,120248737510830659,(운영X) [빙과_스틱바_멜론쫀득] 26.05_쫀득바출시_ASC_전환_video_전체타겟_6월 1주차_맛인지/원가강조,[빙과_스틱바_멜론쫀득] 26.05_쫀득바출시_ASC_전환_video_전체타겟_6월 1주차_맛인지/원가강조,[26.06]F_V_JD멜_전환_쫀득바출시_맛인지형_우베BP_var1.릴스_혜택.X_2P_김유진_260605_빙과_김지연,4204,97,61254,6,183,전환
2026-09-08,120249872523430659,[빙과_파인트_망고] 26.05_망요파출시_수동_전환_image_전체타겟,0623_애플민트,[26.06]F_I_P애_전환_상시_혜택강조형__.배너_.대세감.딱100원.다시는없습니다.__박지연_260623_빙과_홍정민,24862,345,273133,14,0,전환
2026-09-08,120250719511590659,[빙과_스틱바_듬뿍바] 26.06_듬뿍바출시_ASC_전환_video_전체타겟_7월 2주차_풀리오BP/지인네고,[빙과_스틱바_듬뿍바] 26.06_듬뿍바출시_ASC_전환_video_전체타겟_7월 2주차_풀리오BP/지인네고,[26.07]F_V_DB베_전환_듬뿍바출시이벤트_네고형_지인네고형_var2.릴스_대세감.X_1P_고가영_260710_빙과_이수민,8368,135,142458,7,438,전환
2026-09-08,120250831611110659,[빙과_파인트] 26.07_재집행_ASC_전환_video_전체타겟_7월 3주차_B1,[빙과_파인트] 26.07_재집행_ASC_전환_video_전체타겟_7월 3주차_B1,[26.03]F_V_P초_전환_복요파출시_네고형_취식책상네고형.(재)_var3.릴스_pov.03_00_고가영_260306_1T_피재은,13670,215,161684,11,1340,전환
2026-09-08,120250879871970659,[빙과_파인트_말차] 26.07_말차재입고_수동_전환_video_전체타겟,7월 3주차_지인네고형_P말,[26.07]F_V_P말_전환_말차재입고_네고형_지인네고형_var4.릴스_젤라또몽둥이.7월.수민PJ_1P_영상팀_260716_빙과_이수민,9924,251,152472,19,1270,전환
2026-09-08,120250881592360659,(운영X) [빙과_스틱바_멜론쫀득] 26.07_쫀득바출시_ASC_전환_video_전체타겟_7월 3주차_백정BP,[빙과_스틱바_멜론쫀득] 26.07_쫀득바출시_ASC_전환_video_전체타겟_7월 3주차_백정BP,[26.07]F_V_JD멜_전환_쫀득바출시_기타_백정BP_var4.릴스_OEM.X_2P_김유진_260716_빙과_조의진,164,3,2821,0,27,전환
2026-09-09,120243940488790659,[빙과_파인트_초코] 26.02_복요파출시_수동_전환_video_전체타겟,쩜오건_3월 3주차,[26.03]F_V_P초_전환_복요파출시_쩜오건_밈활용_var1.릴스_기본.03_00_이봄_260320_1T_이봄1,43338,572,703886,47,1574,전환
2026-09-09,120247085571430659,[빙과_파인트] 26.05_파인트990원_ASC_전환_video_전체타겟_5월 2주차_쩜오건/원데이건,[파인트] 26.05_파인트990원_ASC_전환_video_전체타겟_5월 2주차_쩜오건/원데이건,[26.05]F_V_P혼_전환_파인트990원_원데이건_골라담기BP_var3.릴스_맛.인트로.재원PJ1_1C_연시온_260515_1T_연시온,6186,128,93484,5,142,전환
2026-09-09,120250719511590659,[빙과_스틱바_듬뿍바] 26.06_듬뿍바출시_ASC_전환_video_전체타겟_7월 2주차_풀리오BP/지인네고,[빙과_스틱바_듬뿍바] 26.06_듬뿍바출시_ASC_전환_video_전체타겟_7월 2주차_풀리오BP/지인네고,[26.07]F_V_DB베_전환_듬뿍바출시이벤트_네고형_지인네고형_var2.릴스_대세감.X_1P_고가영_260710_빙과_이수민,8549,135,129704,12,430,전환
2026-09-09,120250831611110659,[빙과_파인트] 26.07_재집행_ASC_전환_video_전체타겟_7월 3주차_B1,[빙과_파인트] 26.07_재집행_ASC_전환_video_전체타겟_7월 3주차_B1,[26.03]F_V_P초_전환_복요파출시_네고형_취식책상네고형.(재)_var3.릴스_pov.03_00_고가영_260306_1T_피재은,24420,386,282615,16,2627,전환
2026-09-09,120250879871970659,[빙과_파인트_말차] 26.07_말차재입고_수동_전환_video_전체타겟,7월 3주차_지인네고형_P말,[26.07]F_V_P말_전환_말차재입고_네고형_지인네고형_var4.릴스_젤라또몽둥이.7월.수민PJ_1P_영상팀_260716_빙과_이수민,107573,2086,1847980,116,12597,전환
2026-09-10,120243940488790659,[빙과_파인트_초코] 26.02_복요파출시_수동_전환_video_전체타겟,쩜오건_3월 3주차,[26.03]F_V_P초_전환_복요파출시_쩜오건_밈활용_var1.릴스_기본.03_00_이봄_260320_1T_이봄1,42324,649,749242,52,1693,전환
2026-09-10,120247085571430659,[빙과_파인트] 26.05_파인트990원_ASC_전환_video_전체타겟_5월 2주차_쩜오건/원데이건,[파인트] 26.05_파인트990원_ASC_전환_video_전체타겟_5월 2주차_쩜오건/원데이건,[26.05]F_V_P혼_전환_파인트990원_원데이건_골라담기BP_var3.릴스_맛.인트로.재원PJ1_1C_연시온_260515_1T_연시온,33306,430,409977,23,712,전환
2026-09-10,120249872523430659,[빙과_파인트_망고] 26.05_망요파출시_수동_전환_image_전체타겟,0623_애플민트,[26.06]F_I_P애_전환_상시_혜택강조형__.배너_.대세감.딱100원.다시는없습니다.__박지연_260623_빙과_홍정민,6590,124,80244,5,0,전환
2026-09-10,120250719511590659,[빙과_스틱바_듬뿍바] 26.06_듬뿍바출시_ASC_전환_video_전체타겟_7월 2주차_풀리오BP/지인네고,[빙과_스틱바_듬뿍바] 26.06_듬뿍바출시_ASC_전환_video_전체타겟_7월 2주차_풀리오BP/지인네고,[26.07]F_V_DB베_전환_듬뿍바출시이벤트_네고형_지인네고형_var2.릴스_대세감.X_1P_고가영_260710_빙과_이수민,4925,88,95174,5,267,전환
2026-09-10,120250831611110659,[빙과_파인트] 26.07_재집행_ASC_전환_video_전체타겟_7월 3주차_B1,[빙과_파인트] 26.07_재집행_ASC_전환_video_전체타겟_7월 3주차_B1,[26.03]F_V_P초_전환_복요파출시_네고형_취식책상네고형.(재)_var3.릴스_pov.03_00_고가영_260306_1T_피재은,2999,62,36068,2,377,전환
2026-09-10,120250879871970659,[빙과_파인트_말차] 26.07_말차재입고_수동_전환_video_전체타겟,7월 3주차_지인네고형_P말,[26.07]F_V_P말_전환_말차재입고_네고형_지인네고형_var4.릴스_젤라또몽둥이.7월.수민PJ_1P_영상팀_260716_빙과_이수민,63081,1326,1070572,79,7365,전환
2026-09-11,120243940488790659,[빙과_파인트_초코] 26.02_복요파출시_수동_전환_video_전체타겟,쩜오건_3월 3주차,[26.03]F_V_P초_전환_복요파출시_쩜오건_밈활용_var1.릴스_기본.03_00_이봄_260320_1T_이봄1,40049,530,702047,49,1487,전환
2026-09-11,120247085571430659,[빙과_파인트] 26.05_파인트990원_ASC_전환_video_전체타겟_5월 2주차_쩜오건/원데이건,[파인트] 26.05_파인트990원_ASC_전환_video_전체타겟_5월 2주차_쩜오건/원데이건,[26.05]F_V_P혼_전환_파인트990원_원데이건_골라담기BP_var3.릴스_맛.인트로.재원PJ1_1C_연시온_260515_1T_연시온,6372,97,90205,4,141,전환
2026-09-11,120250719511590659,[빙과_스틱바_듬뿍바] 26.06_듬뿍바출시_ASC_전환_video_전체타겟_7월 2주차_풀리오BP/지인네고,[빙과_스틱바_듬뿍바] 26.06_듬뿍바출시_ASC_전환_video_전체타겟_7월 2주차_풀리오BP/지인네고,[26.07]F_V_DB베_전환_듬뿍바출시이벤트_네고형_지인네고형_var2.릴스_대세감.X_1P_고가영_260710_빙과_이수민,5475,107,94767,7,294,전환
2026-09-11,120250831611110659,[빙과_파인트] 26.07_재집행_ASC_전환_video_전체타겟_7월 3주차_B1,[빙과_파인트] 26.07_재집행_ASC_전환_video_전체타겟_7월 3주차_B1,[26.03]F_V_P초_전환_복요파출시_네고형_취식책상네고형.(재)_var3.릴스_pov.03_00_고가영_260306_1T_피재은,6831,136,62195,4,907,전환
2026-09-11,120250879871970659,[빙과_파인트_말차] 26.07_말차재입고_수동_전환_video_전체타겟,7월 3주차_지인네고형_P말,[26.07]F_V_P말_전환_말차재입고_네고형_지인네고형_var4.릴스_젤라또몽둥이.7월.수민PJ_1P_영상팀_260716_빙과_이수민,51479,984,688219,47,6326,전환
2026-09-12,120243940488790659,[빙과_파인트_초코] 26.02_복요파출시_수동_전환_video_전체타겟,쩜오건_3월 3주차,[26.03]F_V_P초_전환_복요파출시_쩜오건_밈활용_var1.릴스_기본.03_00_이봄_260320_1T_이봄1,26554,492,506531,37,1221,전환
2026-09-12,120249872523430659,[빙과_파인트_망고] 26.05_망요파출시_수동_전환_image_전체타겟,0623_애플민트,[26.06]F_I_P애_전환_상시_혜택강조형__.배너_.대세감.딱100원.다시는없습니다.__박지연_260623_빙과_홍정민,1984,23,22657,0,0,전환
2026-09-12,120250719511590659,[빙과_스틱바_듬뿍바] 26.06_듬뿍바출시_ASC_전환_video_전체타겟_7월 2주차_풀리오BP/지인네고,[빙과_스틱바_듬뿍바] 26.06_듬뿍바출시_ASC_전환_video_전체타겟_7월 2주차_풀리오BP/지인네고,[26.07]F_V_DB베_전환_듬뿍바출시이벤트_네고형_지인네고형_var2.릴스_대세감.X_1P_고가영_260710_빙과_이수민,7591,141,126541,10,484,전환
2026-09-12,120250831611110659,[빙과_파인트] 26.07_재집행_ASC_전환_video_전체타겟_7월 3주차_B1,[빙과_파인트] 26.07_재집행_ASC_전환_video_전체타겟_7월 3주차_B1,[26.03]F_V_P초_전환_복요파출시_네고형_취식책상네고형.(재)_var3.릴스_pov.03_00_고가영_260306_1T_피재은,42614,806,373444,32,5625,전환
2026-09-12,120250879871970659,[빙과_파인트_말차] 26.07_말차재입고_수동_전환_video_전체타겟,7월 3주차_지인네고형_P말,[26.07]F_V_P말_전환_말차재입고_네고형_지인네고형_var4.릴스_젤라또몽둥이.7월.수민PJ_1P_영상팀_260716_빙과_이수민,83737,1642,1047130,79,10247,전환
2026-09-13,120243940488790659,[빙과_파인트_초코] 26.02_복요파출시_수동_전환_video_전체타겟,쩜오건_3월 3주차,[26.03]F_V_P초_전환_복요파출시_쩜오건_밈활용_var1.릴스_기본.03_00_이봄_260320_1T_이봄1,19329,433,427398,25,941,전환
2026-09-13,120250719511590659,[빙과_스틱바_듬뿍바] 26.06_듬뿍바출시_ASC_전환_video_전체타겟_7월 2주차_풀리오BP/지인네고,[빙과_스틱바_듬뿍바] 26.06_듬뿍바출시_ASC_전환_video_전체타겟_7월 2주차_풀리오BP/지인네고,[26.07]F_V_DB베_전환_듬뿍바출시이벤트_네고형_지인네고형_var2.릴스_대세감.X_1P_고가영_260710_빙과_이수민,12398,232,216276,16,758,전환
2026-09-13,120250831611110659,[빙과_파인트] 26.07_재집행_ASC_전환_video_전체타겟_7월 3주차_B1,[빙과_파인트] 26.07_재집행_ASC_전환_video_전체타겟_7월 3주차_B1,[26.03]F_V_P초_전환_복요파출시_네고형_취식책상네고형.(재)_var3.릴스_pov.03_00_고가영_260306_1T_피재은,7416,132,64122,3,1040,전환
2026-09-13,120250879871970659,[빙과_파인트_말차] 26.07_말차재입고_수동_전환_video_전체타겟,7월 3주차_지인네고형_P말,[26.07]F_V_P말_전환_말차재입고_네고형_지인네고형_var4.릴스_젤라또몽둥이.7월.수민PJ_1P_영상팀_260716_빙과_이수민,104960,2249,1377316,85,14882,전환
2026-09-14,120243940488790659,[빙과_파인트_초코] 26.02_복요파출시_수동_전환_video_전체타겟,쩜오건_3월 3주차,[26.03]F_V_P초_전환_복요파출시_쩜오건_밈활용_var1.릴스_기본.03_00_이봄_260320_1T_이봄1,37931,612,709351,44,1516,전환
2026-09-14,120250719511590659,[빙과_스틱바_듬뿍바] 26.06_듬뿍바출시_ASC_전환_video_전체타겟_7월 2주차_풀리오BP/지인네고,[빙과_스틱바_듬뿍바] 26.06_듬뿍바출시_ASC_전환_video_전체타겟_7월 2주차_풀리오BP/지인네고,[26.07]F_V_DB베_전환_듬뿍바출시이벤트_네고형_지인네고형_var2.릴스_대세감.X_1P_고가영_260710_빙과_이수민,5815,89,113125,10,306,전환
2026-09-14,120250831611110659,[빙과_파인트] 26.07_재집행_ASC_전환_video_전체타겟_7월 3주차_B1,[빙과_파인트] 26.07_재집행_ASC_전환_video_전체타겟_7월 3주차_B1,[26.03]F_V_P초_전환_복요파출시_네고형_취식책상네고형.(재)_var3.릴스_pov.03_00_고가영_260306_1T_피재은,8800,157,79529,5,1163,전환
2026-09-14,120250879871970659,[빙과_파인트_말차] 26.07_말차재입고_수동_전환_video_전체타겟,7월 3주차_지인네고형_P말,[26.07]F_V_P말_전환_말차재입고_네고형_지인네고형_var4.릴스_젤라또몽둥이.7월.수민PJ_1P_영상팀_260716_빙과_이수민,130372,2571,1838053,120,15969,전환
2026-09-15,120243940488790659,[빙과_파인트_초코] 26.02_복요파출시_수동_전환_video_전체타겟,쩜오건_3월 3주차,[26.03]F_V_P초_전환_복요파출시_쩜오건_밈활용_var1.릴스_기본.03_00_이봄_260320_1T_이봄1,8214,211,229643,13,464,전환
2026-09-15,120250719511590659,[빙과_스틱바_듬뿍바] 26.06_듬뿍바출시_ASC_전환_video_전체타겟_7월 2주차_풀리오BP/지인네고,[빙과_스틱바_듬뿍바] 26.06_듬뿍바출시_ASC_전환_video_전체타겟_7월 2주차_풀리오BP/지인네고,[26.07]F_V_DB베_전환_듬뿍바출시이벤트_네고형_지인네고형_var2.릴스_대세감.X_1P_고가영_260710_빙과_이수민,6363,116,123664,13,324,전환
2026-09-15,120250831611110659,[빙과_파인트] 26.07_재집행_ASC_전환_video_전체타겟_7월 3주차_B1,[빙과_파인트] 26.07_재집행_ASC_전환_video_전체타겟_7월 3주차_B1,[26.03]F_V_P초_전환_복요파출시_네고형_취식책상네고형.(재)_var3.릴스_pov.03_00_고가영_260306_1T_피재은,44987,783,490218,32,4972,전환
2026-09-15,120250879871970659,[빙과_파인트_말차] 26.07_말차재입고_수동_전환_video_전체타겟,7월 3주차_지인네고형_P말,[26.07]F_V_P말_전환_말차재입고_네고형_지인네고형_var4.릴스_젤라또몽둥이.7월.수민PJ_1P_영상팀_260716_빙과_이수민,31806,631,508882,26,3847,전환
2026-09-16,120243940488790659,[빙과_파인트_초코] 26.02_복요파출시_수동_전환_video_전체타겟,쩜오건_3월 3주차,[26.03]F_V_P초_전환_복요파출시_쩜오건_밈활용_var1.릴스_기본.03_00_이봄_260320_1T_이봄1,23937,366,491778,22,944,전환
2026-09-16,120250719511590659,[빙과_스틱바_듬뿍바] 26.06_듬뿍바출시_ASC_전환_video_전체타겟_7월 2주차_풀리오BP/지인네고,[빙과_스틱바_듬뿍바] 26.06_듬뿍바출시_ASC_전환_video_전체타겟_7월 2주차_풀리오BP/지인네고,[26.07]F_V_DB베_전환_듬뿍바출시이벤트_네고형_지인네고형_var2.릴스_대세감.X_1P_고가영_260710_빙과_이수민,6623,99,113322,7,381,전환
2026-09-16,120250831611110659,[빙과_파인트] 26.07_재집행_ASC_전환_video_전체타겟_7월 3주차_B1,[빙과_파인트] 26.07_재집행_ASC_전환_video_전체타겟_7월 3주차_B1,[26.03]F_V_P초_전환_복요파출시_네고형_취식책상네고형.(재)_var3.릴스_pov.03_00_고가영_260306_1T_피재은,17078,272,186643,9,1803,전환
2026-09-16,120250879871970659,[빙과_파인트_말차] 26.07_말차재입고_수동_전환_video_전체타겟,7월 3주차_지인네고형_P말,[26.07]F_V_P말_전환_말차재입고_네고형_지인네고형_var4.릴스_젤라또몽둥이.7월.수민PJ_1P_영상팀_260716_빙과_이수민,4015,96,57660,3,474,전환
2026-09-17,120243940488790659,[빙과_파인트_초코] 26.02_복요파출시_수동_전환_video_전체타겟,쩜오건_3월 3주차,[26.03]F_V_P초_전환_복요파출시_쩜오건_밈활용_var1.릴스_기본.03_00_이봄_260320_1T_이봄1,20919,362,482461,28,912,전환
2026-09-17,120250719511590659,[빙과_스틱바_듬뿍바] 26.06_듬뿍바출시_ASC_전환_video_전체타겟_7월 2주차_풀리오BP/지인네고,[빙과_스틱바_듬뿍바] 26.06_듬뿍바출시_ASC_전환_video_전체타겟_7월 2주차_풀리오BP/지인네고,[26.07]F_V_DB베_전환_듬뿍바출시이벤트_네고형_지인네고형_var2.릴스_대세감.X_1P_고가영_260710_빙과_이수민,7708,149,137041,4,425,전환
2026-09-17,120250831611110659,[빙과_파인트] 26.07_재집행_ASC_전환_video_전체타겟_7월 3주차_B1,[빙과_파인트] 26.07_재집행_ASC_전환_video_전체타겟_7월 3주차_B1,[26.03]F_V_P초_전환_복요파출시_네고형_취식책상네고형.(재)_var3.릴스_pov.03_00_고가영_260306_1T_피재은,3901,94,44576,2,514,전환
2026-09-17,120250879871970659,[빙과_파인트_말차] 26.07_말차재입고_수동_전환_video_전체타겟,7월 3주차_지인네고형_P말,[26.07]F_V_P말_전환_말차재입고_네고형_지인네고형_var4.릴스_젤라또몽둥이.7월.수민PJ_1P_영상팀_260716_빙과_이수민,5759,114,83320,5,661,전환
2026-09-18,120243940488790659,[빙과_파인트_초코] 26.02_복요파출시_수동_전환_video_전체타겟,쩜오건_3월 3주차,[26.03]F_V_P초_전환_복요파출시_쩜오건_밈활용_var1.릴스_기본.03_00_이봄_260320_1T_이봄1,15102,238,295629,9,610,전환
2026-09-18,120250719511590659,[빙과_스틱바_듬뿍바] 26.06_듬뿍바출시_ASC_전환_video_전체타겟_7월 2주차_풀리오BP/지인네고,[빙과_스틱바_듬뿍바] 26.06_듬뿍바출시_ASC_전환_video_전체타겟_7월 2주차_풀리오BP/지인네고,[26.07]F_V_DB베_전환_듬뿍바출시이벤트_네고형_지인네고형_var2.릴스_대세감.X_1P_고가영_260710_빙과_이수민,6522,131,111521,10,405,전환
2026-09-18,120250831611110659,[빙과_파인트] 26.07_재집행_ASC_전환_video_전체타겟_7월 3주차_B1,[빙과_파인트] 26.07_재집행_ASC_전환_video_전체타겟_7월 3주차_B1,[26.03]F_V_P초_전환_복요파출시_네고형_취식책상네고형.(재)_var3.릴스_pov.03_00_고가영_260306_1T_피재은,1407,35,15657,0,179,전환
2026-09-18,120250879871970659,[빙과_파인트_말차] 26.07_말차재입고_수동_전환_video_전체타겟,7월 3주차_지인네고형_P말,[26.07]F_V_P말_전환_말차재입고_네고형_지인네고형_var4.릴스_젤라또몽둥이.7월.수민PJ_1P_영상팀_260716_빙과_이수민,10576,217,147122,10,1264,전환
2026-09-19,120250719511590659,[빙과_스틱바_듬뿍바] 26.06_듬뿍바출시_ASC_전환_video_전체타겟_7월 2주차_풀리오BP/지인네고,[빙과_스틱바_듬뿍바] 26.06_듬뿍바출시_ASC_전환_video_전체타겟_7월 2주차_풀리오BP/지인네고,[26.07]F_V_DB베_전환_듬뿍바출시이벤트_네고형_지인네고형_var2.릴스_대세감.X_1P_고가영_260710_빙과_이수민,6633,117,114767,12,404,전환
2026-09-19,120250879871970659,[빙과_파인트_말차] 26.07_말차재입고_수동_전환_video_전체타겟,7월 3주차_지인네고형_P말,[26.07]F_V_P말_전환_말차재입고_네고형_지인네고형_var4.릴스_젤라또몽둥이.7월.수민PJ_1P_영상팀_260716_빙과_이수민,6330,146,82222,6,790,전환
2026-09-20,120243940488790659,[빙과_파인트_초코] 26.02_복요파출시_수동_전환_video_전체타겟,쩜오건_3월 3주차,[26.03]F_V_P초_전환_복요파출시_쩜오건_밈활용_var1.릴스_기본.03_00_이봄_260320_1T_이봄1,17483,378,384537,28,785,전환
2026-09-20,120250719511590659,[빙과_스틱바_듬뿍바] 26.06_듬뿍바출시_ASC_전환_video_전체타겟_7월 2주차_풀리오BP/지인네고,[빙과_스틱바_듬뿍바] 26.06_듬뿍바출시_ASC_전환_video_전체타겟_7월 2주차_풀리오BP/지인네고,[26.07]F_V_DB베_전환_듬뿍바출시이벤트_네고형_지인네고형_var2.릴스_대세감.X_1P_고가영_260710_빙과_이수민,7093,122,122812,8,411,전환
2026-09-20,120250879871970659,[빙과_파인트_말차] 26.07_말차재입고_수동_전환_video_전체타겟,7월 3주차_지인네고형_P말,[26.07]F_V_P말_전환_말차재입고_네고형_지인네고형_var4.릴스_젤라또몽둥이.7월.수민PJ_1P_영상팀_260716_빙과_이수민,1829,36,30547,0,224,전환
2026-09-08,120251095920660659,(운영X) [빙과_스틱바_멜론쫀득] 26.05_쫀득바출시_수동_전환_image_전체타겟,0724_JD멜,[26.07]F_I_JD멜_전환_쫀득바출시_AI영상자동화_혜택강조형__.릴스_ai캐릭터.고효율베리.오열멜론1.지금이젤싸요.__김유진_260724_빙과_홍정민,78,0,2148,0,2,전환
2026-09-08,120251470127770659,[빙과_파인트_골키파] 26.07_골키파출시_수동_전환_image_전체타겟,0807_100원_P골,[26.07]F_I_P혼_전환_상시__혜택강조형__.배너_죄송합니다.여름한정제품이라.여름과일상큼함.과일보다낮은당류.__이도경_260807_빙과_김민우,66866,616,595533,38,0,전환
2026-09-09,120251470127770659,[빙과_파인트_골키파] 26.07_골키파출시_수동_전환_image_전체타겟,0807_100원_P골,[26.07]F_I_P혼_전환_상시__혜택강조형__.배너_죄송합니다.여름한정제품이라.여름과일상큼함.과일보다낮은당류.__이도경_260807_빙과_김민우,54706,578,499408,27,0,전환
2026-09-10,120251470127770659,[빙과_파인트_골키파] 26.07_골키파출시_수동_전환_image_전체타겟,0807_100원_P골,[26.07]F_I_P혼_전환_상시__혜택강조형__.배너_죄송합니다.여름한정제품이라.여름과일상큼함.과일보다낮은당류.__이도경_260807_빙과_김민우,11233,103,100818,7,0,전환
2026-09-11,120251470127770659,[빙과_파인트_골키파] 26.07_골키파출시_수동_전환_image_전체타겟,0807_100원_P골,[26.07]F_I_P혼_전환_상시__혜택강조형__.배너_죄송합니다.여름한정제품이라.여름과일상큼함.과일보다낮은당류.__이도경_260807_빙과_김민우,4046,44,36942,2,0,전환
2026-09-12,120251470127770659,[빙과_파인트_골키파] 26.07_골키파출시_수동_전환_image_전체타겟,0807_100원_P골,[26.07]F_I_P혼_전환_상시__혜택강조형__.배너_죄송합니다.여름한정제품이라.여름과일상큼함.과일보다낮은당류.__이도경_260807_빙과_김민우,4023,58,36918,2,0,전환
2026-09-13,120251470127770659,[빙과_파인트_골키파] 26.07_골키파출시_수동_전환_image_전체타겟,0807_100원_P골,[26.07]F_I_P혼_전환_상시__혜택강조형__.배너_죄송합니다.여름한정제품이라.여름과일상큼함.과일보다낮은당류.__이도경_260807_빙과_김민우,2672,44,25668,1,0,전환
2026-09-15,120251470127770659,[빙과_파인트_골키파] 26.07_골키파출시_수동_전환_image_전체타겟,0807_100원_P골,[26.07]F_I_P혼_전환_상시__혜택강조형__.배너_죄송합니다.여름한정제품이라.여름과일상큼함.과일보다낮은당류.__이도경_260807_빙과_김민우,2468,24,28685,0,0,전환
2026-09-16,120251470127770659,[빙과_파인트_골키파] 26.07_골키파출시_수동_전환_image_전체타겟,0807_100원_P골,[26.07]F_I_P혼_전환_상시__혜택강조형__.배너_죄송합니다.여름한정제품이라.여름과일상큼함.과일보다낮은당류.__이도경_260807_빙과_김민우,2801,40,33520,1,0,전환
2026-09-17,120251470127770659,[빙과_파인트_골키파] 26.07_골키파출시_수동_전환_image_전체타겟,0807_100원_P골,[26.07]F_I_P혼_전환_상시__혜택강조형__.배너_죄송합니다.여름한정제품이라.여름과일상큼함.과일보다낮은당류.__이도경_260807_빙과_김민우,2503,31,25968,0,0,전환
2026-09-08,120251570800890659,[빙과_파인트] 26.08_재집행_수동_전환_video_남성타겟,8월 2주차_재집행_P초_2,[26.03]F_V_P초_전환_복요파출시_네고형_실수네고형_var3.릴스_살려주세요.03_00_고가영_260320_1T_윤성미,7407,182,106562,6,822,전환
2026-09-09,120251570800890659,[빙과_파인트] 26.08_재집행_수동_전환_video_남성타겟,8월 2주차_재집행_P초_2,[26.03]F_V_P초_전환_복요파출시_네고형_실수네고형_var3.릴스_살려주세요.03_00_고가영_260320_1T_윤성미,28420,582,370809,24,2837,전환
2026-09-10,120251570800890659,[빙과_파인트] 26.08_재집행_수동_전환_video_남성타겟,8월 2주차_재집행_P초_2,[26.03]F_V_P초_전환_복요파출시_네고형_실수네고형_var3.릴스_살려주세요.03_00_고가영_260320_1T_윤성미,17070,363,234604,16,1770,전환
2026-09-11,120251570800890659,[빙과_파인트] 26.08_재집행_수동_전환_video_남성타겟,8월 2주차_재집행_P초_2,[26.03]F_V_P초_전환_복요파출시_네고형_실수네고형_var3.릴스_살려주세요.03_00_고가영_260320_1T_윤성미,12864,297,176928,9,1323,전환
2026-09-12,120251570800890659,[빙과_파인트] 26.08_재집행_수동_전환_video_남성타겟,8월 2주차_재집행_P초_2,[26.03]F_V_P초_전환_복요파출시_네고형_실수네고형_var3.릴스_살려주세요.03_00_고가영_260320_1T_윤성미,47708,978,636150,44,5446,전환
2026-09-13,120251570800890659,[빙과_파인트] 26.08_재집행_수동_전환_video_남성타겟,8월 2주차_재집행_P초_2,[26.03]F_V_P초_전환_복요파출시_네고형_실수네고형_var3.릴스_살려주세요.03_00_고가영_260320_1T_윤성미,45101,1095,674391,42,5302,전환
2026-09-14,120251570800890659,[빙과_파인트] 26.08_재집행_수동_전환_video_남성타겟,8월 2주차_재집행_P초_2,[26.03]F_V_P초_전환_복요파출시_네고형_실수네고형_var3.릴스_살려주세요.03_00_고가영_260320_1T_윤성미,8226,198,130127,8,920,전환
2026-09-15,120251570800890659,[빙과_파인트] 26.08_재집행_수동_전환_video_남성타겟,8월 2주차_재집행_P초_2,[26.03]F_V_P초_전환_복요파출시_네고형_실수네고형_var3.릴스_살려주세요.03_00_고가영_260320_1T_윤성미,59965,1205,1053927,65,5569,전환
2026-09-16,120251570800890659,[빙과_파인트] 26.08_재집행_수동_전환_video_남성타겟,8월 2주차_재집행_P초_2,[26.03]F_V_P초_전환_복요파출시_네고형_실수네고형_var3.릴스_살려주세요.03_00_고가영_260320_1T_윤성미,56479,1101,965622,53,5384,전환
2026-09-17,120251570800890659,[빙과_파인트] 26.08_재집행_수동_전환_video_남성타겟,8월 2주차_재집행_P초_2,[26.03]F_V_P초_전환_복요파출시_네고형_실수네고형_var3.릴스_살려주세요.03_00_고가영_260320_1T_윤성미,18002,403,310312,14,1907,전환
2026-09-18,120251570800890659,[빙과_파인트] 26.08_재집행_수동_전환_video_남성타겟,8월 2주차_재집행_P초_2,[26.03]F_V_P초_전환_복요파출시_네고형_실수네고형_var3.릴스_살려주세요.03_00_고가영_260320_1T_윤성미,58294,1135,803013,36,5857,전환
2026-09-19,120251570800890659,[빙과_파인트] 26.08_재집행_수동_전환_video_남성타겟,8월 2주차_재집행_P초_2,[26.03]F_V_P초_전환_복요파출시_네고형_실수네고형_var3.릴스_살려주세요.03_00_고가영_260320_1T_윤성미,33333,676,469659,28,3478,전환
2026-09-20,120251570800890659,[빙과_파인트] 26.08_재집행_수동_전환_video_남성타겟,8월 2주차_재집행_P초_2,[26.03]F_V_P초_전환_복요파출시_네고형_실수네고형_var3.릴스_살려주세요.03_00_고가영_260320_1T_윤성미,44846,913,683661,44,4808,전환
2026-09-08,120250485488740659,[빙과_스틱바_듬뿍바] 26.06_듬뿍바출시_ASC_전환_video_전체타겟_7월 1주차_썬스틱BP/전화네고,[빙과_스틱바_듬뿍바] 26.06_듬뿍바출시_ASC_전환_video_전체타겟_7월 1주차_썬스틱BP/전화네고,[26.07]F_V_DB베_전환_듬뿍바출시이벤트_신규BP_썬스틱BP_main.릴스_본론.X_1P_고가영_260703_빙과_이수현,2679,66,68579,6,232,전환
2026-09-09,120250485488740659,[빙과_스틱바_듬뿍바] 26.06_듬뿍바출시_ASC_전환_video_전체타겟_7월 1주차_썬스틱BP/전화네고,[빙과_스틱바_듬뿍바] 26.06_듬뿍바출시_ASC_전환_video_전체타겟_7월 1주차_썬스틱BP/전화네고,[26.07]F_V_DB베_전환_듬뿍바출시이벤트_신규BP_썬스틱BP_main.릴스_본론.X_1P_고가영_260703_빙과_이수현,1629,47,46393,3,176,전환
2026-09-10,120250485488740659,[빙과_스틱바_듬뿍바] 26.06_듬뿍바출시_ASC_전환_video_전체타겟_7월 1주차_썬스틱BP/전화네고,[빙과_스틱바_듬뿍바] 26.06_듬뿍바출시_ASC_전환_video_전체타겟_7월 1주차_썬스틱BP/전화네고,[26.07]F_V_DB베_전환_듬뿍바출시이벤트_신규BP_썬스틱BP_main.릴스_본론.X_1P_고가영_260703_빙과_이수현,1601,48,44323,3,168,전환
2026-09-11,120250485488740659,[빙과_스틱바_듬뿍바] 26.06_듬뿍바출시_ASC_전환_video_전체타겟_7월 1주차_썬스틱BP/전화네고,[빙과_스틱바_듬뿍바] 26.06_듬뿍바출시_ASC_전환_video_전체타겟_7월 1주차_썬스틱BP/전화네고,[26.07]F_V_DB베_전환_듬뿍바출시이벤트_신규BP_썬스틱BP_main.릴스_본론.X_1P_고가영_260703_빙과_이수현,297,7,10575,0,27,전환
2026-09-12,120250485488740659,[빙과_스틱바_듬뿍바] 26.06_듬뿍바출시_ASC_전환_video_전체타겟_7월 1주차_썬스틱BP/전화네고,[빙과_스틱바_듬뿍바] 26.06_듬뿍바출시_ASC_전환_video_전체타겟_7월 1주차_썬스틱BP/전화네고,[26.07]F_V_DB베_전환_듬뿍바출시이벤트_신규BP_썬스틱BP_main.릴스_본론.X_1P_고가영_260703_빙과_이수현,513,17,14367,1,60,전환
2026-09-13,120250485488740659,[빙과_스틱바_듬뿍바] 26.06_듬뿍바출시_ASC_전환_video_전체타겟_7월 1주차_썬스틱BP/전화네고,[빙과_스틱바_듬뿍바] 26.06_듬뿍바출시_ASC_전환_video_전체타겟_7월 1주차_썬스틱BP/전화네고,[26.07]F_V_DB베_전환_듬뿍바출시이벤트_신규BP_썬스틱BP_main.릴스_본론.X_1P_고가영_260703_빙과_이수현,595,18,17468,0,71,전환
2026-09-08,120251694571720659,[빙과_파인트_골키파] 26.08_골키파출시_ASC_전환_video_전체타겟_8월 2주차_지인네고/안다르BP,[빙과_파인트_골키파] 26.08_골키파출시_ASC_전환_video_전체타겟_8월 2주차_지인네고/안다르BP,[26.08]F_V_P초_전환_골키파출시_네고형_지인네고형_main.릴스_공통.8월.수민PJ_파인트P_이도경_260814_빙과_김지연,3776,42,38160,0,223,전환
2026-09-08,120251696400670659,[빙과_파인트_골키파] 26.08_골키파출시_ASC_전환_video_전체타겟_8월 2주차_지인네고/안다르BP,[빙과_파인트_골키파] 26.08_골키파출시_ASC_전환_video_전체타겟_8월 2주차_지인네고/안다르BP,[26.08]F_V_P말_전환_골키파출시_맛인지형_안다르BP_var2.릴스_말차.시즌종료.8월.수민PJ_파인트P_영상팀_260814_빙과_이수민,20121,231,233318,19,339,전환
2026-09-08,120251696467610659,[빙과_파인트_골키파] 26.08_골키파출시_ASC_전환_video_전체타겟_8월 2주차_전화네고/도담우BP,[빙과_파인트_골키파] 26.08_골키파출시_ASC_전환_video_전체타겟_8월 2주차_전화네고/도담우BP,[26.08]F_V_P말_전환_골키파출시_신규BP_도담우 BP_main.릴스_3억.X_스틱바P_영상팀_260814_빙과_노현경,17214,582,434204,22,3109,전환
2026-09-09,120251696400670659,[빙과_파인트_골키파] 26.08_골키파출시_ASC_전환_video_전체타겟_8월 2주차_지인네고/안다르BP,[빙과_파인트_골키파] 26.08_골키파출시_ASC_전환_video_전체타겟_8월 2주차_지인네고/안다르BP,[26.08]F_V_P말_전환_골키파출시_맛인지형_안다르BP_var2.릴스_말차.시즌종료.8월.수민PJ_파인트P_영상팀_260814_빙과_이수민,23200,351,326758,19,414,전환
2026-09-10,120251696400670659,[빙과_파인트_골키파] 26.08_골키파출시_ASC_전환_video_전체타겟_8월 2주차_지인네고/안다르BP,[빙과_파인트_골키파] 26.08_골키파출시_ASC_전환_video_전체타겟_8월 2주차_지인네고/안다르BP,[26.08]F_V_P말_전환_골키파출시_맛인지형_안다르BP_var2.릴스_말차.시즌종료.8월.수민PJ_파인트P_영상팀_260814_빙과_이수민,28013,314,337604,21,503,전환
2026-09-11,120251696400670659,[빙과_파인트_골키파] 26.08_골키파출시_ASC_전환_video_전체타겟_8월 2주차_지인네고/안다르BP,[빙과_파인트_골키파] 26.08_골키파출시_ASC_전환_video_전체타겟_8월 2주차_지인네고/안다르BP,[26.08]F_V_P말_전환_골키파출시_맛인지형_안다르BP_var2.릴스_말차.시즌종료.8월.수민PJ_파인트P_영상팀_260814_빙과_이수민,9804,137,142675,9,158,전환
2026-09-12,120251696400670659,[빙과_파인트_골키파] 26.08_골키파출시_ASC_전환_video_전체타겟_8월 2주차_지인네고/안다르BP,[빙과_파인트_골키파] 26.08_골키파출시_ASC_전환_video_전체타겟_8월 2주차_지인네고/안다르BP,[26.08]F_V_P말_전환_골키파출시_맛인지형_안다르BP_var2.릴스_말차.시즌종료.8월.수민PJ_파인트P_영상팀_260814_빙과_이수민,39025,474,450398,31,739,전환
2026-09-12,120251696467610659,[빙과_파인트_골키파] 26.08_골키파출시_ASC_전환_video_전체타겟_8월 2주차_전화네고/도담우BP,[빙과_파인트_골키파] 26.08_골키파출시_ASC_전환_video_전체타겟_8월 2주차_전화네고/도담우BP,[26.08]F_V_P말_전환_골키파출시_신규BP_도담우 BP_main.릴스_3억.X_스틱바P_영상팀_260814_빙과_노현경,1235,49,34502,1,290,전환
2026-09-13,120251696400670659,[빙과_파인트_골키파] 26.08_골키파출시_ASC_전환_video_전체타겟_8월 2주차_지인네고/안다르BP,[빙과_파인트_골키파] 26.08_골키파출시_ASC_전환_video_전체타겟_8월 2주차_지인네고/안다르BP,[26.08]F_V_P말_전환_골키파출시_맛인지형_안다르BP_var2.릴스_말차.시즌종료.8월.수민PJ_파인트P_영상팀_260814_빙과_이수민,12285,170,154554,10,204,전환
2026-09-14,120251696400670659,[빙과_파인트_골키파] 26.08_골키파출시_ASC_전환_video_전체타겟_8월 2주차_지인네고/안다르BP,[빙과_파인트_골키파] 26.08_골키파출시_ASC_전환_video_전체타겟_8월 2주차_지인네고/안다르BP,[26.08]F_V_P말_전환_골키파출시_맛인지형_안다르BP_var2.릴스_말차.시즌종료.8월.수민PJ_파인트P_영상팀_260814_빙과_이수민,25811,337,339501,21,475,전환
2026-09-14,120251696467610659,[빙과_파인트_골키파] 26.08_골키파출시_ASC_전환_video_전체타겟_8월 2주차_전화네고/도담우BP,[빙과_파인트_골키파] 26.08_골키파출시_ASC_전환_video_전체타겟_8월 2주차_전화네고/도담우BP,[26.08]F_V_P말_전환_골키파출시_신규BP_도담우 BP_main.릴스_3억.X_스틱바P_영상팀_260814_빙과_노현경,3960,166,118918,6,859,전환
2026-09-15,120251696400670659,[빙과_파인트_골키파] 26.08_골키파출시_ASC_전환_video_전체타겟_8월 2주차_지인네고/안다르BP,[빙과_파인트_골키파] 26.08_골키파출시_ASC_전환_video_전체타겟_8월 2주차_지인네고/안다르BP,[26.08]F_V_P말_전환_골키파출시_맛인지형_안다르BP_var2.릴스_말차.시즌종료.8월.수민PJ_파인트P_영상팀_260814_빙과_이수민,2073,33,30991,1,41,전환
2026-09-16,120251696400670659,[빙과_파인트_골키파] 26.08_골키파출시_ASC_전환_video_전체타겟_8월 2주차_지인네고/안다르BP,[빙과_파인트_골키파] 26.08_골키파출시_ASC_전환_video_전체타겟_8월 2주차_지인네고/안다르BP,[26.08]F_V_P말_전환_골키파출시_맛인지형_안다르BP_var2.릴스_말차.시즌종료.8월.수민PJ_파인트P_영상팀_260814_빙과_이수민,1398,18,18560,2,24,전환
2026-09-17,120251696400670659,[빙과_파인트_골키파] 26.08_골키파출시_ASC_전환_video_전체타겟_8월 2주차_지인네고/안다르BP,[빙과_파인트_골키파] 26.08_골키파출시_ASC_전환_video_전체타겟_8월 2주차_지인네고/안다르BP,[26.08]F_V_P말_전환_골키파출시_맛인지형_안다르BP_var2.릴스_말차.시즌종료.8월.수민PJ_파인트P_영상팀_260814_빙과_이수민,1650,19,21353,0,25,전환
2026-09-18,120251696400670659,[빙과_파인트_골키파] 26.08_골키파출시_ASC_전환_video_전체타겟_8월 2주차_지인네고/안다르BP,[빙과_파인트_골키파] 26.08_골키파출시_ASC_전환_video_전체타겟_8월 2주차_지인네고/안다르BP,[26.08]F_V_P말_전환_골키파출시_맛인지형_안다르BP_var2.릴스_말차.시즌종료.8월.수민PJ_파인트P_영상팀_260814_빙과_이수민,626,9,8578,0,13,전환
2026-09-19,120251696467610659,[빙과_파인트_골키파] 26.08_골키파출시_ASC_전환_video_전체타겟_8월 2주차_전화네고/도담우BP,[빙과_파인트_골키파] 26.08_골키파출시_ASC_전환_video_전체타겟_8월 2주차_전화네고/도담우BP,[26.08]F_V_P말_전환_골키파출시_신규BP_도담우 BP_main.릴스_3억.X_스틱바P_영상팀_260814_빙과_노현경,576,19,15979,0,108,전환
2026-09-20,120251696467610659,[빙과_파인트_골키파] 26.08_골키파출시_ASC_전환_video_전체타겟_8월 2주차_전화네고/도담우BP,[빙과_파인트_골키파] 26.08_골키파출시_ASC_전환_video_전체타겟_8월 2주차_전화네고/도담우BP,[26.08]F_V_P말_전환_골키파출시_신규BP_도담우 BP_main.릴스_3억.X_스틱바P_영상팀_260814_빙과_노현경,933,33,20868,0,211,전환
2026-09-08,120245678853640659,[빙과_파인트_망고] 26.04_망요파출시_ASC_전환_video_전체타겟_4월 4주차_유인맨즈BP/전라도청년BP,[파인트_망고] 26.04_망요파출시_ASC_전환_video_전체타겟_4월 4주차_유인맨즈BP/전라도청년BP,[26.04]F_V_P망_전환_망요파출시_네고형_관계성네고형_var1.릴스_규모감.X_1C_고가영_260424_1T_이미진,11470,230,140851,7,1353,전환
2026-09-08,120250683091110659,[빙과_파인트] 26.04_파인트990원_수동_전환_image_전체타겟,0709_990원_P말,[26.07]F_I_P말_전환_상시_직원설득형__.배너_원재료강조.수급.텍스트소구.구매제한.공지문.현장감.표.제한적인특성상.종료.__손유곤_260709_빙과_김민우,30850,547,317338,21,0,전환
2026-09-08,120251029630470659,[빙과_파인트_망고] 26.04_망요파출시_수동_전환_video_전체타겟,7월 4주차_바운스번BP_P망,[26.07]F_V_P망_전환_망요파출시_기타_바운스번BP_var1.릴스_이슈.환율.X_2P_이도경_260722_빙과_김지연,4647,83,37583,2,658,전환
2026-09-09,120245678853640659,[빙과_파인트_망고] 26.04_망요파출시_ASC_전환_video_전체타겟_4월 4주차_유인맨즈BP/전라도청년BP,[파인트_망고] 26.04_망요파출시_ASC_전환_video_전체타겟_4월 4주차_유인맨즈BP/전라도청년BP,[26.04]F_V_P망_전환_망요파출시_네고형_관계성네고형_var1.릴스_규모감.X_1C_고가영_260424_1T_이미진,16321,284,148382,7,2030,전환
2026-09-09,120250683091110659,[빙과_파인트] 26.04_파인트990원_수동_전환_image_전체타겟,0709_990원_P말,[26.07]F_I_P말_전환_상시_직원설득형__.배너_원재료강조.수급.텍스트소구.구매제한.공지문.현장감.표.제한적인특성상.종료.__손유곤_260709_빙과_김민우,33840,612,349820,21,0,전환
2026-09-10,120245678853640659,[빙과_파인트_망고] 26.04_망요파출시_ASC_전환_video_전체타겟_4월 4주차_유인맨즈BP/전라도청년BP,[파인트_망고] 26.04_망요파출시_ASC_전환_video_전체타겟_4월 4주차_유인맨즈BP/전라도청년BP,[26.04]F_V_P망_전환_망요파출시_네고형_관계성네고형_var1.릴스_규모감.X_1C_고가영_260424_1T_이미진,9470,208,97727,6,1207,전환
2026-09-10,120250683091110659,[빙과_파인트] 26.04_파인트990원_수동_전환_image_전체타겟,0709_990원_P말,[26.07]F_I_P말_전환_상시_직원설득형__.배너_원재료강조.수급.텍스트소구.구매제한.공지문.현장감.표.제한적인특성상.종료.__손유곤_260709_빙과_김민우,19765,352,204720,9,0,전환
2026-09-10,120251029630470659,[빙과_파인트_망고] 26.04_망요파출시_수동_전환_video_전체타겟,7월 4주차_바운스번BP_P망,[26.07]F_V_P망_전환_망요파출시_기타_바운스번BP_var1.릴스_이슈.환율.X_2P_이도경_260722_빙과_김지연,2274,37,18565,1,315,전환
2026-09-11,120245678853640659,[빙과_파인트_망고] 26.04_망요파출시_ASC_전환_video_전체타겟_4월 4주차_유인맨즈BP/전라도청년BP,[파인트_망고] 26.04_망요파출시_ASC_전환_video_전체타겟_4월 4주차_유인맨즈BP/전라도청년BP,[26.04]F_V_P망_전환_망요파출시_네고형_관계성네고형_var1.릴스_규모감.X_1C_고가영_260424_1T_이미진,2929,56,28395,1,368,전환
2026-09-11,120250683091110659,[빙과_파인트] 26.04_파인트990원_수동_전환_image_전체타겟,0709_990원_P말,[26.07]F_I_P말_전환_상시_직원설득형__.배너_원재료강조.수급.텍스트소구.구매제한.공지문.현장감.표.제한적인특성상.종료.__손유곤_260709_빙과_김민우,10935,209,122362,6,0,전환
2026-09-12,120245678853640659,[빙과_파인트_망고] 26.04_망요파출시_ASC_전환_video_전체타겟_4월 4주차_유인맨즈BP/전라도청년BP,[파인트_망고] 26.04_망요파출시_ASC_전환_video_전체타겟_4월 4주차_유인맨즈BP/전라도청년BP,[26.04]F_V_P망_전환_망요파출시_네고형_관계성네고형_var1.릴스_규모감.X_1C_고가영_260424_1T_이미진,6023,145,54580,4,789,전환
2026-09-13,120251029630470659,[빙과_파인트_망고] 26.04_망요파출시_수동_전환_video_전체타겟,7월 4주차_바운스번BP_P망,[26.07]F_V_P망_전환_망요파출시_기타_바운스번BP_var1.릴스_이슈.환율.X_2P_이도경_260722_빙과_김지연,3354,68,26047,1,548,전환
2026-09-14,120251029630470659,[빙과_파인트_망고] 26.04_망요파출시_수동_전환_video_전체타겟,7월 4주차_바운스번BP_P망,[26.07]F_V_P망_전환_망요파출시_기타_바운스번BP_var1.릴스_이슈.환율.X_2P_이도경_260722_빙과_김지연,2677,56,20075,1,441,전환
2026-09-15,120251029630470659,[빙과_파인트_망고] 26.04_망요파출시_수동_전환_video_전체타겟,7월 4주차_바운스번BP_P망,[26.07]F_V_P망_전환_망요파출시_기타_바운스번BP_var1.릴스_이슈.환율.X_2P_이도경_260722_빙과_김지연,11650,239,126865,8,1704,전환
2026-09-16,120245678853640659,[빙과_파인트_망고] 26.04_망요파출시_ASC_전환_video_전체타겟_4월 4주차_유인맨즈BP/전라도청년BP,[파인트_망고] 26.04_망요파출시_ASC_전환_video_전체타겟_4월 4주차_유인맨즈BP/전라도청년BP,[26.04]F_V_P망_전환_망요파출시_네고형_관계성네고형_var1.릴스_규모감.X_1C_고가영_260424_1T_이미진,6657,129,74910,5,743,전환
2026-09-16,120251029630470659,[빙과_파인트_망고] 26.04_망요파출시_수동_전환_video_전체타겟,7월 4주차_바운스번BP_P망,[26.07]F_V_P망_전환_망요파출시_기타_바운스번BP_var1.릴스_이슈.환율.X_2P_이도경_260722_빙과_김지연,2528,59,20203,0,320,전환
2026-09-17,120245678853640659,[빙과_파인트_망고] 26.04_망요파출시_ASC_전환_video_전체타겟_4월 4주차_유인맨즈BP/전라도청년BP,[파인트_망고] 26.04_망요파출시_ASC_전환_video_전체타겟_4월 4주차_유인맨즈BP/전라도청년BP,[26.04]F_V_P망_전환_망요파출시_네고형_관계성네고형_var1.릴스_규모감.X_1C_고가영_260424_1T_이미진,4532,79,53227,2,557,전환
2026-09-08,120250885701270659,[빙과_파인트] 26.04_파인트990원_수동_전환_image_전체타겟,0716_990원_P골,[26.07]F_I_P골_전환_파인트990원__혜택강조형__.배너_올여름.당도높은.무제한.한정재고.즉시종료.__고가영_260716_빙과_김민우,1729,20,22911,0,0,전환
2026-09-10,120250885701270659,[빙과_파인트] 26.04_파인트990원_수동_전환_image_전체타겟,0716_990원_P골,[26.07]F_I_P골_전환_파인트990원__혜택강조형__.배너_올여름.당도높은.무제한.한정재고.즉시종료.__고가영_260716_빙과_김민우,8924,89,95362,4,0,전환
2026-09-08,120251930850820659,[빙과_파인트_골키파] 26.07_골키파출시_수동_전환_video_전체타겟,8월 3주차_전라도청년BP_P바,[26.08]F_V_P바_전환_골키파출시_네고형_전라도청년BP_var2.릴스_시어머니분노.X_파인트P_영상팀_260821_빙과_정하얀,4133,125,44063,2,1363,전환
2026-09-09,120251930850820659,[빙과_파인트_골키파] 26.07_골키파출시_수동_전환_video_전체타겟,8월 3주차_전라도청년BP_P바,[26.08]F_V_P바_전환_골키파출시_네고형_전라도청년BP_var2.릴스_시어머니분노.X_파인트P_영상팀_260821_빙과_정하얀,3555,99,31904,1,1228,전환
2026-09-10,120251930850820659,[빙과_파인트_골키파] 26.07_골키파출시_수동_전환_video_전체타겟,8월 3주차_전라도청년BP_P바,[26.08]F_V_P바_전환_골키파출시_네고형_전라도청년BP_var2.릴스_시어머니분노.X_파인트P_영상팀_260821_빙과_정하얀,19234,565,189567,13,5908,전환
2026-09-11,120251930850820659,[빙과_파인트_골키파] 26.07_골키파출시_수동_전환_video_전체타겟,8월 3주차_전라도청년BP_P바,[26.08]F_V_P바_전환_골키파출시_네고형_전라도청년BP_var2.릴스_시어머니분노.X_파인트P_영상팀_260821_빙과_정하얀,3506,106,31968,1,1030,전환
2026-09-12,120251930850820659,[빙과_파인트_골키파] 26.07_골키파출시_수동_전환_video_전체타겟,8월 3주차_전라도청년BP_P바,[26.08]F_V_P바_전환_골키파출시_네고형_전라도청년BP_var2.릴스_시어머니분노.X_파인트P_영상팀_260821_빙과_정하얀,26288,743,204956,12,8833,전환
2026-09-08,120252005652470659,[빙과_파인트] 26.08_재집행_ASC_전환_video_2039전체타겟,[빙과_파인트] 26.08_재집행_ASC_전환_video_2039전체타겟,[26.02]F_V_P복_전환_복요파출시_네고형_전라도청년BP_main.릴스_공통부터.03_00_전시은_260227_1T_이미진,17,0,402,0,2,전환
2026-09-08,120252005743460659,[빙과_파인트] 26.08_재집행_ASC_전환_video_2039전체타겟,[빙과_파인트] 26.08_재집행_ASC_전환_video_2039전체타겟,(운영X)[26.05]F_V_P혼_전환_파인트990원_네고형_기본네고형_var1.릴스_악플읽기.재원PJ1_1C_문선정_260501_1T_최재원,7577,130,87570,5,684,전환
2026-09-09,120252005743460659,[빙과_파인트] 26.08_재집행_ASC_전환_video_2039전체타겟,[빙과_파인트] 26.08_재집행_ASC_전환_video_2039전체타겟,(운영X)[26.05]F_V_P혼_전환_파인트990원_네고형_기본네고형_var1.릴스_악플읽기.재원PJ1_1C_문선정_260501_1T_최재원,5434,71,52437,1,465,전환
2026-09-08,120252003632390659,[빙과_파인트] 26.08_재집행_수동_전환_video_2039전체타겟,8월 2주차_재집행_P요/바/우,[25.09]F_V_P우_전환_멜론바리뉴얼기념_네고형_기본_main.릴스_쫀득._2509KR3_안예빈_250912_1T_서상현,13770,135,131864,7,603,전환
2026-09-08,120252005623790659,[빙과_파인트] 26.08_재집행_ASC_전환_video_2039전체타겟,[빙과_파인트] 26.08_재집행_ASC_전환_video_2039전체타겟,[25.11]F_V_P복_전환_복요파출시_네고형_전화네고_var1.릴스_페인포인트._2511KR0_안예빈_251128_1T_정요한,27,1,441,0,2,전환
2026-09-08,120252008781600659,(운영X) 빙과_스틱바_멜론쫀득] 26.08_쫀득바출시_ASC_전환_image_전체타겟_재입고,[멜론쫀득바] 26.08_쫀득바출시_ASC_전환_image_전체타겟_이나연&고효율배리,[26.07]F_I_JD멜_전환_상시_혜택강조형__.배너_안내문.직원할인.아이돌.미슐랭.곧정가로돌아갑니다.__황경원_260825_빙과_이채윤,2762,70,42495,8,161,전환
2026-09-09,120252003632390659,[빙과_파인트] 26.08_재집행_수동_전환_video_2039전체타겟,8월 2주차_재집행_P요/바/우,[25.09]F_V_P우_전환_멜론바리뉴얼기념_네고형_기본_main.릴스_쫀득._2509KR3_안예빈_250912_1T_서상현,17873,178,177110,15,755,전환
2026-09-09,120252005629770659,[빙과_파인트] 26.08_재집행_ASC_전환_video_2039전체타겟,[빙과_파인트] 26.08_재집행_ASC_전환_video_2039전체타겟,[25.11]F_V_P복_전환_상시_취식강조형_ASMR_main.릴스_토핑+혜택._2511KR0_안예빈_251128_2T_신지우,2147,12,24840,1,47,전환
2026-09-10,120252003632390659,[빙과_파인트] 26.08_재집행_수동_전환_video_2039전체타겟,8월 2주차_재집행_P요/바/우,[25.09]F_V_P우_전환_멜론바리뉴얼기념_네고형_기본_main.릴스_쫀득._2509KR3_안예빈_250912_1T_서상현,14010,123,150184,12,523,전환
2026-09-11,120252003632390659,[빙과_파인트] 26.08_재집행_수동_전환_video_2039전체타겟,8월 2주차_재집행_P요/바/우,[25.09]F_V_P우_전환_멜론바리뉴얼기념_네고형_기본_main.릴스_쫀득._2509KR3_안예빈_250912_1T_서상현,3193,33,31503,2,124,전환
2026-09-12,120252003632390659,[빙과_파인트] 26.08_재집행_수동_전환_video_2039전체타겟,8월 2주차_재집행_P요/바/우,[25.09]F_V_P우_전환_멜론바리뉴얼기념_네고형_기본_main.릴스_쫀득._2509KR3_안예빈_250912_1T_서상현,8353,90,83332,8,387,전환
2026-09-13,120252003632390659,[빙과_파인트] 26.08_재집행_수동_전환_video_2039전체타겟,8월 2주차_재집행_P요/바/우,[25.09]F_V_P우_전환_멜론바리뉴얼기념_네고형_기본_main.릴스_쫀득._2509KR3_안예빈_250912_1T_서상현,16608,142,154792,9,879,전환
2026-09-14,120252003632390659,[빙과_파인트] 26.08_재집행_수동_전환_video_2039전체타겟,8월 2주차_재집행_P요/바/우,[25.09]F_V_P우_전환_멜론바리뉴얼기념_네고형_기본_main.릴스_쫀득._2509KR3_안예빈_250912_1T_서상현,8242,87,98868,10,430,전환
2026-09-15,120252003632390659,[빙과_파인트] 26.08_재집행_수동_전환_video_2039전체타겟,8월 2주차_재집행_P요/바/우,[25.09]F_V_P우_전환_멜론바리뉴얼기념_네고형_기본_main.릴스_쫀득._2509KR3_안예빈_250912_1T_서상현,5550,86,63610,5,334,전환
2026-09-16,120252003632390659,[빙과_파인트] 26.08_재집행_수동_전환_video_2039전체타겟,8월 2주차_재집행_P요/바/우,[25.09]F_V_P우_전환_멜론바리뉴얼기념_네고형_기본_main.릴스_쫀득._2509KR3_안예빈_250912_1T_서상현,1786,22,17666,1,102,전환
2026-09-17,120252003632390659,[빙과_파인트] 26.08_재집행_수동_전환_video_2039전체타겟,8월 2주차_재집행_P요/바/우,[25.09]F_V_P우_전환_멜론바리뉴얼기념_네고형_기본_main.릴스_쫀득._2509KR3_안예빈_250912_1T_서상현,2182,28,19855,3,117,전환
2026-09-18,120252003632390659,[빙과_파인트] 26.08_재집행_수동_전환_video_2039전체타겟,8월 2주차_재집행_P요/바/우,[25.09]F_V_P우_전환_멜론바리뉴얼기념_네고형_기본_main.릴스_쫀득._2509KR3_안예빈_250912_1T_서상현,1602,16,17418,0,82,전환
2026-09-19,120252003632390659,[빙과_파인트] 26.08_재집행_수동_전환_video_2039전체타겟,8월 2주차_재집행_P요/바/우,[25.09]F_V_P우_전환_멜론바리뉴얼기념_네고형_기본_main.릴스_쫀득._2509KR3_안예빈_250912_1T_서상현,3392,39,33949,4,167,전환
2026-09-20,120252003632390659,[빙과_파인트] 26.08_재집행_수동_전환_video_2039전체타겟,8월 2주차_재집행_P요/바/우,[25.09]F_V_P우_전환_멜론바리뉴얼기념_네고형_기본_main.릴스_쫀득._2509KR3_안예빈_250912_1T_서상현,1342,15,16651,0,61,전환
2026-09-08,120252008798870659,(운영X) 빙과_스틱바_멜론쫀득] 26.08_쫀득바출시_ASC_전환_image_전체타겟_재입고,[멜론쫀득바] 26.08_쫀득바출시_ASC_전환_image_전체타겟_이나연&고효율배리,[26.07]F_I_JD멜_전환_상시_혜택강조형__.배너_단계할인.맛.닥터후.초등유행.맘카페에서이거사려고대기.__황경원_260825_빙과_이채윤,31,0,550,0,0,전환
2026-09-08,120252008805010659,(운영X) 빙과_스틱바_멜론쫀득] 26.08_쫀득바출시_ASC_전환_image_전체타겟_재입고,[멜론쫀득바] 26.08_쫀득바출시_ASC_전환_image_전체타겟_이나연&고효율배리,[26.07]F_I_JD멜_전환_상시_혜택강조형__.배너_단계할인.맛.아이돌.고급호텔.이번재고까지만.__황경원_260825_빙과_이채윤,987,31,20832,3,0,전환
2026-09-08,120252008808950659,(운영X) 빙과_스틱바_멜론쫀득] 26.08_쫀득바출시_ASC_전환_image_전체타겟_재입고,[멜론쫀득바] 26.08_쫀득바출시_ASC_전환_image_전체타겟_이나연&고효율배리,[26.07]F_I_JD멜_전환_상시_혜택강조형__.배너_단계할인.맛.연예인.고급호텔.똑똑한사람들은이때를노림.__황경원_260825_빙과_이채윤,1483,11,18836,1,0,전환
2026-09-08,120252029251180659,[빙과_파인트] 26.04_파인트990원_수동_전환_image_전체타겟,0826_990원_오마카세,[26.08]F_I_P말_전환_파인트990원__혜택강조형__.배너_오마카세.쓴다는.화제의젤라또.__이도경_260826_빙과_김민우,1892,39,14729,1,0,전환
2026-09-08,120252046680020659,[빙과_파인트_골키파] 26.07_골키파출시_수동_전환_image_전체타겟,0827_100원_프리미엄_스테디3종,[26.08]F_I_P혼_전환_상시__혜택강조형__.배너_스테디3종.4분할.맛.비싼원재료만아낌없이들어가고급지게찐한젤라또맛.__고가영_260827_빙과_이채윤,1,0,24,0,0,전환
2026-09-08,120252046681740659,[빙과_파인트_골키파] 26.07_골키파출시_수동_전환_image_전체타겟,0827_100원_프리미엄_스테디3종,[26.08]F_I_P혼_전환_상시__혜택강조형__.배너_스테디3종.단계할인.곧끝난대요.__고가영_260827_빙과_이채윤,15,0,198,0,0,전환
2026-09-08,120252046686140659,[빙과_파인트_골키파] 26.07_골키파출시_수동_전환_image_전체타겟,0827_100원_프리미엄_스테디3종,[26.08]F_I_P혼_전환_상시__혜택강조형__.배너_스테디3종.상황할인.안내문.파인트가격실수안내.__고가영_260827_빙과_이채윤,1897,45,25729,1,0,전환
2026-09-10,120252029185920659,[빙과_파인트_골키파] 26.07_골키파출시_수동_전환_image_전체타겟,0826_100원_오마카세,[26.08]F_I_P말_전환_상시__혜택강조형__.배너_네고형.유명오마카세픽.고급오마카세후식.__이도경_260826_빙과_김민우,2609,36,44480,3,0,전환
2026-09-10,120252029251180659,[빙과_파인트] 26.04_파인트990원_수동_전환_image_전체타겟,0826_990원_오마카세,[26.08]F_I_P말_전환_파인트990원__혜택강조형__.배너_오마카세.쓴다는.화제의젤라또.__이도경_260826_빙과_김민우,9022,94,80793,3,0,전환
2026-09-11,120252029185920659,[빙과_파인트_골키파] 26.07_골키파출시_수동_전환_image_전체타겟,0826_100원_오마카세,[26.08]F_I_P말_전환_상시__혜택강조형__.배너_네고형.유명오마카세픽.고급오마카세후식.__이도경_260826_빙과_김민우,3623,39,50033,1,0,전환
2026-09-08,120252047869490659,[빙과_파인트] 26.04_파인트990원_수동_전환_image_전체타겟,0827_P혼_990원,[26.08]F_I_P혼_전환_파인트990원__혜택강조형__.릴스_양강조.한달간.젤라또.무제한제공.__이도경_260827_빙과_김민우,834,23,12395,3,38,전환
2026-09-08,120252047881900659,[빙과_파인트] 26.04_파인트990원_수동_전환_image_전체타겟,0827_P혼_990원,[26.08]F_I_P혼_전환_파인트990원__혜택강조형__.배너_양강조.안사고버티신분들.저희가졌습니다.재구매율1위완판.__이도경_260827_빙과_김민우,18764,370,232808,14,0,전환
2026-09-09,120252047869490659,[빙과_파인트] 26.04_파인트990원_수동_전환_image_전체타겟,0827_P혼_990원,[26.08]F_I_P혼_전환_파인트990원__혜택강조형__.릴스_양강조.한달간.젤라또.무제한제공.__이도경_260827_빙과_김민우,2625,48,36534,0,69,전환
2026-09-08,120252063484950659,[빙과_파인트_골키파] 26.07_골키파출시_수동_전환_video_전체타겟,8월 4주차_먹스타형_P말,[26.08]F_V_P말_전환_골키파출시_맛인지형_신규BP.먹스타형_var4.릴스_1등.8월.수민PJ_파인트P_영상팀_260828_빙과_이수민,12168,332,188051,12,716,전환
2026-09-08,120252064361740659,[빙과_파인트_골키파] 26.07_골키파출시_수동_전환_image_전체타겟,0828_100원,[26.08]F_I_P혼_전환_상시__혜택강조형__.배너_여름한정.셔벗3종.단계할인.여름한정제품이어서지금이제일저렴하대요.__고가영_260828_빙과_이채윤,42,0,631,0,0,전환
2026-09-09,120252063484950659,[빙과_파인트_골키파] 26.07_골키파출시_수동_전환_video_전체타겟,8월 4주차_먹스타형_P말,[26.08]F_V_P말_전환_골키파출시_맛인지형_신규BP.먹스타형_var4.릴스_1등.8월.수민PJ_파인트P_영상팀_260828_빙과_이수민,2141,57,38030,2,168,전환
2026-09-10,120252063484950659,[빙과_파인트_골키파] 26.07_골키파출시_수동_전환_video_전체타겟,8월 4주차_먹스타형_P말,[26.08]F_V_P말_전환_골키파출시_맛인지형_신규BP.먹스타형_var4.릴스_1등.8월.수민PJ_파인트P_영상팀_260828_빙과_이수민,1045,31,17552,1,79,전환
2026-09-12,120252063484950659,[빙과_파인트_골키파] 26.07_골키파출시_수동_전환_video_전체타겟,8월 4주차_먹스타형_P말,[26.08]F_V_P말_전환_골키파출시_맛인지형_신규BP.먹스타형_var4.릴스_1등.8월.수민PJ_파인트P_영상팀_260828_빙과_이수민,9266,185,124796,6,562,전환
2026-09-13,120252063484950659,[빙과_파인트_골키파] 26.07_골키파출시_수동_전환_video_전체타겟,8월 4주차_먹스타형_P말,[26.08]F_V_P말_전환_골키파출시_맛인지형_신규BP.먹스타형_var4.릴스_1등.8월.수민PJ_파인트P_영상팀_260828_빙과_이수민,45522,915,517498,27,2842,전환
2026-09-18,120252063484950659,[빙과_파인트_골키파] 26.07_골키파출시_수동_전환_video_전체타겟,8월 4주차_먹스타형_P말,[26.08]F_V_P말_전환_골키파출시_맛인지형_신규BP.먹스타형_var4.릴스_1등.8월.수민PJ_파인트P_영상팀_260828_빙과_이수민,2767,55,41006,1,177,전환
2026-09-19,120252063484950659,[빙과_파인트_골키파] 26.07_골키파출시_수동_전환_video_전체타겟,8월 4주차_먹스타형_P말,[26.08]F_V_P말_전환_골키파출시_맛인지형_신규BP.먹스타형_var4.릴스_1등.8월.수민PJ_파인트P_영상팀_260828_빙과_이수민,3364,74,40778,2,213,전환
2026-09-20,120252063484950659,[빙과_파인트_골키파] 26.07_골키파출시_수동_전환_video_전체타겟,8월 4주차_먹스타형_P말,[26.08]F_V_P말_전환_골키파출시_맛인지형_신규BP.먹스타형_var4.릴스_1등.8월.수민PJ_파인트P_영상팀_260828_빙과_이수민,1910,36,22527,1,150,전환
2026-09-08,120252064376510659,[빙과_파인트_골키파] 26.07_골키파출시_수동_전환_image_전체타겟,0828_100원,[26.08]F_I_P말_전환_상시__혜택강조형__.배너_상황할인.안내문.현장감.100원헤택.오마카세.__고가영_260828_빙과_김민우,2859,54,39441,2,0,전환
2026-09-08,120252064387790659,[빙과_파인트] 26.04_파인트990원_수동_전환_image_전체타겟,0828_990원,[26.08]F_I_P혼_전환_파인트990원__혜택강조형__.배너_여름한정.셔벗3종.상황할인.안내문.현장감.시즌종료안내.990원.__고가영_260828_빙과_김민우,1882,33,19247,0,0,전환
2026-09-08,120252064388620659,[빙과_파인트] 26.04_파인트990원_수동_전환_image_전체타겟,0828_990원,[26.08]F_I_P혼_전환_파인트990원__혜택강조형__.배너_최저할인.무제한990원.글로벌프리미엄아이스크림제치고1등.__고가영_260828_빙과_김민우,2659,68,31893,2,0,전환
2026-09-08,120252097866560659,[빙과_파인트] 26.04_파인트990원_수동_전환_image_전체타겟,0831_성분강조형_990원,[26.08]F_I_P혼_전환_파인트990원__직원설득형__.배너_성분강조.타사제품대비.공지문.상황할인.성분논란안내.당비교.편의점고급아이스크림.__고가영_260831_빙과_이채윤,23,0,269,0,0,전환
2026-09-08,120252097867900659,[빙과_파인트] 26.04_파인트990원_수동_전환_image_전체타겟,0831_성분강조형_990원,[26.08]F_I_P혼_전환_파인트990원__직원설득형__.배너_성분강조.타사제품대비.공지문.현장감.상황할인.성분논란안내.당비교.글로벌1위프리미엄아이스크림.__고가영_260831_빙과_이채윤,1740,54,23493,2,0,전환
2026-09-08,120252097873490659,[빙과_파인트] 26.04_파인트990원_수동_전환_image_전체타겟,0831_성분강조형_990원,[26.08]F_I_P혼_전환_파인트990원__직원설득형__.배너_성분강조.타사제품대비.공지문.현장감.상황할인.성분논란안내.당비교.부자아이스크림.__고가영_260831_빙과_이채윤,678,8,5656,0,0,전환
2026-09-08,120252097913180659,[빙과_파인트_골키파] 26.07_골키파출시_수동_전환_image_전체타겟,0831_페르소나_100원,[26.08]F_I_P혼_전환_파인트990원__혜택강조형__.배너_페르소나.타사제품대비.내일부터정상가.100원.__고가영_260831_빙과_함주현,881,13,13857,0,0,전환
2026-09-08,120252097918600659,[빙과_파인트_골키파] 26.07_골키파출시_수동_전환_image_전체타겟,0831_페르소나_100원,[26.08]F_I_P혼_전환_파인트990원__혜택강조형__.배너_페르소나.타사제품대비.사과문.100원.한정수량특가.__고가영_260831_빙과_함주현,27,1,248,0,0,전환
2026-09-08,120252097945260659,[빙과_파인트] 26.08_파인트990원_ASC_전환_video_전체타겟_9월 1주차_재집행,[빙과_파인트] 26.08_파인트990원_ASC_전환_video_전체타겟_9월 1주차_재집행,[26.05]F_V_P망_전환_파인트990원_네고형_지인네고형_var1.릴스_취식.X_1C_박지연_260515_1T_조의진,187,4,2302,0,17,전환
2026-09-08,120252097960370659,[빙과_파인트] 26.08_파인트990원_ASC_전환_video_전체타겟_9월 1주차_재집행,[빙과_파인트] 26.08_파인트990원_ASC_전환_video_전체타겟_9월 1주차_재집행,[26.05]F_V_P애_전환_파인트990원_신규BP_파르셀BP_main.릴스_본론.X_1C_고가영_260522_1T_이봄1,1566,27,17558,0,84,전환
2026-09-08,120252097972220659,[빙과_파인트] 26.08_파인트990원_ASC_전환_video_전체타겟_9월 1주차_재집행,[빙과_파인트] 26.08_파인트990원_ASC_전환_video_전체타겟_9월 1주차_재집행,[26.05]F_V_P혼_전환_파인트990원_네고형_CS전화네고형_var1.릴스_취식.X_1C_윤성미_260515_1T_윤성미,311,8,3412,0,36,전환
2026-09-08,120252097973470659,[빙과_파인트] 26.08_파인트990원_ASC_전환_image_전체타겟_9월 1주차_재집행,[빙과_파인트] 26.08_파인트990원_ASC_전환_image_전체타겟_9월 1주차_재집행,[26.04]F_I_P혼_전환_파인트990원_혜택강조형_혜택.100_.릴스_혜택O.쟁임혜택형.한정성강조.예외적할인.여름맞이.무제한990원_확장_문선정_260429_1셀_김민우,742,13,9274,0,46,전환
2026-09-08,120252097983360659,[빙과_파인트] 26.08_파인트990원_ASC_전환_video_전체타겟_9월 1주차_재집행,[빙과_파인트] 26.08_파인트990원_ASC_전환_video_전체타겟_9월 1주차_재집행,[26.05]F_V_P혼_전환_파인트990원_네고형_기본네고형_var1.릴스_악플읽기.재원PJ1_1C_문선정_260501_1T_최재원,3735,58,43229,3,346,전환
2026-09-08,120252097991330659,[빙과_파인트] 26.08_파인트990원_ASC_전환_image_전체타겟_9월 1주차_재집행,[빙과_파인트] 26.08_파인트990원_ASC_전환_image_전체타겟_9월 1주차_재집행,[26.07]F_I_P말_전환_파인트990원_AI영상자동화_혜택강조형__.릴스_희소성.달리는모션.다시는없습니다.구하기힘든첫물말차.__손유곤_260709_빙과_김민우,80,0,1096,0,3,전환
2026-09-08,120252097999860659,[빙과_파인트] 26.08_파인트990원_ASC_전환_video_전체타겟_9월 1주차_재집행,[빙과_파인트] 26.08_파인트990원_ASC_전환_video_전체타겟_9월 1주차_재집행,[26.05]F_V_P혼_전환_파인트990원_네고형_소비자보이스극대화_var1.릴스_악플읽기.X_1C_고가영_260508_1T_김진수,3266,119,49228,5,361,전환
2026-09-08,120252098005240659,[빙과_파인트] 26.08_파인트990원_ASC_전환_image_전체타겟_9월 1주차_재집행,[빙과_파인트] 26.08_파인트990원_ASC_전환_image_전체타겟_9월 1주차_재집행,[26.06]F_I_P혼_전환_파인트990원_혜택강조형__.배너_페인포인트.타제품 비교.한달젤라또무제한.올여름시원하게.__손유곤_260630_빙과_김민우,11,0,444,0,0,전환
2026-09-08,120252098008630659,[빙과_파인트] 26.08_파인트990원_ASC_전환_image_전체타겟_9월 1주차_재집행,[빙과_파인트] 26.08_파인트990원_ASC_전환_image_전체타겟_9월 1주차_재집행,[26.07]F_I_P골_전환_파인트990원__혜택강조형__.배너_네고형.출시직후가가장싼데.뉴질랜드산키위.씨까지.__고가영_260716_빙과_김민우,3,0,13,0,0,전환
2026-09-08,120252098011740659,[빙과_파인트] 26.08_파인트990원_ASC_전환_image_전체타겟_9월 1주차_재집행,[빙과_파인트] 26.08_파인트990원_ASC_전환_image_전체타겟_9월 1주차_재집행,[26.07]F_I_P말_전환_파인트990원_직원설득형__.배너_메세지테스트.안내문.구매제한.감사한마음.수량제한.5개.__손유곤_260708_빙과_김민우,622,14,5963,0,0,전환
2026-09-08,120252098015080659,[빙과_파인트] 26.08_파인트990원_ASC_전환_video_전체타겟_9월 1주차_재집행,[빙과_파인트] 26.08_파인트990원_ASC_전환_video_전체타겟_9월 1주차_재집행,[26.05]F_V_P혼_전환_파인트990원_네고형_소비자보이스극대화_var2.릴스_뺨후킹.X_1C_고가영_260508_1T_김진수,162,3,2212,0,15,전환
2026-09-09,120252097960370659,[빙과_파인트] 26.08_파인트990원_ASC_전환_video_전체타겟_9월 1주차_재집행,[빙과_파인트] 26.08_파인트990원_ASC_전환_video_전체타겟_9월 1주차_재집행,[26.05]F_V_P애_전환_파인트990원_신규BP_파르셀BP_main.릴스_본론.X_1C_고가영_260522_1T_이봄1,3,0,16,0,0,전환
2026-09-09,120252097972220659,[빙과_파인트] 26.08_파인트990원_ASC_전환_video_전체타겟_9월 1주차_재집행,[빙과_파인트] 26.08_파인트990원_ASC_전환_video_전체타겟_9월 1주차_재집행,[26.05]F_V_P혼_전환_파인트990원_네고형_CS전화네고형_var1.릴스_취식.X_1C_윤성미_260515_1T_윤성미,1,0,19,0,0,전환
2026-09-09,120252097983360659,[빙과_파인트] 26.08_파인트990원_ASC_전환_video_전체타겟_9월 1주차_재집행,[빙과_파인트] 26.08_파인트990원_ASC_전환_video_전체타겟_9월 1주차_재집행,[26.05]F_V_P혼_전환_파인트990원_네고형_기본네고형_var1.릴스_악플읽기.재원PJ1_1C_문선정_260501_1T_최재원,1956,39,23136,0,212,전환
2026-09-09,120252097999860659,[빙과_파인트] 26.08_파인트990원_ASC_전환_video_전체타겟_9월 1주차_재집행,[빙과_파인트] 26.08_파인트990원_ASC_전환_video_전체타겟_9월 1주차_재집행,[26.05]F_V_P혼_전환_파인트990원_네고형_소비자보이스극대화_var1.릴스_악플읽기.X_1C_고가영_260508_1T_김진수,3148,90,46459,3,352,전환
2026-09-10,120252064376510659,[빙과_파인트_골키파] 26.07_골키파출시_수동_전환_image_전체타겟,0828_100원,[26.08]F_I_P말_전환_상시__혜택강조형__.배너_상황할인.안내문.현장감.100원헤택.오마카세.__고가영_260828_빙과_김민우,1753,24,29230,2,0,전환
2026-09-10,120252097867900659,[빙과_파인트] 26.04_파인트990원_수동_전환_image_전체타겟,0831_성분강조형_990원,[26.08]F_I_P혼_전환_파인트990원__직원설득형__.배너_성분강조.타사제품대비.공지문.현장감.상황할인.성분논란안내.당비교.글로벌1위프리미엄아이스크림.__고가영_260831_빙과_이채윤,1533,38,20108,1,0,전환
2026-09-10,120252097999860659,[빙과_파인트] 26.08_파인트990원_ASC_전환_video_전체타겟_9월 1주차_재집행,[빙과_파인트] 26.08_파인트990원_ASC_전환_video_전체타겟_9월 1주차_재집행,[26.05]F_V_P혼_전환_파인트990원_네고형_소비자보이스극대화_var1.릴스_악플읽기.X_1C_고가영_260508_1T_김진수,1752,49,29147,4,227,전환
2026-09-11,120252097867900659,[빙과_파인트] 26.04_파인트990원_수동_전환_image_전체타겟,0831_성분강조형_990원,[26.08]F_I_P혼_전환_파인트990원__직원설득형__.배너_성분강조.타사제품대비.공지문.현장감.상황할인.성분논란안내.당비교.글로벌1위프리미엄아이스크림.__고가영_260831_빙과_이채윤,3587,100,42959,2,0,전환
2026-09-11,120252097878340659,[빙과_파인트] 26.04_파인트990원_수동_전환_image_전체타겟,0831_성분강조형_990원,[26.08]F_I_P혼_전환_파인트990원__혜택강조형__.배너_성분강조.타사제품대비.무제한990원.편의점고급아이스크림.한통다먹어도당부담없어쟁였어요.__고가영_260831_빙과_이채윤,4,0,59,0,0,전환
2026-09-11,120252097999860659,[빙과_파인트] 26.08_파인트990원_ASC_전환_video_전체타겟_9월 1주차_재집행,[빙과_파인트] 26.08_파인트990원_ASC_전환_video_전체타겟_9월 1주차_재집행,[26.05]F_V_P혼_전환_파인트990원_네고형_소비자보이스극대화_var1.릴스_악플읽기.X_1C_고가영_260508_1T_김진수,333,7,5680,0,33,전환
2026-09-12,120252064376510659,[빙과_파인트_골키파] 26.07_골키파출시_수동_전환_image_전체타겟,0828_100원,[26.08]F_I_P말_전환_상시__혜택강조형__.배너_상황할인.안내문.현장감.100원헤택.오마카세.__고가영_260828_빙과_김민우,2465,62,39675,2,0,전환
2026-09-13,120252064376510659,[빙과_파인트_골키파] 26.07_골키파출시_수동_전환_image_전체타겟,0828_100원,[26.08]F_I_P말_전환_상시__혜택강조형__.배너_상황할인.안내문.현장감.100원헤택.오마카세.__고가영_260828_빙과_김민우,1913,41,28870,0,0,전환
2026-09-13,120252097913180659,[빙과_파인트_골키파] 26.07_골키파출시_수동_전환_image_전체타겟,0831_페르소나_100원,[26.08]F_I_P혼_전환_파인트990원__혜택강조형__.배너_페르소나.타사제품대비.내일부터정상가.100원.__고가영_260831_빙과_함주현,1454,21,21376,1,0,전환
2026-09-13,120252097918600659,[빙과_파인트_골키파] 26.07_골키파출시_수동_전환_image_전체타겟,0831_페르소나_100원,[26.08]F_I_P혼_전환_파인트990원__혜택강조형__.배너_페르소나.타사제품대비.사과문.100원.한정수량특가.__고가영_260831_빙과_함주현,43,2,991,0,0,전환
2026-09-14,120252097913180659,[빙과_파인트_골키파] 26.07_골키파출시_수동_전환_image_전체타겟,0831_페르소나_100원,[26.08]F_I_P혼_전환_파인트990원__혜택강조형__.배너_페르소나.타사제품대비.내일부터정상가.100원.__고가영_260831_빙과_함주현,1362,22,18546,0,0,전환
2026-09-08,120252098028020659,[빙과_파인트] 26.08_파인트990원_ASC_전환_video_전체타겟_9월 1주차_재집행,[빙과_파인트] 26.08_파인트990원_ASC_전환_video_전체타겟_9월 1주차_재집행,[26.05]F_V_P혼_전환_파인트990원_손해상황강조형_대성축산BP_main.릴스_호기심시작.X_1C_박지연_260515_1T_김진수,1,0,9,0,0,전환
2026-09-08,120252098044400659,[빙과_파인트] 26.08_파인트990원_ASC_전환_video_전체타겟_9월 1주차_재집행,[빙과_파인트] 26.08_파인트990원_ASC_전환_video_전체타겟_9월 1주차_재집행,[26.05]F_V_P혼_전환_파인트990원_신규BP_홍게BP_var3.릴스_990원.X_1C_박지연_260501_1T_이봄1,1518,41,20341,1,96,전환
2026-09-08,120252098052440659,[빙과_파인트] 26.08_파인트990원_ASC_전환_video_전체타겟_9월 1주차_재집행,[빙과_파인트] 26.08_파인트990원_ASC_전환_video_전체타겟_9월 1주차_재집행,[26.05]F_V_P혼_전환_파인트990원_원데이건_골라담기BP_var3.릴스_맛.인트로.재원PJ1_1C_연시온_260515_1T_연시온,3,0,95,0,0,전환
2026-09-08,120252098107100659,[빙과_파인트] 26.08_파인트990원_ASC_전환_video_전체타겟_9월 1주차_재집행,[빙과_파인트] 26.08_파인트990원_ASC_전환_video_전체타겟_9월 1주차_재집행,[26.05]F_V_P혼_전환_파인트990원_원데이건_직원리뷰형_var1.릴스_맛비주얼후킹.재원PJ1_1C_이봄_260501_1T_이봄1,57,1,772,0,1,전환
2026-09-08,120252098120040659,[빙과_파인트] 26.08_파인트990원_ASC_전환_video_전체타겟_9월 1주차_재집행,[빙과_파인트] 26.08_파인트990원_ASC_전환_video_전체타겟_9월 1주차_재집행,[26.05]F_V_P혼_전환_파인트990원_원데이건_캡컷_main.릴스_담아도990.재원PJ1_1C_이미진_260501_1T_이미진,6,0,88,0,0,전환
2026-09-08,120252098131510659,[빙과_파인트] 26.08_파인트990원_ASC_전환_video_전체타겟_9월 1주차_재집행,[빙과_파인트] 26.08_파인트990원_ASC_전환_video_전체타겟_9월 1주차_재집행,[26.05]F_V_P혼_전환_파인트990원_원데이건_토마토BP_var1.릴스_맛비주얼.재원PJ1_1C_이봄_260504_1T_이봄1,12212,140,75434,5,526,전환
2026-09-08,120252098148370659,[빙과_파인트] 26.08_파인트990원_ASC_전환_video_전체타겟_9월 1주차_재집행,[빙과_파인트] 26.08_파인트990원_ASC_전환_video_전체타겟_9월 1주차_재집행,[26.05]F_V_P혼_전환_파인트990원_원데이건_혜택강조형_main.릴스_990원.재원PJ1_1C_조의진_260501_1T_조의진,11110,303,125708,11,860,전환
2026-09-08,120252098156860659,[빙과_파인트] 26.08_파인트990원_ASC_전환_video_전체타겟_9월 1주차_재집행,[빙과_파인트] 26.08_파인트990원_ASC_전환_video_전체타겟_9월 1주차_재집행,[26.05]F_V_P혼_전환_파인트990원_인플루언서형_인플루언서형_main.릴스_본론.X_1C_고가영_260515_1T_이봄1,224,5,5558,1,11,전환
2026-09-08,120252098168260659,[빙과_파인트] 26.08_파인트990원_ASC_전환_video_전체타겟_9월 1주차_재집행,[빙과_파인트] 26.08_파인트990원_ASC_전환_video_전체타겟_9월 1주차_재집행,[26.05]F_V_P혼_전환_파인트990원_인플루언서형_인플루언서형_var2.릴스_맛.X_1C_고가영_260515_1T_이봄1,73,1,863,0,1,전환
2026-09-08,120252098364040659,[빙과_파인트] 26.08_파인트990원_수동_전환_video_전체타겟_재집행,0831_영상재집행_1,[26.05]F_V_P혼_전환_파인트990원_네고형_기본네고형_var1.릴스_악플읽기.재원PJ1_1C_문선정_260501_1T_최재원,5375,146,65661,2,488,전환
2026-09-08,120252098370410659,[빙과_파인트] 26.08_파인트990원_수동_전환_video_전체타겟_재집행,0831_영상재집행_1,[26.05]F_V_P혼_전환_파인트990원_신규BP_홍게BP_var3.릴스_990원.X_1C_박지연_260501_1T_이봄1,1107,34,15840,1,65,전환
2026-09-08,120252098376070659,[빙과_파인트] 26.08_파인트990원_수동_전환_video_전체타겟_재집행,0831_영상재집행_2,[26.05]F_V_P혼_전환_파인트990원_네고형_CS전화네고형_var1.릴스_취식.X_1C_윤성미_260515_1T_윤성미,1376,32,16522,1,141,전환
2026-09-08,120252098376810659,[빙과_파인트] 26.08_파인트990원_수동_전환_video_전체타겟_재집행,0831_영상재집행_1,[26.05]F_V_P혼_전환_파인트990원_원데이건_캡컷_main.릴스_담아도990.재원PJ1_1C_이미진_260501_1T_이미진,11,0,87,0,1,전환
2026-09-08,120252098807470659,[빙과_파인트] 26.08_파인트990원_수동_전환_video_전체타겟_재집행,0831_영상재집행_3,[26.05]F_V_P혼_전환_파인트990원_원데이건_혜택강조형_main.릴스_990원.재원PJ1_1C_조의진_260501_1T_조의진,3117,89,36894,2,281,전환
2026-09-08,120252098838760659,[빙과_파인트] 26.08_파인트990원_수동_전환_video_전체타겟_재집행,0831_영상재집행_5,[26.05]F_V_P망_전환_파인트990원_네고형_지인네고형_var1.릴스_취식.X_1C_박지연_260515_1T_조의진,12,0,393,0,2,전환
2026-09-08,120252098847790659,[빙과_파인트] 26.08_파인트990원_수동_전환_video_전체타겟_재집행,0831_영상재집행_5,[26.05]F_V_P혼_전환_파인트990원_원데이건_랭킹닭컴BP_main.릴스_담을수록싸다.재원PJ1_4C_강다빈_260512_1T_강다빈,39,1,507,2,5,전환
2026-09-08,120252098868520659,[빙과_파인트] 26.08_파인트990원_수동_전환_video_전체타겟_재집행,0831_영상재집행_5,[26.05]F_V_P혼_전환_파인트990원_원데이건_토마토BP_var1.릴스_맛비주얼.재원PJ1_1C_이봄_260504_1T_이봄1,9101,159,71330,3,430,전환
2026-09-09,120252098028020659,[빙과_파인트] 26.08_파인트990원_ASC_전환_video_전체타겟_9월 1주차_재집행,[빙과_파인트] 26.08_파인트990원_ASC_전환_video_전체타겟_9월 1주차_재집행,[26.05]F_V_P혼_전환_파인트990원_손해상황강조형_대성축산BP_main.릴스_호기심시작.X_1C_박지연_260515_1T_김진수,1,0,7,0,0,전환
2026-09-09,120252098044400659,[빙과_파인트] 26.08_파인트990원_ASC_전환_video_전체타겟_9월 1주차_재집행,[빙과_파인트] 26.08_파인트990원_ASC_전환_video_전체타겟_9월 1주차_재집행,[26.05]F_V_P혼_전환_파인트990원_신규BP_홍게BP_var3.릴스_990원.X_1C_박지연_260501_1T_이봄1,5420,159,71728,5,275,전환
2026-09-09,120252098131510659,[빙과_파인트] 26.08_파인트990원_ASC_전환_video_전체타겟_9월 1주차_재집행,[빙과_파인트] 26.08_파인트990원_ASC_전환_video_전체타겟_9월 1주차_재집행,[26.05]F_V_P혼_전환_파인트990원_원데이건_토마토BP_var1.릴스_맛비주얼.재원PJ1_1C_이봄_260504_1T_이봄1,2722,41,20633,0,114,전환
2026-09-09,120252098148370659,[빙과_파인트] 26.08_파인트990원_ASC_전환_video_전체타겟_9월 1주차_재집행,[빙과_파인트] 26.08_파인트990원_ASC_전환_video_전체타겟_9월 1주차_재집행,[26.05]F_V_P혼_전환_파인트990원_원데이건_혜택강조형_main.릴스_990원.재원PJ1_1C_조의진_260501_1T_조의진,31390,778,364130,27,2506,전환
2026-09-09,120252098156860659,[빙과_파인트] 26.08_파인트990원_ASC_전환_video_전체타겟_9월 1주차_재집행,[빙과_파인트] 26.08_파인트990원_ASC_전환_video_전체타겟_9월 1주차_재집행,[26.05]F_V_P혼_전환_파인트990원_인플루언서형_인플루언서형_main.릴스_본론.X_1C_고가영_260515_1T_이봄1,98,2,1836,0,2,전환
2026-09-09,120252098357400659,[빙과_파인트] 26.08_파인트990원_수동_전환_video_전체타겟_재집행,0831_영상재집행_1,[26.05]F_V_P애_전환_파인트990원_신규BP_파르셀BP_main.릴스_본론.X_1C_고가영_260522_1T_이봄1,19,2,258,0,3,전환
2026-09-09,120252098370410659,[빙과_파인트] 26.08_파인트990원_수동_전환_video_전체타겟_재집행,0831_영상재집행_1,[26.05]F_V_P혼_전환_파인트990원_신규BP_홍게BP_var3.릴스_990원.X_1C_박지연_260501_1T_이봄1,1593,50,23026,1,100,전환
2026-09-09,120252098376070659,[빙과_파인트] 26.08_파인트990원_수동_전환_video_전체타겟_재집행,0831_영상재집행_2,[26.05]F_V_P혼_전환_파인트990원_네고형_CS전화네고형_var1.릴스_취식.X_1C_윤성미_260515_1T_윤성미,4593,100,51603,3,512,전환
2026-09-09,120252098384100659,[빙과_파인트] 26.08_파인트990원_수동_전환_video_전체타겟_재집행,0831_영상재집행_2,[26.05]F_V_P혼_전환_파인트990원_원데이건_골라담기BP_var3.릴스_맛.인트로.재원PJ1_1C_연시온_260515_1T_연시온,24,1,667,0,0,전환
2026-09-09,120252098399630659,[빙과_파인트] 26.08_파인트990원_수동_전환_video_전체타겟_재집행,0831_영상재집행_2,[26.05]F_V_P혼_전환_파인트990원_인플루언서형_인플루언서형_var2.릴스_맛.X_1C_고가영_260515_1T_이봄1,9,0,227,0,1,전환
2026-09-09,120252098838760659,[빙과_파인트] 26.08_파인트990원_수동_전환_video_전체타겟_재집행,0831_영상재집행_5,[26.05]F_V_P망_전환_파인트990원_네고형_지인네고형_var1.릴스_취식.X_1C_박지연_260515_1T_조의진,16,0,248,0,1,전환
2026-09-09,120252098847790659,[빙과_파인트] 26.08_파인트990원_수동_전환_video_전체타겟_재집행,0831_영상재집행_5,[26.05]F_V_P혼_전환_파인트990원_원데이건_랭킹닭컴BP_main.릴스_담을수록싸다.재원PJ1_4C_강다빈_260512_1T_강다빈,85,2,1114,0,4,전환
2026-09-09,120252098868520659,[빙과_파인트] 26.08_파인트990원_수동_전환_video_전체타겟_재집행,0831_영상재집행_5,[26.05]F_V_P혼_전환_파인트990원_원데이건_토마토BP_var1.릴스_맛비주얼.재원PJ1_1C_이봄_260504_1T_이봄1,88645,1164,616907,44,3701,전환
2026-09-09,120252098889260659,[빙과_파인트] 26.08_파인트990원_수동_전환_video_전체타겟_재집행,0831_영상재집행_4,[26.05]F_V_P혼_전환_파인트990원_원데이건_직원리뷰형_main.릴스_BP대로.미진.재원PJ2_1C_이봄_260501_1T_이봄1,1584,33,21764,1,93,전환
2026-09-10,120252098044400659,[빙과_파인트] 26.08_파인트990원_ASC_전환_video_전체타겟_9월 1주차_재집행,[빙과_파인트] 26.08_파인트990원_ASC_전환_video_전체타겟_9월 1주차_재집행,[26.05]F_V_P혼_전환_파인트990원_신규BP_홍게BP_var3.릴스_990원.X_1C_박지연_260501_1T_이봄1,7372,235,112027,8,395,전환
2026-09-10,120252098052440659,[빙과_파인트] 26.08_파인트990원_ASC_전환_video_전체타겟_9월 1주차_재집행,[빙과_파인트] 26.08_파인트990원_ASC_전환_video_전체타겟_9월 1주차_재집행,[26.05]F_V_P혼_전환_파인트990원_원데이건_골라담기BP_var3.릴스_맛.인트로.재원PJ1_1C_연시온_260515_1T_연시온,2,0,82,0,0,전환
2026-09-10,120252098131510659,[빙과_파인트] 26.08_파인트990원_ASC_전환_video_전체타겟_9월 1주차_재집행,[빙과_파인트] 26.08_파인트990원_ASC_전환_video_전체타겟_9월 1주차_재집행,[26.05]F_V_P혼_전환_파인트990원_원데이건_토마토BP_var1.릴스_맛비주얼.재원PJ1_1C_이봄_260504_1T_이봄1,11837,173,102493,4,621,전환
2026-09-10,120252098148370659,[빙과_파인트] 26.08_파인트990원_ASC_전환_video_전체타겟_9월 1주차_재집행,[빙과_파인트] 26.08_파인트990원_ASC_전환_video_전체타겟_9월 1주차_재집행,[26.05]F_V_P혼_전환_파인트990원_원데이건_혜택강조형_main.릴스_990원.재원PJ1_1C_조의진_260501_1T_조의진,8791,246,121304,11,783,전환
2026-09-10,120252098168260659,[빙과_파인트] 26.08_파인트990원_ASC_전환_video_전체타겟_9월 1주차_재집행,[빙과_파인트] 26.08_파인트990원_ASC_전환_video_전체타겟_9월 1주차_재집행,[26.05]F_V_P혼_전환_파인트990원_인플루언서형_인플루언서형_var2.릴스_맛.X_1C_고가영_260515_1T_이봄1,5,0,49,0,0,전환
2026-09-10,120252098357400659,[빙과_파인트] 26.08_파인트990원_수동_전환_video_전체타겟_재집행,0831_영상재집행_1,[26.05]F_V_P애_전환_파인트990원_신규BP_파르셀BP_main.릴스_본론.X_1C_고가영_260522_1T_이봄1,1285,20,13908,0,59,전환
2026-09-10,120252098370410659,[빙과_파인트] 26.08_파인트990원_수동_전환_video_전체타겟_재집행,0831_영상재집행_1,[26.05]F_V_P혼_전환_파인트990원_신규BP_홍게BP_var3.릴스_990원.X_1C_박지연_260501_1T_이봄1,11681,295,175260,14,593,전환
2026-09-10,120252098376070659,[빙과_파인트] 26.08_파인트990원_수동_전환_video_전체타겟_재집행,0831_영상재집행_2,[26.05]F_V_P혼_전환_파인트990원_네고형_CS전화네고형_var1.릴스_취식.X_1C_윤성미_260515_1T_윤성미,1667,32,20390,1,166,전환
2026-09-10,120252098847790659,[빙과_파인트] 26.08_파인트990원_수동_전환_video_전체타겟_재집행,0831_영상재집행_5,[26.05]F_V_P혼_전환_파인트990원_원데이건_랭킹닭컴BP_main.릴스_담을수록싸다.재원PJ1_4C_강다빈_260512_1T_강다빈,22,0,696,0,1,전환
2026-09-10,120252098868520659,[빙과_파인트] 26.08_파인트990원_수동_전환_video_전체타겟_재집행,0831_영상재집행_5,[26.05]F_V_P혼_전환_파인트990원_원데이건_토마토BP_var1.릴스_맛비주얼.재원PJ1_1C_이봄_260504_1T_이봄1,20630,293,160045,15,1072,전환
2026-09-10,120252098889260659,[빙과_파인트] 26.08_파인트990원_수동_전환_video_전체타겟_재집행,0831_영상재집행_4,[26.05]F_V_P혼_전환_파인트990원_원데이건_직원리뷰형_main.릴스_BP대로.미진.재원PJ2_1C_이봄_260501_1T_이봄1,2584,48,27184,1,124,전환
2026-09-10,120252098894610659,[빙과_파인트] 26.08_파인트990원_수동_전환_video_전체타겟_재집행,0831_영상재집행_4,[26.05]F_V_P혼_전환_파인트990원_원데이건_직원리뷰형_var1.릴스_맛비주얼후킹.재원PJ1_1C_이봄_260501_1T_이봄1,74,2,1081,0,2,전환
2026-09-10,120252098905500659,[빙과_파인트] 26.08_파인트990원_수동_전환_video_전체타겟_재집행,0831_영상재집행_4,[26.07]F_V_P말_전환_파인트990원_인물리뷰형_파르셀BP_var1.릴스_가격강조.X_1P_손유곤_260716_빙과_이수현,1,0,2,0,0,전환
2026-09-11,120252098044400659,[빙과_파인트] 26.08_파인트990원_ASC_전환_video_전체타겟_9월 1주차_재집행,[빙과_파인트] 26.08_파인트990원_ASC_전환_video_전체타겟_9월 1주차_재집행,[26.05]F_V_P혼_전환_파인트990원_신규BP_홍게BP_var3.릴스_990원.X_1C_박지연_260501_1T_이봄1,1362,46,20593,2,95,전환
2026-09-11,120252098067700659,[빙과_파인트] 26.08_파인트990원_ASC_전환_video_전체타겟_9월 1주차_재집행,[빙과_파인트] 26.08_파인트990원_ASC_전환_video_전체타겟_9월 1주차_재집행,[26.05]F_V_P혼_전환_파인트990원_원데이건_랭킹닭컴BP_main.릴스_담을수록싸다.재원PJ1_4C_강다빈_260512_1T_강다빈,1,0,6,0,0,전환
2026-09-11,120252098148370659,[빙과_파인트] 26.08_파인트990원_ASC_전환_video_전체타겟_9월 1주차_재집행,[빙과_파인트] 26.08_파인트990원_ASC_전환_video_전체타겟_9월 1주차_재집행,[26.05]F_V_P혼_전환_파인트990원_원데이건_혜택강조형_main.릴스_990원.재원PJ1_1C_조의진_260501_1T_조의진,2278,69,33364,1,195,전환
2026-09-11,120252098370410659,[빙과_파인트] 26.08_파인트990원_수동_전환_video_전체타겟_재집행,0831_영상재집행_1,[26.05]F_V_P혼_전환_파인트990원_신규BP_홍게BP_var3.릴스_990원.X_1C_박지연_260501_1T_이봄1,14581,338,183114,16,689,전환
2026-09-11,120252098847790659,[빙과_파인트] 26.08_파인트990원_수동_전환_video_전체타겟_재집행,0831_영상재집행_5,[26.05]F_V_P혼_전환_파인트990원_원데이건_랭킹닭컴BP_main.릴스_담을수록싸다.재원PJ1_4C_강다빈_260512_1T_강다빈,3,0,50,0,1,전환
2026-09-11,120252098868520659,[빙과_파인트] 26.08_파인트990원_수동_전환_video_전체타겟_재집행,0831_영상재집행_5,[26.05]F_V_P혼_전환_파인트990원_원데이건_토마토BP_var1.릴스_맛비주얼.재원PJ1_1C_이봄_260504_1T_이봄1,11200,179,79905,4,529,전환
2026-09-11,120252098889260659,[빙과_파인트] 26.08_파인트990원_수동_전환_video_전체타겟_재집행,0831_영상재집행_4,[26.05]F_V_P혼_전환_파인트990원_원데이건_직원리뷰형_main.릴스_BP대로.미진.재원PJ2_1C_이봄_260501_1T_이봄1,2428,36,24355,0,105,전환
2026-09-08,120252098984880659,[빙과_파인트] 26.08_파인트990원_수동_전환_image_전체타겟_재집행,0831_배너재집행_2,[26.07]F_I_P말_전환_상시_직원설득형__.배너_원재료강조.수급.텍스트소구.구매제한.공지문.현장감.표.제한적인특성상.종료.__손유곤_260709_빙과_김민우,1076,23,8617,0,0,전환
2026-09-08,120252105933750659,[빙과_파인트] 26.08_파인트990원_수동_전환_image_전체타겟_재집행,0831_배너재집행_1,[26.06]F_I_P혼_전환_파인트990원_혜택강조형__.배너_페인포인트.타제품 비교.한달젤라또무제한.올여름시원하게.__손유곤_260630_빙과_김민우,57,1,711,0,0,전환
2026-09-08,120252105972910659,[빙과_파인트] 26.08_파인트990원_수동_전환_image_전체타겟_재집행,0831_배너재집행_2,[26.07]F_I_P말_전환_파인트990원_직원설득형__.배너_이제다시는없습니다.1년중단한번.제주말차.__손유곤_260703_빙과_김민우,6,0,100,0,0,전환
2026-09-08,120252115630020659,[빙과_파인트_골키파] 26.07_골키파출시_수동_전환_image_전체타겟,0901_P혼_성분비교,[26.09]F_I_P혼_전환_상시__제품강조형__.배너_성분강조.타사제품대비.100원.당때문에망설이셨죠.글로벌프리미엄아이스크림.__이도경_260901_빙과_이채윤,381,7,4974,0,0,전환
2026-09-08,120252115639570659,[빙과_파인트_골키파] 26.07_골키파출시_수동_전환_image_전체타겟,0901_P혼_성분비교,[26.09]F_I_P혼_전환_상시__제품강조형__.배너_성분강조.타사제품대비.100원.부자아이스크림보다98%.당걱정없이마음껏.__이도경_260901_빙과_이채윤,966,14,13505,0,0,전환
2026-09-08,120252115660250659,[빙과_파인트_골키파] 26.07_골키파출시_수동_전환_image_전체타겟,0901_P혼_성분비교,[26.09]F_I_P혼_전환_파인트990원__제품강조형__.배너_성분강조.타사제품대비.당때문에망설이셨죠.글로벌프리미엄아이스크림.__이도경_260901_빙과_이채윤,444,5,9893,1,0,전환
2026-09-08,120252115957670659,[빙과_파인트_골키파] 26.07_골키파출시_수동_전환_image_전체타겟,0901_P혼_프리미엄원재료,[26.09]F_I_P혼_전환_상시__혜택강조형__.배너_프리미엄원재료.스테디3종.100원.다시는없어요.고급수입산원재료.__이도경_260901_빙과_이채윤,37,1,378,0,0,전환
2026-09-08,120252115965460659,[빙과_파인트_골키파] 26.07_골키파출시_수동_전환_image_전체타겟,0901_P혼_프리미엄원재료,[26.09]F_I_P혼_전환_상시__혜택강조형__.배너_프리미엄원재료.스테디3종.100원.사과문.비싼원물아낌없이넣어.__이도경_260901_빙과_이채윤,10503,173,151088,10,0,전환
2026-09-08,120252115972060659,[빙과_파인트_골키파] 26.07_골키파출시_수동_전환_image_전체타겟,0901_P혼_프리미엄원재료,[26.09]F_I_P혼_전환_상시__혜택강조형__.배너_프리미엄원재료.스테디3종.100원.워낙비싼원재료라곧정상가로돌아갑니다.__이도경_260901_빙과_이채윤,22819,292,295517,14,0,전환
2026-09-10,120252115630020659,[빙과_파인트_골키파] 26.07_골키파출시_수동_전환_image_전체타겟,0901_P혼_성분비교,[26.09]F_I_P혼_전환_상시__제품강조형__.배너_성분강조.타사제품대비.100원.당때문에망설이셨죠.글로벌프리미엄아이스크림.__이도경_260901_빙과_이채윤,5719,57,69639,5,0,전환
2026-09-10,120252115660250659,[빙과_파인트_골키파] 26.07_골키파출시_수동_전환_image_전체타겟,0901_P혼_성분비교,[26.09]F_I_P혼_전환_파인트990원__제품강조형__.배너_성분강조.타사제품대비.당때문에망설이셨죠.글로벌프리미엄아이스크림.__이도경_260901_빙과_이채윤,9355,97,110288,7,0,전환
2026-09-10,120252115669520659,[빙과_파인트_골키파] 26.07_골키파출시_수동_전환_image_전체타겟,0901_P혼_성분비교,[26.09]F_I_P혼_전환_파인트990원__제품강조형__.배너_성분강조.타사제품대비.부자아이스크림보다98%.당걱정없이마음껏.__이도경_260901_빙과_이채윤,3336,22,39827,0,0,전환
2026-09-10,120252115965460659,[빙과_파인트_골키파] 26.07_골키파출시_수동_전환_image_전체타겟,0901_P혼_프리미엄원재료,[26.09]F_I_P혼_전환_상시__혜택강조형__.배너_프리미엄원재료.스테디3종.100원.사과문.비싼원물아낌없이넣어.__이도경_260901_빙과_이채윤,845,19,17312,0,0,전환
2026-09-11,120252115660250659,[빙과_파인트_골키파] 26.07_골키파출시_수동_전환_image_전체타겟,0901_P혼_성분비교,[26.09]F_I_P혼_전환_파인트990원__제품강조형__.배너_성분강조.타사제품대비.당때문에망설이셨죠.글로벌프리미엄아이스크림.__이도경_260901_빙과_이채윤,5518,65,70936,1,0,전환
2026-09-11,120252115965460659,[빙과_파인트_골키파] 26.07_골키파출시_수동_전환_image_전체타겟,0901_P혼_프리미엄원재료,[26.09]F_I_P혼_전환_상시__혜택강조형__.배너_프리미엄원재료.스테디3종.100원.사과문.비싼원물아낌없이넣어.__이도경_260901_빙과_이채윤,2084,43,42452,3,0,전환
2026-09-12,120252115957670659,[빙과_파인트_골키파] 26.07_골키파출시_수동_전환_image_전체타겟,0901_P혼_프리미엄원재료,[26.09]F_I_P혼_전환_상시__혜택강조형__.배너_프리미엄원재료.스테디3종.100원.다시는없어요.고급수입산원재료.__이도경_260901_빙과_이채윤,74,2,937,0,0,전환
2026-09-12,120252115965460659,[빙과_파인트_골키파] 26.07_골키파출시_수동_전환_image_전체타겟,0901_P혼_프리미엄원재료,[26.09]F_I_P혼_전환_상시__혜택강조형__.배너_프리미엄원재료.스테디3종.100원.사과문.비싼원물아낌없이넣어.__이도경_260901_빙과_이채윤,9052,171,143838,11,0,전환
2026-09-13,120252115957670659,[빙과_파인트_골키파] 26.07_골키파출시_수동_전환_image_전체타겟,0901_P혼_프리미엄원재료,[26.09]F_I_P혼_전환_상시__혜택강조형__.배너_프리미엄원재료.스테디3종.100원.다시는없어요.고급수입산원재료.__이도경_260901_빙과_이채윤,119,3,1966,0,0,전환
2026-09-13,120252115965460659,[빙과_파인트_골키파] 26.07_골키파출시_수동_전환_image_전체타겟,0901_P혼_프리미엄원재료,[26.09]F_I_P혼_전환_상시__혜택강조형__.배너_프리미엄원재료.스테디3종.100원.사과문.비싼원물아낌없이넣어.__이도경_260901_빙과_이채윤,29064,474,381304,23,0,전환
2026-09-13,120252115972060659,[빙과_파인트_골키파] 26.07_골키파출시_수동_전환_image_전체타겟,0901_P혼_프리미엄원재료,[26.09]F_I_P혼_전환_상시__혜택강조형__.배너_프리미엄원재료.스테디3종.100원.워낙비싼원재료라곧정상가로돌아갑니다.__이도경_260901_빙과_이채윤,5750,101,90931,5,0,전환
2026-09-14,120252115630020659,[빙과_파인트_골키파] 26.07_골키파출시_수동_전환_image_전체타겟,0901_P혼_성분비교,[26.09]F_I_P혼_전환_상시__제품강조형__.배너_성분강조.타사제품대비.100원.당때문에망설이셨죠.글로벌프리미엄아이스크림.__이도경_260901_빙과_이채윤,2255,26,19205,1,0,전환
2026-09-14,120252115957670659,[빙과_파인트_골키파] 26.07_골키파출시_수동_전환_image_전체타겟,0901_P혼_프리미엄원재료,[26.09]F_I_P혼_전환_상시__혜택강조형__.배너_프리미엄원재료.스테디3종.100원.다시는없어요.고급수입산원재료.__이도경_260901_빙과_이채윤,47,4,903,0,0,전환
2026-09-14,120252115965460659,[빙과_파인트_골키파] 26.07_골키파출시_수동_전환_image_전체타겟,0901_P혼_프리미엄원재료,[26.09]F_I_P혼_전환_상시__혜택강조형__.배너_프리미엄원재료.스테디3종.100원.사과문.비싼원물아낌없이넣어.__이도경_260901_빙과_이채윤,9983,158,133593,7,0,전환
2026-09-14,120252115972060659,[빙과_파인트_골키파] 26.07_골키파출시_수동_전환_image_전체타겟,0901_P혼_프리미엄원재료,[26.09]F_I_P혼_전환_상시__혜택강조형__.배너_프리미엄원재료.스테디3종.100원.워낙비싼원재료라곧정상가로돌아갑니다.__이도경_260901_빙과_이채윤,2672,59,46048,3,0,전환
2026-09-15,120252115630020659,[빙과_파인트_골키파] 26.07_골키파출시_수동_전환_image_전체타겟,0901_P혼_성분비교,[26.09]F_I_P혼_전환_상시__제품강조형__.배너_성분강조.타사제품대비.100원.당때문에망설이셨죠.글로벌프리미엄아이스크림.__이도경_260901_빙과_이채윤,3588,82,33409,0,0,전환
2026-09-15,120252115965460659,[빙과_파인트_골키파] 26.07_골키파출시_수동_전환_image_전체타겟,0901_P혼_프리미엄원재료,[26.09]F_I_P혼_전환_상시__혜택강조형__.배너_프리미엄원재료.스테디3종.100원.사과문.비싼원물아낌없이넣어.__이도경_260901_빙과_이채윤,5544,91,84867,4,0,전환
2026-09-15,120252115972060659,[빙과_파인트_골키파] 26.07_골키파출시_수동_전환_image_전체타겟,0901_P혼_프리미엄원재료,[26.09]F_I_P혼_전환_상시__혜택강조형__.배너_프리미엄원재료.스테디3종.100원.워낙비싼원재료라곧정상가로돌아갑니다.__이도경_260901_빙과_이채윤,643,12,13689,0,0,전환
2026-09-16,120252115965460659,[빙과_파인트_골키파] 26.07_골키파출시_수동_전환_image_전체타겟,0901_P혼_프리미엄원재료,[26.09]F_I_P혼_전환_상시__혜택강조형__.배너_프리미엄원재료.스테디3종.100원.사과문.비싼원물아낌없이넣어.__이도경_260901_빙과_이채윤,1812,37,32664,0,0,전환
2026-09-19,120252115972060659,[빙과_파인트_골키파] 26.07_골키파출시_수동_전환_image_전체타겟,0901_P혼_프리미엄원재료,[26.09]F_I_P혼_전환_상시__혜택강조형__.배너_프리미엄원재료.스테디3종.100원.워낙비싼원재료라곧정상가로돌아갑니다.__이도경_260901_빙과_이채윤,689,16,12930,0,0,전환
2026-09-08,120252147920250659,[빙과_파인트] 26.04_파인트990원_수동_전환_image_전체타겟,260903_P혼_990원,[26.09]F_I_P혼_전환_파인트990원__혜택강조형__.배너_샤벳3종.여름한정성.제철과일.과일이라못먹어요.__이도경_260903_빙과_이채윤,129,2,1167,0,0,전환
2026-09-08,120252147921560659,[빙과_파인트] 26.04_파인트990원_수동_전환_image_전체타겟,260903_P혼_990원,[26.09]F_I_P혼_전환_파인트990원__혜택강조형__.배너_성분강조.글로벌프리미엄아이스크림제치고1등기념.__이도경_260903_빙과_김민우,6956,116,68163,1,0,전환
2026-09-08,120252147931120659,[빙과_파인트_골키파] 26.07_골키파출시_수동_전환_image_전체타겟,0903_P혼_성분,[26.09]F_I_P혼_전환_상시__혜택강조형__.배너_ 성분강조.100원.역대최초글로벌프리미엄.제치고1위.__이도경_260903_빙과_김민우,76,2,1718,0,0,전환
2026-09-08,120252147932220659,[빙과_파인트_골키파] 26.07_골키파출시_수동_전환_image_전체타겟,0903_P혼_성분,[26.09]F_I_P혼_전환_상시__혜택강조형__.배너_성분강조.100원.글로벌프리미엄아이스크림제치고1등기념.부담없이이기회에.__이도경_260903_빙과_김민우,9335,122,108377,6,0,전환
2026-09-08,120252148023390659,[빙과_파인트_골키파] 26.07_골키파출시_수동_전환_image_전체타겟,0903_P셔벗,[26.09]F_I_P혼_전환_상시__혜택강조형__.배너_샤벳3종.여름한정성.제철과일.100원.오렌지라즈베리.올해마지막여름과일.__이도경_260903_빙과_이채윤,1297,10,11070,0,0,전환
2026-09-09,120252147920250659,[빙과_파인트] 26.04_파인트990원_수동_전환_image_전체타겟,260903_P혼_990원,[26.09]F_I_P혼_전환_파인트990원__혜택강조형__.배너_샤벳3종.여름한정성.제철과일.과일이라못먹어요.__이도경_260903_빙과_이채윤,3,0,68,0,0,전환
2026-09-09,120252147921560659,[빙과_파인트] 26.04_파인트990원_수동_전환_image_전체타겟,260903_P혼_990원,[26.09]F_I_P혼_전환_파인트990원__혜택강조형__.배너_성분강조.글로벌프리미엄아이스크림제치고1등기념.__이도경_260903_빙과_김민우,24742,385,247353,15,0,전환
2026-09-10,120252147920250659,[빙과_파인트] 26.04_파인트990원_수동_전환_image_전체타겟,260903_P혼_990원,[26.09]F_I_P혼_전환_파인트990원__혜택강조형__.배너_샤벳3종.여름한정성.제철과일.과일이라못먹어요.__이도경_260903_빙과_이채윤,9024,102,95049,3,0,전환
2026-09-12,120252147932220659,[빙과_파인트_골키파] 26.07_골키파출시_수동_전환_image_전체타겟,0903_P혼_성분,[26.09]F_I_P혼_전환_상시__혜택강조형__.배너_성분강조.100원.글로벌프리미엄아이스크림제치고1등기념.부담없이이기회에.__이도경_260903_빙과_김민우,422,10,7799,0,0,전환
2026-09-12,120252147933720659,[빙과_파인트_골키파] 26.07_골키파출시_수동_전환_image_전체타겟,0903_P혼_성분,[26.09]F_I_P혼_전환_상시__혜택강조형__.배너_성분강조.100원.편의점1등아이스크림제쳤다.__이도경_260903_빙과_김민우,680,16,10766,1,0,전환
2026-09-13,120252147932220659,[빙과_파인트_골키파] 26.07_골키파출시_수동_전환_image_전체타겟,0903_P혼_성분,[26.09]F_I_P혼_전환_상시__혜택강조형__.배너_성분강조.100원.글로벌프리미엄아이스크림제치고1등기념.부담없이이기회에.__이도경_260903_빙과_김민우,1196,13,16570,0,0,전환
2026-09-13,120252147933720659,[빙과_파인트_골키파] 26.07_골키파출시_수동_전환_image_전체타겟,0903_P혼_성분,[26.09]F_I_P혼_전환_상시__혜택강조형__.배너_성분강조.100원.편의점1등아이스크림제쳤다.__이도경_260903_빙과_김민우,3317,73,58772,3,0,전환
2026-09-15,120252147932220659,[빙과_파인트_골키파] 26.07_골키파출시_수동_전환_image_전체타겟,0903_P혼_성분,[26.09]F_I_P혼_전환_상시__혜택강조형__.배너_성분강조.100원.글로벌프리미엄아이스크림제치고1등기념.부담없이이기회에.__이도경_260903_빙과_김민우,42,1,625,0,0,전환
2026-09-19,120252147932220659,[빙과_파인트_골키파] 26.07_골키파출시_수동_전환_image_전체타겟,0903_P혼_성분,[26.09]F_I_P혼_전환_상시__혜택강조형__.배너_성분강조.100원.글로벌프리미엄아이스크림제치고1등기념.부담없이이기회에.__이도경_260903_빙과_김민우,3441,50,46456,2,0,전환
2026-09-08,120252176792700659,[빙과_파인트_골키파] 26.07_골키파출시_수동_전환_video_전체타겟,9월 1주차_소비자네고형_P말,[26.09]F_V_P말_전환_골키파출시_네고형_소비자네고형_main.릴스_페인포인트.가격.9월.수민PJ_파인트P_이도경_260904_빙과_김지연,757,26,23594,1,126,전환
2026-09-08,120252176793430659,[빙과_파인트_골키파] 26.09_골키파출시_ASC_전환_video_전체타겟_9월 1주차_소비자네고/불신해소형,[빙과_파인트_골키파] 26.09_골키파출시_ASC_전환_video_전체타겟_9월 1주차_소비자네고/불신해소형,[26.09]F_V_P말_전환_골키파출시_네고형_소비자네고형_main.릴스_페인포인트.가격.9월.수민PJ_파인트P_이도경_260904_빙과_김지연,3677,78,78961,6,448,전환
2026-09-08,120252176800230659,[빙과_파인트_골키파] 26.07_골키파출시_수동_전환_video_전체타겟,9월 1주차_소비자네고형_P말,[26.09]F_V_P말_전환_골키파출시_네고형_소비자네고형_var1.릴스_공통.9월.수민PJ_파인트P_이도경_260904_빙과_김지연,90,4,2561,0,11,전환
2026-09-08,120252176800940659,[빙과_파인트_골키파] 26.09_골키파출시_ASC_전환_video_전체타겟_9월 1주차_소비자네고/불신해소형,[빙과_파인트_골키파] 26.09_골키파출시_ASC_전환_video_전체타겟_9월 1주차_소비자네고/불신해소형,[26.09]F_V_P말_전환_골키파출시_네고형_소비자네고형_var1.릴스_공통.9월.수민PJ_파인트P_이도경_260904_빙과_김지연,21,0,129,0,1,전환
2026-09-08,120252176812940659,[빙과_파인트_골키파] 26.07_골키파출시_수동_전환_video_전체타겟,9월 1주차_클룹BP_P말,[26.09]F_V_P말_전환_골키파출시_신규BP_클룹BP_main.릴스_공통.기본.9월.수민PJ_파인트P_영상팀_260904_빙과_이수민,4206,80,58519,3,408,전환
2026-09-08,120252176813360659,[빙과_파인트_골키파] 26.09_골키파출시_ASC_전환_video_전체타겟_9월 1주차_클룹BP,[빙과_파인트_골키파] 26.09_골키파출시_ASC_전환_video_전체타겟_9월 1주차_클룹BP,[26.09]F_V_P말_전환_골키파출시_신규BP_클룹BP_main.릴스_공통.기본.9월.수민PJ_파인트P_영상팀_260904_빙과_이수민,7670,149,116999,5,756,전환
2026-09-08,120252176815310659,[빙과_파인트_골키파] 26.07_골키파출시_수동_전환_video_전체타겟,9월 1주차_소비자네고형_P말,[26.09]F_V_P말_전환_골키파출시_네고형_소비자네고형_var2.릴스_편의점1등.9월.수민PJ_파인트P_이도경_260904_빙과_김지연,13976,301,220656,15,1067,전환
2026-09-08,120252176820430659,[빙과_파인트_골키파] 26.07_골키파출시_수동_전환_video_전체타겟,9월 1주차_클룹BP_P말,[26.09]F_V_P말_전환_골키파출시_신규BP_클룹BP_var1.릴스_공통.숏.9월.수민PJ_파인트P_영상팀_260904_빙과_이수민,1301,25,20190,1,109,전환
2026-09-08,120252176825240659,[빙과_파인트_골키파] 26.07_골키파출시_수동_전환_video_전체타겟,9월 1주차_소비자네고형_P말,[26.09]F_V_P말_전환_골키파출시_네고형_소비자네고형_var3.릴스_pov.9월.수민PJ_파인트P_이도경_260904_빙과_김지연,378,15,9579,2,41,전환
2026-09-09,120252176792700659,[빙과_파인트_골키파] 26.07_골키파출시_수동_전환_video_전체타겟,9월 1주차_소비자네고형_P말,[26.09]F_V_P말_전환_골키파출시_네고형_소비자네고형_main.릴스_페인포인트.가격.9월.수민PJ_파인트P_이도경_260904_빙과_김지연,279,7,7503,0,45,전환
2026-09-09,120252176793430659,[빙과_파인트_골키파] 26.09_골키파출시_ASC_전환_video_전체타겟_9월 1주차_소비자네고/불신해소형,[빙과_파인트_골키파] 26.09_골키파출시_ASC_전환_video_전체타겟_9월 1주차_소비자네고/불신해소형,[26.09]F_V_P말_전환_골키파출시_네고형_소비자네고형_main.릴스_페인포인트.가격.9월.수민PJ_파인트P_이도경_260904_빙과_김지연,25968,444,494196,34,3023,전환
2026-09-09,120252176800230659,[빙과_파인트_골키파] 26.07_골키파출시_수동_전환_video_전체타겟,9월 1주차_소비자네고형_P말,[26.09]F_V_P말_전환_골키파출시_네고형_소비자네고형_var1.릴스_공통.9월.수민PJ_파인트P_이도경_260904_빙과_김지연,8,0,260,0,1,전환
2026-09-09,120252176812940659,[빙과_파인트_골키파] 26.07_골키파출시_수동_전환_video_전체타겟,9월 1주차_클룹BP_P말,[26.09]F_V_P말_전환_골키파출시_신규BP_클룹BP_main.릴스_공통.기본.9월.수민PJ_파인트P_영상팀_260904_빙과_이수민,18570,349,285515,20,1852,전환
2026-09-09,120252176815310659,[빙과_파인트_골키파] 26.07_골키파출시_수동_전환_video_전체타겟,9월 1주차_소비자네고형_P말,[26.09]F_V_P말_전환_골키파출시_네고형_소비자네고형_var2.릴스_편의점1등.9월.수민PJ_파인트P_이도경_260904_빙과_김지연,1318,42,23382,1,132,전환
2026-09-09,120252176825240659,[빙과_파인트_골키파] 26.07_골키파출시_수동_전환_video_전체타겟,9월 1주차_소비자네고형_P말,[26.09]F_V_P말_전환_골키파출시_네고형_소비자네고형_var3.릴스_pov.9월.수민PJ_파인트P_이도경_260904_빙과_김지연,18,3,939,0,2,전환
2026-09-10,120252176792700659,[빙과_파인트_골키파] 26.07_골키파출시_수동_전환_video_전체타겟,9월 1주차_소비자네고형_P말,[26.09]F_V_P말_전환_골키파출시_네고형_소비자네고형_main.릴스_페인포인트.가격.9월.수민PJ_파인트P_이도경_260904_빙과_김지연,115,3,3256,0,25,전환
2026-09-10,120252176793430659,[빙과_파인트_골키파] 26.09_골키파출시_ASC_전환_video_전체타겟_9월 1주차_소비자네고/불신해소형,[빙과_파인트_골키파] 26.09_골키파출시_ASC_전환_video_전체타겟_9월 1주차_소비자네고/불신해소형,[26.09]F_V_P말_전환_골키파출시_네고형_소비자네고형_main.릴스_페인포인트.가격.9월.수민PJ_파인트P_이도경_260904_빙과_김지연,20595,444,456527,31,2574,전환
2026-09-10,120252176800230659,[빙과_파인트_골키파] 26.07_골키파출시_수동_전환_video_전체타겟,9월 1주차_소비자네고형_P말,[26.09]F_V_P말_전환_골키파출시_네고형_소비자네고형_var1.릴스_공통.9월.수민PJ_파인트P_이도경_260904_빙과_김지연,4,0,139,0,0,전환
2026-09-10,120252176812940659,[빙과_파인트_골키파] 26.07_골키파출시_수동_전환_video_전체타겟,9월 1주차_클룹BP_P말,[26.09]F_V_P말_전환_골키파출시_신규BP_클룹BP_main.릴스_공통.기본.9월.수민PJ_파인트P_영상팀_260904_빙과_이수민,4282,90,71455,4,474,전환
2026-09-10,120252176813360659,[빙과_파인트_골키파] 26.09_골키파출시_ASC_전환_video_전체타겟_9월 1주차_클룹BP,[빙과_파인트_골키파] 26.09_골키파출시_ASC_전환_video_전체타겟_9월 1주차_클룹BP,[26.09]F_V_P말_전환_골키파출시_신규BP_클룹BP_main.릴스_공통.기본.9월.수민PJ_파인트P_영상팀_260904_빙과_이수민,8574,161,129801,8,896,전환
2026-09-10,120252176815310659,[빙과_파인트_골키파] 26.07_골키파출시_수동_전환_video_전체타겟,9월 1주차_소비자네고형_P말,[26.09]F_V_P말_전환_골키파출시_네고형_소비자네고형_var2.릴스_편의점1등.9월.수민PJ_파인트P_이도경_260904_빙과_김지연,2131,59,44758,2,202,전환
2026-09-10,120252176825240659,[빙과_파인트_골키파] 26.07_골키파출시_수동_전환_video_전체타겟,9월 1주차_소비자네고형_P말,[26.09]F_V_P말_전환_골키파출시_네고형_소비자네고형_var3.릴스_pov.9월.수민PJ_파인트P_이도경_260904_빙과_김지연,4,0,44,0,0,전환
2026-09-11,120252176792700659,[빙과_파인트_골키파] 26.07_골키파출시_수동_전환_video_전체타겟,9월 1주차_소비자네고형_P말,[26.09]F_V_P말_전환_골키파출시_네고형_소비자네고형_main.릴스_페인포인트.가격.9월.수민PJ_파인트P_이도경_260904_빙과_김지연,380,18,13188,1,65,전환
2026-09-11,120252176793430659,[빙과_파인트_골키파] 26.09_골키파출시_ASC_전환_video_전체타겟_9월 1주차_소비자네고/불신해소형,[빙과_파인트_골키파] 26.09_골키파출시_ASC_전환_video_전체타겟_9월 1주차_소비자네고/불신해소형,[26.09]F_V_P말_전환_골키파출시_네고형_소비자네고형_main.릴스_페인포인트.가격.9월.수민PJ_파인트P_이도경_260904_빙과_김지연,23448,422,420453,30,2949,전환
2026-09-11,120252176813360659,[빙과_파인트_골키파] 26.09_골키파출시_ASC_전환_video_전체타겟_9월 1주차_클룹BP,[빙과_파인트_골키파] 26.09_골키파출시_ASC_전환_video_전체타겟_9월 1주차_클룹BP,[26.09]F_V_P말_전환_골키파출시_신규BP_클룹BP_main.릴스_공통.기본.9월.수민PJ_파인트P_영상팀_260904_빙과_이수민,4578,67,52857,0,455,전환
2026-09-11,120252176815310659,[빙과_파인트_골키파] 26.07_골키파출시_수동_전환_video_전체타겟,9월 1주차_소비자네고형_P말,[26.09]F_V_P말_전환_골키파출시_네고형_소비자네고형_var2.릴스_편의점1등.9월.수민PJ_파인트P_이도경_260904_빙과_김지연,533,13,12584,0,50,전환
2026-09-12,120252176793430659,[빙과_파인트_골키파] 26.09_골키파출시_ASC_전환_video_전체타겟_9월 1주차_소비자네고/불신해소형,[빙과_파인트_골키파] 26.09_골키파출시_ASC_전환_video_전체타겟_9월 1주차_소비자네고/불신해소형,[26.09]F_V_P말_전환_골키파출시_네고형_소비자네고형_main.릴스_페인포인트.가격.9월.수민PJ_파인트P_이도경_260904_빙과_김지연,5847,129,74293,3,757,전환
2026-09-12,120252176800230659,[빙과_파인트_골키파] 26.07_골키파출시_수동_전환_video_전체타겟,9월 1주차_소비자네고형_P말,[26.09]F_V_P말_전환_골키파출시_네고형_소비자네고형_var1.릴스_공통.9월.수민PJ_파인트P_이도경_260904_빙과_김지연,5,0,87,0,1,전환
2026-09-12,120252176800940659,[빙과_파인트_골키파] 26.09_골키파출시_ASC_전환_video_전체타겟_9월 1주차_소비자네고/불신해소형,[빙과_파인트_골키파] 26.09_골키파출시_ASC_전환_video_전체타겟_9월 1주차_소비자네고/불신해소형,[26.09]F_V_P말_전환_골키파출시_네고형_소비자네고형_var1.릴스_공통.9월.수민PJ_파인트P_이도경_260904_빙과_김지연,3,1,83,0,0,전환
2026-09-12,120252176812940659,[빙과_파인트_골키파] 26.07_골키파출시_수동_전환_video_전체타겟,9월 1주차_클룹BP_P말,[26.09]F_V_P말_전환_골키파출시_신규BP_클룹BP_main.릴스_공통.기본.9월.수민PJ_파인트P_영상팀_260904_빙과_이수민,7102,101,78362,5,860,전환
2026-09-12,120252176815310659,[빙과_파인트_골키파] 26.07_골키파출시_수동_전환_video_전체타겟,9월 1주차_소비자네고형_P말,[26.09]F_V_P말_전환_골키파출시_네고형_소비자네고형_var2.릴스_편의점1등.9월.수민PJ_파인트P_이도경_260904_빙과_김지연,2600,66,53241,3,318,전환
2026-09-12,120252176816620659,[빙과_파인트_골키파] 26.09_골키파출시_ASC_전환_video_전체타겟_9월 1주차_소비자네고/불신해소형,[빙과_파인트_골키파] 26.09_골키파출시_ASC_전환_video_전체타겟_9월 1주차_소비자네고/불신해소형,[26.09]F_V_P말_전환_골키파출시_네고형_소비자네고형_var2.릴스_편의점1등.9월.수민PJ_파인트P_이도경_260904_빙과_김지연,42,1,976,0,5,전환
2026-09-12,120252176825240659,[빙과_파인트_골키파] 26.07_골키파출시_수동_전환_video_전체타겟,9월 1주차_소비자네고형_P말,[26.09]F_V_P말_전환_골키파출시_네고형_소비자네고형_var3.릴스_pov.9월.수민PJ_파인트P_이도경_260904_빙과_김지연,3,0,34,0,1,전환
2026-09-13,120252176793430659,[빙과_파인트_골키파] 26.09_골키파출시_ASC_전환_video_전체타겟_9월 1주차_소비자네고/불신해소형,[빙과_파인트_골키파] 26.09_골키파출시_ASC_전환_video_전체타겟_9월 1주차_소비자네고/불신해소형,[26.09]F_V_P말_전환_골키파출시_네고형_소비자네고형_main.릴스_페인포인트.가격.9월.수민PJ_파인트P_이도경_260904_빙과_김지연,5310,92,69712,3,725,전환
2026-09-13,120252176812940659,[빙과_파인트_골키파] 26.07_골키파출시_수동_전환_video_전체타겟,9월 1주차_클룹BP_P말,[26.09]F_V_P말_전환_골키파출시_신규BP_클룹BP_main.릴스_공통.기본.9월.수민PJ_파인트P_영상팀_260904_빙과_이수민,5119,98,67241,8,614,전환
2026-09-13,120252176816620659,[빙과_파인트_골키파] 26.09_골키파출시_ASC_전환_video_전체타겟_9월 1주차_소비자네고/불신해소형,[빙과_파인트_골키파] 26.09_골키파출시_ASC_전환_video_전체타겟_9월 1주차_소비자네고/불신해소형,[26.09]F_V_P말_전환_골키파출시_네고형_소비자네고형_var2.릴스_편의점1등.9월.수민PJ_파인트P_이도경_260904_빙과_김지연,244,8,3569,0,26,전환
2026-09-14,120252176793430659,[빙과_파인트_골키파] 26.09_골키파출시_ASC_전환_video_전체타겟_9월 1주차_소비자네고/불신해소형,[빙과_파인트_골키파] 26.09_골키파출시_ASC_전환_video_전체타겟_9월 1주차_소비자네고/불신해소형,[26.09]F_V_P말_전환_골키파출시_네고형_소비자네고형_main.릴스_페인포인트.가격.9월.수민PJ_파인트P_이도경_260904_빙과_김지연,2211,46,39208,2,286,전환
2026-09-14,120252176812940659,[빙과_파인트_골키파] 26.07_골키파출시_수동_전환_video_전체타겟,9월 1주차_클룹BP_P말,[26.09]F_V_P말_전환_골키파출시_신규BP_클룹BP_main.릴스_공통.기본.9월.수민PJ_파인트P_영상팀_260904_빙과_이수민,748,9,8847,0,91,전환
2026-09-14,120252176816620659,[빙과_파인트_골키파] 26.09_골키파출시_ASC_전환_video_전체타겟_9월 1주차_소비자네고/불신해소형,[빙과_파인트_골키파] 26.09_골키파출시_ASC_전환_video_전체타겟_9월 1주차_소비자네고/불신해소형,[26.09]F_V_P말_전환_골키파출시_네고형_소비자네고형_var2.릴스_편의점1등.9월.수민PJ_파인트P_이도경_260904_빙과_김지연,18,1,287,0,0,전환
2026-09-15,120252176793430659,[빙과_파인트_골키파] 26.09_골키파출시_ASC_전환_video_전체타겟_9월 1주차_소비자네고/불신해소형,[빙과_파인트_골키파] 26.09_골키파출시_ASC_전환_video_전체타겟_9월 1주차_소비자네고/불신해소형,[26.09]F_V_P말_전환_골키파출시_네고형_소비자네고형_main.릴스_페인포인트.가격.9월.수민PJ_파인트P_이도경_260904_빙과_김지연,6193,117,123167,7,758,전환
2026-09-15,120252176812940659,[빙과_파인트_골키파] 26.07_골키파출시_수동_전환_video_전체타겟,9월 1주차_클룹BP_P말,[26.09]F_V_P말_전환_골키파출시_신규BP_클룹BP_main.릴스_공통.기본.9월.수민PJ_파인트P_영상팀_260904_빙과_이수민,7588,163,100678,6,825,전환
2026-09-16,120252176793430659,[빙과_파인트_골키파] 26.09_골키파출시_ASC_전환_video_전체타겟_9월 1주차_소비자네고/불신해소형,[빙과_파인트_골키파] 26.09_골키파출시_ASC_전환_video_전체타겟_9월 1주차_소비자네고/불신해소형,[26.09]F_V_P말_전환_골키파출시_네고형_소비자네고형_main.릴스_페인포인트.가격.9월.수민PJ_파인트P_이도경_260904_빙과_김지연,5702,114,105950,5,647,전환
2026-09-16,120252176800940659,[빙과_파인트_골키파] 26.09_골키파출시_ASC_전환_video_전체타겟_9월 1주차_소비자네고/불신해소형,[빙과_파인트_골키파] 26.09_골키파출시_ASC_전환_video_전체타겟_9월 1주차_소비자네고/불신해소형,[26.09]F_V_P말_전환_골키파출시_네고형_소비자네고형_var1.릴스_공통.9월.수민PJ_파인트P_이도경_260904_빙과_김지연,341,9,6966,0,40,전환
2026-09-16,120252176812940659,[빙과_파인트_골키파] 26.07_골키파출시_수동_전환_video_전체타겟,9월 1주차_클룹BP_P말,[26.09]F_V_P말_전환_골키파출시_신규BP_클룹BP_main.릴스_공통.기본.9월.수민PJ_파인트P_영상팀_260904_빙과_이수민,748,16,8898,0,87,전환
2026-09-17,120252176812940659,[빙과_파인트_골키파] 26.07_골키파출시_수동_전환_video_전체타겟,9월 1주차_클룹BP_P말,[26.09]F_V_P말_전환_골키파출시_신규BP_클룹BP_main.릴스_공통.기본.9월.수민PJ_파인트P_영상팀_260904_빙과_이수민,945,18,11502,0,107,전환
2026-09-18,120252176812940659,[빙과_파인트_골키파] 26.07_골키파출시_수동_전환_video_전체타겟,9월 1주차_클룹BP_P말,[26.09]F_V_P말_전환_골키파출시_신규BP_클룹BP_main.릴스_공통.기본.9월.수민PJ_파인트P_영상팀_260904_빙과_이수민,1166,24,14871,0,129,전환
2026-09-08,120252176828750659,[빙과_파인트_골키파] 26.07_골키파출시_수동_전환_video_전체타겟,9월 1주차_클룹BP_P말,[26.09]F_V_P말_전환_골키파출시_신규BP_클룹BP_var2.릴스_POV.15kg.9월.수민PJ_파인트P_영상팀_260904_빙과_이수민,1218,33,30740,3,123,전환
2026-09-08,120252176834750659,[빙과_파인트_골키파] 26.07_골키파출시_수동_전환_video_전체타겟,9월 1주차_소비자네고형_P말,[26.09]F_V_P말_전환_골키파출시_네고형_소비자네고형_var4.릴스_젤라또.9월.수민PJ_파인트P_이도경_260904_빙과_김지연,1309,26,18196,4,120,전환
2026-09-08,120252176836590659,[빙과_파인트_골키파] 26.07_골키파출시_수동_전환_video_전체타겟,9월 1주차_클룹BP_P말,[26.09]F_V_P말_전환_골키파출시_신규BP_클룹BP_var3.릴스_POV.몸짱.9월.수민PJ_파인트P_영상팀_260904_빙과_이수민,914,18,12760,0,104,전환
2026-09-08,120252176837550659,[빙과_파인트_골키파] 26.09_골키파출시_ASC_전환_video_전체타겟_9월 1주차_클룹BP,[빙과_파인트_골키파] 26.09_골키파출시_ASC_전환_video_전체타겟_9월 1주차_클룹BP,[26.09]F_V_P말_전환_골키파출시_신규BP_클룹BP_var3.릴스_POV.몸짱.9월.수민PJ_파인트P_영상팀_260904_빙과_이수민,19128,316,305082,16,2035,전환
2026-09-08,120252176848670659,[빙과_파인트_골키파] 26.09_골키파출시_ASC_전환_video_전체타겟_9월 1주차_클룹BP,[빙과_파인트_골키파] 26.09_골키파출시_ASC_전환_video_전체타겟_9월 1주차_클룹BP,[26.09]F_V_P말_전환_골키파출시_신규BP_클룹BP_var4.릴스_맛SP.9월.수민PJ_파인트P_영상팀_260904_빙과_이수민,986,9,16906,1,59,전환
2026-09-08,120252177760350659,[빙과_파인트_골키파] 26.07_골키파출시_수동_전환_image_전체타겟,0904_P혼_100원,[26.09]F_I_P혼_전환_파인트990원_혜택강조형__.배너_물량.당98%낮춰글로벌프리미엄브랜드제친기념.이벤트끝나면정상가.__고가영_260904_빙과_김민우,857,25,23279,0,0,전환
2026-09-08,120252177769750659,[빙과_파인트] 26.04_파인트990원_수동_전환_image_전체타겟,260904_P혼_990원,[26.09]F_I_P혼_전환_상시_혜택강조형__.릴스_물량.외부BP.다신없을99%할인.100원.공장24시풀가동중.__고가영_260904_빙과_김민우,1,0,1,0,0,전환
2026-09-08,120252177770770659,[빙과_파인트] 26.04_파인트990원_수동_전환_image_전체타겟,260904_P혼_990원,[26.09]F_I_P혼_전환_상시_혜택강조형__.배너_물량.100원.경축.글로벌프리미엄브랜드제치고1위.1위한정기념특가.__고가영_260904_빙과_김민우,26135,496,384011,27,0,전환
2026-09-08,120252177906400659,[빙과_파인트_골키파] 26.07_골키파출시_수동_전환_video_전체타겟,9월 1주차_불신해소형_P말,[26.09]F_V_P말_전환_골키파출시_맛인지형_견과BP_var3.릴스_개발자히스토리.9월.수민PJ_파인트P_영상팀_260904_빙과_정하얀,425,11,9988,0,48,전환
2026-09-08,120252177907200659,[빙과_파인트_골키파] 26.09_골키파출시_ASC_전환_video_전체타겟_9월 1주차_소비자네고/불신해소형,[빙과_파인트_골키파] 26.09_골키파출시_ASC_전환_video_전체타겟_9월 1주차_소비자네고/불신해소형,[26.09]F_V_P말_전환_골키파출시_맛인지형_견과BP_var3.릴스_개발자히스토리.9월.수민PJ_파인트P_영상팀_260904_빙과_정하얀,6255,119,104847,3,620,전환
2026-09-08,120252177921050659,[빙과_파인트_골키파] 26.09_골키파출시_ASC_전환_video_전체타겟_9월 1주차_소비자네고/불신해소형,[빙과_파인트_골키파] 26.09_골키파출시_ASC_전환_video_전체타겟_9월 1주차_소비자네고/불신해소형,[26.09]F_V_P말_전환_골키파출시_맛인지형_불신해소형_main.릴스_공통부터.9월.수민PJ_파인트P_영상팀_260904_빙과_정하얀,576,7,7932,1,32,전환
2026-09-08,120252177942320659,[빙과_파인트_골키파] 26.07_골키파출시_수동_전환_video_전체타겟,9월 1주차_불신해소형_P말,[26.09]F_V_P말_전환_골키파출시_맛인지형_불신해소형_var1.릴스_설탕양비교.9월.수민PJ_파인트P_영상팀_260904_빙과_정하얀,1,0,4,0,0,전환
2026-09-08,120252177943290659,[빙과_파인트_골키파] 26.09_골키파출시_ASC_전환_video_전체타겟_9월 1주차_소비자네고/불신해소형,[빙과_파인트_골키파] 26.09_골키파출시_ASC_전환_video_전체타겟_9월 1주차_소비자네고/불신해소형,[26.09]F_V_P말_전환_골키파출시_맛인지형_불신해소형_var1.릴스_설탕양비교.9월.수민PJ_파인트P_영상팀_260904_빙과_정하얀,1,0,38,0,0,전환
2026-09-08,120252177957290659,[빙과_파인트_골키파] 26.07_골키파출시_수동_전환_video_전체타겟,9월 1주차_불신해소형_P말,[26.09]F_V_P말_전환_골키파출시_맛인지형_불신해소형_var2.릴스_개발자권위.9월.수민PJ_파인트P_영상팀_260904_빙과_정하얀,13,0,440,0,1,전환
2026-09-08,120252177957490659,[빙과_파인트_골키파] 26.09_골키파출시_ASC_전환_video_전체타겟_9월 1주차_소비자네고/불신해소형,[빙과_파인트_골키파] 26.09_골키파출시_ASC_전환_video_전체타겟_9월 1주차_소비자네고/불신해소형,[26.09]F_V_P말_전환_골키파출시_맛인지형_불신해소형_var2.릴스_개발자권위.9월.수민PJ_파인트P_영상팀_260904_빙과_정하얀,12,0,114,0,0,전환
2026-09-09,120252176828750659,[빙과_파인트_골키파] 26.07_골키파출시_수동_전환_video_전체타겟,9월 1주차_클룹BP_P말,[26.09]F_V_P말_전환_골키파출시_신규BP_클룹BP_var2.릴스_POV.15kg.9월.수민PJ_파인트P_영상팀_260904_빙과_이수민,4685,103,95360,6,438,전환
2026-09-09,120252176834750659,[빙과_파인트_골키파] 26.07_골키파출시_수동_전환_video_전체타겟,9월 1주차_소비자네고형_P말,[26.09]F_V_P말_전환_골키파출시_네고형_소비자네고형_var4.릴스_젤라또.9월.수민PJ_파인트P_이도경_260904_빙과_김지연,61,2,1082,0,8,전환
2026-09-09,120252176836590659,[빙과_파인트_골키파] 26.07_골키파출시_수동_전환_video_전체타겟,9월 1주차_클룹BP_P말,[26.09]F_V_P말_전환_골키파출시_신규BP_클룹BP_var3.릴스_POV.몸짱.9월.수민PJ_파인트P_영상팀_260904_빙과_이수민,1433,25,18790,1,166,전환
2026-09-09,120252176848290659,[빙과_파인트_골키파] 26.07_골키파출시_수동_전환_video_전체타겟,9월 1주차_클룹BP_P말,[26.09]F_V_P말_전환_골키파출시_신규BP_클룹BP_var4.릴스_맛SP.9월.수민PJ_파인트P_영상팀_260904_빙과_이수민,145,0,2046,0,10,전환
2026-09-09,120252177770770659,[빙과_파인트] 26.04_파인트990원_수동_전환_image_전체타겟,260904_P혼_990원,[26.09]F_I_P혼_전환_상시_혜택강조형__.배너_물량.100원.경축.글로벌프리미엄브랜드제치고1위.1위한정기념특가.__고가영_260904_빙과_김민우,22017,420,304326,17,0,전환
2026-09-09,120252177921050659,[빙과_파인트_골키파] 26.09_골키파출시_ASC_전환_video_전체타겟_9월 1주차_소비자네고/불신해소형,[빙과_파인트_골키파] 26.09_골키파출시_ASC_전환_video_전체타겟_9월 1주차_소비자네고/불신해소형,[26.09]F_V_P말_전환_골키파출시_맛인지형_불신해소형_main.릴스_공통부터.9월.수민PJ_파인트P_영상팀_260904_빙과_정하얀,2687,26,32214,0,225,전환
2026-09-09,120252177943290659,[빙과_파인트_골키파] 26.09_골키파출시_ASC_전환_video_전체타겟_9월 1주차_소비자네고/불신해소형,[빙과_파인트_골키파] 26.09_골키파출시_ASC_전환_video_전체타겟_9월 1주차_소비자네고/불신해소형,[26.09]F_V_P말_전환_골키파출시_맛인지형_불신해소형_var1.릴스_설탕양비교.9월.수민PJ_파인트P_영상팀_260904_빙과_정하얀,5426,55,117010,1,359,전환
2026-09-09,120252177957490659,[빙과_파인트_골키파] 26.09_골키파출시_ASC_전환_video_전체타겟_9월 1주차_소비자네고/불신해소형,[빙과_파인트_골키파] 26.09_골키파출시_ASC_전환_video_전체타겟_9월 1주차_소비자네고/불신해소형,[26.09]F_V_P말_전환_골키파출시_맛인지형_불신해소형_var2.릴스_개발자권위.9월.수민PJ_파인트P_영상팀_260904_빙과_정하얀,1122,16,28214,1,72,전환
2026-09-10,120252176828750659,[빙과_파인트_골키파] 26.07_골키파출시_수동_전환_video_전체타겟,9월 1주차_클룹BP_P말,[26.09]F_V_P말_전환_골키파출시_신규BP_클룹BP_var2.릴스_POV.15kg.9월.수민PJ_파인트P_영상팀_260904_빙과_이수민,1415,38,26507,1,128,전환
2026-09-10,120252176834750659,[빙과_파인트_골키파] 26.07_골키파출시_수동_전환_video_전체타겟,9월 1주차_소비자네고형_P말,[26.09]F_V_P말_전환_골키파출시_네고형_소비자네고형_var4.릴스_젤라또.9월.수민PJ_파인트P_이도경_260904_빙과_김지연,18,0,244,0,2,전환
2026-09-10,120252176836590659,[빙과_파인트_골키파] 26.07_골키파출시_수동_전환_video_전체타겟,9월 1주차_클룹BP_P말,[26.09]F_V_P말_전환_골키파출시_신규BP_클룹BP_var3.릴스_POV.몸짱.9월.수민PJ_파인트P_영상팀_260904_빙과_이수민,634,17,10970,2,92,전환
2026-09-10,120252176848670659,[빙과_파인트_골키파] 26.09_골키파출시_ASC_전환_video_전체타겟_9월 1주차_클룹BP,[빙과_파인트_골키파] 26.09_골키파출시_ASC_전환_video_전체타겟_9월 1주차_클룹BP,[26.09]F_V_P말_전환_골키파출시_신규BP_클룹BP_var4.릴스_맛SP.9월.수민PJ_파인트P_영상팀_260904_빙과_이수민,22,0,998,0,1,전환
2026-09-10,120252177770770659,[빙과_파인트] 26.04_파인트990원_수동_전환_image_전체타겟,260904_P혼_990원,[26.09]F_I_P혼_전환_상시_혜택강조형__.배너_물량.100원.경축.글로벌프리미엄브랜드제치고1위.1위한정기념특가.__고가영_260904_빙과_김민우,23063,409,319258,15,0,전환
2026-09-10,120252177921050659,[빙과_파인트_골키파] 26.09_골키파출시_ASC_전환_video_전체타겟_9월 1주차_소비자네고/불신해소형,[빙과_파인트_골키파] 26.09_골키파출시_ASC_전환_video_전체타겟_9월 1주차_소비자네고/불신해소형,[26.09]F_V_P말_전환_골키파출시_맛인지형_불신해소형_main.릴스_공통부터.9월.수민PJ_파인트P_영상팀_260904_빙과_정하얀,271,6,3814,0,18,전환
2026-09-11,120252176828750659,[빙과_파인트_골키파] 26.07_골키파출시_수동_전환_video_전체타겟,9월 1주차_클룹BP_P말,[26.09]F_V_P말_전환_골키파출시_신규BP_클룹BP_var2.릴스_POV.15kg.9월.수민PJ_파인트P_영상팀_260904_빙과_이수민,989,15,16904,1,88,전환
2026-09-11,120252176836590659,[빙과_파인트_골키파] 26.07_골키파출시_수동_전환_video_전체타겟,9월 1주차_클룹BP_P말,[26.09]F_V_P말_전환_골키파출시_신규BP_클룹BP_var3.릴스_POV.몸짱.9월.수민PJ_파인트P_영상팀_260904_빙과_이수민,3719,60,46826,2,500,전환
2026-09-11,120252177921050659,[빙과_파인트_골키파] 26.09_골키파출시_ASC_전환_video_전체타겟_9월 1주차_소비자네고/불신해소형,[빙과_파인트_골키파] 26.09_골키파출시_ASC_전환_video_전체타겟_9월 1주차_소비자네고/불신해소형,[26.09]F_V_P말_전환_골키파출시_맛인지형_불신해소형_main.릴스_공통부터.9월.수민PJ_파인트P_영상팀_260904_빙과_정하얀,5,0,188,0,0,전환
2026-09-12,120252176828750659,[빙과_파인트_골키파] 26.07_골키파출시_수동_전환_video_전체타겟,9월 1주차_클룹BP_P말,[26.09]F_V_P말_전환_골키파출시_신규BP_클룹BP_var2.릴스_POV.15kg.9월.수민PJ_파인트P_영상팀_260904_빙과_이수민,1272,25,18621,2,163,전환
2026-09-12,120252176834750659,[빙과_파인트_골키파] 26.07_골키파출시_수동_전환_video_전체타겟,9월 1주차_소비자네고형_P말,[26.09]F_V_P말_전환_골키파출시_네고형_소비자네고형_var4.릴스_젤라또.9월.수민PJ_파인트P_이도경_260904_빙과_김지연,46,4,822,0,7,전환
2026-09-12,120252176836590659,[빙과_파인트_골키파] 26.07_골키파출시_수동_전환_video_전체타겟,9월 1주차_클룹BP_P말,[26.09]F_V_P말_전환_골키파출시_신규BP_클룹BP_var3.릴스_POV.몸짱.9월.수민PJ_파인트P_영상팀_260904_빙과_이수민,7917,109,83482,5,931,전환
2026-09-12,120252176848290659,[빙과_파인트_골키파] 26.07_골키파출시_수동_전환_video_전체타겟,9월 1주차_클룹BP_P말,[26.09]F_V_P말_전환_골키파출시_신규BP_클룹BP_var4.릴스_맛SP.9월.수민PJ_파인트P_영상팀_260904_빙과_이수민,22,1,413,0,0,전환
2026-09-13,120252176826550659,[빙과_파인트_골키파] 26.09_골키파출시_ASC_전환_video_전체타겟_9월 1주차_소비자네고/불신해소형,[빙과_파인트_골키파] 26.09_골키파출시_ASC_전환_video_전체타겟_9월 1주차_소비자네고/불신해소형,[26.09]F_V_P말_전환_골키파출시_네고형_소비자네고형_var3.릴스_pov.9월.수민PJ_파인트P_이도경_260904_빙과_김지연,9,0,171,0,1,전환
2026-09-13,120252176828750659,[빙과_파인트_골키파] 26.07_골키파출시_수동_전환_video_전체타겟,9월 1주차_클룹BP_P말,[26.09]F_V_P말_전환_골키파출시_신규BP_클룹BP_var2.릴스_POV.15kg.9월.수민PJ_파인트P_영상팀_260904_빙과_이수민,1419,27,22363,0,128,전환
2026-09-13,120252176848290659,[빙과_파인트_골키파] 26.07_골키파출시_수동_전환_video_전체타겟,9월 1주차_클룹BP_P말,[26.09]F_V_P말_전환_골키파출시_신규BP_클룹BP_var4.릴스_맛SP.9월.수민PJ_파인트P_영상팀_260904_빙과_이수민,6,0,71,0,0,전환
2026-09-13,120252177907200659,[빙과_파인트_골키파] 26.09_골키파출시_ASC_전환_video_전체타겟_9월 1주차_소비자네고/불신해소형,[빙과_파인트_골키파] 26.09_골키파출시_ASC_전환_video_전체타겟_9월 1주차_소비자네고/불신해소형,[26.09]F_V_P말_전환_골키파출시_맛인지형_견과BP_var3.릴스_개발자히스토리.9월.수민PJ_파인트P_영상팀_260904_빙과_정하얀,620,11,8659,0,65,전환
2026-09-14,120252176826550659,[빙과_파인트_골키파] 26.09_골키파출시_ASC_전환_video_전체타겟_9월 1주차_소비자네고/불신해소형,[빙과_파인트_골키파] 26.09_골키파출시_ASC_전환_video_전체타겟_9월 1주차_소비자네고/불신해소형,[26.09]F_V_P말_전환_골키파출시_네고형_소비자네고형_var3.릴스_pov.9월.수민PJ_파인트P_이도경_260904_빙과_김지연,2,0,18,0,1,전환
2026-09-14,120252176836590659,[빙과_파인트_골키파] 26.07_골키파출시_수동_전환_video_전체타겟,9월 1주차_클룹BP_P말,[26.09]F_V_P말_전환_골키파출시_신규BP_클룹BP_var3.릴스_POV.몸짱.9월.수민PJ_파인트P_영상팀_260904_빙과_이수민,1204,17,12754,2,133,전환
2026-09-14,120252177907200659,[빙과_파인트_골키파] 26.09_골키파출시_ASC_전환_video_전체타겟_9월 1주차_소비자네고/불신해소형,[빙과_파인트_골키파] 26.09_골키파출시_ASC_전환_video_전체타겟_9월 1주차_소비자네고/불신해소형,[26.09]F_V_P말_전환_골키파출시_맛인지형_견과BP_var3.릴스_개발자히스토리.9월.수민PJ_파인트P_영상팀_260904_빙과_정하얀,117,0,1631,0,12,전환
2026-09-15,120252176836590659,[빙과_파인트_골키파] 26.07_골키파출시_수동_전환_video_전체타겟,9월 1주차_클룹BP_P말,[26.09]F_V_P말_전환_골키파출시_신규BP_클룹BP_var3.릴스_POV.몸짱.9월.수민PJ_파인트P_영상팀_260904_빙과_이수민,2454,35,28736,1,271,전환
2026-09-15,120252176848290659,[빙과_파인트_골키파] 26.07_골키파출시_수동_전환_video_전체타겟,9월 1주차_클룹BP_P말,[26.09]F_V_P말_전환_골키파출시_신규BP_클룹BP_var4.릴스_맛SP.9월.수민PJ_파인트P_영상팀_260904_빙과_이수민,77,4,1882,1,6,전환
2026-09-15,120252177921050659,[빙과_파인트_골키파] 26.09_골키파출시_ASC_전환_video_전체타겟_9월 1주차_소비자네고/불신해소형,[빙과_파인트_골키파] 26.09_골키파출시_ASC_전환_video_전체타겟_9월 1주차_소비자네고/불신해소형,[26.09]F_V_P말_전환_골키파출시_맛인지형_불신해소형_main.릴스_공통부터.9월.수민PJ_파인트P_영상팀_260904_빙과_정하얀,6,0,75,0,2,전환
2026-09-16,120252176826550659,[빙과_파인트_골키파] 26.09_골키파출시_ASC_전환_video_전체타겟_9월 1주차_소비자네고/불신해소형,[빙과_파인트_골키파] 26.09_골키파출시_ASC_전환_video_전체타겟_9월 1주차_소비자네고/불신해소형,[26.09]F_V_P말_전환_골키파출시_네고형_소비자네고형_var3.릴스_pov.9월.수민PJ_파인트P_이도경_260904_빙과_김지연,75,1,1341,0,6,전환
2026-09-16,120252176836590659,[빙과_파인트_골키파] 26.07_골키파출시_수동_전환_video_전체타겟,9월 1주차_클룹BP_P말,[26.09]F_V_P말_전환_골키파출시_신규BP_클룹BP_var3.릴스_POV.몸짱.9월.수민PJ_파인트P_영상팀_260904_빙과_이수민,999,12,11387,0,85,전환
2026-09-16,120252177907200659,[빙과_파인트_골키파] 26.09_골키파출시_ASC_전환_video_전체타겟_9월 1주차_소비자네고/불신해소형,[빙과_파인트_골키파] 26.09_골키파출시_ASC_전환_video_전체타겟_9월 1주차_소비자네고/불신해소형,[26.09]F_V_P말_전환_골키파출시_맛인지형_견과BP_var3.릴스_개발자히스토리.9월.수민PJ_파인트P_영상팀_260904_빙과_정하얀,391,2,5045,0,37,전환
2026-09-16,120252177921050659,[빙과_파인트_골키파] 26.09_골키파출시_ASC_전환_video_전체타겟_9월 1주차_소비자네고/불신해소형,[빙과_파인트_골키파] 26.09_골키파출시_ASC_전환_video_전체타겟_9월 1주차_소비자네고/불신해소형,[26.09]F_V_P말_전환_골키파출시_맛인지형_불신해소형_main.릴스_공통부터.9월.수민PJ_파인트P_영상팀_260904_빙과_정하얀,196,2,2937,0,15,전환
2026-09-17,120252176836590659,[빙과_파인트_골키파] 26.07_골키파출시_수동_전환_video_전체타겟,9월 1주차_클룹BP_P말,[26.09]F_V_P말_전환_골키파출시_신규BP_클룹BP_var3.릴스_POV.몸짱.9월.수민PJ_파인트P_영상팀_260904_빙과_이수민,498,5,7041,0,50,전환
2026-09-17,120252176848290659,[빙과_파인트_골키파] 26.07_골키파출시_수동_전환_video_전체타겟,9월 1주차_클룹BP_P말,[26.09]F_V_P말_전환_골키파출시_신규BP_클룹BP_var4.릴스_맛SP.9월.수민PJ_파인트P_영상팀_260904_빙과_이수민,9,0,118,0,1,전환
2026-09-18,120252176828750659,[빙과_파인트_골키파] 26.07_골키파출시_수동_전환_video_전체타겟,9월 1주차_클룹BP_P말,[26.09]F_V_P말_전환_골키파출시_신규BP_클룹BP_var2.릴스_POV.15kg.9월.수민PJ_파인트P_영상팀_260904_빙과_이수민,328,4,3503,0,34,전환
2026-09-18,120252176836590659,[빙과_파인트_골키파] 26.07_골키파출시_수동_전환_video_전체타겟,9월 1주차_클룹BP_P말,[26.09]F_V_P말_전환_골키파출시_신규BP_클룹BP_var3.릴스_POV.몸짱.9월.수민PJ_파인트P_영상팀_260904_빙과_이수민,684,13,9411,0,75,전환
2026-09-18,120252176848290659,[빙과_파인트_골키파] 26.07_골키파출시_수동_전환_video_전체타겟,9월 1주차_클룹BP_P말,[26.09]F_V_P말_전환_골키파출시_신규BP_클룹BP_var4.릴스_맛SP.9월.수민PJ_파인트P_영상팀_260904_빙과_이수민,2,1,61,0,1,전환
2026-09-08,120252179830530659,[빙과_스틱바_복숭아쫀득] 26.09_쫀득바출시_ASC_전환_image_전체타겟,[복숭아쫀득바] 26.09_복쫀바출시_ASC_전환_image_전체타겟_대세감,[26.09]F_I_JD복_전환_복쫀바출시_혜택강조형__.배너_대세감.네고형.누적판매량400만개쫀득바신상이0원이래요.__고가영_260904_빙과_이채윤,1771,11,20342,0,0,전환
2026-09-08,120252179830540659,[빙과_스틱바_복숭아쫀득] 26.09_쫀득바출시_ASC_전환_image_전체타겟,[복숭아쫀득바] 26.09_복쫀바출시_ASC_전환_image_전체타겟_대세감,[26.09]F_I_JD복_전환_복쫀바출시_혜택강조형__.배너_대세감.편의점1위찍은쫀득바복숭아맛출시.__고가영_260904_빙과_이채윤,1,0,15,0,0,전환
2026-09-08,120252179830590659,[빙과_스틱바_복숭아쫀득] 26.09_쫀득바출시_ASC_전환_image_전체타겟,[복숭아쫀득바] 26.09_복쫀바출시_ASC_전환_image_전체타겟_고효율,[26.09]F_I_JD복_전환_복쫀바출시_혜택강조형__.배너_고효율.출시특가만할인해요.sns난리.__고가영_260904_빙과_이채윤,683,15,13235,1,0,전환
2026-09-08,120252179830600659,[빙과_스틱바_복숭아쫀득] 26.09_쫀득바출시_ASC_전환_image_전체타겟,[복숭아쫀득바] 26.09_복쫀바출시_ASC_전환_image_전체타겟_고효율,[26.09]F_I_JD복_전환_복쫀바출시_혜택강조형__.배너_고효율.사과문.sns대란4만원.원가이하판매링크.__고가영_260904_빙과_이채윤,1,0,35,0,0,전환
2026-09-08,120252179830660659,[빙과_스틱바_복숭아쫀득] 26.09_쫀득바출시_ASC_전환_image_전체타겟,[복숭아쫀득바] 26.09_복쫀바출시_ASC_전환_image_전체타겟_식감,[26.09]F_I_JD복_전환_복쫀바출시_제품강조형__.배너_과일계에르메스.다시는없어요.0원증정.__고가영_260904_빙과_이채윤,8,0,91,0,0,전환
2026-09-08,120252179830670659,[빙과_스틱바_복숭아쫀득] 26.09_쫀득바출시_ASC_전환_image_전체타겟,[복숭아쫀득바] 26.09_복쫀바출시_ASC_전환_image_전체타겟_식감,[26.09]F_I_JD복_전환_복쫀바출시_제품강조형__.배너_과일계에르메스.과일계에르X스처럼달달쫀득.__고가영_260904_빙과_이채윤,155,3,1741,0,0,전환
2026-09-08,120252179830680659,[빙과_스틱바_복숭아쫀득] 26.09_쫀득바출시_ASC_전환_image_전체타겟,[복숭아쫀득바] 26.09_복쫀바출시_ASC_전환_image_전체타겟_고효율,[26.09]F_I_JD복_전환_복쫀바출시_혜택강조형__.배너_가격이득.4만원을0원에.네고형.4만원대 납작복숭아맛을0원에즐길기회.__고가영_260904_빙과_이채윤,1,0,1,0,0,전환
2026-09-08,120252179830720659,[빙과_스틱바_복숭아쫀득] 26.09_쫀득바출시_ASC_전환_image_전체타겟,[복숭아쫀득바] 26.09_복쫀바출시_ASC_전환_image_전체타겟_대세감,[26.09]F_I_JD복_전환_복쫀바출시_혜택강조형__.배너_대세감.매거진형.편의점1위쫀득바신상그릭복숭아쫀득바출시.__고가영_260904_빙과_이채윤,248,3,3954,1,0,전환
2026-09-08,120252179830730659,[빙과_스틱바_복숭아쫀득] 26.09_쫀득바출시_ASC_전환_image_전체타겟,[복숭아쫀득바] 26.09_복쫀바출시_ASC_전환_image_전체타겟_한정성,[26.09]F_I_JD복_전환_복쫀바출시_혜택강조형__.배너_시즌한정성.매거진형.곧여름끝나면안녕.__고가영_260904_빙과_이채윤,29,0,412,0,0,전환
2026-09-08,120252179830740659,[빙과_스틱바_복숭아쫀득] 26.09_쫀득바출시_ASC_전환_image_전체타겟,[복숭아쫀득바] 26.09_복쫀바출시_ASC_전환_image_전체타겟_한정성,[26.09]F_I_JD복_전환_복쫀바출시_혜택강조형__.배너_시즌한정성.다시는없어요.제철납작복숭아맛마지막으로즐길기회.__고가영_260904_빙과_이채윤,1703,26,21334,0,0,전환
2026-09-08,120252179830750659,[빙과_스틱바_복숭아쫀득] 26.09_쫀득바출시_ASC_전환_image_전체타겟,[복숭아쫀득바] 26.09_복쫀바출시_ASC_전환_image_전체타겟_한정성,[26.09]F_I_JD복_전환_복쫀바출시_혜택강조형__.배너_시즌한정성.네고형.지금놓치면1년을기다려야해요.__고가영_260904_빙과_이채윤,786,15,14302,1,0,전환
2026-09-08,120252179830770659,[빙과_스틱바_복숭아쫀득] 26.09_쫀득바출시_ASC_전환_image_전체타겟,[복숭아쫀득바] 26.09_복쫀바출시_ASC_전환_image_전체타겟_고효율,[26.09]F_I_JD복_전환_복쫀바출시_혜택강조형__.배너_가격이득.4만원을0원에.매거진형.4만원대납작복숭아를0원에?.__고가영_260904_빙과_이채윤,269,1,1674,0,0,전환
2026-09-08,120252179830780659,[빙과_스틱바_복숭아쫀득] 26.09_쫀득바출시_ASC_전환_image_전체타겟,[복숭아쫀득바] 26.09_복쫀바출시_ASC_전환_image_전체타겟_식감,[26.09]F_I_JD복_전환_복쫀바출시_직원설득형__.배너_과일계에르메스.내부공지.현장감.가격실수.__고가영_260904_빙과_이채윤,649,15,10155,2,0,전환
2026-09-08,120252179830790659,[빙과_스틱바_복숭아쫀득] 26.09_쫀득바출시_ASC_전환_image_전체타겟,[복숭아쫀득바] 26.09_복쫀바출시_ASC_전환_image_전체타겟_식감,[26.09]F_I_JD복_전환_복쫀바출시_제품강조형__.배너_과일계에르메스.출시기념반짝세일.출시특가0원.__고가영_260904_빙과_이채윤,967,5,12269,0,0,전환
2026-09-08,120252179830820659,[빙과_스틱바_복숭아쫀득] 26.09_쫀득바출시_ASC_전환_image_전체타겟,[복숭아쫀득바] 26.09_복쫀바출시_ASC_전환_image_전체타겟_대세감,[26.09]F_I_JD복_전환_복쫀바출시_직원설득형__.배너_대세감.내부공지.현장감.가격실수.누적400만개.__고가영_260904_빙과_이채윤,1,0,46,0,0,전환
2026-09-08,120252180867880659,[빙과_스틱바_복숭아쫀득] 26.09_쫀득바출시_수동_전환_image_전체타겟,[복숭아쫀득바] 26.09_복쫀바출시_전환_image_전체타겟_식감,[26.09]F_I_JD복_전환_복쫀바출시_제품강조형__.배너_과일계에르메스.네고형.납작복숭아만큼달달쫀득해요.__고가영_260904_빙과_이채윤,9,0,176,0,0,전환
2026-09-09,120252179830530659,[빙과_스틱바_복숭아쫀득] 26.09_쫀득바출시_ASC_전환_image_전체타겟,[복숭아쫀득바] 26.09_복쫀바출시_ASC_전환_image_전체타겟_대세감,[26.09]F_I_JD복_전환_복쫀바출시_혜택강조형__.배너_대세감.네고형.누적판매량400만개쫀득바신상이0원이래요.__고가영_260904_빙과_이채윤,1583,15,30658,3,0,전환
2026-09-09,120252179830550659,[빙과_스틱바_복숭아쫀득] 26.09_쫀득바출시_ASC_전환_image_전체타겟,[복숭아쫀득바] 26.09_복쫀바출시_ASC_전환_image_전체타겟_식감,[26.09]F_I_JD복_전환_복쫀바출시_제품강조형__.배너_과일계에르메스.네고형.납작복숭아만큼달달쫀득해요.__고가영_260904_빙과_이채윤,994,16,17654,3,0,전환
2026-09-09,120252179830560659,[빙과_스틱바_복숭아쫀득] 26.09_쫀득바출시_ASC_전환_image_전체타겟,[복숭아쫀득바] 26.09_복쫀바출시_ASC_전환_image_전체타겟_한정성,[26.09]F_I_JD복_전환_복쫀바출시_직원설득형__.배너_시즌한정성.내부공지.매거진형.여름제철납작복숭아.__고가영_260904_빙과_이채윤,285,4,4722,0,0,전환
2026-09-09,120252179830590659,[빙과_스틱바_복숭아쫀득] 26.09_쫀득바출시_ASC_전환_image_전체타겟,[복숭아쫀득바] 26.09_복쫀바출시_ASC_전환_image_전체타겟_고효율,[26.09]F_I_JD복_전환_복쫀바출시_혜택강조형__.배너_고효율.출시특가만할인해요.sns난리.__고가영_260904_빙과_이채윤,421,6,7833,0,0,전환
2026-09-09,120252179830610659,[빙과_스틱바_복숭아쫀득] 26.09_쫀득바출시_ASC_전환_image_전체타겟,[복숭아쫀득바] 26.09_복쫀바출시_ASC_전환_image_전체타겟_고효율,[26.09]F_I_JD복_전환_복쫀바출시_혜택강조형__.배너_고효율.미리구매하신분들.죄송합니다.출시특가.__고가영_260904_빙과_이채윤,95,3,1080,1,0,전환
2026-09-09,120252179830670659,[빙과_스틱바_복숭아쫀득] 26.09_쫀득바출시_ASC_전환_image_전체타겟,[복숭아쫀득바] 26.09_복쫀바출시_ASC_전환_image_전체타겟_식감,[26.09]F_I_JD복_전환_복쫀바출시_제품강조형__.배너_과일계에르메스.과일계에르X스처럼달달쫀득.__고가영_260904_빙과_이채윤,29,0,263,0,0,전환
2026-09-09,120252179830680659,[빙과_스틱바_복숭아쫀득] 26.09_쫀득바출시_ASC_전환_image_전체타겟,[복숭아쫀득바] 26.09_복쫀바출시_ASC_전환_image_전체타겟_고효율,[26.09]F_I_JD복_전환_복쫀바출시_혜택강조형__.배너_가격이득.4만원을0원에.네고형.4만원대 납작복숭아맛을0원에즐길기회.__고가영_260904_빙과_이채윤,4,0,47,0,0,전환
2026-09-09,120252179830700659,[빙과_스틱바_복숭아쫀득] 26.09_쫀득바출시_ASC_전환_image_전체타겟,[복숭아쫀득바] 26.09_복쫀바출시_ASC_전환_image_전체타겟_고효율,[26.09]F_I_JD복_전환_복쫀바출시_혜택강조형__.배너_가격이득.4만원을0원에.먹을수있대요.출시특가.__고가영_260904_빙과_이채윤,10,2,212,0,0,전환
2026-09-09,120252179830720659,[빙과_스틱바_복숭아쫀득] 26.09_쫀득바출시_ASC_전환_image_전체타겟,[복숭아쫀득바] 26.09_복쫀바출시_ASC_전환_image_전체타겟_대세감,[26.09]F_I_JD복_전환_복쫀바출시_혜택강조형__.배너_대세감.매거진형.편의점1위쫀득바신상그릭복숭아쫀득바출시.__고가영_260904_빙과_이채윤,217,2,2237,1,0,전환
2026-09-09,120252179830740659,[빙과_스틱바_복숭아쫀득] 26.09_쫀득바출시_ASC_전환_image_전체타겟,[복숭아쫀득바] 26.09_복쫀바출시_ASC_전환_image_전체타겟_한정성,[26.09]F_I_JD복_전환_복쫀바출시_혜택강조형__.배너_시즌한정성.다시는없어요.제철납작복숭아맛마지막으로즐길기회.__고가영_260904_빙과_이채윤,996,19,21141,0,0,전환
2026-09-09,120252179830750659,[빙과_스틱바_복숭아쫀득] 26.09_쫀득바출시_ASC_전환_image_전체타겟,[복숭아쫀득바] 26.09_복쫀바출시_ASC_전환_image_전체타겟_한정성,[26.09]F_I_JD복_전환_복쫀바출시_혜택강조형__.배너_시즌한정성.네고형.지금놓치면1년을기다려야해요.__고가영_260904_빙과_이채윤,582,8,12077,1,0,전환
2026-09-09,120252179830770659,[빙과_스틱바_복숭아쫀득] 26.09_쫀득바출시_ASC_전환_image_전체타겟,[복숭아쫀득바] 26.09_복쫀바출시_ASC_전환_image_전체타겟_고효율,[26.09]F_I_JD복_전환_복쫀바출시_혜택강조형__.배너_가격이득.4만원을0원에.매거진형.4만원대납작복숭아를0원에?.__고가영_260904_빙과_이채윤,6,0,13,0,0,전환
2026-09-09,120252179830780659,[빙과_스틱바_복숭아쫀득] 26.09_쫀득바출시_ASC_전환_image_전체타겟,[복숭아쫀득바] 26.09_복쫀바출시_ASC_전환_image_전체타겟_식감,[26.09]F_I_JD복_전환_복쫀바출시_직원설득형__.배너_과일계에르메스.내부공지.현장감.가격실수.__고가영_260904_빙과_이채윤,959,22,17175,0,0,전환
2026-09-09,120252179830790659,[빙과_스틱바_복숭아쫀득] 26.09_쫀득바출시_ASC_전환_image_전체타겟,[복숭아쫀득바] 26.09_복쫀바출시_ASC_전환_image_전체타겟_식감,[26.09]F_I_JD복_전환_복쫀바출시_제품강조형__.배너_과일계에르메스.출시기념반짝세일.출시특가0원.__고가영_260904_빙과_이채윤,2,0,8,0,0,전환
2026-09-09,120252179830800659,[빙과_스틱바_복숭아쫀득] 26.09_쫀득바출시_ASC_전환_image_전체타겟,[복숭아쫀득바] 26.09_복쫀바출시_ASC_전환_image_전체타겟_식감,[26.09]F_I_JD복_전환_복쫀바출시_제품강조형__.배너_과일계에르메스.매거진형.출시특가.__고가영_260904_빙과_이채윤,77,1,1104,0,0,전환
2026-09-09,120252179830810659,[빙과_스틱바_복숭아쫀득] 26.09_쫀득바출시_ASC_전환_image_전체타겟,[복숭아쫀득바] 26.09_복쫀바출시_ASC_전환_image_전체타겟_대세감,[26.09]F_I_JD복_전환_복쫀바출시_혜택강조형__.배너_대세감.누적판매량400만개.쫀득바신상복숭아맛출시.출시특가0원.__고가영_260904_빙과_이채윤,69,0,1571,0,0,전환
2026-09-09,120252179830830659,[빙과_스틱바_복숭아쫀득] 26.09_쫀득바출시_ASC_전환_image_전체타겟,[복숭아쫀득바] 26.09_복쫀바출시_ASC_전환_image_전체타겟_고효율,[26.09]F_I_JD복_전환_복쫀바출시_혜택강조형__.배너_가격이득.4만원을0원에.출시특가반짝세일.출시특가0원.__고가영_260904_빙과_이채윤,159,5,3150,2,0,전환
2026-09-09,120252180408780659,[빙과_스틱바_복숭아쫀득] 26.09_쫀득바출시_수동_전환_image_전체타겟,[복숭아쫀득바] 26.09_복쫀바출시_전환_image_전체타겟_식감,[26.09]F_I_JD복_전환_복쫀바출시_제품강조형__.배너_과일계에르메스.과일계에르X스처럼달달쫀득.__고가영_260904_빙과_이채윤,1,0,7,0,0,전환
2026-09-10,120252179830550659,[빙과_스틱바_복숭아쫀득] 26.09_쫀득바출시_ASC_전환_image_전체타겟,[복숭아쫀득바] 26.09_복쫀바출시_ASC_전환_image_전체타겟_식감,[26.09]F_I_JD복_전환_복쫀바출시_제품강조형__.배너_과일계에르메스.네고형.납작복숭아만큼달달쫀득해요.__고가영_260904_빙과_이채윤,2066,21,32366,1,0,전환
2026-09-10,120252179830700659,[빙과_스틱바_복숭아쫀득] 26.09_쫀득바출시_ASC_전환_image_전체타겟,[복숭아쫀득바] 26.09_복쫀바출시_ASC_전환_image_전체타겟_고효율,[26.09]F_I_JD복_전환_복쫀바출시_혜택강조형__.배너_가격이득.4만원을0원에.먹을수있대요.출시특가.__고가영_260904_빙과_이채윤,33,0,166,0,0,전환
2026-09-10,120252179830720659,[빙과_스틱바_복숭아쫀득] 26.09_쫀득바출시_ASC_전환_image_전체타겟,[복숭아쫀득바] 26.09_복쫀바출시_ASC_전환_image_전체타겟_대세감,[26.09]F_I_JD복_전환_복쫀바출시_혜택강조형__.배너_대세감.매거진형.편의점1위쫀득바신상그릭복숭아쫀득바출시.__고가영_260904_빙과_이채윤,1900,11,22422,0,0,전환
2026-09-10,120252179830730659,[빙과_스틱바_복숭아쫀득] 26.09_쫀득바출시_ASC_전환_image_전체타겟,[복숭아쫀득바] 26.09_복쫀바출시_ASC_전환_image_전체타겟_한정성,[26.09]F_I_JD복_전환_복쫀바출시_혜택강조형__.배너_시즌한정성.매거진형.곧여름끝나면안녕.__고가영_260904_빙과_이채윤,2,0,12,0,0,전환
2026-09-10,120252179830750659,[빙과_스틱바_복숭아쫀득] 26.09_쫀득바출시_ASC_전환_image_전체타겟,[복숭아쫀득바] 26.09_복쫀바출시_ASC_전환_image_전체타겟_한정성,[26.09]F_I_JD복_전환_복쫀바출시_혜택강조형__.배너_시즌한정성.네고형.지금놓치면1년을기다려야해요.__고가영_260904_빙과_이채윤,910,3,14072,0,0,전환
2026-09-10,120252179830830659,[빙과_스틱바_복숭아쫀득] 26.09_쫀득바출시_ASC_전환_image_전체타겟,[복숭아쫀득바] 26.09_복쫀바출시_ASC_전환_image_전체타겟_고효율,[26.09]F_I_JD복_전환_복쫀바출시_혜택강조형__.배너_가격이득.4만원을0원에.출시특가반짝세일.출시특가0원.__고가영_260904_빙과_이채윤,1,0,18,0,0,전환
2026-09-10,120252180867880659,[빙과_스틱바_복숭아쫀득] 26.09_쫀득바출시_수동_전환_image_전체타겟,[복숭아쫀득바] 26.09_복쫀바출시_전환_image_전체타겟_식감,[26.09]F_I_JD복_전환_복쫀바출시_제품강조형__.배너_과일계에르메스.네고형.납작복숭아만큼달달쫀득해요.__고가영_260904_빙과_이채윤,2,0,7,0,0,전환
2026-09-11,120252179830530659,[빙과_스틱바_복숭아쫀득] 26.09_쫀득바출시_ASC_전환_image_전체타겟,[복숭아쫀득바] 26.09_복쫀바출시_ASC_전환_image_전체타겟_대세감,[26.09]F_I_JD복_전환_복쫀바출시_혜택강조형__.배너_대세감.네고형.누적판매량400만개쫀득바신상이0원이래요.__고가영_260904_빙과_이채윤,11,0,139,0,0,전환
2026-09-11,120252179830550659,[빙과_스틱바_복숭아쫀득] 26.09_쫀득바출시_ASC_전환_image_전체타겟,[복숭아쫀득바] 26.09_복쫀바출시_ASC_전환_image_전체타겟_식감,[26.09]F_I_JD복_전환_복쫀바출시_제품강조형__.배너_과일계에르메스.네고형.납작복숭아만큼달달쫀득해요.__고가영_260904_빙과_이채윤,1247,16,23450,1,0,전환
2026-09-11,120252179830650659,[빙과_스틱바_복숭아쫀득] 26.09_쫀득바출시_ASC_전환_image_전체타겟,[복숭아쫀득바] 26.09_복쫀바출시_ASC_전환_image_전체타겟_고효율,[26.09]F_I_JD복_전환_복쫀바출시_직원설득형__.배너_가격이득.4만원을0원에.내부공지.현장감.가격실수.__고가영_260904_빙과_이채윤,3,0,5,0,0,전환
2026-09-11,120252179830700659,[빙과_스틱바_복숭아쫀득] 26.09_쫀득바출시_ASC_전환_image_전체타겟,[복숭아쫀득바] 26.09_복쫀바출시_ASC_전환_image_전체타겟_고효율,[26.09]F_I_JD복_전환_복쫀바출시_혜택강조형__.배너_가격이득.4만원을0원에.먹을수있대요.출시특가.__고가영_260904_빙과_이채윤,11,0,107,0,0,전환
2026-09-11,120252179830750659,[빙과_스틱바_복숭아쫀득] 26.09_쫀득바출시_ASC_전환_image_전체타겟,[복숭아쫀득바] 26.09_복쫀바출시_ASC_전환_image_전체타겟_한정성,[26.09]F_I_JD복_전환_복쫀바출시_혜택강조형__.배너_시즌한정성.네고형.지금놓치면1년을기다려야해요.__고가영_260904_빙과_이채윤,63,1,296,0,0,전환
2026-09-12,120252179830550659,[빙과_스틱바_복숭아쫀득] 26.09_쫀득바출시_ASC_전환_image_전체타겟,[복숭아쫀득바] 26.09_복쫀바출시_ASC_전환_image_전체타겟_식감,[26.09]F_I_JD복_전환_복쫀바출시_제품강조형__.배너_과일계에르메스.네고형.납작복숭아만큼달달쫀득해요.__고가영_260904_빙과_이채윤,90,1,1408,1,0,전환
2026-09-12,120252179830560659,[빙과_스틱바_복숭아쫀득] 26.09_쫀득바출시_ASC_전환_image_전체타겟,[복숭아쫀득바] 26.09_복쫀바출시_ASC_전환_image_전체타겟_한정성,[26.09]F_I_JD복_전환_복쫀바출시_직원설득형__.배너_시즌한정성.내부공지.매거진형.여름제철납작복숭아.__고가영_260904_빙과_이채윤,16,0,122,0,0,전환
2026-09-12,120252179830630659,[빙과_스틱바_복숭아쫀득] 26.09_쫀득바출시_ASC_전환_image_전체타겟,[복숭아쫀득바] 26.09_복쫀바출시_ASC_전환_image_전체타겟_고효율,[26.09]F_I_JD복_전환_복쫀바출시_혜택강조형__.배너_고효율.네고형.지금이제일싼데왜나중에사요.__고가영_260904_빙과_이채윤,4,0,275,0,0,전환
2026-09-12,120252179830670659,[빙과_스틱바_복숭아쫀득] 26.09_쫀득바출시_ASC_전환_image_전체타겟,[복숭아쫀득바] 26.09_복쫀바출시_ASC_전환_image_전체타겟_식감,[26.09]F_I_JD복_전환_복쫀바출시_제품강조형__.배너_과일계에르메스.과일계에르X스처럼달달쫀득.__고가영_260904_빙과_이채윤,2,0,5,0,0,전환
2026-09-12,120252179830720659,[빙과_스틱바_복숭아쫀득] 26.09_쫀득바출시_ASC_전환_image_전체타겟,[복숭아쫀득바] 26.09_복쫀바출시_ASC_전환_image_전체타겟_대세감,[26.09]F_I_JD복_전환_복쫀바출시_혜택강조형__.배너_대세감.매거진형.편의점1위쫀득바신상그릭복숭아쫀득바출시.__고가영_260904_빙과_이채윤,1,0,4,0,0,전환
2026-09-12,120252179830730659,[빙과_스틱바_복숭아쫀득] 26.09_쫀득바출시_ASC_전환_image_전체타겟,[복숭아쫀득바] 26.09_복쫀바출시_ASC_전환_image_전체타겟_한정성,[26.09]F_I_JD복_전환_복쫀바출시_혜택강조형__.배너_시즌한정성.매거진형.곧여름끝나면안녕.__고가영_260904_빙과_이채윤,2,1,76,0,0,전환
2026-09-12,120252179830750659,[빙과_스틱바_복숭아쫀득] 26.09_쫀득바출시_ASC_전환_image_전체타겟,[복숭아쫀득바] 26.09_복쫀바출시_ASC_전환_image_전체타겟_한정성,[26.09]F_I_JD복_전환_복쫀바출시_혜택강조형__.배너_시즌한정성.네고형.지금놓치면1년을기다려야해요.__고가영_260904_빙과_이채윤,13,1,40,0,0,전환
2026-09-12,120252179830820659,[빙과_스틱바_복숭아쫀득] 26.09_쫀득바출시_ASC_전환_image_전체타겟,[복숭아쫀득바] 26.09_복쫀바출시_ASC_전환_image_전체타겟_대세감,[26.09]F_I_JD복_전환_복쫀바출시_직원설득형__.배너_대세감.내부공지.현장감.가격실수.누적400만개.__고가영_260904_빙과_이채윤,4,0,63,0,0,전환
2026-09-12,120252179830830659,[빙과_스틱바_복숭아쫀득] 26.09_쫀득바출시_ASC_전환_image_전체타겟,[복숭아쫀득바] 26.09_복쫀바출시_ASC_전환_image_전체타겟_고효율,[26.09]F_I_JD복_전환_복쫀바출시_혜택강조형__.배너_가격이득.4만원을0원에.출시특가반짝세일.출시특가0원.__고가영_260904_빙과_이채윤,1,0,3,0,0,전환
2026-09-13,120252179830550659,[빙과_스틱바_복숭아쫀득] 26.09_쫀득바출시_ASC_전환_image_전체타겟,[복숭아쫀득바] 26.09_복쫀바출시_ASC_전환_image_전체타겟_식감,[26.09]F_I_JD복_전환_복쫀바출시_제품강조형__.배너_과일계에르메스.네고형.납작복숭아만큼달달쫀득해요.__고가영_260904_빙과_이채윤,21,0,281,0,0,전환
2026-09-13,120252179830750659,[빙과_스틱바_복숭아쫀득] 26.09_쫀득바출시_ASC_전환_image_전체타겟,[복숭아쫀득바] 26.09_복쫀바출시_ASC_전환_image_전체타겟_한정성,[26.09]F_I_JD복_전환_복쫀바출시_혜택강조형__.배너_시즌한정성.네고형.지금놓치면1년을기다려야해요.__고가영_260904_빙과_이채윤,16,0,22,0,0,전환
2026-09-14,120252179830530659,[빙과_스틱바_복숭아쫀득] 26.09_쫀득바출시_ASC_전환_image_전체타겟,[복숭아쫀득바] 26.09_복쫀바출시_ASC_전환_image_전체타겟_대세감,[26.09]F_I_JD복_전환_복쫀바출시_혜택강조형__.배너_대세감.네고형.누적판매량400만개쫀득바신상이0원이래요.__고가영_260904_빙과_이채윤,1,0,6,0,0,전환
2026-09-14,120252179830550659,[빙과_스틱바_복숭아쫀득] 26.09_쫀득바출시_ASC_전환_image_전체타겟,[복숭아쫀득바] 26.09_복쫀바출시_ASC_전환_image_전체타겟_식감,[26.09]F_I_JD복_전환_복쫀바출시_제품강조형__.배너_과일계에르메스.네고형.납작복숭아만큼달달쫀득해요.__고가영_260904_빙과_이채윤,30,1,380,0,0,전환
2026-09-14,120252179830790659,[빙과_스틱바_복숭아쫀득] 26.09_쫀득바출시_ASC_전환_image_전체타겟,[복숭아쫀득바] 26.09_복쫀바출시_ASC_전환_image_전체타겟_식감,[26.09]F_I_JD복_전환_복쫀바출시_제품강조형__.배너_과일계에르메스.출시기념반짝세일.출시특가0원.__고가영_260904_빙과_이채윤,2,0,54,0,0,전환
2026-09-14,120252179830800659,[빙과_스틱바_복숭아쫀득] 26.09_쫀득바출시_ASC_전환_image_전체타겟,[복숭아쫀득바] 26.09_복쫀바출시_ASC_전환_image_전체타겟_식감,[26.09]F_I_JD복_전환_복쫀바출시_제품강조형__.배너_과일계에르메스.매거진형.출시특가.__고가영_260904_빙과_이채윤,235,2,3372,0,0,전환
2026-09-14,120252179830820659,[빙과_스틱바_복숭아쫀득] 26.09_쫀득바출시_ASC_전환_image_전체타겟,[복숭아쫀득바] 26.09_복쫀바출시_ASC_전환_image_전체타겟_대세감,[26.09]F_I_JD복_전환_복쫀바출시_직원설득형__.배너_대세감.내부공지.현장감.가격실수.누적400만개.__고가영_260904_빙과_이채윤,1988,33,32361,1,0,전환
2026-09-17,120252179830550659,[빙과_스틱바_복숭아쫀득] 26.09_쫀득바출시_ASC_전환_image_전체타겟,[복숭아쫀득바] 26.09_복쫀바출시_ASC_전환_image_전체타겟_식감,[26.09]F_I_JD복_전환_복쫀바출시_제품강조형__.배너_과일계에르메스.네고형.납작복숭아만큼달달쫀득해요.__고가영_260904_빙과_이채윤,1,0,80,0,0,전환
2026-09-17,120252179830800659,[빙과_스틱바_복숭아쫀득] 26.09_쫀득바출시_ASC_전환_image_전체타겟,[복숭아쫀득바] 26.09_복쫀바출시_ASC_전환_image_전체타겟_식감,[26.09]F_I_JD복_전환_복쫀바출시_제품강조형__.배너_과일계에르메스.매거진형.출시특가.__고가영_260904_빙과_이채윤,53,0,596,0,0,전환
2026-09-20,120252179830670659,[빙과_스틱바_복숭아쫀득] 26.09_쫀득바출시_ASC_전환_image_전체타겟,[복숭아쫀득바] 26.09_복쫀바출시_ASC_전환_image_전체타겟_식감,[26.09]F_I_JD복_전환_복쫀바출시_제품강조형__.배너_과일계에르메스.과일계에르X스처럼달달쫀득.__고가영_260904_빙과_이채윤,5,0,77,0,0,전환
2026-09-20,120252180408780659,[빙과_스틱바_복숭아쫀득] 26.09_쫀득바출시_수동_전환_image_전체타겟,[복숭아쫀득바] 26.09_복쫀바출시_전환_image_전체타겟_식감,[26.09]F_I_JD복_전환_복쫀바출시_제품강조형__.배너_과일계에르메스.과일계에르X스처럼달달쫀득.__고가영_260904_빙과_이채윤,420,3,4559,0,0,전환
2026-09-20,120252180867880659,[빙과_스틱바_복숭아쫀득] 26.09_쫀득바출시_수동_전환_image_전체타겟,[복숭아쫀득바] 26.09_복쫀바출시_전환_image_전체타겟_식감,[26.09]F_I_JD복_전환_복쫀바출시_제품강조형__.배너_과일계에르메스.네고형.납작복숭아만큼달달쫀득해요.__고가영_260904_빙과_이채윤,6,0,16,0,0,전환
2026-09-08,120248645756310659,(운영X) [빙과_스틱바_멜론쫀득] 26.05_쫀득바출시_수동_전환_video_전체타겟 - 사본,0522_멜론쫀득바_CS형,[26.05]F_V_JD멜_전환_쫀득바출시_제조과정형_CS제조과정형_main.릴스_전화.현경PJ1_2C_김유진_260522_2T_유영현,902,7,13238,0,89,전환
2026-09-08,120252179830570659,[빙과_스틱바_복숭아쫀득] 26.09_쫀득바출시_ASC_전환_image_전체타겟,[복숭아쫀득바] 26.09_복쫀바출시_ASC_전환_image_전체타겟_고효율,[26.09]F_I_JD복_전환_복쫀바출시_혜택강조형__.배너_고효율.쌀때쟁이세요.주문폭주.출시특가.__고가영_260904_빙과_이채윤,5,0,41,0,0,전환
2026-09-08,120252179830620659,[빙과_스틱바_복숭아쫀득] 26.09_쫀득바출시_ASC_전환_image_전체타겟,[복숭아쫀득바] 26.09_복쫀바출시_ASC_전환_image_전체타겟_고효율,[26.09]F_I_JD복_전환_복쫀바출시_혜택강조형__.배너_가격이득.4만원을0원에.다시는없어요.0원에맛볼기회는.__고가영_260904_빙과_이채윤,1092,21,21218,3,0,전환
2026-09-08,120252181016220659,[빙과_스틱바_복숭아쫀득] 26.09_쫀득바출시_수동_전환_image_전체타겟,[복숭아쫀득바] 26.09_복쫀바출시_전환_image_전체타겟_식감,[26.09]F_I_JD복_전환_복쫀바출시_제품강조형__.배너_과일계에르메스.다시는없어요.0원증정.__고가영_260904_빙과_이채윤,169,3,3121,0,0,전환
2026-09-08,120252181092750659,[빙과_스틱바_복숭아쫀득] 26.09_쫀득바출시_수동_전환_image_전체타겟,[복숭아쫀득바] 26.09_복쫀바출시_전환_image_전체타겟_식감,[26.09]F_I_JD복_전환_복쫀바출시_제품강조형__.배너_과일계에르메스.매거진형.출시특가.__고가영_260904_빙과_이채윤,1,0,19,0,0,전환
2026-09-08,120252181336980659,[빙과_스틱바_복숭아쫀득] 26.09_쫀득바출시_수동_전환_image_전체타겟,[복숭아쫀득바] 26.09_복쫀바출시_전환_image_전체타겟_한정성,[26.09]F_I_JD복_전환_복쫀바출시_혜택강조형__.배너_시즌한정성.납작복숭아시즌종료마지막세일.출시특가0원.__고가영_260904_빙과_이채윤,1,0,0,0,0,전환
2026-09-08,120252181336990659,[빙과_스틱바_복숭아쫀득] 26.09_쫀득바출시_수동_전환_image_전체타겟,[복숭아쫀득바] 26.09_복쫀바출시_전환_image_전체타겟_한정성,[26.09]F_I_JD복_전환_복쫀바출시_혜택강조형__.배너_시즌한정성.네고형.지금놓치면1년을기다려야해요.__고가영_260904_빙과_이채윤,18916,300,252085,20,0,전환
2026-09-08,120252181337020659,[빙과_스틱바_복숭아쫀득] 26.09_쫀득바출시_수동_전환_image_전체타겟,[복숭아쫀득바] 26.09_복쫀바출시_전환_image_전체타겟_한정성,[26.09]F_I_JD복_전환_복쫀바출시_혜택강조형__.배너_시즌한정성.매거진형.곧여름끝나면안녕.__고가영_260904_빙과_이채윤,6,1,109,1,0,전환
2026-09-08,120252181350410659,[빙과_스틱바_복숭아쫀득] 26.09_쫀득바출시_수동_전환_image_전체타겟,[복숭아쫀득바] 26.09_복쫀바출시_전환_image_전체타겟_대세감,[26.09]F_I_JD복_전환_복쫀바출시_직원설득형__.배너_대세감.내부공지.현장감.가격실수.누적400만개.__고가영_260904_빙과_이채윤,2,0,16,0,0,전환
2026-09-08,120252181350420659,[빙과_스틱바_복숭아쫀득] 26.09_쫀득바출시_수동_전환_image_전체타겟,[복숭아쫀득바] 26.09_복쫀바출시_전환_image_전체타겟_대세감,[26.09]F_I_JD복_전환_복쫀바출시_혜택강조형__.배너_대세감.네고형.누적판매량400만개쫀득바신상이0원이래요.__고가영_260904_빙과_이채윤,3168,36,52106,2,0,전환
2026-09-08,120252181350430659,[빙과_스틱바_복숭아쫀득] 26.09_쫀득바출시_수동_전환_image_전체타겟,[복숭아쫀득바] 26.09_복쫀바출시_전환_image_전체타겟_대세감,[26.09]F_I_JD복_전환_복쫀바출시_혜택강조형__.배너_대세감.누적판매량400만개.쫀득바신상복숭아맛출시.출시특가0원.__고가영_260904_빙과_이채윤,1393,29,32726,3,0,전환
2026-09-08,120252181350440659,[빙과_스틱바_복숭아쫀득] 26.09_쫀득바출시_수동_전환_image_전체타겟,[복숭아쫀득바] 26.09_복쫀바출시_전환_image_전체타겟_대세감,[26.09]F_I_JD복_전환_복쫀바출시_혜택강조형__.배너_대세감.다시는없어요.누적판매량400만개.0원증정.__고가영_260904_빙과_이채윤,8,0,212,0,0,전환
2026-09-08,120252181350450659,[빙과_스틱바_복숭아쫀득] 26.09_쫀득바출시_수동_전환_image_전체타겟,[복숭아쫀득바] 26.09_복쫀바출시_전환_image_전체타겟_대세감,[26.09]F_I_JD복_전환_복쫀바출시_혜택강조형__.배너_대세감.매거진형.편의점1위쫀득바신상그릭복숭아쫀득바출시.__고가영_260904_빙과_이채윤,1541,12,25323,5,0,전환
2026-09-08,120252181350460659,[빙과_스틱바_복숭아쫀득] 26.09_쫀득바출시_수동_전환_image_전체타겟,[복숭아쫀득바] 26.09_복쫀바출시_전환_image_전체타겟_대세감,[26.09]F_I_JD복_전환_복쫀바출시_혜택강조형__.배너_대세감.편의점1위찍은쫀득바복숭아맛출시.__고가영_260904_빙과_이채윤,1,0,0,0,0,전환
2026-09-08,120252181361890659,[빙과_스틱바_복숭아쫀득] 26.09_쫀득바출시_수동_전환_image_전체타겟,[복숭아쫀득바] 26.09_복쫀바출시_전환_image_전체타겟_고효율,[26.09]F_I_JD복_전환_복쫀바출시_혜택강조형__.배너_고효율.쌀때쟁이세요.주문폭주.출시특가.__고가영_260904_빙과_이채윤,1,0,15,0,0,전환
2026-09-08,120252181361900659,[빙과_스틱바_복숭아쫀득] 26.09_쫀득바출시_수동_전환_image_전체타겟,[복숭아쫀득바] 26.09_복쫀바출시_전환_image_전체타겟_고효율,[26.09]F_I_JD복_전환_복쫀바출시_직원설득형__.배너_가격이득.4만원을0원에.내부공지.현장감.가격실수.__고가영_260904_빙과_이채윤,1,0,126,0,0,전환
2026-09-08,120252181361910659,[빙과_스틱바_복숭아쫀득] 26.09_쫀득바출시_수동_전환_image_전체타겟,[복숭아쫀득바] 26.09_복쫀바출시_전환_image_전체타겟_고효율,[26.09]F_I_JD복_전환_복쫀바출시_직원설득형__.배너_고효율.내부공지.현장감.가격조정안내.품절성원보답.__고가영_260904_빙과_이채윤,5,0,39,0,0,전환
2026-09-08,120252181361940659,[빙과_스틱바_복숭아쫀득] 26.09_쫀득바출시_수동_전환_image_전체타겟,[복숭아쫀득바] 26.09_복쫀바출시_전환_image_전체타겟_고효율,[26.09]F_I_JD복_전환_복쫀바출시_혜택강조형__.배너_가격이득.4만원을0원에.매거진형.4만원대납작복숭아를0원에?.__고가영_260904_빙과_이채윤,2,0,441,0,0,전환
2026-09-08,120252181361950659,[빙과_스틱바_복숭아쫀득] 26.09_쫀득바출시_수동_전환_image_전체타겟,[복숭아쫀득바] 26.09_복쫀바출시_전환_image_전체타겟_고효율,[26.09]F_I_JD복_전환_복쫀바출시_혜택강조형__.배너_가격이득.4만원을0원에.먹을수있대요.출시특가.__고가영_260904_빙과_이채윤,23,1,171,0,0,전환
2026-09-08,120252181361960659,[빙과_스틱바_복숭아쫀득] 26.09_쫀득바출시_수동_전환_image_전체타겟,[복숭아쫀득바] 26.09_복쫀바출시_전환_image_전체타겟_고효율,[26.09]F_I_JD복_전환_복쫀바출시_혜택강조형__.배너_가격이득.4만원을0원에.출시특가반짝세일.출시특가0원.__고가영_260904_빙과_이채윤,4000,67,56412,4,0,전환
2026-09-08,120252181361990659,[빙과_스틱바_복숭아쫀득] 26.09_쫀득바출시_수동_전환_image_전체타겟,[복숭아쫀득바] 26.09_복쫀바출시_전환_image_전체타겟_고효율,[26.09]F_I_JD복_전환_복쫀바출시_혜택강조형__.배너_고효율.미리구매하신분들.죄송합니다.출시특가.__고가영_260904_빙과_이채윤,2,0,58,0,0,전환
2026-09-08,120252181362000659,[빙과_스틱바_복숭아쫀득] 26.09_쫀득바출시_수동_전환_image_전체타겟,[복숭아쫀득바] 26.09_복쫀바출시_전환_image_전체타겟_고효율,[26.09]F_I_JD복_전환_복쫀바출시_혜택강조형__.배너_고효율.사과문.sns대란4만원.원가이하판매링크.__고가영_260904_빙과_이채윤,88,2,2308,0,0,전환
2026-09-08,120252181362010659,[빙과_스틱바_복숭아쫀득] 26.09_쫀득바출시_수동_전환_image_전체타겟,[복숭아쫀득바] 26.09_복쫀바출시_전환_image_전체타겟_고효율,[26.09]F_I_JD복_전환_복쫀바출시_혜택강조형__.배너_고효율.출시특가만할인해요.sns난리.__고가영_260904_빙과_이채윤,105,2,1871,1,0,전환
2026-09-08,120252182855620659,[빙과_스틱바_복숭아쫀득] 26.09_쫀득바출시_ASC_전환_video_전체타겟,[복숭아] 09.11  납작복숭아(백정우베BP) _전환,[26.09]F_V_JD복_전환_복쫀바출시_신규BP_백정BP_main.릴스_납작복숭아.X_스틱바P_황경원_260904_빙과_정요한,7732,91,81091,3,1034,전환
2026-09-08,120252183023910659,[빙과_스틱바_복숭아쫀득] 26.09_쫀득바출시_수동_전환_video_전체타겟,[복숭아] 납작복숭아(백정우베BP) _전환,[26.09]F_V_JD복_전환_복쫀바출시_맛인지형_우베BP_main.릴스_납작복숭아.X_스틱바P_황경원_260904_빙과_정요한,12,1,460,0,1,전환
2026-09-08,120252183059730659,[빙과_스틱바_복숭아쫀득] 26.09_쫀득바출시_수동_전환_video_전체타겟,[복숭아] 납작복숭아(백정우베BP) _전환,[26.09]F_V_JD복_전환_복쫀바출시_신규BP_백정BP_main.릴스_납작복숭아.X_스틱바P_황경원_260904_빙과_정요한,2195,26,21011,1,250,전환
2026-09-09,120252179830620659,[빙과_스틱바_복숭아쫀득] 26.09_쫀득바출시_ASC_전환_image_전체타겟,[복숭아쫀득바] 26.09_복쫀바출시_ASC_전환_image_전체타겟_고효율,[26.09]F_I_JD복_전환_복쫀바출시_혜택강조형__.배너_가격이득.4만원을0원에.다시는없어요.0원에맛볼기회는.__고가영_260904_빙과_이채윤,1515,23,17248,0,0,전환
2026-09-09,120252181016220659,[빙과_스틱바_복숭아쫀득] 26.09_쫀득바출시_수동_전환_image_전체타겟,[복숭아쫀득바] 26.09_복쫀바출시_전환_image_전체타겟_식감,[26.09]F_I_JD복_전환_복쫀바출시_제품강조형__.배너_과일계에르메스.다시는없어요.0원증정.__고가영_260904_빙과_이채윤,11,0,129,0,0,전환
2026-09-09,120252181336990659,[빙과_스틱바_복숭아쫀득] 26.09_쫀득바출시_수동_전환_image_전체타겟,[복숭아쫀득바] 26.09_복쫀바출시_전환_image_전체타겟_한정성,[26.09]F_I_JD복_전환_복쫀바출시_혜택강조형__.배너_시즌한정성.네고형.지금놓치면1년을기다려야해요.__고가영_260904_빙과_이채윤,21418,380,308334,23,0,전환
2026-09-09,120252181350420659,[빙과_스틱바_복숭아쫀득] 26.09_쫀득바출시_수동_전환_image_전체타겟,[복숭아쫀득바] 26.09_복쫀바출시_전환_image_전체타겟_대세감,[26.09]F_I_JD복_전환_복쫀바출시_혜택강조형__.배너_대세감.네고형.누적판매량400만개쫀득바신상이0원이래요.__고가영_260904_빙과_이채윤,1563,14,23615,1,0,전환
2026-09-09,120252181350430659,[빙과_스틱바_복숭아쫀득] 26.09_쫀득바출시_수동_전환_image_전체타겟,[복숭아쫀득바] 26.09_복쫀바출시_전환_image_전체타겟_대세감,[26.09]F_I_JD복_전환_복쫀바출시_혜택강조형__.배너_대세감.누적판매량400만개.쫀득바신상복숭아맛출시.출시특가0원.__고가영_260904_빙과_이채윤,1044,13,20792,4,0,전환
2026-09-09,120252181350450659,[빙과_스틱바_복숭아쫀득] 26.09_쫀득바출시_수동_전환_image_전체타겟,[복숭아쫀득바] 26.09_복쫀바출시_전환_image_전체타겟_대세감,[26.09]F_I_JD복_전환_복쫀바출시_혜택강조형__.배너_대세감.매거진형.편의점1위쫀득바신상그릭복숭아쫀득바출시.__고가영_260904_빙과_이채윤,324,6,6124,0,0,전환
2026-09-09,120252181350460659,[빙과_스틱바_복숭아쫀득] 26.09_쫀득바출시_수동_전환_image_전체타겟,[복숭아쫀득바] 26.09_복쫀바출시_전환_image_전체타겟_대세감,[26.09]F_I_JD복_전환_복쫀바출시_혜택강조형__.배너_대세감.편의점1위찍은쫀득바복숭아맛출시.__고가영_260904_빙과_이채윤,84,1,559,0,0,전환
2026-09-09,120252181361940659,[빙과_스틱바_복숭아쫀득] 26.09_쫀득바출시_수동_전환_image_전체타겟,[복숭아쫀득바] 26.09_복쫀바출시_전환_image_전체타겟_고효율,[26.09]F_I_JD복_전환_복쫀바출시_혜택강조형__.배너_가격이득.4만원을0원에.매거진형.4만원대납작복숭아를0원에?.__고가영_260904_빙과_이채윤,1,0,3,0,0,전환
2026-09-09,120252181361960659,[빙과_스틱바_복숭아쫀득] 26.09_쫀득바출시_수동_전환_image_전체타겟,[복숭아쫀득바] 26.09_복쫀바출시_전환_image_전체타겟_고효율,[26.09]F_I_JD복_전환_복쫀바출시_혜택강조형__.배너_가격이득.4만원을0원에.출시특가반짝세일.출시특가0원.__고가영_260904_빙과_이채윤,502,5,6527,1,0,전환
2026-09-09,120252181362000659,[빙과_스틱바_복숭아쫀득] 26.09_쫀득바출시_수동_전환_image_전체타겟,[복숭아쫀득바] 26.09_복쫀바출시_전환_image_전체타겟_고효율,[26.09]F_I_JD복_전환_복쫀바출시_혜택강조형__.배너_고효율.사과문.sns대란4만원.원가이하판매링크.__고가영_260904_빙과_이채윤,15,0,304,0,0,전환
2026-09-09,120252181362010659,[빙과_스틱바_복숭아쫀득] 26.09_쫀득바출시_수동_전환_image_전체타겟,[복숭아쫀득바] 26.09_복쫀바출시_전환_image_전체타겟_고효율,[26.09]F_I_JD복_전환_복쫀바출시_혜택강조형__.배너_고효율.출시특가만할인해요.sns난리.__고가영_260904_빙과_이채윤,2,0,36,0,0,전환
2026-09-09,120252183059730659,[빙과_스틱바_복숭아쫀득] 26.09_쫀득바출시_수동_전환_video_전체타겟,[복숭아] 납작복숭아(백정우베BP) _전환,[26.09]F_V_JD복_전환_복쫀바출시_신규BP_백정BP_main.릴스_납작복숭아.X_스틱바P_황경원_260904_빙과_정요한,11,0,104,0,1,전환
2026-09-10,120252181016220659,[빙과_스틱바_복숭아쫀득] 26.09_쫀득바출시_수동_전환_image_전체타겟,[복숭아쫀득바] 26.09_복쫀바출시_전환_image_전체타겟_식감,[26.09]F_I_JD복_전환_복쫀바출시_제품강조형__.배너_과일계에르메스.다시는없어요.0원증정.__고가영_260904_빙과_이채윤,2,0,14,1,0,전환
2026-09-10,120252181336990659,[빙과_스틱바_복숭아쫀득] 26.09_쫀득바출시_수동_전환_image_전체타겟,[복숭아쫀득바] 26.09_복쫀바출시_전환_image_전체타겟_한정성,[26.09]F_I_JD복_전환_복쫀바출시_혜택강조형__.배너_시즌한정성.네고형.지금놓치면1년을기다려야해요.__고가영_260904_빙과_이채윤,11968,180,159102,11,0,전환
2026-09-10,120252181337020659,[빙과_스틱바_복숭아쫀득] 26.09_쫀득바출시_수동_전환_image_전체타겟,[복숭아쫀득바] 26.09_복쫀바출시_전환_image_전체타겟_한정성,[26.09]F_I_JD복_전환_복쫀바출시_혜택강조형__.배너_시즌한정성.매거진형.곧여름끝나면안녕.__고가영_260904_빙과_이채윤,1,0,0,0,0,전환
2026-09-10,120252181350420659,[빙과_스틱바_복숭아쫀득] 26.09_쫀득바출시_수동_전환_image_전체타겟,[복숭아쫀득바] 26.09_복쫀바출시_전환_image_전체타겟_대세감,[26.09]F_I_JD복_전환_복쫀바출시_혜택강조형__.배너_대세감.네고형.누적판매량400만개쫀득바신상이0원이래요.__고가영_260904_빙과_이채윤,385,7,7373,1,0,전환
2026-09-10,120252181350430659,[빙과_스틱바_복숭아쫀득] 26.09_쫀득바출시_수동_전환_image_전체타겟,[복숭아쫀득바] 26.09_복쫀바출시_전환_image_전체타겟_대세감,[26.09]F_I_JD복_전환_복쫀바출시_혜택강조형__.배너_대세감.누적판매량400만개.쫀득바신상복숭아맛출시.출시특가0원.__고가영_260904_빙과_이채윤,251,6,5137,0,0,전환
2026-09-10,120252181350450659,[빙과_스틱바_복숭아쫀득] 26.09_쫀득바출시_수동_전환_image_전체타겟,[복숭아쫀득바] 26.09_복쫀바출시_전환_image_전체타겟_대세감,[26.09]F_I_JD복_전환_복쫀바출시_혜택강조형__.배너_대세감.매거진형.편의점1위쫀득바신상그릭복숭아쫀득바출시.__고가영_260904_빙과_이채윤,13,0,266,0,0,전환
2026-09-10,120252181361960659,[빙과_스틱바_복숭아쫀득] 26.09_쫀득바출시_수동_전환_image_전체타겟,[복숭아쫀득바] 26.09_복쫀바출시_전환_image_전체타겟_고효율,[26.09]F_I_JD복_전환_복쫀바출시_혜택강조형__.배너_가격이득.4만원을0원에.출시특가반짝세일.출시특가0원.__고가영_260904_빙과_이채윤,1,0,2,0,0,전환
2026-09-10,120252181362000659,[빙과_스틱바_복숭아쫀득] 26.09_쫀득바출시_수동_전환_image_전체타겟,[복숭아쫀득바] 26.09_복쫀바출시_전환_image_전체타겟_고효율,[26.09]F_I_JD복_전환_복쫀바출시_혜택강조형__.배너_고효율.사과문.sns대란4만원.원가이하판매링크.__고가영_260904_빙과_이채윤,7,1,165,0,0,전환
2026-09-11,120252179830620659,[빙과_스틱바_복숭아쫀득] 26.09_쫀득바출시_ASC_전환_image_전체타겟,[복숭아쫀득바] 26.09_복쫀바출시_ASC_전환_image_전체타겟_고효율,[26.09]F_I_JD복_전환_복쫀바출시_혜택강조형__.배너_가격이득.4만원을0원에.다시는없어요.0원에맛볼기회는.__고가영_260904_빙과_이채윤,20,0,213,0,0,전환
2026-09-11,120252181016220659,[빙과_스틱바_복숭아쫀득] 26.09_쫀득바출시_수동_전환_image_전체타겟,[복숭아쫀득바] 26.09_복쫀바출시_전환_image_전체타겟_식감,[26.09]F_I_JD복_전환_복쫀바출시_제품강조형__.배너_과일계에르메스.다시는없어요.0원증정.__고가영_260904_빙과_이채윤,12,1,380,0,0,전환
2026-09-11,120252181336990659,[빙과_스틱바_복숭아쫀득] 26.09_쫀득바출시_수동_전환_image_전체타겟,[복숭아쫀득바] 26.09_복쫀바출시_전환_image_전체타겟_한정성,[26.09]F_I_JD복_전환_복쫀바출시_혜택강조형__.배너_시즌한정성.네고형.지금놓치면1년을기다려야해요.__고가영_260904_빙과_이채윤,7441,108,97404,7,0,전환
2026-09-11,120252181337000659,[빙과_스틱바_복숭아쫀득] 26.09_쫀득바출시_수동_전환_image_전체타겟,[복숭아쫀득바] 26.09_복쫀바출시_전환_image_전체타겟_한정성,[26.09]F_I_JD복_전환_복쫀바출시_혜택강조형__.배너_시즌한정성.다시는없어요.제철납작복숭아맛마지막으로즐길기회.__고가영_260904_빙과_이채윤,1,0,9,0,0,전환
2026-09-11,120252181350430659,[빙과_스틱바_복숭아쫀득] 26.09_쫀득바출시_수동_전환_image_전체타겟,[복숭아쫀득바] 26.09_복쫀바출시_전환_image_전체타겟_대세감,[26.09]F_I_JD복_전환_복쫀바출시_혜택강조형__.배너_대세감.누적판매량400만개.쫀득바신상복숭아맛출시.출시특가0원.__고가영_260904_빙과_이채윤,171,1,3826,0,0,전환
2026-09-11,120252181361960659,[빙과_스틱바_복숭아쫀득] 26.09_쫀득바출시_수동_전환_image_전체타겟,[복숭아쫀득바] 26.09_복쫀바출시_전환_image_전체타겟_고효율,[26.09]F_I_JD복_전환_복쫀바출시_혜택강조형__.배너_가격이득.4만원을0원에.출시특가반짝세일.출시특가0원.__고가영_260904_빙과_이채윤,3,0,23,0,0,전환
2026-09-11,120252182855620659,[빙과_스틱바_복숭아쫀득] 26.09_쫀득바출시_ASC_전환_video_전체타겟,[복숭아] 09.11  납작복숭아(백정우베BP) _전환,[26.09]F_V_JD복_전환_복쫀바출시_신규BP_백정BP_main.릴스_납작복숭아.X_스틱바P_황경원_260904_빙과_정요한,610,11,7948,1,84,전환
2026-09-11,120252183059730659,[빙과_스틱바_복숭아쫀득] 26.09_쫀득바출시_수동_전환_video_전체타겟,[복숭아] 납작복숭아(백정우베BP) _전환,[26.09]F_V_JD복_전환_복쫀바출시_신규BP_백정BP_main.릴스_납작복숭아.X_스틱바P_황경원_260904_빙과_정요한,887,9,8623,0,103,전환
2026-09-12,120252181016220659,[빙과_스틱바_복숭아쫀득] 26.09_쫀득바출시_수동_전환_image_전체타겟,[복숭아쫀득바] 26.09_복쫀바출시_전환_image_전체타겟_식감,[26.09]F_I_JD복_전환_복쫀바출시_제품강조형__.배너_과일계에르메스.다시는없어요.0원증정.__고가영_260904_빙과_이채윤,4,0,70,0,0,전환
2026-09-12,120252181336990659,[빙과_스틱바_복숭아쫀득] 26.09_쫀득바출시_수동_전환_image_전체타겟,[복숭아쫀득바] 26.09_복쫀바출시_전환_image_전체타겟_한정성,[26.09]F_I_JD복_전환_복쫀바출시_혜택강조형__.배너_시즌한정성.네고형.지금놓치면1년을기다려야해요.__고가영_260904_빙과_이채윤,4819,78,76961,4,0,전환
2026-09-12,120252181337000659,[빙과_스틱바_복숭아쫀득] 26.09_쫀득바출시_수동_전환_image_전체타겟,[복숭아쫀득바] 26.09_복쫀바출시_전환_image_전체타겟_한정성,[26.09]F_I_JD복_전환_복쫀바출시_혜택강조형__.배너_시즌한정성.다시는없어요.제철납작복숭아맛마지막으로즐길기회.__고가영_260904_빙과_이채윤,16,1,540,0,0,전환
2026-09-12,120252181350420659,[빙과_스틱바_복숭아쫀득] 26.09_쫀득바출시_수동_전환_image_전체타겟,[복숭아쫀득바] 26.09_복쫀바출시_전환_image_전체타겟_대세감,[26.09]F_I_JD복_전환_복쫀바출시_혜택강조형__.배너_대세감.네고형.누적판매량400만개쫀득바신상이0원이래요.__고가영_260904_빙과_이채윤,151,0,2697,0,0,전환
2026-09-12,120252181350430659,[빙과_스틱바_복숭아쫀득] 26.09_쫀득바출시_수동_전환_image_전체타겟,[복숭아쫀득바] 26.09_복쫀바출시_전환_image_전체타겟_대세감,[26.09]F_I_JD복_전환_복쫀바출시_혜택강조형__.배너_대세감.누적판매량400만개.쫀득바신상복숭아맛출시.출시특가0원.__고가영_260904_빙과_이채윤,170,4,3278,0,0,전환
2026-09-12,120252181350450659,[빙과_스틱바_복숭아쫀득] 26.09_쫀득바출시_수동_전환_image_전체타겟,[복숭아쫀득바] 26.09_복쫀바출시_전환_image_전체타겟_대세감,[26.09]F_I_JD복_전환_복쫀바출시_혜택강조형__.배너_대세감.매거진형.편의점1위쫀득바신상그릭복숭아쫀득바출시.__고가영_260904_빙과_이채윤,11,0,153,0,0,전환
2026-09-12,120252181350460659,[빙과_스틱바_복숭아쫀득] 26.09_쫀득바출시_수동_전환_image_전체타겟,[복숭아쫀득바] 26.09_복쫀바출시_전환_image_전체타겟_대세감,[26.09]F_I_JD복_전환_복쫀바출시_혜택강조형__.배너_대세감.편의점1위찍은쫀득바복숭아맛출시.__고가영_260904_빙과_이채윤,78,0,416,0,0,전환
2026-09-12,120252181361900659,[빙과_스틱바_복숭아쫀득] 26.09_쫀득바출시_수동_전환_image_전체타겟,[복숭아쫀득바] 26.09_복쫀바출시_전환_image_전체타겟_고효율,[26.09]F_I_JD복_전환_복쫀바출시_직원설득형__.배너_가격이득.4만원을0원에.내부공지.현장감.가격실수.__고가영_260904_빙과_이채윤,16,0,299,0,0,전환
2026-09-12,120252181361920659,[빙과_스틱바_복숭아쫀득] 26.09_쫀득바출시_수동_전환_image_전체타겟,[복숭아쫀득바] 26.09_복쫀바출시_전환_image_전체타겟_고효율,[26.09]F_I_JD복_전환_복쫀바출시_혜택강조형__.배너_가격이득.4만원을0원에.네고형.4만원대 납작복숭아맛을0원에즐길기회.__고가영_260904_빙과_이채윤,3,0,12,0,0,전환
2026-09-12,120252181361980659,[빙과_스틱바_복숭아쫀득] 26.09_쫀득바출시_수동_전환_image_전체타겟,[복숭아쫀득바] 26.09_복쫀바출시_전환_image_전체타겟_고효율,[26.09]F_I_JD복_전환_복쫀바출시_혜택강조형__.배너_고효율.네고형.지금이제일싼데왜나중에사요.__고가영_260904_빙과_이채윤,2,0,38,0,0,전환
2026-09-12,120252182855620659,[빙과_스틱바_복숭아쫀득] 26.09_쫀득바출시_ASC_전환_video_전체타겟,[복숭아] 09.11  납작복숭아(백정우베BP) _전환,[26.09]F_V_JD복_전환_복쫀바출시_신규BP_백정BP_main.릴스_납작복숭아.X_스틱바P_황경원_260904_빙과_정요한,888,18,12022,0,140,전환
2026-09-12,120252183059730659,[빙과_스틱바_복숭아쫀득] 26.09_쫀득바출시_수동_전환_video_전체타겟,[복숭아] 납작복숭아(백정우베BP) _전환,[26.09]F_V_JD복_전환_복쫀바출시_신규BP_백정BP_main.릴스_납작복숭아.X_스틱바P_황경원_260904_빙과_정요한,755,10,6188,0,86,전환
2026-09-13,120252181016220659,[빙과_스틱바_복숭아쫀득] 26.09_쫀득바출시_수동_전환_image_전체타겟,[복숭아쫀득바] 26.09_복쫀바출시_전환_image_전체타겟_식감,[26.09]F_I_JD복_전환_복쫀바출시_제품강조형__.배너_과일계에르메스.다시는없어요.0원증정.__고가영_260904_빙과_이채윤,8,0,68,0,0,전환
2026-09-13,120252181092750659,[빙과_스틱바_복숭아쫀득] 26.09_쫀득바출시_수동_전환_image_전체타겟,[복숭아쫀득바] 26.09_복쫀바출시_전환_image_전체타겟_식감,[26.09]F_I_JD복_전환_복쫀바출시_제품강조형__.배너_과일계에르메스.매거진형.출시특가.__고가영_260904_빙과_이채윤,7,0,167,0,0,전환
2026-09-13,120252181336990659,[빙과_스틱바_복숭아쫀득] 26.09_쫀득바출시_수동_전환_image_전체타겟,[복숭아쫀득바] 26.09_복쫀바출시_전환_image_전체타겟_한정성,[26.09]F_I_JD복_전환_복쫀바출시_혜택강조형__.배너_시즌한정성.네고형.지금놓치면1년을기다려야해요.__고가영_260904_빙과_이채윤,11317,188,166274,18,0,전환
2026-09-13,120252181337020659,[빙과_스틱바_복숭아쫀득] 26.09_쫀득바출시_수동_전환_image_전체타겟,[복숭아쫀득바] 26.09_복쫀바출시_전환_image_전체타겟_한정성,[26.09]F_I_JD복_전환_복쫀바출시_혜택강조형__.배너_시즌한정성.매거진형.곧여름끝나면안녕.__고가영_260904_빙과_이채윤,1,0,20,0,0,전환
2026-09-13,120252181350420659,[빙과_스틱바_복숭아쫀득] 26.09_쫀득바출시_수동_전환_image_전체타겟,[복숭아쫀득바] 26.09_복쫀바출시_전환_image_전체타겟_대세감,[26.09]F_I_JD복_전환_복쫀바출시_혜택강조형__.배너_대세감.네고형.누적판매량400만개쫀득바신상이0원이래요.__고가영_260904_빙과_이채윤,79,0,1220,0,0,전환
2026-09-13,120252181350430659,[빙과_스틱바_복숭아쫀득] 26.09_쫀득바출시_수동_전환_image_전체타겟,[복숭아쫀득바] 26.09_복쫀바출시_전환_image_전체타겟_대세감,[26.09]F_I_JD복_전환_복쫀바출시_혜택강조형__.배너_대세감.누적판매량400만개.쫀득바신상복숭아맛출시.출시특가0원.__고가영_260904_빙과_이채윤,137,7,2960,1,0,전환
2026-09-13,120252181350450659,[빙과_스틱바_복숭아쫀득] 26.09_쫀득바출시_수동_전환_image_전체타겟,[복숭아쫀득바] 26.09_복쫀바출시_전환_image_전체타겟_대세감,[26.09]F_I_JD복_전환_복쫀바출시_혜택강조형__.배너_대세감.매거진형.편의점1위쫀득바신상그릭복숭아쫀득바출시.__고가영_260904_빙과_이채윤,20,0,541,0,0,전환
2026-09-13,120252181350460659,[빙과_스틱바_복숭아쫀득] 26.09_쫀득바출시_수동_전환_image_전체타겟,[복숭아쫀득바] 26.09_복쫀바출시_전환_image_전체타겟_대세감,[26.09]F_I_JD복_전환_복쫀바출시_혜택강조형__.배너_대세감.편의점1위찍은쫀득바복숭아맛출시.__고가영_260904_빙과_이채윤,3,0,15,0,0,전환
2026-09-14,120252181016220659,[빙과_스틱바_복숭아쫀득] 26.09_쫀득바출시_수동_전환_image_전체타겟,[복숭아쫀득바] 26.09_복쫀바출시_전환_image_전체타겟_식감,[26.09]F_I_JD복_전환_복쫀바출시_제품강조형__.배너_과일계에르메스.다시는없어요.0원증정.__고가영_260904_빙과_이채윤,17,1,327,0,0,전환
2026-09-14,120252181092750659,[빙과_스틱바_복숭아쫀득] 26.09_쫀득바출시_수동_전환_image_전체타겟,[복숭아쫀득바] 26.09_복쫀바출시_전환_image_전체타겟_식감,[26.09]F_I_JD복_전환_복쫀바출시_제품강조형__.배너_과일계에르메스.매거진형.출시특가.__고가영_260904_빙과_이채윤,6,0,45,0,0,전환
2026-09-14,120252181179570659,[빙과_스틱바_복숭아쫀득] 26.09_쫀득바출시_수동_전환_image_전체타겟,[복숭아쫀득바] 26.09_복쫀바출시_전환_image_전체타겟_식감,[26.09]F_I_JD복_전환_복쫀바출시_제품강조형__.배너_과일계에르메스.출시기념반짝세일.출시특가0원.__고가영_260904_빙과_이채윤,2,0,11,0,0,전환
2026-09-14,120252181336990659,[빙과_스틱바_복숭아쫀득] 26.09_쫀득바출시_수동_전환_image_전체타겟,[복숭아쫀득바] 26.09_복쫀바출시_전환_image_전체타겟_한정성,[26.09]F_I_JD복_전환_복쫀바출시_혜택강조형__.배너_시즌한정성.네고형.지금놓치면1년을기다려야해요.__고가영_260904_빙과_이채윤,28352,393,396312,18,0,전환
2026-09-14,120252181337000659,[빙과_스틱바_복숭아쫀득] 26.09_쫀득바출시_수동_전환_image_전체타겟,[복숭아쫀득바] 26.09_복쫀바출시_전환_image_전체타겟_한정성,[26.09]F_I_JD복_전환_복쫀바출시_혜택강조형__.배너_시즌한정성.다시는없어요.제철납작복숭아맛마지막으로즐길기회.__고가영_260904_빙과_이채윤,135,0,1506,0,0,전환
2026-09-14,120252181350420659,[빙과_스틱바_복숭아쫀득] 26.09_쫀득바출시_수동_전환_image_전체타겟,[복숭아쫀득바] 26.09_복쫀바출시_전환_image_전체타겟_대세감,[26.09]F_I_JD복_전환_복쫀바출시_혜택강조형__.배너_대세감.네고형.누적판매량400만개쫀득바신상이0원이래요.__고가영_260904_빙과_이채윤,6,0,97,0,0,전환
2026-09-14,120252181350430659,[빙과_스틱바_복숭아쫀득] 26.09_쫀득바출시_수동_전환_image_전체타겟,[복숭아쫀득바] 26.09_복쫀바출시_전환_image_전체타겟_대세감,[26.09]F_I_JD복_전환_복쫀바출시_혜택강조형__.배너_대세감.누적판매량400만개.쫀득바신상복숭아맛출시.출시특가0원.__고가영_260904_빙과_이채윤,113,2,2904,0,0,전환
2026-09-14,120252181350450659,[빙과_스틱바_복숭아쫀득] 26.09_쫀득바출시_수동_전환_image_전체타겟,[복숭아쫀득바] 26.09_복쫀바출시_전환_image_전체타겟_대세감,[26.09]F_I_JD복_전환_복쫀바출시_혜택강조형__.배너_대세감.매거진형.편의점1위쫀득바신상그릭복숭아쫀득바출시.__고가영_260904_빙과_이채윤,5,0,34,0,0,전환
2026-09-14,120252181361900659,[빙과_스틱바_복숭아쫀득] 26.09_쫀득바출시_수동_전환_image_전체타겟,[복숭아쫀득바] 26.09_복쫀바출시_전환_image_전체타겟_고효율,[26.09]F_I_JD복_전환_복쫀바출시_직원설득형__.배너_가격이득.4만원을0원에.내부공지.현장감.가격실수.__고가영_260904_빙과_이채윤,5,0,48,0,0,전환
2026-09-15,120252181016220659,[빙과_스틱바_복숭아쫀득] 26.09_쫀득바출시_수동_전환_image_전체타겟,[복숭아쫀득바] 26.09_복쫀바출시_전환_image_전체타겟_식감,[26.09]F_I_JD복_전환_복쫀바출시_제품강조형__.배너_과일계에르메스.다시는없어요.0원증정.__고가영_260904_빙과_이채윤,494,14,12196,0,0,전환
2026-09-15,120252181092750659,[빙과_스틱바_복숭아쫀득] 26.09_쫀득바출시_수동_전환_image_전체타겟,[복숭아쫀득바] 26.09_복쫀바출시_전환_image_전체타겟_식감,[26.09]F_I_JD복_전환_복쫀바출시_제품강조형__.배너_과일계에르메스.매거진형.출시특가.__고가영_260904_빙과_이채윤,41,1,593,0,0,전환
2026-09-15,120252181336990659,[빙과_스틱바_복숭아쫀득] 26.09_쫀득바출시_수동_전환_image_전체타겟,[복숭아쫀득바] 26.09_복쫀바출시_전환_image_전체타겟_한정성,[26.09]F_I_JD복_전환_복쫀바출시_혜택강조형__.배너_시즌한정성.네고형.지금놓치면1년을기다려야해요.__고가영_260904_빙과_이채윤,3920,68,58871,2,0,전환
2026-09-15,120252181350430659,[빙과_스틱바_복숭아쫀득] 26.09_쫀득바출시_수동_전환_image_전체타겟,[복숭아쫀득바] 26.09_복쫀바출시_전환_image_전체타겟_대세감,[26.09]F_I_JD복_전환_복쫀바출시_혜택강조형__.배너_대세감.누적판매량400만개.쫀득바신상복숭아맛출시.출시특가0원.__고가영_260904_빙과_이채윤,65,0,1957,0,0,전환
2026-09-15,120252181361960659,[빙과_스틱바_복숭아쫀득] 26.09_쫀득바출시_수동_전환_image_전체타겟,[복숭아쫀득바] 26.09_복쫀바출시_전환_image_전체타겟_고효율,[26.09]F_I_JD복_전환_복쫀바출시_혜택강조형__.배너_가격이득.4만원을0원에.출시특가반짝세일.출시특가0원.__고가영_260904_빙과_이채윤,2148,27,40827,1,0,전환
2026-09-16,120252181336990659,[빙과_스틱바_복숭아쫀득] 26.09_쫀득바출시_수동_전환_image_전체타겟,[복숭아쫀득바] 26.09_복쫀바출시_전환_image_전체타겟_한정성,[26.09]F_I_JD복_전환_복쫀바출시_혜택강조형__.배너_시즌한정성.네고형.지금놓치면1년을기다려야해요.__고가영_260904_빙과_이채윤,12124,134,139800,3,0,전환
2026-09-16,120252181337020659,[빙과_스틱바_복숭아쫀득] 26.09_쫀득바출시_수동_전환_image_전체타겟,[복숭아쫀득바] 26.09_복쫀바출시_전환_image_전체타겟_한정성,[26.09]F_I_JD복_전환_복쫀바출시_혜택강조형__.배너_시즌한정성.매거진형.곧여름끝나면안녕.__고가영_260904_빙과_이채윤,75,2,1506,0,0,전환
2026-09-16,120252181350460659,[빙과_스틱바_복숭아쫀득] 26.09_쫀득바출시_수동_전환_image_전체타겟,[복숭아쫀득바] 26.09_복쫀바출시_전환_image_전체타겟_대세감,[26.09]F_I_JD복_전환_복쫀바출시_혜택강조형__.배너_대세감.편의점1위찍은쫀득바복숭아맛출시.__고가영_260904_빙과_이채윤,2,0,12,0,0,전환
2026-09-16,120252181361900659,[빙과_스틱바_복숭아쫀득] 26.09_쫀득바출시_수동_전환_image_전체타겟,[복숭아쫀득바] 26.09_복쫀바출시_전환_image_전체타겟_고효율,[26.09]F_I_JD복_전환_복쫀바출시_직원설득형__.배너_가격이득.4만원을0원에.내부공지.현장감.가격실수.__고가영_260904_빙과_이채윤,167,4,2903,0,0,전환
2026-09-16,120252181361920659,[빙과_스틱바_복숭아쫀득] 26.09_쫀득바출시_수동_전환_image_전체타겟,[복숭아쫀득바] 26.09_복쫀바출시_전환_image_전체타겟_고효율,[26.09]F_I_JD복_전환_복쫀바출시_혜택강조형__.배너_가격이득.4만원을0원에.네고형.4만원대 납작복숭아맛을0원에즐길기회.__고가영_260904_빙과_이채윤,694,9,6246,2,0,전환
2026-09-16,120252181361960659,[빙과_스틱바_복숭아쫀득] 26.09_쫀득바출시_수동_전환_image_전체타겟,[복숭아쫀득바] 26.09_복쫀바출시_전환_image_전체타겟_고효율,[26.09]F_I_JD복_전환_복쫀바출시_혜택강조형__.배너_가격이득.4만원을0원에.출시특가반짝세일.출시특가0원.__고가영_260904_빙과_이채윤,10160,125,183430,14,0,전환
2026-09-16,120252181361980659,[빙과_스틱바_복숭아쫀득] 26.09_쫀득바출시_수동_전환_image_전체타겟,[복숭아쫀득바] 26.09_복쫀바출시_전환_image_전체타겟_고효율,[26.09]F_I_JD복_전환_복쫀바출시_혜택강조형__.배너_고효율.네고형.지금이제일싼데왜나중에사요.__고가영_260904_빙과_이채윤,731,6,8943,0,0,전환
2026-09-17,120252181336990659,[빙과_스틱바_복숭아쫀득] 26.09_쫀득바출시_수동_전환_image_전체타겟,[복숭아쫀득바] 26.09_복쫀바출시_전환_image_전체타겟_한정성,[26.09]F_I_JD복_전환_복쫀바출시_혜택강조형__.배너_시즌한정성.네고형.지금놓치면1년을기다려야해요.__고가영_260904_빙과_이채윤,2092,20,25879,1,0,전환
2026-09-17,120252181350430659,[빙과_스틱바_복숭아쫀득] 26.09_쫀득바출시_수동_전환_image_전체타겟,[복숭아쫀득바] 26.09_복쫀바출시_전환_image_전체타겟_대세감,[26.09]F_I_JD복_전환_복쫀바출시_혜택강조형__.배너_대세감.누적판매량400만개.쫀득바신상복숭아맛출시.출시특가0원.__고가영_260904_빙과_이채윤,444,4,9177,0,0,전환
2026-09-17,120252181361920659,[빙과_스틱바_복숭아쫀득] 26.09_쫀득바출시_수동_전환_image_전체타겟,[복숭아쫀득바] 26.09_복쫀바출시_전환_image_전체타겟_고효율,[26.09]F_I_JD복_전환_복쫀바출시_혜택강조형__.배너_가격이득.4만원을0원에.네고형.4만원대 납작복숭아맛을0원에즐길기회.__고가영_260904_빙과_이채윤,1163,9,8254,0,0,전환
2026-09-17,120252181361960659,[빙과_스틱바_복숭아쫀득] 26.09_쫀득바출시_수동_전환_image_전체타겟,[복숭아쫀득바] 26.09_복쫀바출시_전환_image_전체타겟_고효율,[26.09]F_I_JD복_전환_복쫀바출시_혜택강조형__.배너_가격이득.4만원을0원에.출시특가반짝세일.출시특가0원.__고가영_260904_빙과_이채윤,17855,154,286254,11,0,전환
2026-09-17,120252181361980659,[빙과_스틱바_복숭아쫀득] 26.09_쫀득바출시_수동_전환_image_전체타겟,[복숭아쫀득바] 26.09_복쫀바출시_전환_image_전체타겟_고효율,[26.09]F_I_JD복_전환_복쫀바출시_혜택강조형__.배너_고효율.네고형.지금이제일싼데왜나중에사요.__고가영_260904_빙과_이채윤,2,0,15,0,0,전환
2026-09-18,120252181350420659,[빙과_스틱바_복숭아쫀득] 26.09_쫀득바출시_수동_전환_image_전체타겟,[복숭아쫀득바] 26.09_복쫀바출시_전환_image_전체타겟_대세감,[26.09]F_I_JD복_전환_복쫀바출시_혜택강조형__.배너_대세감.네고형.누적판매량400만개쫀득바신상이0원이래요.__고가영_260904_빙과_이채윤,33,0,855,0,0,전환
2026-09-18,120252181350450659,[빙과_스틱바_복숭아쫀득] 26.09_쫀득바출시_수동_전환_image_전체타겟,[복숭아쫀득바] 26.09_복쫀바출시_전환_image_전체타겟_대세감,[26.09]F_I_JD복_전환_복쫀바출시_혜택강조형__.배너_대세감.매거진형.편의점1위쫀득바신상그릭복숭아쫀득바출시.__고가영_260904_빙과_이채윤,258,1,5899,0,0,전환
2026-09-18,120252181350460659,[빙과_스틱바_복숭아쫀득] 26.09_쫀득바출시_수동_전환_image_전체타겟,[복숭아쫀득바] 26.09_복쫀바출시_전환_image_전체타겟_대세감,[26.09]F_I_JD복_전환_복쫀바출시_혜택강조형__.배너_대세감.편의점1위찍은쫀득바복숭아맛출시.__고가영_260904_빙과_이채윤,6,0,197,0,0,전환
2026-09-18,120252181361900659,[빙과_스틱바_복숭아쫀득] 26.09_쫀득바출시_수동_전환_image_전체타겟,[복숭아쫀득바] 26.09_복쫀바출시_전환_image_전체타겟_고효율,[26.09]F_I_JD복_전환_복쫀바출시_직원설득형__.배너_가격이득.4만원을0원에.내부공지.현장감.가격실수.__고가영_260904_빙과_이채윤,189,3,1688,0,0,전환
2026-09-18,120252181361920659,[빙과_스틱바_복숭아쫀득] 26.09_쫀득바출시_수동_전환_image_전체타겟,[복숭아쫀득바] 26.09_복쫀바출시_전환_image_전체타겟_고효율,[26.09]F_I_JD복_전환_복쫀바출시_혜택강조형__.배너_가격이득.4만원을0원에.네고형.4만원대 납작복숭아맛을0원에즐길기회.__고가영_260904_빙과_이채윤,486,5,4825,1,0,전환
2026-09-18,120252181361960659,[빙과_스틱바_복숭아쫀득] 26.09_쫀득바출시_수동_전환_image_전체타겟,[복숭아쫀득바] 26.09_복쫀바출시_전환_image_전체타겟_고효율,[26.09]F_I_JD복_전환_복쫀바출시_혜택강조형__.배너_가격이득.4만원을0원에.출시특가반짝세일.출시특가0원.__고가영_260904_빙과_이채윤,10683,106,172005,8,0,전환
2026-09-18,120252181361980659,[빙과_스틱바_복숭아쫀득] 26.09_쫀득바출시_수동_전환_image_전체타겟,[복숭아쫀득바] 26.09_복쫀바출시_전환_image_전체타겟_고효율,[26.09]F_I_JD복_전환_복쫀바출시_혜택강조형__.배너_고효율.네고형.지금이제일싼데왜나중에사요.__고가영_260904_빙과_이채윤,1117,6,7161,1,0,전환
2026-09-20,120252181016220659,[빙과_스틱바_복숭아쫀득] 26.09_쫀득바출시_수동_전환_image_전체타겟,[복숭아쫀득바] 26.09_복쫀바출시_전환_image_전체타겟_식감,[26.09]F_I_JD복_전환_복쫀바출시_제품강조형__.배너_과일계에르메스.다시는없어요.0원증정.__고가영_260904_빙과_이채윤,1008,12,22078,0,0,전환
2026-09-20,120252181092750659,[빙과_스틱바_복숭아쫀득] 26.09_쫀득바출시_수동_전환_image_전체타겟,[복숭아쫀득바] 26.09_복쫀바출시_전환_image_전체타겟_식감,[26.09]F_I_JD복_전환_복쫀바출시_제품강조형__.배너_과일계에르메스.매거진형.출시특가.__고가영_260904_빙과_이채윤,38,1,605,0,0,전환
2026-09-20,120252181179570659,[빙과_스틱바_복숭아쫀득] 26.09_쫀득바출시_수동_전환_image_전체타겟,[복숭아쫀득바] 26.09_복쫀바출시_전환_image_전체타겟_식감,[26.09]F_I_JD복_전환_복쫀바출시_제품강조형__.배너_과일계에르메스.출시기념반짝세일.출시특가0원.__고가영_260904_빙과_이채윤,114,3,1975,1,0,전환
2026-09-20,120252181179580659,[빙과_스틱바_복숭아쫀득] 26.09_쫀득바출시_수동_전환_image_전체타겟,[복숭아쫀득바] 26.09_복쫀바출시_전환_image_전체타겟_식감,[26.09]F_I_JD복_전환_복쫀바출시_직원설득형__.배너_과일계에르메스.내부공지.현장감.가격실수.__고가영_260904_빙과_이채윤,114,0,2585,0,0,전환
2026-09-20,120252181350450659,[빙과_스틱바_복숭아쫀득] 26.09_쫀득바출시_수동_전환_image_전체타겟,[복숭아쫀득바] 26.09_복쫀바출시_전환_image_전체타겟_대세감,[26.09]F_I_JD복_전환_복쫀바출시_혜택강조형__.배너_대세감.매거진형.편의점1위쫀득바신상그릭복숭아쫀득바출시.__고가영_260904_빙과_이채윤,1,0,7,0,0,전환
2026-09-20,120252181361900659,[빙과_스틱바_복숭아쫀득] 26.09_쫀득바출시_수동_전환_image_전체타겟,[복숭아쫀득바] 26.09_복쫀바출시_전환_image_전체타겟_고효율,[26.09]F_I_JD복_전환_복쫀바출시_직원설득형__.배너_가격이득.4만원을0원에.내부공지.현장감.가격실수.__고가영_260904_빙과_이채윤,17,0,206,0,0,전환
2026-09-20,120252181361920659,[빙과_스틱바_복숭아쫀득] 26.09_쫀득바출시_수동_전환_image_전체타겟,[복숭아쫀득바] 26.09_복쫀바출시_전환_image_전체타겟_고효율,[26.09]F_I_JD복_전환_복쫀바출시_혜택강조형__.배너_가격이득.4만원을0원에.네고형.4만원대 납작복숭아맛을0원에즐길기회.__고가영_260904_빙과_이채윤,185,1,2241,0,0,전환
2026-09-20,120252181361960659,[빙과_스틱바_복숭아쫀득] 26.09_쫀득바출시_수동_전환_image_전체타겟,[복숭아쫀득바] 26.09_복쫀바출시_전환_image_전체타겟_고효율,[26.09]F_I_JD복_전환_복쫀바출시_혜택강조형__.배너_가격이득.4만원을0원에.출시특가반짝세일.출시특가0원.__고가영_260904_빙과_이채윤,1231,23,30309,2,0,전환
2026-09-20,120252181361980659,[빙과_스틱바_복숭아쫀득] 26.09_쫀득바출시_수동_전환_image_전체타겟,[복숭아쫀득바] 26.09_복쫀바출시_전환_image_전체타겟_고효율,[26.09]F_I_JD복_전환_복쫀바출시_혜택강조형__.배너_고효율.네고형.지금이제일싼데왜나중에사요.__고가영_260904_빙과_이채윤,30,0,280,0,0,전환
2026-09-08,120252216874380659,(운영X) [빙과_스틱바_멜론쫀득] 26.05_쫀득바출시_ASC_전환_video_전체타겟_공구네고형 - 사본,[스틱바_멜론쫀득] 26.05_쫀득바출시_ASC_전환_video_전체타겟_공구네고형,[26.05]F_V_JD멜_전환_쫀득바출시_네고형_공구네고형_var3.릴스_취식.진수.X_2C_김유진_260529_2T_피재은,22,1,935,0,3,전환
2026-09-08,120252216874400659,(운영X) [빙과_스틱바_멜론쫀득] 26.05_쫀득바출시_ASC_전환_video_전체타겟_공구네고형 - 사본,[스틱바_멜론쫀득] 26.05_쫀득바출시_ASC_전환_video_전체타겟_공구네고형,[26.05]F_V_JD멜_전환_쫀득바출시_네고형_공구네고형_var1.릴스_예예 자체.진수.X_2C_김유진_260529_2T_피재은,19,0,224,0,0,전환
2026-09-08,120252216874410659,(운영X) [빙과_스틱바_멜론쫀득] 26.05_쫀득바출시_ASC_전환_video_전체타겟_공구네고형 - 사본,[스틱바_멜론쫀득] 26.05_쫀득바출시_ASC_전환_video_전체타겟_공구네고형,[26.05]F_V_JD멜_전환_쫀득바출시_네고형_공구네고형_var2.릴스_예예 콘텐츠1.진수.X_2C_김유진_260529_2T_피재은,67,3,1849,0,4,전환
2026-09-08,120252216874420659,(운영X) [빙과_스틱바_멜론쫀득] 26.05_쫀득바출시_ASC_전환_video_전체타겟_공구네고형 - 사본,[스틱바_멜론쫀득] 26.05_쫀득바출시_ASC_전환_video_전체타겟_공구네고형,[26.05]F_V_JD멜_전환_쫀득바출시_네고형_공구네고형_main.릴스_본론.진수.X_2C_김유진_260529_2T_피재은,58,2,1059,0,1,전환
2026-09-08,120252216874430659,(운영X) [빙과_스틱바_멜론쫀득] 26.05_쫀득바출시_ASC_전환_video_전체타겟_공구네고형 - 사본,[스틱바_멜론쫀득] 26.05_쫀득바출시_ASC_전환_video_전체타겟_공구네고형,[26.05]F_V_JD멜_전환_쫀득바출시_네고형_공구네고형_var6.릴스_예예콘텐츠2.진수.X_2C_김유진_260529_2T_피재은,719,20,12840,1,48,전환
2026-09-08,120252216874440659,(운영X) [빙과_스틱바_멜론쫀득] 26.05_쫀득바출시_ASC_전환_video_전체타겟_공구네고형 - 사본,[스틱바_멜론쫀득] 26.05_쫀득바출시_ASC_전환_video_전체타겟_공구네고형,[26.05]F_V_JD멜_전환_쫀득바출시_네고형_공구네고형_var4.릴스_에르메스.진수.X_2C_김유진_260529_2T_피재은,27,0,531,0,0,전환
2026-09-08,120252216874460659,(운영X) [빙과_스틱바_멜론쫀득] 26.05_쫀득바출시_ASC_전환_video_전체타겟_공구네고형 - 사본,[스틱바_멜론쫀득] 26.05_쫀득바출시_ASC_전환_video_전체타겟_공구네고형,[26.05]F_V_JD멜_전환_쫀득바출시_네고형_공구네고형_var5.릴스_BP.진수.X_2C_김유진_260529_2T_피재은,667,22,16788,1,79,전환
2026-09-08,120252234738320659,[빙과_파인트] 26.09_파트너십광고_수동_전환_video_전체타겟,9월 2주차_파트너십_P초_1,[26.09]F_V_P초_전환_골키파출시_파트너십_뽀니,7,0,130,0,0,전환
2026-09-08,120252234968930659,[빙과_파인트] 26.09_파트너십광고_수동_전환_video_전체타겟,9월 2주차_파트너십_P초_1,[26.09]F_V_P초_전환_골키파출시_파트너십_센,43,0,630,0,2,전환
2026-09-09,120252234738320659,[빙과_파인트] 26.09_파트너십광고_수동_전환_video_전체타겟,9월 2주차_파트너십_P초_1,[26.09]F_V_P초_전환_골키파출시_파트너십_뽀니,312,6,4133,0,14,전환
2026-09-09,120252234968930659,[빙과_파인트] 26.09_파트너십광고_수동_전환_video_전체타겟,9월 2주차_파트너십_P초_1,[26.09]F_V_P초_전환_골키파출시_파트너십_센,4027,46,57530,4,117,전환
2026-09-10,120252234738320659,[빙과_파인트] 26.09_파트너십광고_수동_전환_video_전체타겟,9월 2주차_파트너십_P초_1,[26.09]F_V_P초_전환_골키파출시_파트너십_뽀니,135,1,1475,0,1,전환
2026-09-10,120252234968930659,[빙과_파인트] 26.09_파트너십광고_수동_전환_video_전체타겟,9월 2주차_파트너십_P초_1,[26.09]F_V_P초_전환_골키파출시_파트너십_센,3720,44,51580,2,121,전환
2026-09-11,120252234738320659,[빙과_파인트] 26.09_파트너십광고_수동_전환_video_전체타겟,9월 2주차_파트너십_P초_1,[26.09]F_V_P초_전환_골키파출시_파트너십_뽀니,15,0,246,0,1,전환
2026-09-11,120252234968930659,[빙과_파인트] 26.09_파트너십광고_수동_전환_video_전체타겟,9월 2주차_파트너십_P초_1,[26.09]F_V_P초_전환_골키파출시_파트너십_센,200,2,3065,0,7,전환
2026-09-08,120252234968940659,[빙과_파인트] 26.09_파트너십광고_수동_전환_video_전체타겟,9월 2주차_파트너십_P초_1,[26.09]F_V_P초_전환_골키파출시_파트너십_빵댕잉,7,0,69,0,0,전환
2026-09-08,120252234968950659,[빙과_파인트] 26.09_파트너십광고_수동_전환_video_전체타겟,9월 2주차_파트너십_P초_1,[26.09]F_V_P초_전환_골키파출시_파트너십_쇼닝,295,2,2961,0,10,전환
2026-09-08,120252235104570659,[빙과_파인트] 26.09_파트너십광고_ASC_전환_video_전체타겟_9월 2주차,[빙과_파인트] 26.09_파트너십광고_ASC_전환_video_전체타겟_9월 2주차_1,[26.09]F_V_P초_전환_골키파출시_파트너십_빵댕잉,34,0,363,0,1,전환
2026-09-08,120252235104580659,[빙과_파인트] 26.09_파트너십광고_ASC_전환_video_전체타겟_9월 2주차,[빙과_파인트] 26.09_파트너십광고_ASC_전환_video_전체타겟_9월 2주차_1,[26.09]F_V_P초_전환_골키파출시_파트너십_뽀니,16,0,171,0,1,전환
2026-09-08,120252235104600659,[빙과_파인트] 26.09_파트너십광고_ASC_전환_video_전체타겟_9월 2주차,[빙과_파인트] 26.09_파트너십광고_ASC_전환_video_전체타겟_9월 2주차_1,[26.09]F_V_P초_전환_골키파출시_파트너십_센,85,0,1004,0,4,전환
2026-09-09,120252234968940659,[빙과_파인트] 26.09_파트너십광고_수동_전환_video_전체타겟,9월 2주차_파트너십_P초_1,[26.09]F_V_P초_전환_골키파출시_파트너십_빵댕잉,958,8,13776,1,22,전환
2026-09-09,120252234968950659,[빙과_파인트] 26.09_파트너십광고_수동_전환_video_전체타겟,9월 2주차_파트너십_P초_1,[26.09]F_V_P초_전환_골키파출시_파트너십_쇼닝,8163,77,98346,7,382,전환
2026-09-09,120252235104570659,[빙과_파인트] 26.09_파트너십광고_ASC_전환_video_전체타겟_9월 2주차,[빙과_파인트] 26.09_파트너십광고_ASC_전환_video_전체타겟_9월 2주차_1,[26.09]F_V_P초_전환_골키파출시_파트너십_빵댕잉,1932,17,20077,0,54,전환
2026-09-09,120252235104580659,[빙과_파인트] 26.09_파트너십광고_ASC_전환_video_전체타겟_9월 2주차,[빙과_파인트] 26.09_파트너십광고_ASC_전환_video_전체타겟_9월 2주차_1,[26.09]F_V_P초_전환_골키파출시_파트너십_뽀니,643,2,6617,2,14,전환
2026-09-09,120252235104600659,[빙과_파인트] 26.09_파트너십광고_ASC_전환_video_전체타겟_9월 2주차,[빙과_파인트] 26.09_파트너십광고_ASC_전환_video_전체타겟_9월 2주차_1,[26.09]F_V_P초_전환_골키파출시_파트너십_센,2453,19,25325,1,72,전환
2026-09-10,120252234968940659,[빙과_파인트] 26.09_파트너십광고_수동_전환_video_전체타겟,9월 2주차_파트너십_P초_1,[26.09]F_V_P초_전환_골키파출시_파트너십_빵댕잉,451,9,6984,0,13,전환
2026-09-10,120252234968950659,[빙과_파인트] 26.09_파트너십광고_수동_전환_video_전체타겟,9월 2주차_파트너십_P초_1,[26.09]F_V_P초_전환_골키파출시_파트너십_쇼닝,11033,78,115909,7,469,전환
2026-09-10,120252235104580659,[빙과_파인트] 26.09_파트너십광고_ASC_전환_video_전체타겟_9월 2주차,[빙과_파인트] 26.09_파트너십광고_ASC_전환_video_전체타겟_9월 2주차_1,[26.09]F_V_P초_전환_골키파출시_파트너십_뽀니,58,0,368,0,1,전환
2026-09-11,120252234968940659,[빙과_파인트] 26.09_파트너십광고_수동_전환_video_전체타겟,9월 2주차_파트너십_P초_1,[26.09]F_V_P초_전환_골키파출시_파트너십_빵댕잉,68,1,999,0,2,전환
2026-09-11,120252234968950659,[빙과_파인트] 26.09_파트너십광고_수동_전환_video_전체타겟,9월 2주차_파트너십_P초_1,[26.09]F_V_P초_전환_골키파출시_파트너십_쇼닝,1961,14,24593,0,108,전환
2026-09-11,120252235104580659,[빙과_파인트] 26.09_파트너십광고_ASC_전환_video_전체타겟_9월 2주차,[빙과_파인트] 26.09_파트너십광고_ASC_전환_video_전체타겟_9월 2주차_1,[26.09]F_V_P초_전환_골키파출시_파트너십_뽀니,83,1,1061,0,2,전환
2026-09-12,120252234968950659,[빙과_파인트] 26.09_파트너십광고_수동_전환_video_전체타겟,9월 2주차_파트너십_P초_1,[26.09]F_V_P초_전환_골키파출시_파트너십_쇼닝,6483,63,64987,3,397,전환
2026-09-12,120252235104570659,[빙과_파인트] 26.09_파트너십광고_ASC_전환_video_전체타겟_9월 2주차,[빙과_파인트] 26.09_파트너십광고_ASC_전환_video_전체타겟_9월 2주차_1,[26.09]F_V_P초_전환_골키파출시_파트너십_빵댕잉,49,0,768,0,2,전환
2026-09-12,120252235104580659,[빙과_파인트] 26.09_파트너십광고_ASC_전환_video_전체타겟_9월 2주차,[빙과_파인트] 26.09_파트너십광고_ASC_전환_video_전체타겟_9월 2주차_1,[26.09]F_V_P초_전환_골키파출시_파트너십_뽀니,4,0,19,0,0,전환
2026-09-15,120252235104600659,[빙과_파인트] 26.09_파트너십광고_ASC_전환_video_전체타겟_9월 2주차,[빙과_파인트] 26.09_파트너십광고_ASC_전환_video_전체타겟_9월 2주차_1,[26.09]F_V_P초_전환_골키파출시_파트너십_센,1490,23,23463,1,77,전환
2026-09-16,120252235104570659,[빙과_파인트] 26.09_파트너십광고_ASC_전환_video_전체타겟_9월 2주차,[빙과_파인트] 26.09_파트너십광고_ASC_전환_video_전체타겟_9월 2주차_1,[26.09]F_V_P초_전환_골키파출시_파트너십_빵댕잉,4656,37,59837,3,120,전환
2026-09-16,120252235104580659,[빙과_파인트] 26.09_파트너십광고_ASC_전환_video_전체타겟_9월 2주차,[빙과_파인트] 26.09_파트너십광고_ASC_전환_video_전체타겟_9월 2주차_1,[26.09]F_V_P초_전환_골키파출시_파트너십_뽀니,903,4,10644,0,17,전환
2026-09-17,120252234968950659,[빙과_파인트] 26.09_파트너십광고_수동_전환_video_전체타겟,9월 2주차_파트너십_P초_1,[26.09]F_V_P초_전환_골키파출시_파트너십_쇼닝,1952,25,25887,2,90,전환
2026-09-17,120252235104580659,[빙과_파인트] 26.09_파트너십광고_ASC_전환_video_전체타겟_9월 2주차,[빙과_파인트] 26.09_파트너십광고_ASC_전환_video_전체타겟_9월 2주차_1,[26.09]F_V_P초_전환_골키파출시_파트너십_뽀니,281,4,3212,0,17,전환
2026-09-17,120252235104600659,[빙과_파인트] 26.09_파트너십광고_ASC_전환_video_전체타겟_9월 2주차,[빙과_파인트] 26.09_파트너십광고_ASC_전환_video_전체타겟_9월 2주차_1,[26.09]F_V_P초_전환_골키파출시_파트너십_센,2509,19,38370,0,69,전환
2026-09-18,120252234968950659,[빙과_파인트] 26.09_파트너십광고_수동_전환_video_전체타겟,9월 2주차_파트너십_P초_1,[26.09]F_V_P초_전환_골키파출시_파트너십_쇼닝,2366,28,29397,0,126,전환
2026-09-18,120252235104570659,[빙과_파인트] 26.09_파트너십광고_ASC_전환_video_전체타겟_9월 2주차,[빙과_파인트] 26.09_파트너십광고_ASC_전환_video_전체타겟_9월 2주차_1,[26.09]F_V_P초_전환_골키파출시_파트너십_빵댕잉,1078,11,13613,1,38,전환
2026-09-18,120252235104580659,[빙과_파인트] 26.09_파트너십광고_ASC_전환_video_전체타겟_9월 2주차,[빙과_파인트] 26.09_파트너십광고_ASC_전환_video_전체타겟_9월 2주차_1,[26.09]F_V_P초_전환_골키파출시_파트너십_뽀니,431,2,4651,1,13,전환
2026-09-20,120252235104570659,[빙과_파인트] 26.09_파트너십광고_ASC_전환_video_전체타겟_9월 2주차,[빙과_파인트] 26.09_파트너십광고_ASC_전환_video_전체타겟_9월 2주차_1,[26.09]F_V_P초_전환_골키파출시_파트너십_빵댕잉,132,0,1365,0,5,전환
2026-09-09,120246599962540659,[빙과_스틱바_망고쫀득] 26.05_쫀득바출시_ASC_전환_image_전체타겟,[쫀득바]26.05_쫀득바출시_ASC_전환_image_전체타겟,[26.05]F_I_JD망_전환_쫀득바출시_제품강조형_제품력.100_.배너_혜택O.제품력.쫀득함극대화.쫀득한뿔_확장_김바다_260508_2셀_최아연,1514,13,20693,0,0,전환
2026-09-09,120247019078770659,[빙과_스틱바_망고쫀득] 26.05_쫀득바출시_수동_전환_video_전체타겟_예예,지인네고형_원물강조,[26.05]F_V_JD망_전환_쫀득바출시_네고형_지인네고형_var4.릴스_예예.원물강조.남친얘기.재은PJ1_2C_김바다_260514_2T_피재은,2794,40,22980,0,322,전환
2026-09-09,120247367413660659,[빙과_스틱바_망고쫀득] 26.05_쫀득바출시_수동_전환_image_전체타겟_AI테스트 (예예),0520_AI 테스트(2),[26.05]F_I_JD망_전환_쫀득바출시_렉카형_var7_예예.AI배너.1천만완판망고_260520_김재광,1594,19,25837,1,104,전환
2026-09-10,120246599962540659,[빙과_스틱바_망고쫀득] 26.05_쫀득바출시_ASC_전환_image_전체타겟,[쫀득바]26.05_쫀득바출시_ASC_전환_image_전체타겟,[26.05]F_I_JD망_전환_쫀득바출시_제품강조형_제품력.100_.배너_혜택O.제품력.쫀득함극대화.쫀득한뿔_확장_김바다_260508_2셀_최아연,139,1,1994,0,0,전환
2026-09-10,120247367413660659,[빙과_스틱바_망고쫀득] 26.05_쫀득바출시_수동_전환_image_전체타겟_AI테스트 (예예),0520_AI 테스트(2),[26.05]F_I_JD망_전환_쫀득바출시_렉카형_var7_예예.AI배너.1천만완판망고_260520_김재광,2,0,82,0,0,전환
2026-09-12,120246599962540659,[빙과_스틱바_망고쫀득] 26.05_쫀득바출시_ASC_전환_image_전체타겟,[쫀득바]26.05_쫀득바출시_ASC_전환_image_전체타겟,[26.05]F_I_JD망_전환_쫀득바출시_제품강조형_제품력.100_.배너_혜택O.제품력.쫀득함극대화.쫀득한뿔_확장_김바다_260508_2셀_최아연,341,5,5980,0,0,전환
2026-09-13,120246599962540659,[빙과_스틱바_망고쫀득] 26.05_쫀득바출시_ASC_전환_image_전체타겟,[쫀득바]26.05_쫀득바출시_ASC_전환_image_전체타겟,[26.05]F_I_JD망_전환_쫀득바출시_제품강조형_제품력.100_.배너_혜택O.제품력.쫀득함극대화.쫀득한뿔_확장_김바다_260508_2셀_최아연,1498,31,24980,1,0,전환
2026-09-08,120252235104590659,[빙과_파인트] 26.09_파트너십광고_ASC_전환_video_전체타겟_9월 2주차,[빙과_파인트] 26.09_파트너십광고_ASC_전환_video_전체타겟_9월 2주차_1,[26.09]F_V_P초_전환_골키파출시_파트너십_쇼닝,248,0,2436,0,8,전환
2026-09-09,120252233308360659,[빙과_파인트_골키파] 26.07_골키파출시_수동_전환_image_전체타겟,0908_P혼_100원,[26.09]F_I_P혼_전환_상시_혜택강조형__.배너_권위자.성분.100원.그래프.약사헬스트레이너픽저당파인트.__고가영_260908_빙과_이채윤,212,4,5152,0,0,전환
2026-09-09,120252233310640659,[빙과_파인트_골키파] 26.07_골키파출시_수동_전환_image_전체타겟,0908_P혼_100원,[26.09]F_I_P혼_전환_상시_혜택강조형__.배너_권위자.성분.100원.약사도인정한믿고먹는저당템.타사대비98%낮아.마음껏.__고가영_260908_빙과_이채윤,74,2,1556,0,0,전환
2026-09-09,120252233313530659,[빙과_파인트_골키파] 26.07_골키파출시_수동_전환_image_전체타겟,0908_P혼_100원,[26.09]F_I_P혼_전환_상시_혜택강조형__.배너_권위자.성분.100원.약사도픽한저당이라믿고쟁였어요.__고가영_260908_빙과_이채윤,59,2,2944,0,0,전환
2026-09-09,120252233317660659,[빙과_파인트_골키파] 26.07_골키파출시_수동_전환_image_전체타겟,0908_P혼_100원,[26.09]F_I_P혼_전환_상시_혜택강조형__.배너_물량.대세감.100원.글로벌프리미엄브랜드이기고1위기념.이벤트끝나면정상가.__고가영_260908_빙과_이채윤,4308,72,69357,3,0,전환
2026-09-09,120252233320800659,[빙과_파인트_골키파] 26.07_골키파출시_수동_전환_image_전체타겟,0908_P혼_100원,[26.09]F_I_P혼_전환_상시_혜택강조형__.배너_물량.대세감.100원.글로벌프리미엄아이스크림제친.1위저당파인트.__고가영_260908_빙과_이채윤,1120,19,23173,0,0,전환
2026-09-09,120252233330330659,[빙과_파인트_골키파] 26.07_골키파출시_수동_전환_image_전체타겟,0908_P혼_100원,[26.09]F_I_P혼_전환_상시_혜택강조형__.배너_물량.대세감.100원.당을5배나낮춰.글로벌프리미엄브랜드제치기념.지금쟁이세요.__고가영_260908_빙과_이채윤,562,19,14818,1,0,전환
2026-09-09,120252233333800659,[빙과_파인트_골키파] 26.07_골키파출시_수동_전환_image_전체타겟,0908_P혼_100원,[26.09]F_I_P혼_전환_상시_혜택강조형__.배너_물량.대세감.100원.매거진형.글로벌프리미엄브랜드제치고1위한.SNS핫템.__고가영_260908_빙과_이채윤,822,17,14315,2,0,전환
2026-09-09,120252233338390659,[빙과_파인트_골키파] 26.07_골키파출시_수동_전환_image_전체타겟,0908_P혼_100원,[26.09]F_I_P혼_전환_상시_혜택강조형__.배너_물량.대세감.100원.사과문.저희도죄송스럽습니다.품절전지금쟁이세요.__고가영_260908_빙과_이채윤,1931,33,37659,2,0,전환
2026-09-09,120252233340930659,[빙과_파인트_골키파] 26.07_골키파출시_수동_전환_image_전체타겟,0908_P혼_100원,[26.09]F_I_P혼_전환_상시_혜택강조형__.배너_물량.대세감.100원.이제다시는없어요.지금쟁이세요.박스샷.__고가영_260908_빙과_이채윤,4952,70,78466,8,0,전환
2026-09-09,120252233348390659,[빙과_파인트] 26.04_파인트990원_수동_전환_image_전체타겟,260908_P혼_990원,[26.09]F_I_P혼_전환_파인트990원_혜택강조형__.배너_권위자.성분.그래프.약사헬스트레이너픽저당파인트.__고가영_260908_빙과_이채윤,368,5,5903,0,0,전환
2026-09-09,120252233354560659,[빙과_파인트] 26.04_파인트990원_수동_전환_image_전체타겟,260908_P혼_990원,[26.09]F_I_P혼_전환_파인트990원_혜택강조형__.배너_권위자.성분.약사도인정한믿고먹는저당템.타사대비98%낮아.마음껏.__고가영_260908_빙과_이채윤,40,1,868,0,0,전환
2026-09-09,120252233358300659,[빙과_파인트] 26.04_파인트990원_수동_전환_image_전체타겟,260908_P혼_990원,[26.09]F_I_P혼_전환_파인트990원_혜택강조형__.배너_권위자.성분.약사도픽한저당이라.990원에잔뜩쟁였어요.__고가영_260908_빙과_이채윤,40,1,678,0,0,전환
2026-09-09,120252233366620659,[빙과_파인트] 26.04_파인트990원_수동_전환_image_전체타겟,260908_P혼_990원,[26.09]F_I_P혼_전환_파인트990원_혜택강조형__.배너_물량.대세감.글로벌프리미엄브랜드이기고1위기념.이벤트끝나면정상가.__고가영_260908_빙과_이채윤,6762,149,92001,3,0,전환
2026-09-09,120252233370840659,[빙과_파인트] 26.04_파인트990원_수동_전환_image_전체타겟,260908_P혼_990원,[26.09]F_I_P혼_전환_파인트990원_혜택강조형__.배너_물량.대세감.글로벌프리미엄아이스크림제친.1위저당파인트.__고가영_260908_빙과_이채윤,5919,83,83470,2,0,전환
2026-09-09,120252233381040659,[빙과_파인트] 26.04_파인트990원_수동_전환_image_전체타겟,260908_P혼_990원,[26.09]F_I_P혼_전환_파인트990원_혜택강조형__.배너_물량.대세감.당을5배나낮춰.글로벌프리미엄브랜드제치기념.지금쟁이세요.__고가영_260908_빙과_이채윤,1148,31,26846,3,0,전환
2026-09-09,120252233387330659,[빙과_파인트] 26.04_파인트990원_수동_전환_image_전체타겟,260908_P혼_990원,[26.09]F_I_P혼_전환_파인트990원_혜택강조형__.배너_물량.대세감.매거진형.글로벌프리미엄브랜드제치고1위한.SNS핫템.__고가영_260908_빙과_이채윤,479,6,9167,1,0,전환
2026-09-09,120252233391290659,[빙과_파인트] 26.04_파인트990원_수동_전환_image_전체타겟,260908_P혼_990원,[26.09]F_I_P혼_전환_파인트990원_혜택강조형__.배너_물량.대세감.사과문.저희도죄송스럽습니다.품절전지금쟁이세요.__고가영_260908_빙과_이채윤,14340,231,227602,12,0,전환
2026-09-09,120252233395540659,[빙과_파인트] 26.04_파인트990원_수동_전환_image_전체타겟,260908_P혼_990원,[26.09]F_I_P혼_전환_파인트990원_혜택강조형__.배너_물량.대세감.이제다시는없어요.지금쟁이세요.박스샷.__고가영_260908_빙과_이채윤,3260,35,38534,4,0,전환
2026-09-09,120252235104590659,[빙과_파인트] 26.09_파트너십광고_ASC_전환_video_전체타겟_9월 2주차,[빙과_파인트] 26.09_파트너십광고_ASC_전환_video_전체타겟_9월 2주차_1,[26.09]F_V_P초_전환_골키파출시_파트너십_쇼닝,8041,32,64659,3,335,전환
2026-09-09,120252239501520659,[빙과_스틱바_복숭아쫀득] 26.09_쫀득바출시_수동_전환_image_전체타겟,[복숭아쫀득바] 26.09_복쫀바출시_전환_image_전체타겟_식감,[26.09]F_I_JD복_전환_복쫀바출시_제품강조형__.배너_과일계에르메스.다시는없어요.0원증정.__고가영_260904_빙과_이채윤,334,8,7017,0,0,전환
2026-09-09,120252239501530659,[빙과_스틱바_복숭아쫀득] 26.09_쫀득바출시_수동_전환_image_전체타겟,[복숭아쫀득바] 26.09_복쫀바출시_전환_image_전체타겟_식감,[26.09]F_I_JD복_전환_복쫀바출시_제품강조형__.배너_과일계에르메스.네고형.납작복숭아만큼달달쫀득해요.__고가영_260904_빙과_이채윤,7,0,128,0,0,전환
2026-09-09,120252239501540659,[빙과_스틱바_복숭아쫀득] 26.09_쫀득바출시_수동_전환_image_전체타겟,[복숭아쫀득바] 26.09_복쫀바출시_전환_image_전체타겟_식감,[26.09]F_I_JD복_전환_복쫀바출시_직원설득형__.배너_과일계에르메스.내부공지.현장감.가격실수.__고가영_260904_빙과_이채윤,7,0,332,0,0,전환
2026-09-09,120252239501550659,[빙과_스틱바_복숭아쫀득] 26.09_쫀득바출시_수동_전환_image_전체타겟,[복숭아쫀득바] 26.09_복쫀바출시_전환_image_전체타겟_식감,[26.09]F_I_JD복_전환_복쫀바출시_직원설득형__.배너_과일계에르메스.내부공지.현장감.가격실수.__고가영_260904_빙과_이채윤,60,3,1499,0,0,전환
2026-09-09,120252239501560659,[빙과_스틱바_복숭아쫀득] 26.09_쫀득바출시_수동_전환_image_전체타겟,[복숭아쫀득바] 26.09_복쫀바출시_전환_image_전체타겟_식감,[26.09]F_I_JD복_전환_복쫀바출시_제품강조형__.배너_과일계에르메스.과일계에르X스처럼달달쫀득.__고가영_260904_빙과_이채윤,5,0,53,0,0,전환
2026-09-09,120252239501570659,[빙과_스틱바_복숭아쫀득] 26.09_쫀득바출시_수동_전환_image_전체타겟,[복숭아쫀득바] 26.09_복쫀바출시_전환_image_전체타겟_식감,[26.09]F_I_JD복_전환_복쫀바출시_제품강조형__.배너_과일계에르메스.과일계에르X스처럼달달쫀득.__고가영_260904_빙과_이채윤,7,0,236,0,0,전환
2026-09-09,120252239501580659,[빙과_스틱바_복숭아쫀득] 26.09_쫀득바출시_수동_전환_image_전체타겟,[복숭아쫀득바] 26.09_복쫀바출시_전환_image_전체타겟_식감,[26.09]F_I_JD복_전환_복쫀바출시_제품강조형__.배너_과일계에르메스.매거진형.출시특가.__고가영_260904_빙과_이채윤,2,0,24,0,0,전환
2026-09-09,120252239501590659,[빙과_스틱바_복숭아쫀득] 26.09_쫀득바출시_수동_전환_image_전체타겟,[복숭아쫀득바] 26.09_복쫀바출시_전환_image_전체타겟_식감,[26.09]F_I_JD복_전환_복쫀바출시_제품강조형__.배너_과일계에르메스.출시기념반짝세일.출시특가0원.__고가영_260904_빙과_이채윤,2,0,18,0,0,전환
2026-09-09,120252239501610659,[빙과_스틱바_복숭아쫀득] 26.09_쫀득바출시_수동_전환_image_전체타겟,[복숭아쫀득바] 26.09_복쫀바출시_전환_image_전체타겟_식감,[26.09]F_I_JD복_전환_복쫀바출시_제품강조형__.배너_과일계에르메스.다시는없어요.0원증정.__고가영_260904_빙과_이채윤,38,0,850,0,0,전환
2026-09-09,120252239501620659,[빙과_스틱바_복숭아쫀득] 26.09_쫀득바출시_수동_전환_image_전체타겟,[복숭아쫀득바] 26.09_복쫀바출시_전환_image_전체타겟_식감,[26.09]F_I_JD복_전환_복쫀바출시_제품강조형__.배너_과일계에르메스.매거진형.출시특가.__고가영_260904_빙과_이채윤,4,0,48,0,0,전환
2026-09-09,120252240075530659,[빙과_스틱바_복숭아쫀득] 26.09_쫀득바출시_수동_전환_image_전체타겟,[복숭아쫀득바] 26.09_복쫀바출시_전환_image_전체타겟_유럽납복,[26.09]F_I_JD복_전환_복쫀바출시_직원설득형__.배너_성분.유럽납작복숭아.차원이다른유럽납작복숭아반짝세일.__황경원_260908_빙과_이채윤,86,1,1421,0,0,전환
2026-09-09,120252240081860659,[빙과_스틱바_복숭아쫀득] 26.09_쫀득바출시_수동_전환_image_전체타겟,[복숭아쫀득바] 26.09_복쫀바출시_전환_image_전체타겟_유럽납복,[26.09]F_I_JD복_전환_복쫀바출시_혜택강조형__.배너_성분.유럽납작복숭아.네고형.유럽납작복숭아맛을0원에즐길기회.__황경원_260908_빙과_이채윤,693,11,12838,2,0,전환
2026-09-09,120252240095060659,[빙과_스틱바_복숭아쫀득] 26.09_쫀득바출시_수동_전환_image_전체타겟,[복숭아쫀득바] 26.09_복쫀바출시_전환_image_전체타겟_유럽납복,[26.09]F_I_JD복_전환_복쫀바출시_직원설득형__.배너_성분.유럽납작복숭아.내부공지.현장감.가격실수안내.__황경원_260908_빙과_이채윤,7433,122,100506,6,0,전환
2026-09-09,120252240104580659,[빙과_스틱바_복숭아쫀득] 26.09_쫀득바출시_수동_전환_image_전체타겟,[복숭아쫀득바] 26.09_복쫀바출시_전환_image_전체타겟_유럽납복,[26.09]F_I_JD복_전환_복쫀바출시_직원설득형__.배너_성분.유럽납작복숭아.내부공지.가격조정안내.__황경원_260908_빙과_이채윤,129,0,2183,0,0,전환
2026-09-09,120252240411180659,[빙과_스틱바_복숭아쫀득] 26.09_쫀득바출시_ASC_전환_image_전체타겟,[복숭아쫀득바] 26.09_복쫀바출시_ASC_전환_image_전체타겟_유럽납복,[26.09]F_I_JD복_전환_복쫀바출시_직원설득형__.배너_성분.유럽납작복숭아.내부공지.현장감.가격실수안내.__황경원_260908_빙과_이채윤,7019,136,98398,4,0,전환
2026-09-09,120252240411190659,[빙과_스틱바_복숭아쫀득] 26.09_쫀득바출시_ASC_전환_image_전체타겟,[복숭아쫀득바] 26.09_복쫀바출시_ASC_전환_image_전체타겟_유럽납복,[26.09]F_I_JD복_전환_복쫀바출시_직원설득형__.배너_성분.유럽납작복숭아.내부공지.가격조정안내.__황경원_260908_빙과_이채윤,181,2,4595,0,0,전환
2026-09-09,120252240411200659,[빙과_스틱바_복숭아쫀득] 26.09_쫀득바출시_ASC_전환_image_전체타겟,[복숭아쫀득바] 26.09_복쫀바출시_ASC_전환_image_전체타겟_유럽납복,[26.09]F_I_JD복_전환_복쫀바출시_혜택강조형__.배너_성분.유럽납작복숭아.네고형.유럽납작복숭아맛을0원에즐길기회.__황경원_260908_빙과_이채윤,86,2,1147,1,0,전환
2026-09-10,120252233308360659,[빙과_파인트_골키파] 26.07_골키파출시_수동_전환_image_전체타겟,0908_P혼_100원,[26.09]F_I_P혼_전환_상시_혜택강조형__.배너_권위자.성분.100원.그래프.약사헬스트레이너픽저당파인트.__고가영_260908_빙과_이채윤,299,3,4782,0,0,전환
2026-09-10,120252233310640659,[빙과_파인트_골키파] 26.07_골키파출시_수동_전환_image_전체타겟,0908_P혼_100원,[26.09]F_I_P혼_전환_상시_혜택강조형__.배너_권위자.성분.100원.약사도인정한믿고먹는저당템.타사대비98%낮아.마음껏.__고가영_260908_빙과_이채윤,16,1,371,0,0,전환
2026-09-10,120252233313530659,[빙과_파인트_골키파] 26.07_골키파출시_수동_전환_image_전체타겟,0908_P혼_100원,[26.09]F_I_P혼_전환_상시_혜택강조형__.배너_권위자.성분.100원.약사도픽한저당이라믿고쟁였어요.__고가영_260908_빙과_이채윤,60,1,944,1,0,전환
2026-09-10,120252233317660659,[빙과_파인트_골키파] 26.07_골키파출시_수동_전환_image_전체타겟,0908_P혼_100원,[26.09]F_I_P혼_전환_상시_혜택강조형__.배너_물량.대세감.100원.글로벌프리미엄브랜드이기고1위기념.이벤트끝나면정상가.__고가영_260908_빙과_이채윤,79,0,1404,0,0,전환
2026-09-10,120252233330330659,[빙과_파인트_골키파] 26.07_골키파출시_수동_전환_image_전체타겟,0908_P혼_100원,[26.09]F_I_P혼_전환_상시_혜택강조형__.배너_물량.대세감.100원.당을5배나낮춰.글로벌프리미엄브랜드제치기념.지금쟁이세요.__고가영_260908_빙과_이채윤,1144,25,22969,1,0,전환
2026-09-10,120252233333800659,[빙과_파인트_골키파] 26.07_골키파출시_수동_전환_image_전체타겟,0908_P혼_100원,[26.09]F_I_P혼_전환_상시_혜택강조형__.배너_물량.대세감.100원.매거진형.글로벌프리미엄브랜드제치고1위한.SNS핫템.__고가영_260908_빙과_이채윤,353,9,7602,0,0,전환
2026-09-10,120252233338390659,[빙과_파인트_골키파] 26.07_골키파출시_수동_전환_image_전체타겟,0908_P혼_100원,[26.09]F_I_P혼_전환_상시_혜택강조형__.배너_물량.대세감.100원.사과문.저희도죄송스럽습니다.품절전지금쟁이세요.__고가영_260908_빙과_이채윤,28,2,313,0,0,전환
2026-09-10,120252233340930659,[빙과_파인트_골키파] 26.07_골키파출시_수동_전환_image_전체타겟,0908_P혼_100원,[26.09]F_I_P혼_전환_상시_혜택강조형__.배너_물량.대세감.100원.이제다시는없어요.지금쟁이세요.박스샷.__고가영_260908_빙과_이채윤,2201,50,39362,2,0,전환
2026-09-10,120252233348390659,[빙과_파인트] 26.04_파인트990원_수동_전환_image_전체타겟,260908_P혼_990원,[26.09]F_I_P혼_전환_파인트990원_혜택강조형__.배너_권위자.성분.그래프.약사헬스트레이너픽저당파인트.__고가영_260908_빙과_이채윤,971,15,16978,0,0,전환
2026-09-10,120252233354560659,[빙과_파인트] 26.04_파인트990원_수동_전환_image_전체타겟,260908_P혼_990원,[26.09]F_I_P혼_전환_파인트990원_혜택강조형__.배너_권위자.성분.약사도인정한믿고먹는저당템.타사대비98%낮아.마음껏.__고가영_260908_빙과_이채윤,171,2,2010,0,0,전환
2026-09-10,120252233358300659,[빙과_파인트] 26.04_파인트990원_수동_전환_image_전체타겟,260908_P혼_990원,[26.09]F_I_P혼_전환_파인트990원_혜택강조형__.배너_권위자.성분.약사도픽한저당이라.990원에잔뜩쟁였어요.__고가영_260908_빙과_이채윤,629,11,7405,0,0,전환
2026-09-10,120252233366620659,[빙과_파인트] 26.04_파인트990원_수동_전환_image_전체타겟,260908_P혼_990원,[26.09]F_I_P혼_전환_파인트990원_혜택강조형__.배너_물량.대세감.글로벌프리미엄브랜드이기고1위기념.이벤트끝나면정상가.__고가영_260908_빙과_이채윤,363,6,5517,0,0,전환
2026-09-10,120252233370840659,[빙과_파인트] 26.04_파인트990원_수동_전환_image_전체타겟,260908_P혼_990원,[26.09]F_I_P혼_전환_파인트990원_혜택강조형__.배너_물량.대세감.글로벌프리미엄아이스크림제친.1위저당파인트.__고가영_260908_빙과_이채윤,197,3,3742,0,0,전환
2026-09-10,120252233381040659,[빙과_파인트] 26.04_파인트990원_수동_전환_image_전체타겟,260908_P혼_990원,[26.09]F_I_P혼_전환_파인트990원_혜택강조형__.배너_물량.대세감.당을5배나낮춰.글로벌프리미엄브랜드제치기념.지금쟁이세요.__고가영_260908_빙과_이채윤,937,21,24251,1,0,전환
2026-09-10,120252233387330659,[빙과_파인트] 26.04_파인트990원_수동_전환_image_전체타겟,260908_P혼_990원,[26.09]F_I_P혼_전환_파인트990원_혜택강조형__.배너_물량.대세감.매거진형.글로벌프리미엄브랜드제치고1위한.SNS핫템.__고가영_260908_빙과_이채윤,1365,21,15897,2,0,전환
2026-09-10,120252233391290659,[빙과_파인트] 26.04_파인트990원_수동_전환_image_전체타겟,260908_P혼_990원,[26.09]F_I_P혼_전환_파인트990원_혜택강조형__.배너_물량.대세감.사과문.저희도죄송스럽습니다.품절전지금쟁이세요.__고가영_260908_빙과_이채윤,2754,58,41341,2,0,전환
2026-09-10,120252233395540659,[빙과_파인트] 26.04_파인트990원_수동_전환_image_전체타겟,260908_P혼_990원,[26.09]F_I_P혼_전환_파인트990원_혜택강조형__.배너_물량.대세감.이제다시는없어요.지금쟁이세요.박스샷.__고가영_260908_빙과_이채윤,1434,26,21948,0,0,전환
2026-09-10,120252239501520659,[빙과_스틱바_복숭아쫀득] 26.09_쫀득바출시_수동_전환_image_전체타겟,[복숭아쫀득바] 26.09_복쫀바출시_전환_image_전체타겟_식감,[26.09]F_I_JD복_전환_복쫀바출시_제품강조형__.배너_과일계에르메스.다시는없어요.0원증정.__고가영_260904_빙과_이채윤,17,0,318,0,0,전환
2026-09-10,120252239501550659,[빙과_스틱바_복숭아쫀득] 26.09_쫀득바출시_수동_전환_image_전체타겟,[복숭아쫀득바] 26.09_복쫀바출시_전환_image_전체타겟_식감,[26.09]F_I_JD복_전환_복쫀바출시_직원설득형__.배너_과일계에르메스.내부공지.현장감.가격실수.__고가영_260904_빙과_이채윤,1,0,6,0,0,전환
2026-09-10,120252240075530659,[빙과_스틱바_복숭아쫀득] 26.09_쫀득바출시_수동_전환_image_전체타겟,[복숭아쫀득바] 26.09_복쫀바출시_전환_image_전체타겟_유럽납복,[26.09]F_I_JD복_전환_복쫀바출시_직원설득형__.배너_성분.유럽납작복숭아.차원이다른유럽납작복숭아반짝세일.__황경원_260908_빙과_이채윤,15,1,433,0,0,전환
2026-09-10,120252240081860659,[빙과_스틱바_복숭아쫀득] 26.09_쫀득바출시_수동_전환_image_전체타겟,[복숭아쫀득바] 26.09_복쫀바출시_전환_image_전체타겟_유럽납복,[26.09]F_I_JD복_전환_복쫀바출시_혜택강조형__.배너_성분.유럽납작복숭아.네고형.유럽납작복숭아맛을0원에즐길기회.__황경원_260908_빙과_이채윤,98,4,1720,0,0,전환
2026-09-10,120252240095060659,[빙과_스틱바_복숭아쫀득] 26.09_쫀득바출시_수동_전환_image_전체타겟,[복숭아쫀득바] 26.09_복쫀바출시_전환_image_전체타겟_유럽납복,[26.09]F_I_JD복_전환_복쫀바출시_직원설득형__.배너_성분.유럽납작복숭아.내부공지.현장감.가격실수안내.__황경원_260908_빙과_이채윤,10260,166,110878,5,0,전환
2026-09-10,120252240104580659,[빙과_스틱바_복숭아쫀득] 26.09_쫀득바출시_수동_전환_image_전체타겟,[복숭아쫀득바] 26.09_복쫀바출시_전환_image_전체타겟_유럽납복,[26.09]F_I_JD복_전환_복쫀바출시_직원설득형__.배너_성분.유럽납작복숭아.내부공지.가격조정안내.__황경원_260908_빙과_이채윤,5,1,108,0,0,전환
2026-09-10,120252240411180659,[빙과_스틱바_복숭아쫀득] 26.09_쫀득바출시_ASC_전환_image_전체타겟,[복숭아쫀득바] 26.09_복쫀바출시_ASC_전환_image_전체타겟_유럽납복,[26.09]F_I_JD복_전환_복쫀바출시_직원설득형__.배너_성분.유럽납작복숭아.내부공지.현장감.가격실수안내.__황경원_260908_빙과_이채윤,258,6,3543,0,0,전환
2026-09-10,120252240411190659,[빙과_스틱바_복숭아쫀득] 26.09_쫀득바출시_ASC_전환_image_전체타겟,[복숭아쫀득바] 26.09_복쫀바출시_ASC_전환_image_전체타겟_유럽납복,[26.09]F_I_JD복_전환_복쫀바출시_직원설득형__.배너_성분.유럽납작복숭아.내부공지.가격조정안내.__황경원_260908_빙과_이채윤,103,2,2337,0,0,전환
2026-09-10,120252240411200659,[빙과_스틱바_복숭아쫀득] 26.09_쫀득바출시_ASC_전환_image_전체타겟,[복숭아쫀득바] 26.09_복쫀바출시_ASC_전환_image_전체타겟_유럽납복,[26.09]F_I_JD복_전환_복쫀바출시_혜택강조형__.배너_성분.유럽납작복숭아.네고형.유럽납작복숭아맛을0원에즐길기회.__황경원_260908_빙과_이채윤,832,11,12530,0,0,전환
2026-09-11,120252233308360659,[빙과_파인트_골키파] 26.07_골키파출시_수동_전환_image_전체타겟,0908_P혼_100원,[26.09]F_I_P혼_전환_상시_혜택강조형__.배너_권위자.성분.100원.그래프.약사헬스트레이너픽저당파인트.__고가영_260908_빙과_이채윤,30,1,167,0,0,전환
2026-09-11,120252233313530659,[빙과_파인트_골키파] 26.07_골키파출시_수동_전환_image_전체타겟,0908_P혼_100원,[26.09]F_I_P혼_전환_상시_혜택강조형__.배너_권위자.성분.100원.약사도픽한저당이라믿고쟁였어요.__고가영_260908_빙과_이채윤,155,4,3611,0,0,전환
2026-09-11,120252233320800659,[빙과_파인트_골키파] 26.07_골키파출시_수동_전환_image_전체타겟,0908_P혼_100원,[26.09]F_I_P혼_전환_상시_혜택강조형__.배너_물량.대세감.100원.글로벌프리미엄아이스크림제친.1위저당파인트.__고가영_260908_빙과_이채윤,1,0,15,0,0,전환
2026-09-11,120252233333800659,[빙과_파인트_골키파] 26.07_골키파출시_수동_전환_image_전체타겟,0908_P혼_100원,[26.09]F_I_P혼_전환_상시_혜택강조형__.배너_물량.대세감.100원.매거진형.글로벌프리미엄브랜드제치고1위한.SNS핫템.__고가영_260908_빙과_이채윤,158,3,2955,0,0,전환
2026-09-11,120252233340930659,[빙과_파인트_골키파] 26.07_골키파출시_수동_전환_image_전체타겟,0908_P혼_100원,[26.09]F_I_P혼_전환_상시_혜택강조형__.배너_물량.대세감.100원.이제다시는없어요.지금쟁이세요.박스샷.__고가영_260908_빙과_이채윤,2814,50,44013,2,0,전환
2026-09-11,120252233354560659,[빙과_파인트] 26.04_파인트990원_수동_전환_image_전체타겟,260908_P혼_990원,[26.09]F_I_P혼_전환_파인트990원_혜택강조형__.배너_권위자.성분.약사도인정한믿고먹는저당템.타사대비98%낮아.마음껏.__고가영_260908_빙과_이채윤,32,0,477,0,0,전환
2026-09-11,120252233358300659,[빙과_파인트] 26.04_파인트990원_수동_전환_image_전체타겟,260908_P혼_990원,[26.09]F_I_P혼_전환_파인트990원_혜택강조형__.배너_권위자.성분.약사도픽한저당이라.990원에잔뜩쟁였어요.__고가영_260908_빙과_이채윤,51,1,388,0,0,전환
2026-09-11,120252233381040659,[빙과_파인트] 26.04_파인트990원_수동_전환_image_전체타겟,260908_P혼_990원,[26.09]F_I_P혼_전환_파인트990원_혜택강조형__.배너_물량.대세감.당을5배나낮춰.글로벌프리미엄브랜드제치기념.지금쟁이세요.__고가영_260908_빙과_이채윤,15066,209,191642,12,0,전환
2026-09-11,120252233387330659,[빙과_파인트] 26.04_파인트990원_수동_전환_image_전체타겟,260908_P혼_990원,[26.09]F_I_P혼_전환_파인트990원_혜택강조형__.배너_물량.대세감.매거진형.글로벌프리미엄브랜드제치고1위한.SNS핫템.__고가영_260908_빙과_이채윤,461,10,5252,2,0,전환
2026-09-11,120252233395540659,[빙과_파인트] 26.04_파인트990원_수동_전환_image_전체타겟,260908_P혼_990원,[26.09]F_I_P혼_전환_파인트990원_혜택강조형__.배너_물량.대세감.이제다시는없어요.지금쟁이세요.박스샷.__고가영_260908_빙과_이채윤,2578,41,29534,0,0,전환
2026-09-11,120252235104590659,[빙과_파인트] 26.09_파트너십광고_ASC_전환_video_전체타겟_9월 2주차,[빙과_파인트] 26.09_파트너십광고_ASC_전환_video_전체타겟_9월 2주차_1,[26.09]F_V_P초_전환_골키파출시_파트너십_쇼닝,6633,46,48820,2,319,전환
2026-09-11,120252240075530659,[빙과_스틱바_복숭아쫀득] 26.09_쫀득바출시_수동_전환_image_전체타겟,[복숭아쫀득바] 26.09_복쫀바출시_전환_image_전체타겟_유럽납복,[26.09]F_I_JD복_전환_복쫀바출시_직원설득형__.배너_성분.유럽납작복숭아.차원이다른유럽납작복숭아반짝세일.__황경원_260908_빙과_이채윤,797,11,12724,1,0,전환
2026-09-11,120252240081860659,[빙과_스틱바_복숭아쫀득] 26.09_쫀득바출시_수동_전환_image_전체타겟,[복숭아쫀득바] 26.09_복쫀바출시_전환_image_전체타겟_유럽납복,[26.09]F_I_JD복_전환_복쫀바출시_혜택강조형__.배너_성분.유럽납작복숭아.네고형.유럽납작복숭아맛을0원에즐길기회.__황경원_260908_빙과_이채윤,1027,16,20547,0,0,전환
2026-09-11,120252240095060659,[빙과_스틱바_복숭아쫀득] 26.09_쫀득바출시_수동_전환_image_전체타겟,[복숭아쫀득바] 26.09_복쫀바출시_전환_image_전체타겟_유럽납복,[26.09]F_I_JD복_전환_복쫀바출시_직원설득형__.배너_성분.유럽납작복숭아.내부공지.현장감.가격실수안내.__황경원_260908_빙과_이채윤,377,6,4488,0,0,전환
2026-09-11,120252240104580659,[빙과_스틱바_복숭아쫀득] 26.09_쫀득바출시_수동_전환_image_전체타겟,[복숭아쫀득바] 26.09_복쫀바출시_전환_image_전체타겟_유럽납복,[26.09]F_I_JD복_전환_복쫀바출시_직원설득형__.배너_성분.유럽납작복숭아.내부공지.가격조정안내.__황경원_260908_빙과_이채윤,9,0,190,0,0,전환
2026-09-11,120252240411180659,[빙과_스틱바_복숭아쫀득] 26.09_쫀득바출시_ASC_전환_image_전체타겟,[복숭아쫀득바] 26.09_복쫀바출시_ASC_전환_image_전체타겟_유럽납복,[26.09]F_I_JD복_전환_복쫀바출시_직원설득형__.배너_성분.유럽납작복숭아.내부공지.현장감.가격실수안내.__황경원_260908_빙과_이채윤,332,5,5193,0,0,전환
2026-09-11,120252240411190659,[빙과_스틱바_복숭아쫀득] 26.09_쫀득바출시_ASC_전환_image_전체타겟,[복숭아쫀득바] 26.09_복쫀바출시_ASC_전환_image_전체타겟_유럽납복,[26.09]F_I_JD복_전환_복쫀바출시_직원설득형__.배너_성분.유럽납작복숭아.내부공지.가격조정안내.__황경원_260908_빙과_이채윤,7,0,59,0,0,전환
2026-09-11,120252240411200659,[빙과_스틱바_복숭아쫀득] 26.09_쫀득바출시_ASC_전환_image_전체타겟,[복숭아쫀득바] 26.09_복쫀바출시_ASC_전환_image_전체타겟_유럽납복,[26.09]F_I_JD복_전환_복쫀바출시_혜택강조형__.배너_성분.유럽납작복숭아.네고형.유럽납작복숭아맛을0원에즐길기회.__황경원_260908_빙과_이채윤,321,8,3179,0,0,전환
2026-09-12,120252233310640659,[빙과_파인트_골키파] 26.07_골키파출시_수동_전환_image_전체타겟,0908_P혼_100원,[26.09]F_I_P혼_전환_상시_혜택강조형__.배너_권위자.성분.100원.약사도인정한믿고먹는저당템.타사대비98%낮아.마음껏.__고가영_260908_빙과_이채윤,4,0,79,0,0,전환
2026-09-12,120252233320800659,[빙과_파인트_골키파] 26.07_골키파출시_수동_전환_image_전체타겟,0908_P혼_100원,[26.09]F_I_P혼_전환_상시_혜택강조형__.배너_물량.대세감.100원.글로벌프리미엄아이스크림제친.1위저당파인트.__고가영_260908_빙과_이채윤,1,0,4,0,0,전환
2026-09-12,120252233333800659,[빙과_파인트_골키파] 26.07_골키파출시_수동_전환_image_전체타겟,0908_P혼_100원,[26.09]F_I_P혼_전환_상시_혜택강조형__.배너_물량.대세감.100원.매거진형.글로벌프리미엄브랜드제치고1위한.SNS핫템.__고가영_260908_빙과_이채윤,15,0,469,0,0,전환
2026-09-12,120252233340930659,[빙과_파인트_골키파] 26.07_골키파출시_수동_전환_image_전체타겟,0908_P혼_100원,[26.09]F_I_P혼_전환_상시_혜택강조형__.배너_물량.대세감.100원.이제다시는없어요.지금쟁이세요.박스샷.__고가영_260908_빙과_이채윤,2470,47,39612,0,0,전환
2026-09-12,120252240075530659,[빙과_스틱바_복숭아쫀득] 26.09_쫀득바출시_수동_전환_image_전체타겟,[복숭아쫀득바] 26.09_복쫀바출시_전환_image_전체타겟_유럽납복,[26.09]F_I_JD복_전환_복쫀바출시_직원설득형__.배너_성분.유럽납작복숭아.차원이다른유럽납작복숭아반짝세일.__황경원_260908_빙과_이채윤,4,0,24,0,0,전환
2026-09-12,120252240081860659,[빙과_스틱바_복숭아쫀득] 26.09_쫀득바출시_수동_전환_image_전체타겟,[복숭아쫀득바] 26.09_복쫀바출시_전환_image_전체타겟_유럽납복,[26.09]F_I_JD복_전환_복쫀바출시_혜택강조형__.배너_성분.유럽납작복숭아.네고형.유럽납작복숭아맛을0원에즐길기회.__황경원_260908_빙과_이채윤,65,1,1177,0,0,전환
2026-09-12,120252240095060659,[빙과_스틱바_복숭아쫀득] 26.09_쫀득바출시_수동_전환_image_전체타겟,[복숭아쫀득바] 26.09_복쫀바출시_전환_image_전체타겟_유럽납복,[26.09]F_I_JD복_전환_복쫀바출시_직원설득형__.배너_성분.유럽납작복숭아.내부공지.현장감.가격실수안내.__황경원_260908_빙과_이채윤,873,9,10896,0,0,전환
2026-09-12,120252240411200659,[빙과_스틱바_복숭아쫀득] 26.09_쫀득바출시_ASC_전환_image_전체타겟,[복숭아쫀득바] 26.09_복쫀바출시_ASC_전환_image_전체타겟_유럽납복,[26.09]F_I_JD복_전환_복쫀바출시_혜택강조형__.배너_성분.유럽납작복숭아.네고형.유럽납작복숭아맛을0원에즐길기회.__황경원_260908_빙과_이채윤,207,4,2193,0,0,전환
2026-09-13,120252240081860659,[빙과_스틱바_복숭아쫀득] 26.09_쫀득바출시_수동_전환_image_전체타겟,[복숭아쫀득바] 26.09_복쫀바출시_전환_image_전체타겟_유럽납복,[26.09]F_I_JD복_전환_복쫀바출시_혜택강조형__.배너_성분.유럽납작복숭아.네고형.유럽납작복숭아맛을0원에즐길기회.__황경원_260908_빙과_이채윤,421,4,7688,0,0,전환
2026-09-13,120252240095060659,[빙과_스틱바_복숭아쫀득] 26.09_쫀득바출시_수동_전환_image_전체타겟,[복숭아쫀득바] 26.09_복쫀바출시_전환_image_전체타겟_유럽납복,[26.09]F_I_JD복_전환_복쫀바출시_직원설득형__.배너_성분.유럽납작복숭아.내부공지.현장감.가격실수안내.__황경원_260908_빙과_이채윤,2,0,55,0,0,전환
2026-09-13,120252240411200659,[빙과_스틱바_복숭아쫀득] 26.09_쫀득바출시_ASC_전환_image_전체타겟,[복숭아쫀득바] 26.09_복쫀바출시_ASC_전환_image_전체타겟_유럽납복,[26.09]F_I_JD복_전환_복쫀바출시_혜택강조형__.배너_성분.유럽납작복숭아.네고형.유럽납작복숭아맛을0원에즐길기회.__황경원_260908_빙과_이채윤,2,0,28,1,0,전환
2026-09-14,120252233340930659,[빙과_파인트_골키파] 26.07_골키파출시_수동_전환_image_전체타겟,0908_P혼_100원,[26.09]F_I_P혼_전환_상시_혜택강조형__.배너_물량.대세감.100원.이제다시는없어요.지금쟁이세요.박스샷.__고가영_260908_빙과_이채윤,133,7,2909,0,0,전환
2026-09-14,120252240411200659,[빙과_스틱바_복숭아쫀득] 26.09_쫀득바출시_ASC_전환_image_전체타겟,[복숭아쫀득바] 26.09_복쫀바출시_ASC_전환_image_전체타겟_유럽납복,[26.09]F_I_JD복_전환_복쫀바출시_혜택강조형__.배너_성분.유럽납작복숭아.네고형.유럽납작복숭아맛을0원에즐길기회.__황경원_260908_빙과_이채윤,79,2,1264,0,0,전환
2026-09-15,120252233310640659,[빙과_파인트_골키파] 26.07_골키파출시_수동_전환_image_전체타겟,0908_P혼_100원,[26.09]F_I_P혼_전환_상시_혜택강조형__.배너_권위자.성분.100원.약사도인정한믿고먹는저당템.타사대비98%낮아.마음껏.__고가영_260908_빙과_이채윤,9,0,239,0,0,전환
2026-09-15,120252233333800659,[빙과_파인트_골키파] 26.07_골키파출시_수동_전환_image_전체타겟,0908_P혼_100원,[26.09]F_I_P혼_전환_상시_혜택강조형__.배너_물량.대세감.100원.매거진형.글로벌프리미엄브랜드제치고1위한.SNS핫템.__고가영_260908_빙과_이채윤,570,6,12870,0,0,전환
2026-09-15,120252233338390659,[빙과_파인트_골키파] 26.07_골키파출시_수동_전환_image_전체타겟,0908_P혼_100원,[26.09]F_I_P혼_전환_상시_혜택강조형__.배너_물량.대세감.100원.사과문.저희도죄송스럽습니다.품절전지금쟁이세요.__고가영_260908_빙과_이채윤,1,0,2,0,0,전환
2026-09-17,120252240075530659,[빙과_스틱바_복숭아쫀득] 26.09_쫀득바출시_수동_전환_image_전체타겟,[복숭아쫀득바] 26.09_복쫀바출시_전환_image_전체타겟_유럽납복,[26.09]F_I_JD복_전환_복쫀바출시_직원설득형__.배너_성분.유럽납작복숭아.차원이다른유럽납작복숭아반짝세일.__황경원_260908_빙과_이채윤,49,0,1894,0,0,전환
2026-09-17,120252240081860659,[빙과_스틱바_복숭아쫀득] 26.09_쫀득바출시_수동_전환_image_전체타겟,[복숭아쫀득바] 26.09_복쫀바출시_전환_image_전체타겟_유럽납복,[26.09]F_I_JD복_전환_복쫀바출시_혜택강조형__.배너_성분.유럽납작복숭아.네고형.유럽납작복숭아맛을0원에즐길기회.__황경원_260908_빙과_이채윤,1,0,20,0,0,전환
2026-09-17,120252240095060659,[빙과_스틱바_복숭아쫀득] 26.09_쫀득바출시_수동_전환_image_전체타겟,[복숭아쫀득바] 26.09_복쫀바출시_전환_image_전체타겟_유럽납복,[26.09]F_I_JD복_전환_복쫀바출시_직원설득형__.배너_성분.유럽납작복숭아.내부공지.현장감.가격실수안내.__황경원_260908_빙과_이채윤,695,7,15079,0,0,전환
2026-09-17,120252240411180659,[빙과_스틱바_복숭아쫀득] 26.09_쫀득바출시_ASC_전환_image_전체타겟,[복숭아쫀득바] 26.09_복쫀바출시_ASC_전환_image_전체타겟_유럽납복,[26.09]F_I_JD복_전환_복쫀바출시_직원설득형__.배너_성분.유럽납작복숭아.내부공지.현장감.가격실수안내.__황경원_260908_빙과_이채윤,2190,35,28200,1,0,전환
2026-09-17,120252240411190659,[빙과_스틱바_복숭아쫀득] 26.09_쫀득바출시_ASC_전환_image_전체타겟,[복숭아쫀득바] 26.09_복쫀바출시_ASC_전환_image_전체타겟_유럽납복,[26.09]F_I_JD복_전환_복쫀바출시_직원설득형__.배너_성분.유럽납작복숭아.내부공지.가격조정안내.__황경원_260908_빙과_이채윤,1,0,7,0,0,전환
2026-09-17,120252240411200659,[빙과_스틱바_복숭아쫀득] 26.09_쫀득바출시_ASC_전환_image_전체타겟,[복숭아쫀득바] 26.09_복쫀바출시_ASC_전환_image_전체타겟_유럽납복,[26.09]F_I_JD복_전환_복쫀바출시_혜택강조형__.배너_성분.유럽납작복숭아.네고형.유럽납작복숭아맛을0원에즐길기회.__황경원_260908_빙과_이채윤,16,1,264,0,0,전환
2026-09-18,120252240075530659,[빙과_스틱바_복숭아쫀득] 26.09_쫀득바출시_수동_전환_image_전체타겟,[복숭아쫀득바] 26.09_복쫀바출시_전환_image_전체타겟_유럽납복,[26.09]F_I_JD복_전환_복쫀바출시_직원설득형__.배너_성분.유럽납작복숭아.차원이다른유럽납작복숭아반짝세일.__황경원_260908_빙과_이채윤,69,0,1092,0,0,전환
2026-09-18,120252240081860659,[빙과_스틱바_복숭아쫀득] 26.09_쫀득바출시_수동_전환_image_전체타겟,[복숭아쫀득바] 26.09_복쫀바출시_전환_image_전체타겟_유럽납복,[26.09]F_I_JD복_전환_복쫀바출시_혜택강조형__.배너_성분.유럽납작복숭아.네고형.유럽납작복숭아맛을0원에즐길기회.__황경원_260908_빙과_이채윤,76,0,1588,0,0,전환
2026-09-18,120252240095060659,[빙과_스틱바_복숭아쫀득] 26.09_쫀득바출시_수동_전환_image_전체타겟,[복숭아쫀득바] 26.09_복쫀바출시_전환_image_전체타겟_유럽납복,[26.09]F_I_JD복_전환_복쫀바출시_직원설득형__.배너_성분.유럽납작복숭아.내부공지.현장감.가격실수안내.__황경원_260908_빙과_이채윤,2607,53,48420,2,0,전환
2026-09-20,120252233313530659,[빙과_파인트_골키파] 26.07_골키파출시_수동_전환_image_전체타겟,0908_P혼_100원,[26.09]F_I_P혼_전환_상시_혜택강조형__.배너_권위자.성분.100원.약사도픽한저당이라믿고쟁였어요.__고가영_260908_빙과_이채윤,1,0,9,0,0,전환
2026-09-20,120252233317660659,[빙과_파인트_골키파] 26.07_골키파출시_수동_전환_image_전체타겟,0908_P혼_100원,[26.09]F_I_P혼_전환_상시_혜택강조형__.배너_물량.대세감.100원.글로벌프리미엄브랜드이기고1위기념.이벤트끝나면정상가.__고가영_260908_빙과_이채윤,44,1,925,0,0,전환
2026-09-20,120252233320800659,[빙과_파인트_골키파] 26.07_골키파출시_수동_전환_image_전체타겟,0908_P혼_100원,[26.09]F_I_P혼_전환_상시_혜택강조형__.배너_물량.대세감.100원.글로벌프리미엄아이스크림제친.1위저당파인트.__고가영_260908_빙과_이채윤,22,0,391,0,0,전환
2026-09-20,120252233333800659,[빙과_파인트_골키파] 26.07_골키파출시_수동_전환_image_전체타겟,0908_P혼_100원,[26.09]F_I_P혼_전환_상시_혜택강조형__.배너_물량.대세감.100원.매거진형.글로벌프리미엄브랜드제치고1위한.SNS핫템.__고가영_260908_빙과_이채윤,16,0,226,0,0,전환
2026-09-20,120252233338390659,[빙과_파인트_골키파] 26.07_골키파출시_수동_전환_image_전체타겟,0908_P혼_100원,[26.09]F_I_P혼_전환_상시_혜택강조형__.배너_물량.대세감.100원.사과문.저희도죄송스럽습니다.품절전지금쟁이세요.__고가영_260908_빙과_이채윤,11,0,378,0,0,전환
2026-09-20,120252233340930659,[빙과_파인트_골키파] 26.07_골키파출시_수동_전환_image_전체타겟,0908_P혼_100원,[26.09]F_I_P혼_전환_상시_혜택강조형__.배너_물량.대세감.100원.이제다시는없어요.지금쟁이세요.박스샷.__고가영_260908_빙과_이채윤,22,3,935,0,0,전환
2026-09-20,120252240411190659,[빙과_스틱바_복숭아쫀득] 26.09_쫀득바출시_ASC_전환_image_전체타겟,[복숭아쫀득바] 26.09_복쫀바출시_ASC_전환_image_전체타겟_유럽납복,[26.09]F_I_JD복_전환_복쫀바출시_직원설득형__.배너_성분.유럽납작복숭아.내부공지.가격조정안내.__황경원_260908_빙과_이채윤,1,0,3,0,0,전환
2026-09-09,120252241035550659,[빙과_스틱바_복숭아쫀득] 26.09_쫀득바출시_수동_전환_image_전체타겟,[복숭아쫀득바] 26.09_복쫀바출시_전환_image_전체타겟_생요거트,[26.09]F_I_JD복_전환_복쫀바출시_직원설득형__.배너_성분.생그릭요거트.한정선.유명찹쌀떡.내부공지.현장감.가격실수안내.__황경원_260908_빙과_이채윤,862,13,14881,0,0,전환
2026-09-09,120252241035560659,[빙과_스틱바_복숭아쫀득] 26.09_쫀득바출시_수동_전환_image_전체타겟,[복숭아쫀득바] 26.09_복쫀바출시_전환_image_전체타겟_생요거트,[26.09]F_I_JD복_전환_복쫀바출시_직원설득형__.배너_성분.생그릭요거트.내부공지.현장감.가격실수안내.__황경원_260908_빙과_이채윤,336,5,4955,0,0,전환
2026-09-09,120252241035570659,[빙과_스틱바_복숭아쫀득] 26.09_쫀득바출시_수동_전환_image_전체타겟,[복숭아쫀득바] 26.09_복쫀바출시_전환_image_전체타겟_생요거트,[26.09]F_I_JD복_전환_복쫀바출시_직원설득형__.배너_성분.생그릭요거트.그릭모모.내부공지.현장감.가격실수안내.__황경원_260908_빙과_이채윤,285,3,4056,0,0,전환
2026-09-09,120252241035580659,[빙과_스틱바_복숭아쫀득] 26.09_쫀득바출시_수동_전환_image_전체타겟,[복숭아쫀득바] 26.09_복쫀바출시_전환_image_전체타겟_생요거트,[26.09]F_I_JD복_전환_복쫀바출시_제품강조형__.배너_성분.생그릭요거트.한정선.유명복숭아요거트찹쌀떡맛을0원에.__황경원_260908_빙과_이채윤,163,5,1947,1,0,전환
2026-09-09,120252241055030659,[빙과_스틱바_복숭아쫀득] 26.09_쫀득바출시_수동_전환_image_전체타겟,[복숭아쫀득바] 26.09_복쫀바출시_전환_image_전체타겟_생요거트,[26.09]F_I_JD복_전환_복쫀바출시_직원설득형__.배너_성분.생그릭요거트.내부공지.가격조정안내.__황경원_260908_빙과_이채윤,155,4,2486,0,0,전환
2026-09-09,120252241055040659,[빙과_스틱바_복숭아쫀득] 26.09_쫀득바출시_수동_전환_image_전체타겟,[복숭아쫀득바] 26.09_복쫀바출시_전환_image_전체타겟_생요거트,[26.09]F_I_JD복_전환_복쫀바출시_직원설득형__.배너_성분.생그릭요거트.그릭모모.내부공지.가격조정안내.__황경원_260908_빙과_이채윤,1084,18,19414,0,0,전환
2026-09-09,120252241055050659,[빙과_스틱바_복숭아쫀득] 26.09_쫀득바출시_수동_전환_image_전체타겟,[복숭아쫀득바] 26.09_복쫀바출시_전환_image_전체타겟_생요거트,[26.09]F_I_JD복_전환_복쫀바출시_제품강조형__.배너_성분.생그릭요거트.한정선.내부공지.가격조정안내.__황경원_260908_빙과_이채윤,400,9,8505,0,0,전환
2026-09-09,120252241055060659,[빙과_스틱바_복숭아쫀득] 26.09_쫀득바출시_수동_전환_image_전체타겟,[복숭아쫀득바] 26.09_복쫀바출시_전환_image_전체타겟_생요거트,[26.09]F_I_JD복_전환_복쫀바출시_제품강조형__.배너_성분.생그릭요거트.비싼생그릭요거트듬뿍반짝세일.__황경원_260908_빙과_이채윤,15,1,192,0,0,전환
2026-09-09,120252241055070659,[빙과_스틱바_복숭아쫀득] 26.09_쫀득바출시_수동_전환_image_전체타겟,[복숭아쫀득바] 26.09_복쫀바출시_전환_image_전체타겟_생요거트,[26.09]F_I_JD복_전환_복쫀바출시_제품강조형__.배너_성분.생그릭요거트.네고형.__황경원_260908_빙과_이채윤,73,4,1439,0,0,전환
2026-09-09,120252241055080659,[빙과_스틱바_복숭아쫀득] 26.09_쫀득바출시_수동_전환_image_전체타겟,[복숭아쫀득바] 26.09_복쫀바출시_전환_image_전체타겟_생요거트,[26.09]F_I_JD복_전환_복쫀바출시_제품강조형__.배너_성분.생그릭요거트.그릭모모.네고형.고급그릭모모를0원에먹을수있대요.__황경원_260908_빙과_이채윤,84,1,1031,0,0,전환
2026-09-09,120252241055090659,[빙과_스틱바_복숭아쫀득] 26.09_쫀득바출시_수동_전환_image_전체타겟,[복숭아쫀득바] 26.09_복쫀바출시_전환_image_전체타겟_생요거트,[26.09]F_I_JD복_전환_복쫀바출시_제품강조형__.배너_성분.생그릭요거트.그릭모모.고급그릭모모아이스크림반짝세일.__황경원_260908_빙과_이채윤,407,5,6048,0,0,전환
2026-09-09,120252241055100659,[빙과_스틱바_복숭아쫀득] 26.09_쫀득바출시_수동_전환_image_전체타겟,[복숭아쫀득바] 26.09_복쫀바출시_전환_image_전체타겟_생요거트,[26.09]F_I_JD복_전환_복쫀바출시_혜택강조형__.배너_성분.생그릭요거트.한정선.네고형.__황경원_260908_빙과_이채윤,53,0,662,0,0,전환
2026-09-09,120252242329480659,[빙과_스틱바_복숭아쫀득] 26.09_쫀득바출시_수동_전환_image_전체타겟,[복숭아쫀득바] 26.09_복쫀바출시_전환_image_전체타겟_생요거트,[26.09]F_I_JD복_전환_복쫀바출시_직원설득형__.배너_성분.생그릭요거트.내부공지.현장감.가격실수안내.__황경원_260908_빙과_이채윤,5,0,64,0,0,전환
2026-09-09,120252242329490659,[빙과_스틱바_복숭아쫀득] 26.09_쫀득바출시_수동_전환_image_전체타겟,[복숭아쫀득바] 26.09_복쫀바출시_전환_image_전체타겟_생요거트,[26.09]F_I_JD복_전환_복쫀바출시_제품강조형__.배너_성분.생그릭요거트.한정선.내부공지.가격조정안내.__황경원_260908_빙과_이채윤,1,0,4,0,0,전환
2026-09-09,120252242329500659,[빙과_스틱바_복숭아쫀득] 26.09_쫀득바출시_수동_전환_image_전체타겟,[복숭아쫀득바] 26.09_복쫀바출시_전환_image_전체타겟_생요거트,[26.09]F_I_JD복_전환_복쫀바출시_제품강조형__.배너_성분.생그릭요거트.그릭모모.고급그릭모모아이스크림반짝세일.__황경원_260908_빙과_이채윤,1,0,9,0,0,전환
2026-09-09,120252242329510659,[빙과_스틱바_복숭아쫀득] 26.09_쫀득바출시_수동_전환_image_전체타겟,[복숭아쫀득바] 26.09_복쫀바출시_전환_image_전체타겟_생요거트,[26.09]F_I_JD복_전환_복쫀바출시_제품강조형__.배너_성분.생그릭요거트.그릭모모.네고형.고급그릭모모를0원에먹을수있대요.__황경원_260908_빙과_이채윤,7,0,55,0,0,전환
2026-09-09,120252242329580659,[빙과_스틱바_복숭아쫀득] 26.09_쫀득바출시_수동_전환_image_전체타겟,[복숭아쫀득바] 26.09_복쫀바출시_전환_image_전체타겟_생요거트,[26.09]F_I_JD복_전환_복쫀바출시_직원설득형__.배너_성분.생그릭요거트.한정선.유명찹쌀떡.내부공지.현장감.가격실수안내.__황경원_260908_빙과_이채윤,3,0,25,0,0,전환
2026-09-09,120252242329610659,[빙과_스틱바_복숭아쫀득] 26.09_쫀득바출시_수동_전환_image_전체타겟,[복숭아쫀득바] 26.09_복쫀바출시_전환_image_전체타겟_생요거트,[26.09]F_I_JD복_전환_복쫀바출시_제품강조형__.배너_성분.생그릭요거트.네고형.__황경원_260908_빙과_이채윤,12,0,212,0,0,전환
2026-09-09,120252242329620659,[빙과_스틱바_복숭아쫀득] 26.09_쫀득바출시_수동_전환_image_전체타겟,[복숭아쫀득바] 26.09_복쫀바출시_전환_image_전체타겟_생요거트,[26.09]F_I_JD복_전환_복쫀바출시_직원설득형__.배너_성분.생그릭요거트.그릭모모.내부공지.가격조정안내.__황경원_260908_빙과_이채윤,6,0,29,0,0,전환
2026-09-09,120252242329630659,[빙과_스틱바_복숭아쫀득] 26.09_쫀득바출시_수동_전환_image_전체타겟,[복숭아쫀득바] 26.09_복쫀바출시_전환_image_전체타겟_생요거트,[26.09]F_I_JD복_전환_복쫀바출시_제품강조형__.배너_성분.생그릭요거트.한정선.유명복숭아요거트찹쌀떡맛을0원에.__황경원_260908_빙과_이채윤,3,0,55,0,0,전환
2026-09-09,120252242329640659,[빙과_스틱바_복숭아쫀득] 26.09_쫀득바출시_수동_전환_image_전체타겟,[복숭아쫀득바] 26.09_복쫀바출시_전환_image_전체타겟_생요거트,[26.09]F_I_JD복_전환_복쫀바출시_혜택강조형__.배너_성분.생그릭요거트.한정선.네고형.__황경원_260908_빙과_이채윤,26,0,368,0,0,전환
2026-09-09,120252242329650659,[빙과_스틱바_복숭아쫀득] 26.09_쫀득바출시_수동_전환_image_전체타겟,[복숭아쫀득바] 26.09_복쫀바출시_전환_image_전체타겟_생요거트,[26.09]F_I_JD복_전환_복쫀바출시_직원설득형__.배너_성분.생그릭요거트.내부공지.가격조정안내.__황경원_260908_빙과_이채윤,2,0,5,0,0,전환
2026-09-09,120252242596180659,[빙과_스틱바_복숭아쫀득] 26.09_쫀득바출시_ASC_전환_image_전체타겟,[복숭아쫀득바] 26.09_복쫀바출시_ASC_전환_image_전체타겟_생요거트,[26.09]F_I_JD복_전환_복쫀바출시_제품강조형__.배너_성분.생그릭요거트.네고형.__황경원_260908_빙과_이채윤,303,2,4909,0,0,전환
2026-09-09,120252242596190659,[빙과_스틱바_복숭아쫀득] 26.09_쫀득바출시_ASC_전환_image_전체타겟,[복숭아쫀득바] 26.09_복쫀바출시_ASC_전환_image_전체타겟_생요거트,[26.09]F_I_JD복_전환_복쫀바출시_제품강조형__.배너_성분.생그릭요거트.그릭모모.고급그릭모모아이스크림반짝세일.__황경원_260908_빙과_이채윤,186,1,2050,0,0,전환
2026-09-09,120252242596200659,[빙과_스틱바_복숭아쫀득] 26.09_쫀득바출시_ASC_전환_image_전체타겟,[복숭아쫀득바] 26.09_복쫀바출시_ASC_전환_image_전체타겟_생요거트,[26.09]F_I_JD복_전환_복쫀바출시_직원설득형__.배너_성분.생그릭요거트.내부공지.가격조정안내.__황경원_260908_빙과_이채윤,298,4,5789,0,0,전환
2026-09-09,120252242596210659,[빙과_스틱바_복숭아쫀득] 26.09_쫀득바출시_ASC_전환_image_전체타겟,[복숭아쫀득바] 26.09_복쫀바출시_ASC_전환_image_전체타겟_생요거트,[26.09]F_I_JD복_전환_복쫀바출시_제품강조형__.배너_성분.생그릭요거트.비싼생그릭요거트듬뿍반짝세일.__황경원_260908_빙과_이채윤,336,2,4596,0,0,전환
2026-09-09,120252242596220659,[빙과_스틱바_복숭아쫀득] 26.09_쫀득바출시_ASC_전환_image_전체타겟,[복숭아쫀득바] 26.09_복쫀바출시_ASC_전환_image_전체타겟_생요거트,[26.09]F_I_JD복_전환_복쫀바출시_제품강조형__.배너_성분.생그릭요거트.한정선.유명복숭아요거트찹쌀떡맛을0원에.__황경원_260908_빙과_이채윤,381,5,5086,0,0,전환
2026-09-09,120252242596230659,[빙과_스틱바_복숭아쫀득] 26.09_쫀득바출시_ASC_전환_image_전체타겟,[복숭아쫀득바] 26.09_복쫀바출시_ASC_전환_image_전체타겟_생요거트,[26.09]F_I_JD복_전환_복쫀바출시_직원설득형__.배너_성분.생그릭요거트.한정선.유명찹쌀떡.내부공지.현장감.가격실수안내.__황경원_260908_빙과_이채윤,343,3,5255,0,0,전환
2026-09-10,120252241035550659,[빙과_스틱바_복숭아쫀득] 26.09_쫀득바출시_수동_전환_image_전체타겟,[복숭아쫀득바] 26.09_복쫀바출시_전환_image_전체타겟_생요거트,[26.09]F_I_JD복_전환_복쫀바출시_직원설득형__.배너_성분.생그릭요거트.한정선.유명찹쌀떡.내부공지.현장감.가격실수안내.__황경원_260908_빙과_이채윤,8,0,158,0,0,전환
2026-09-10,120252241035560659,[빙과_스틱바_복숭아쫀득] 26.09_쫀득바출시_수동_전환_image_전체타겟,[복숭아쫀득바] 26.09_복쫀바출시_전환_image_전체타겟_생요거트,[26.09]F_I_JD복_전환_복쫀바출시_직원설득형__.배너_성분.생그릭요거트.내부공지.현장감.가격실수안내.__황경원_260908_빙과_이채윤,1415,43,24049,2,0,전환
2026-09-10,120252241035570659,[빙과_스틱바_복숭아쫀득] 26.09_쫀득바출시_수동_전환_image_전체타겟,[복숭아쫀득바] 26.09_복쫀바출시_전환_image_전체타겟_생요거트,[26.09]F_I_JD복_전환_복쫀바출시_직원설득형__.배너_성분.생그릭요거트.그릭모모.내부공지.현장감.가격실수안내.__황경원_260908_빙과_이채윤,87,2,1390,0,0,전환
2026-09-10,120252241035580659,[빙과_스틱바_복숭아쫀득] 26.09_쫀득바출시_수동_전환_image_전체타겟,[복숭아쫀득바] 26.09_복쫀바출시_전환_image_전체타겟_생요거트,[26.09]F_I_JD복_전환_복쫀바출시_제품강조형__.배너_성분.생그릭요거트.한정선.유명복숭아요거트찹쌀떡맛을0원에.__황경원_260908_빙과_이채윤,414,5,6392,1,0,전환
2026-09-10,120252241055030659,[빙과_스틱바_복숭아쫀득] 26.09_쫀득바출시_수동_전환_image_전체타겟,[복숭아쫀득바] 26.09_복쫀바출시_전환_image_전체타겟_생요거트,[26.09]F_I_JD복_전환_복쫀바출시_직원설득형__.배너_성분.생그릭요거트.내부공지.가격조정안내.__황경원_260908_빙과_이채윤,186,3,3385,0,0,전환
2026-09-10,120252241055040659,[빙과_스틱바_복숭아쫀득] 26.09_쫀득바출시_수동_전환_image_전체타겟,[복숭아쫀득바] 26.09_복쫀바출시_전환_image_전체타겟_생요거트,[26.09]F_I_JD복_전환_복쫀바출시_직원설득형__.배너_성분.생그릭요거트.그릭모모.내부공지.가격조정안내.__황경원_260908_빙과_이채윤,25,1,490,0,0,전환
2026-09-10,120252241055050659,[빙과_스틱바_복숭아쫀득] 26.09_쫀득바출시_수동_전환_image_전체타겟,[복숭아쫀득바] 26.09_복쫀바출시_전환_image_전체타겟_생요거트,[26.09]F_I_JD복_전환_복쫀바출시_제품강조형__.배너_성분.생그릭요거트.한정선.내부공지.가격조정안내.__황경원_260908_빙과_이채윤,2091,37,37609,4,0,전환
2026-09-10,120252241055060659,[빙과_스틱바_복숭아쫀득] 26.09_쫀득바출시_수동_전환_image_전체타겟,[복숭아쫀득바] 26.09_복쫀바출시_전환_image_전체타겟_생요거트,[26.09]F_I_JD복_전환_복쫀바출시_제품강조형__.배너_성분.생그릭요거트.비싼생그릭요거트듬뿍반짝세일.__황경원_260908_빙과_이채윤,102,1,1782,0,0,전환
2026-09-10,120252241055070659,[빙과_스틱바_복숭아쫀득] 26.09_쫀득바출시_수동_전환_image_전체타겟,[복숭아쫀득바] 26.09_복쫀바출시_전환_image_전체타겟_생요거트,[26.09]F_I_JD복_전환_복쫀바출시_제품강조형__.배너_성분.생그릭요거트.네고형.__황경원_260908_빙과_이채윤,245,4,7042,0,0,전환
2026-09-10,120252241055080659,[빙과_스틱바_복숭아쫀득] 26.09_쫀득바출시_수동_전환_image_전체타겟,[복숭아쫀득바] 26.09_복쫀바출시_전환_image_전체타겟_생요거트,[26.09]F_I_JD복_전환_복쫀바출시_제품강조형__.배너_성분.생그릭요거트.그릭모모.네고형.고급그릭모모를0원에먹을수있대요.__황경원_260908_빙과_이채윤,95,0,2973,0,0,전환
2026-09-10,120252241055090659,[빙과_스틱바_복숭아쫀득] 26.09_쫀득바출시_수동_전환_image_전체타겟,[복숭아쫀득바] 26.09_복쫀바출시_전환_image_전체타겟_생요거트,[26.09]F_I_JD복_전환_복쫀바출시_제품강조형__.배너_성분.생그릭요거트.그릭모모.고급그릭모모아이스크림반짝세일.__황경원_260908_빙과_이채윤,310,3,4646,0,0,전환
2026-09-10,120252241055100659,[빙과_스틱바_복숭아쫀득] 26.09_쫀득바출시_수동_전환_image_전체타겟,[복숭아쫀득바] 26.09_복쫀바출시_전환_image_전체타겟_생요거트,[26.09]F_I_JD복_전환_복쫀바출시_혜택강조형__.배너_성분.생그릭요거트.한정선.네고형.__황경원_260908_빙과_이채윤,41,1,626,0,0,전환
2026-09-10,120252242596180659,[빙과_스틱바_복숭아쫀득] 26.09_쫀득바출시_ASC_전환_image_전체타겟,[복숭아쫀득바] 26.09_복쫀바출시_ASC_전환_image_전체타겟_생요거트,[26.09]F_I_JD복_전환_복쫀바출시_제품강조형__.배너_성분.생그릭요거트.네고형.__황경원_260908_빙과_이채윤,37,1,856,0,0,전환
2026-09-10,120252242596190659,[빙과_스틱바_복숭아쫀득] 26.09_쫀득바출시_ASC_전환_image_전체타겟,[복숭아쫀득바] 26.09_복쫀바출시_ASC_전환_image_전체타겟_생요거트,[26.09]F_I_JD복_전환_복쫀바출시_제품강조형__.배너_성분.생그릭요거트.그릭모모.고급그릭모모아이스크림반짝세일.__황경원_260908_빙과_이채윤,38,0,379,0,0,전환
2026-09-10,120252242596200659,[빙과_스틱바_복숭아쫀득] 26.09_쫀득바출시_ASC_전환_image_전체타겟,[복숭아쫀득바] 26.09_복쫀바출시_ASC_전환_image_전체타겟_생요거트,[26.09]F_I_JD복_전환_복쫀바출시_직원설득형__.배너_성분.생그릭요거트.내부공지.가격조정안내.__황경원_260908_빙과_이채윤,42,2,806,0,0,전환
2026-09-10,120252242596210659,[빙과_스틱바_복숭아쫀득] 26.09_쫀득바출시_ASC_전환_image_전체타겟,[복숭아쫀득바] 26.09_복쫀바출시_ASC_전환_image_전체타겟_생요거트,[26.09]F_I_JD복_전환_복쫀바출시_제품강조형__.배너_성분.생그릭요거트.비싼생그릭요거트듬뿍반짝세일.__황경원_260908_빙과_이채윤,51,4,1002,1,0,전환
2026-09-10,120252242596220659,[빙과_스틱바_복숭아쫀득] 26.09_쫀득바출시_ASC_전환_image_전체타겟,[복숭아쫀득바] 26.09_복쫀바출시_ASC_전환_image_전체타겟_생요거트,[26.09]F_I_JD복_전환_복쫀바출시_제품강조형__.배너_성분.생그릭요거트.한정선.유명복숭아요거트찹쌀떡맛을0원에.__황경원_260908_빙과_이채윤,67,0,689,0,0,전환
2026-09-10,120252242596230659,[빙과_스틱바_복숭아쫀득] 26.09_쫀득바출시_ASC_전환_image_전체타겟,[복숭아쫀득바] 26.09_복쫀바출시_ASC_전환_image_전체타겟_생요거트,[26.09]F_I_JD복_전환_복쫀바출시_직원설득형__.배너_성분.생그릭요거트.한정선.유명찹쌀떡.내부공지.현장감.가격실수안내.__황경원_260908_빙과_이채윤,62,4,700,0,0,전환
2026-09-11,120252241035550659,[빙과_스틱바_복숭아쫀득] 26.09_쫀득바출시_수동_전환_image_전체타겟,[복숭아쫀득바] 26.09_복쫀바출시_전환_image_전체타겟_생요거트,[26.09]F_I_JD복_전환_복쫀바출시_직원설득형__.배너_성분.생그릭요거트.한정선.유명찹쌀떡.내부공지.현장감.가격실수안내.__황경원_260908_빙과_이채윤,66,0,1361,0,0,전환
2026-09-11,120252241035560659,[빙과_스틱바_복숭아쫀득] 26.09_쫀득바출시_수동_전환_image_전체타겟,[복숭아쫀득바] 26.09_복쫀바출시_전환_image_전체타겟_생요거트,[26.09]F_I_JD복_전환_복쫀바출시_직원설득형__.배너_성분.생그릭요거트.내부공지.현장감.가격실수안내.__황경원_260908_빙과_이채윤,43,3,541,0,0,전환
2026-09-11,120252241035570659,[빙과_스틱바_복숭아쫀득] 26.09_쫀득바출시_수동_전환_image_전체타겟,[복숭아쫀득바] 26.09_복쫀바출시_전환_image_전체타겟_생요거트,[26.09]F_I_JD복_전환_복쫀바출시_직원설득형__.배너_성분.생그릭요거트.그릭모모.내부공지.현장감.가격실수안내.__황경원_260908_빙과_이채윤,1,0,25,0,0,전환
2026-09-11,120252241035580659,[빙과_스틱바_복숭아쫀득] 26.09_쫀득바출시_수동_전환_image_전체타겟,[복숭아쫀득바] 26.09_복쫀바출시_전환_image_전체타겟_생요거트,[26.09]F_I_JD복_전환_복쫀바출시_제품강조형__.배너_성분.생그릭요거트.한정선.유명복숭아요거트찹쌀떡맛을0원에.__황경원_260908_빙과_이채윤,130,4,2658,1,0,전환
2026-09-11,120252241055030659,[빙과_스틱바_복숭아쫀득] 26.09_쫀득바출시_수동_전환_image_전체타겟,[복숭아쫀득바] 26.09_복쫀바출시_전환_image_전체타겟_생요거트,[26.09]F_I_JD복_전환_복쫀바출시_직원설득형__.배너_성분.생그릭요거트.내부공지.가격조정안내.__황경원_260908_빙과_이채윤,12,1,131,0,0,전환
2026-09-11,120252241055050659,[빙과_스틱바_복숭아쫀득] 26.09_쫀득바출시_수동_전환_image_전체타겟,[복숭아쫀득바] 26.09_복쫀바출시_전환_image_전체타겟_생요거트,[26.09]F_I_JD복_전환_복쫀바출시_제품강조형__.배너_성분.생그릭요거트.한정선.내부공지.가격조정안내.__황경원_260908_빙과_이채윤,3010,62,48922,4,0,전환
2026-09-11,120252241055060659,[빙과_스틱바_복숭아쫀득] 26.09_쫀득바출시_수동_전환_image_전체타겟,[복숭아쫀득바] 26.09_복쫀바출시_전환_image_전체타겟_생요거트,[26.09]F_I_JD복_전환_복쫀바출시_제품강조형__.배너_성분.생그릭요거트.비싼생그릭요거트듬뿍반짝세일.__황경원_260908_빙과_이채윤,2,0,23,0,0,전환
2026-09-11,120252241055070659,[빙과_스틱바_복숭아쫀득] 26.09_쫀득바출시_수동_전환_image_전체타겟,[복숭아쫀득바] 26.09_복쫀바출시_전환_image_전체타겟_생요거트,[26.09]F_I_JD복_전환_복쫀바출시_제품강조형__.배너_성분.생그릭요거트.네고형.__황경원_260908_빙과_이채윤,20,0,526,0,0,전환
2026-09-11,120252241055080659,[빙과_스틱바_복숭아쫀득] 26.09_쫀득바출시_수동_전환_image_전체타겟,[복숭아쫀득바] 26.09_복쫀바출시_전환_image_전체타겟_생요거트,[26.09]F_I_JD복_전환_복쫀바출시_제품강조형__.배너_성분.생그릭요거트.그릭모모.네고형.고급그릭모모를0원에먹을수있대요.__황경원_260908_빙과_이채윤,1,0,5,0,0,전환
2026-09-11,120252241055090659,[빙과_스틱바_복숭아쫀득] 26.09_쫀득바출시_수동_전환_image_전체타겟,[복숭아쫀득바] 26.09_복쫀바출시_전환_image_전체타겟_생요거트,[26.09]F_I_JD복_전환_복쫀바출시_제품강조형__.배너_성분.생그릭요거트.그릭모모.고급그릭모모아이스크림반짝세일.__황경원_260908_빙과_이채윤,39,1,428,0,0,전환
2026-09-11,120252241055100659,[빙과_스틱바_복숭아쫀득] 26.09_쫀득바출시_수동_전환_image_전체타겟,[복숭아쫀득바] 26.09_복쫀바출시_전환_image_전체타겟_생요거트,[26.09]F_I_JD복_전환_복쫀바출시_혜택강조형__.배너_성분.생그릭요거트.한정선.네고형.__황경원_260908_빙과_이채윤,8,0,108,0,0,전환
2026-09-11,120252242596180659,[빙과_스틱바_복숭아쫀득] 26.09_쫀득바출시_ASC_전환_image_전체타겟,[복숭아쫀득바] 26.09_복쫀바출시_ASC_전환_image_전체타겟_생요거트,[26.09]F_I_JD복_전환_복쫀바출시_제품강조형__.배너_성분.생그릭요거트.네고형.__황경원_260908_빙과_이채윤,8,0,109,0,0,전환
2026-09-11,120252242596190659,[빙과_스틱바_복숭아쫀득] 26.09_쫀득바출시_ASC_전환_image_전체타겟,[복숭아쫀득바] 26.09_복쫀바출시_ASC_전환_image_전체타겟_생요거트,[26.09]F_I_JD복_전환_복쫀바출시_제품강조형__.배너_성분.생그릭요거트.그릭모모.고급그릭모모아이스크림반짝세일.__황경원_260908_빙과_이채윤,5,0,35,0,0,전환
2026-09-11,120252242596200659,[빙과_스틱바_복숭아쫀득] 26.09_쫀득바출시_ASC_전환_image_전체타겟,[복숭아쫀득바] 26.09_복쫀바출시_ASC_전환_image_전체타겟_생요거트,[26.09]F_I_JD복_전환_복쫀바출시_직원설득형__.배너_성분.생그릭요거트.내부공지.가격조정안내.__황경원_260908_빙과_이채윤,2,0,38,0,0,전환
2026-09-11,120252242596210659,[빙과_스틱바_복숭아쫀득] 26.09_쫀득바출시_ASC_전환_image_전체타겟,[복숭아쫀득바] 26.09_복쫀바출시_ASC_전환_image_전체타겟_생요거트,[26.09]F_I_JD복_전환_복쫀바출시_제품강조형__.배너_성분.생그릭요거트.비싼생그릭요거트듬뿍반짝세일.__황경원_260908_빙과_이채윤,35,0,800,0,0,전환
2026-09-11,120252242596220659,[빙과_스틱바_복숭아쫀득] 26.09_쫀득바출시_ASC_전환_image_전체타겟,[복숭아쫀득바] 26.09_복쫀바출시_ASC_전환_image_전체타겟_생요거트,[26.09]F_I_JD복_전환_복쫀바출시_제품강조형__.배너_성분.생그릭요거트.한정선.유명복숭아요거트찹쌀떡맛을0원에.__황경원_260908_빙과_이채윤,18,0,24,0,0,전환
2026-09-11,120252242596230659,[빙과_스틱바_복숭아쫀득] 26.09_쫀득바출시_ASC_전환_image_전체타겟,[복숭아쫀득바] 26.09_복쫀바출시_ASC_전환_image_전체타겟_생요거트,[26.09]F_I_JD복_전환_복쫀바출시_직원설득형__.배너_성분.생그릭요거트.한정선.유명찹쌀떡.내부공지.현장감.가격실수안내.__황경원_260908_빙과_이채윤,38,2,586,0,0,전환
2026-09-12,120252241035550659,[빙과_스틱바_복숭아쫀득] 26.09_쫀득바출시_수동_전환_image_전체타겟,[복숭아쫀득바] 26.09_복쫀바출시_전환_image_전체타겟_생요거트,[26.09]F_I_JD복_전환_복쫀바출시_직원설득형__.배너_성분.생그릭요거트.한정선.유명찹쌀떡.내부공지.현장감.가격실수안내.__황경원_260908_빙과_이채윤,1,0,33,0,0,전환
2026-09-12,120252241035560659,[빙과_스틱바_복숭아쫀득] 26.09_쫀득바출시_수동_전환_image_전체타겟,[복숭아쫀득바] 26.09_복쫀바출시_전환_image_전체타겟_생요거트,[26.09]F_I_JD복_전환_복쫀바출시_직원설득형__.배너_성분.생그릭요거트.내부공지.현장감.가격실수안내.__황경원_260908_빙과_이채윤,2796,52,35822,2,0,전환
2026-09-12,120252241035580659,[빙과_스틱바_복숭아쫀득] 26.09_쫀득바출시_수동_전환_image_전체타겟,[복숭아쫀득바] 26.09_복쫀바출시_전환_image_전체타겟_생요거트,[26.09]F_I_JD복_전환_복쫀바출시_제품강조형__.배너_성분.생그릭요거트.한정선.유명복숭아요거트찹쌀떡맛을0원에.__황경원_260908_빙과_이채윤,47,3,911,1,0,전환
2026-09-12,120252241055030659,[빙과_스틱바_복숭아쫀득] 26.09_쫀득바출시_수동_전환_image_전체타겟,[복숭아쫀득바] 26.09_복쫀바출시_전환_image_전체타겟_생요거트,[26.09]F_I_JD복_전환_복쫀바출시_직원설득형__.배너_성분.생그릭요거트.내부공지.가격조정안내.__황경원_260908_빙과_이채윤,1,0,3,0,0,전환
2026-09-12,120252241055040659,[빙과_스틱바_복숭아쫀득] 26.09_쫀득바출시_수동_전환_image_전체타겟,[복숭아쫀득바] 26.09_복쫀바출시_전환_image_전체타겟_생요거트,[26.09]F_I_JD복_전환_복쫀바출시_직원설득형__.배너_성분.생그릭요거트.그릭모모.내부공지.가격조정안내.__황경원_260908_빙과_이채윤,20,0,224,0,0,전환
2026-09-12,120252241055050659,[빙과_스틱바_복숭아쫀득] 26.09_쫀득바출시_수동_전환_image_전체타겟,[복숭아쫀득바] 26.09_복쫀바출시_전환_image_전체타겟_생요거트,[26.09]F_I_JD복_전환_복쫀바출시_제품강조형__.배너_성분.생그릭요거트.한정선.내부공지.가격조정안내.__황경원_260908_빙과_이채윤,3650,56,63189,2,0,전환
2026-09-12,120252241055070659,[빙과_스틱바_복숭아쫀득] 26.09_쫀득바출시_수동_전환_image_전체타겟,[복숭아쫀득바] 26.09_복쫀바출시_전환_image_전체타겟_생요거트,[26.09]F_I_JD복_전환_복쫀바출시_제품강조형__.배너_성분.생그릭요거트.네고형.__황경원_260908_빙과_이채윤,2,0,30,0,0,전환
2026-09-12,120252241055080659,[빙과_스틱바_복숭아쫀득] 26.09_쫀득바출시_수동_전환_image_전체타겟,[복숭아쫀득바] 26.09_복쫀바출시_전환_image_전체타겟_생요거트,[26.09]F_I_JD복_전환_복쫀바출시_제품강조형__.배너_성분.생그릭요거트.그릭모모.네고형.고급그릭모모를0원에먹을수있대요.__황경원_260908_빙과_이채윤,5,0,114,0,0,전환
2026-09-12,120252241055090659,[빙과_스틱바_복숭아쫀득] 26.09_쫀득바출시_수동_전환_image_전체타겟,[복숭아쫀득바] 26.09_복쫀바출시_전환_image_전체타겟_생요거트,[26.09]F_I_JD복_전환_복쫀바출시_제품강조형__.배너_성분.생그릭요거트.그릭모모.고급그릭모모아이스크림반짝세일.__황경원_260908_빙과_이채윤,1,0,33,0,0,전환
2026-09-13,120252241035560659,[빙과_스틱바_복숭아쫀득] 26.09_쫀득바출시_수동_전환_image_전체타겟,[복숭아쫀득바] 26.09_복쫀바출시_전환_image_전체타겟_생요거트,[26.09]F_I_JD복_전환_복쫀바출시_직원설득형__.배너_성분.생그릭요거트.내부공지.현장감.가격실수안내.__황경원_260908_빙과_이채윤,219,8,4071,0,0,전환
2026-09-13,120252241035580659,[빙과_스틱바_복숭아쫀득] 26.09_쫀득바출시_수동_전환_image_전체타겟,[복숭아쫀득바] 26.09_복쫀바출시_전환_image_전체타겟_생요거트,[26.09]F_I_JD복_전환_복쫀바출시_제품강조형__.배너_성분.생그릭요거트.한정선.유명복숭아요거트찹쌀떡맛을0원에.__황경원_260908_빙과_이채윤,1,0,4,0,0,전환
2026-09-13,120252241055050659,[빙과_스틱바_복숭아쫀득] 26.09_쫀득바출시_수동_전환_image_전체타겟,[복숭아쫀득바] 26.09_복쫀바출시_전환_image_전체타겟_생요거트,[26.09]F_I_JD복_전환_복쫀바출시_제품강조형__.배너_성분.생그릭요거트.한정선.내부공지.가격조정안내.__황경원_260908_빙과_이채윤,1472,28,22794,3,0,전환
2026-09-13,120252242596210659,[빙과_스틱바_복숭아쫀득] 26.09_쫀득바출시_ASC_전환_image_전체타겟,[복숭아쫀득바] 26.09_복쫀바출시_ASC_전환_image_전체타겟_생요거트,[26.09]F_I_JD복_전환_복쫀바출시_제품강조형__.배너_성분.생그릭요거트.비싼생그릭요거트듬뿍반짝세일.__황경원_260908_빙과_이채윤,5,0,29,0,0,전환
2026-09-14,120252241035560659,[빙과_스틱바_복숭아쫀득] 26.09_쫀득바출시_수동_전환_image_전체타겟,[복숭아쫀득바] 26.09_복쫀바출시_전환_image_전체타겟_생요거트,[26.09]F_I_JD복_전환_복쫀바출시_직원설득형__.배너_성분.생그릭요거트.내부공지.현장감.가격실수안내.__황경원_260908_빙과_이채윤,9,0,243,0,0,전환
2026-09-14,120252241035580659,[빙과_스틱바_복숭아쫀득] 26.09_쫀득바출시_수동_전환_image_전체타겟,[복숭아쫀득바] 26.09_복쫀바출시_전환_image_전체타겟_생요거트,[26.09]F_I_JD복_전환_복쫀바출시_제품강조형__.배너_성분.생그릭요거트.한정선.유명복숭아요거트찹쌀떡맛을0원에.__황경원_260908_빙과_이채윤,7,0,84,0,0,전환
2026-09-14,120252241055050659,[빙과_스틱바_복숭아쫀득] 26.09_쫀득바출시_수동_전환_image_전체타겟,[복숭아쫀득바] 26.09_복쫀바출시_전환_image_전체타겟_생요거트,[26.09]F_I_JD복_전환_복쫀바출시_제품강조형__.배너_성분.생그릭요거트.한정선.내부공지.가격조정안내.__황경원_260908_빙과_이채윤,19474,251,246993,18,0,전환
2026-09-14,120252242596210659,[빙과_스틱바_복숭아쫀득] 26.09_쫀득바출시_ASC_전환_image_전체타겟,[복숭아쫀득바] 26.09_복쫀바출시_ASC_전환_image_전체타겟_생요거트,[26.09]F_I_JD복_전환_복쫀바출시_제품강조형__.배너_성분.생그릭요거트.비싼생그릭요거트듬뿍반짝세일.__황경원_260908_빙과_이채윤,1,0,8,0,0,전환
2026-09-15,120252241035560659,[빙과_스틱바_복숭아쫀득] 26.09_쫀득바출시_수동_전환_image_전체타겟,[복숭아쫀득바] 26.09_복쫀바출시_전환_image_전체타겟_생요거트,[26.09]F_I_JD복_전환_복쫀바출시_직원설득형__.배너_성분.생그릭요거트.내부공지.현장감.가격실수안내.__황경원_260908_빙과_이채윤,5271,75,70667,4,0,전환
2026-09-15,120252241035570659,[빙과_스틱바_복숭아쫀득] 26.09_쫀득바출시_수동_전환_image_전체타겟,[복숭아쫀득바] 26.09_복쫀바출시_전환_image_전체타겟_생요거트,[26.09]F_I_JD복_전환_복쫀바출시_직원설득형__.배너_성분.생그릭요거트.그릭모모.내부공지.현장감.가격실수안내.__황경원_260908_빙과_이채윤,72,3,994,0,0,전환
2026-09-15,120252241035580659,[빙과_스틱바_복숭아쫀득] 26.09_쫀득바출시_수동_전환_image_전체타겟,[복숭아쫀득바] 26.09_복쫀바출시_전환_image_전체타겟_생요거트,[26.09]F_I_JD복_전환_복쫀바출시_제품강조형__.배너_성분.생그릭요거트.한정선.유명복숭아요거트찹쌀떡맛을0원에.__황경원_260908_빙과_이채윤,101,3,3288,0,0,전환
2026-09-15,120252241055050659,[빙과_스틱바_복숭아쫀득] 26.09_쫀득바출시_수동_전환_image_전체타겟,[복숭아쫀득바] 26.09_복쫀바출시_전환_image_전체타겟_생요거트,[26.09]F_I_JD복_전환_복쫀바출시_제품강조형__.배너_성분.생그릭요거트.한정선.내부공지.가격조정안내.__황경원_260908_빙과_이채윤,9005,115,123185,5,0,전환
2026-09-15,120252241055080659,[빙과_스틱바_복숭아쫀득] 26.09_쫀득바출시_수동_전환_image_전체타겟,[복숭아쫀득바] 26.09_복쫀바출시_전환_image_전체타겟_생요거트,[26.09]F_I_JD복_전환_복쫀바출시_제품강조형__.배너_성분.생그릭요거트.그릭모모.네고형.고급그릭모모를0원에먹을수있대요.__황경원_260908_빙과_이채윤,1,0,20,0,0,전환
2026-09-16,120252241035550659,[빙과_스틱바_복숭아쫀득] 26.09_쫀득바출시_수동_전환_image_전체타겟,[복숭아쫀득바] 26.09_복쫀바출시_전환_image_전체타겟_생요거트,[26.09]F_I_JD복_전환_복쫀바출시_직원설득형__.배너_성분.생그릭요거트.한정선.유명찹쌀떡.내부공지.현장감.가격실수안내.__황경원_260908_빙과_이채윤,29,0,578,0,0,전환
2026-09-16,120252241035570659,[빙과_스틱바_복숭아쫀득] 26.09_쫀득바출시_수동_전환_image_전체타겟,[복숭아쫀득바] 26.09_복쫀바출시_전환_image_전체타겟_생요거트,[26.09]F_I_JD복_전환_복쫀바출시_직원설득형__.배너_성분.생그릭요거트.그릭모모.내부공지.현장감.가격실수안내.__황경원_260908_빙과_이채윤,17,1,211,0,0,전환
2026-09-16,120252241035580659,[빙과_스틱바_복숭아쫀득] 26.09_쫀득바출시_수동_전환_image_전체타겟,[복숭아쫀득바] 26.09_복쫀바출시_전환_image_전체타겟_생요거트,[26.09]F_I_JD복_전환_복쫀바출시_제품강조형__.배너_성분.생그릭요거트.한정선.유명복숭아요거트찹쌀떡맛을0원에.__황경원_260908_빙과_이채윤,73,1,1452,0,0,전환
2026-09-16,120252241055030659,[빙과_스틱바_복숭아쫀득] 26.09_쫀득바출시_수동_전환_image_전체타겟,[복숭아쫀득바] 26.09_복쫀바출시_전환_image_전체타겟_생요거트,[26.09]F_I_JD복_전환_복쫀바출시_직원설득형__.배너_성분.생그릭요거트.내부공지.가격조정안내.__황경원_260908_빙과_이채윤,17,0,397,0,0,전환
2026-09-16,120252241055040659,[빙과_스틱바_복숭아쫀득] 26.09_쫀득바출시_수동_전환_image_전체타겟,[복숭아쫀득바] 26.09_복쫀바출시_전환_image_전체타겟_생요거트,[26.09]F_I_JD복_전환_복쫀바출시_직원설득형__.배너_성분.생그릭요거트.그릭모모.내부공지.가격조정안내.__황경원_260908_빙과_이채윤,36,1,827,0,0,전환
2026-09-16,120252241055050659,[빙과_스틱바_복숭아쫀득] 26.09_쫀득바출시_수동_전환_image_전체타겟,[복숭아쫀득바] 26.09_복쫀바출시_전환_image_전체타겟_생요거트,[26.09]F_I_JD복_전환_복쫀바출시_제품강조형__.배너_성분.생그릭요거트.한정선.내부공지.가격조정안내.__황경원_260908_빙과_이채윤,54034,688,638934,44,0,전환
2026-09-16,120252241055060659,[빙과_스틱바_복숭아쫀득] 26.09_쫀득바출시_수동_전환_image_전체타겟,[복숭아쫀득바] 26.09_복쫀바출시_전환_image_전체타겟_생요거트,[26.09]F_I_JD복_전환_복쫀바출시_제품강조형__.배너_성분.생그릭요거트.비싼생그릭요거트듬뿍반짝세일.__황경원_260908_빙과_이채윤,29,0,665,0,0,전환
2026-09-16,120252241055070659,[빙과_스틱바_복숭아쫀득] 26.09_쫀득바출시_수동_전환_image_전체타겟,[복숭아쫀득바] 26.09_복쫀바출시_전환_image_전체타겟_생요거트,[26.09]F_I_JD복_전환_복쫀바출시_제품강조형__.배너_성분.생그릭요거트.네고형.__황경원_260908_빙과_이채윤,4,1,207,1,0,전환
2026-09-16,120252241055090659,[빙과_스틱바_복숭아쫀득] 26.09_쫀득바출시_수동_전환_image_전체타겟,[복숭아쫀득바] 26.09_복쫀바출시_전환_image_전체타겟_생요거트,[26.09]F_I_JD복_전환_복쫀바출시_제품강조형__.배너_성분.생그릭요거트.그릭모모.고급그릭모모아이스크림반짝세일.__황경원_260908_빙과_이채윤,22,0,576,0,0,전환
2026-09-16,120252241055100659,[빙과_스틱바_복숭아쫀득] 26.09_쫀득바출시_수동_전환_image_전체타겟,[복숭아쫀득바] 26.09_복쫀바출시_전환_image_전체타겟_생요거트,[26.09]F_I_JD복_전환_복쫀바출시_혜택강조형__.배너_성분.생그릭요거트.한정선.네고형.__황경원_260908_빙과_이채윤,4,0,36,0,0,전환
2026-09-17,120252241035570659,[빙과_스틱바_복숭아쫀득] 26.09_쫀득바출시_수동_전환_image_전체타겟,[복숭아쫀득바] 26.09_복쫀바출시_전환_image_전체타겟_생요거트,[26.09]F_I_JD복_전환_복쫀바출시_직원설득형__.배너_성분.생그릭요거트.그릭모모.내부공지.현장감.가격실수안내.__황경원_260908_빙과_이채윤,12,1,239,0,0,전환
2026-09-17,120252241035580659,[빙과_스틱바_복숭아쫀득] 26.09_쫀득바출시_수동_전환_image_전체타겟,[복숭아쫀득바] 26.09_복쫀바출시_전환_image_전체타겟_생요거트,[26.09]F_I_JD복_전환_복쫀바출시_제품강조형__.배너_성분.생그릭요거트.한정선.유명복숭아요거트찹쌀떡맛을0원에.__황경원_260908_빙과_이채윤,168,3,3124,0,0,전환
2026-09-17,120252241055040659,[빙과_스틱바_복숭아쫀득] 26.09_쫀득바출시_수동_전환_image_전체타겟,[복숭아쫀득바] 26.09_복쫀바출시_전환_image_전체타겟_생요거트,[26.09]F_I_JD복_전환_복쫀바출시_직원설득형__.배너_성분.생그릭요거트.그릭모모.내부공지.가격조정안내.__황경원_260908_빙과_이채윤,13,1,294,0,0,전환
2026-09-17,120252241055050659,[빙과_스틱바_복숭아쫀득] 26.09_쫀득바출시_수동_전환_image_전체타겟,[복숭아쫀득바] 26.09_복쫀바출시_전환_image_전체타겟_생요거트,[26.09]F_I_JD복_전환_복쫀바출시_제품강조형__.배너_성분.생그릭요거트.한정선.내부공지.가격조정안내.__황경원_260908_빙과_이채윤,33310,395,400417,20,0,전환
2026-09-17,120252241055060659,[빙과_스틱바_복숭아쫀득] 26.09_쫀득바출시_수동_전환_image_전체타겟,[복숭아쫀득바] 26.09_복쫀바출시_전환_image_전체타겟_생요거트,[26.09]F_I_JD복_전환_복쫀바출시_제품강조형__.배너_성분.생그릭요거트.비싼생그릭요거트듬뿍반짝세일.__황경원_260908_빙과_이채윤,2,0,110,0,0,전환
2026-09-17,120252241055070659,[빙과_스틱바_복숭아쫀득] 26.09_쫀득바출시_수동_전환_image_전체타겟,[복숭아쫀득바] 26.09_복쫀바출시_전환_image_전체타겟_생요거트,[26.09]F_I_JD복_전환_복쫀바출시_제품강조형__.배너_성분.생그릭요거트.네고형.__황경원_260908_빙과_이채윤,9,0,425,0,0,전환
2026-09-17,120252241055090659,[빙과_스틱바_복숭아쫀득] 26.09_쫀득바출시_수동_전환_image_전체타겟,[복숭아쫀득바] 26.09_복쫀바출시_전환_image_전체타겟_생요거트,[26.09]F_I_JD복_전환_복쫀바출시_제품강조형__.배너_성분.생그릭요거트.그릭모모.고급그릭모모아이스크림반짝세일.__황경원_260908_빙과_이채윤,20,0,294,0,0,전환
2026-09-17,120252241055100659,[빙과_스틱바_복숭아쫀득] 26.09_쫀득바출시_수동_전환_image_전체타겟,[복숭아쫀득바] 26.09_복쫀바출시_전환_image_전체타겟_생요거트,[26.09]F_I_JD복_전환_복쫀바출시_혜택강조형__.배너_성분.생그릭요거트.한정선.네고형.__황경원_260908_빙과_이채윤,1,0,6,0,0,전환
2026-09-17,120252242596200659,[빙과_스틱바_복숭아쫀득] 26.09_쫀득바출시_ASC_전환_image_전체타겟,[복숭아쫀득바] 26.09_복쫀바출시_ASC_전환_image_전체타겟_생요거트,[26.09]F_I_JD복_전환_복쫀바출시_직원설득형__.배너_성분.생그릭요거트.내부공지.가격조정안내.__황경원_260908_빙과_이채윤,5,0,97,0,0,전환
2026-09-17,120252242596210659,[빙과_스틱바_복숭아쫀득] 26.09_쫀득바출시_ASC_전환_image_전체타겟,[복숭아쫀득바] 26.09_복쫀바출시_ASC_전환_image_전체타겟_생요거트,[26.09]F_I_JD복_전환_복쫀바출시_제품강조형__.배너_성분.생그릭요거트.비싼생그릭요거트듬뿍반짝세일.__황경원_260908_빙과_이채윤,5,0,104,0,0,전환
2026-09-17,120252242596230659,[빙과_스틱바_복숭아쫀득] 26.09_쫀득바출시_ASC_전환_image_전체타겟,[복숭아쫀득바] 26.09_복쫀바출시_ASC_전환_image_전체타겟_생요거트,[26.09]F_I_JD복_전환_복쫀바출시_직원설득형__.배너_성분.생그릭요거트.한정선.유명찹쌀떡.내부공지.현장감.가격실수안내.__황경원_260908_빙과_이채윤,3,0,36,0,0,전환
2026-09-18,120252241035550659,[빙과_스틱바_복숭아쫀득] 26.09_쫀득바출시_수동_전환_image_전체타겟,[복숭아쫀득바] 26.09_복쫀바출시_전환_image_전체타겟_생요거트,[26.09]F_I_JD복_전환_복쫀바출시_직원설득형__.배너_성분.생그릭요거트.한정선.유명찹쌀떡.내부공지.현장감.가격실수안내.__황경원_260908_빙과_이채윤,23,0,337,0,0,전환
2026-09-18,120252241055030659,[빙과_스틱바_복숭아쫀득] 26.09_쫀득바출시_수동_전환_image_전체타겟,[복숭아쫀득바] 26.09_복쫀바출시_전환_image_전체타겟_생요거트,[26.09]F_I_JD복_전환_복쫀바출시_직원설득형__.배너_성분.생그릭요거트.내부공지.가격조정안내.__황경원_260908_빙과_이채윤,22,1,290,0,0,전환
2026-09-18,120252241055040659,[빙과_스틱바_복숭아쫀득] 26.09_쫀득바출시_수동_전환_image_전체타겟,[복숭아쫀득바] 26.09_복쫀바출시_전환_image_전체타겟_생요거트,[26.09]F_I_JD복_전환_복쫀바출시_직원설득형__.배너_성분.생그릭요거트.그릭모모.내부공지.가격조정안내.__황경원_260908_빙과_이채윤,225,6,4659,0,0,전환
2026-09-18,120252241055050659,[빙과_스틱바_복숭아쫀득] 26.09_쫀득바출시_수동_전환_image_전체타겟,[복숭아쫀득바] 26.09_복쫀바출시_전환_image_전체타겟_생요거트,[26.09]F_I_JD복_전환_복쫀바출시_제품강조형__.배너_성분.생그릭요거트.한정선.내부공지.가격조정안내.__황경원_260908_빙과_이채윤,59559,745,686898,34,0,전환
2026-09-18,120252241055060659,[빙과_스틱바_복숭아쫀득] 26.09_쫀득바출시_수동_전환_image_전체타겟,[복숭아쫀득바] 26.09_복쫀바출시_전환_image_전체타겟_생요거트,[26.09]F_I_JD복_전환_복쫀바출시_제품강조형__.배너_성분.생그릭요거트.비싼생그릭요거트듬뿍반짝세일.__황경원_260908_빙과_이채윤,18,1,434,0,0,전환
2026-09-18,120252241055070659,[빙과_스틱바_복숭아쫀득] 26.09_쫀득바출시_수동_전환_image_전체타겟,[복숭아쫀득바] 26.09_복쫀바출시_전환_image_전체타겟_생요거트,[26.09]F_I_JD복_전환_복쫀바출시_제품강조형__.배너_성분.생그릭요거트.네고형.__황경원_260908_빙과_이채윤,3,0,58,0,0,전환
2026-09-18,120252241055080659,[빙과_스틱바_복숭아쫀득] 26.09_쫀득바출시_수동_전환_image_전체타겟,[복숭아쫀득바] 26.09_복쫀바출시_전환_image_전체타겟_생요거트,[26.09]F_I_JD복_전환_복쫀바출시_제품강조형__.배너_성분.생그릭요거트.그릭모모.네고형.고급그릭모모를0원에먹을수있대요.__황경원_260908_빙과_이채윤,6,0,82,0,0,전환
2026-09-18,120252241055090659,[빙과_스틱바_복숭아쫀득] 26.09_쫀득바출시_수동_전환_image_전체타겟,[복숭아쫀득바] 26.09_복쫀바출시_전환_image_전체타겟_생요거트,[26.09]F_I_JD복_전환_복쫀바출시_제품강조형__.배너_성분.생그릭요거트.그릭모모.고급그릭모모아이스크림반짝세일.__황경원_260908_빙과_이채윤,205,7,3503,0,0,전환
2026-09-18,120252241055100659,[빙과_스틱바_복숭아쫀득] 26.09_쫀득바출시_수동_전환_image_전체타겟,[복숭아쫀득바] 26.09_복쫀바출시_전환_image_전체타겟_생요거트,[26.09]F_I_JD복_전환_복쫀바출시_혜택강조형__.배너_성분.생그릭요거트.한정선.네고형.__황경원_260908_빙과_이채윤,6,0,160,0,0,전환
2026-09-20,120252241035550659,[빙과_스틱바_복숭아쫀득] 26.09_쫀득바출시_수동_전환_image_전체타겟,[복숭아쫀득바] 26.09_복쫀바출시_전환_image_전체타겟_생요거트,[26.09]F_I_JD복_전환_복쫀바출시_직원설득형__.배너_성분.생그릭요거트.한정선.유명찹쌀떡.내부공지.현장감.가격실수안내.__황경원_260908_빙과_이채윤,35,1,614,0,0,전환
2026-09-20,120252241055030659,[빙과_스틱바_복숭아쫀득] 26.09_쫀득바출시_수동_전환_image_전체타겟,[복숭아쫀득바] 26.09_복쫀바출시_전환_image_전체타겟_생요거트,[26.09]F_I_JD복_전환_복쫀바출시_직원설득형__.배너_성분.생그릭요거트.내부공지.가격조정안내.__황경원_260908_빙과_이채윤,30,1,879,0,0,전환
2026-09-20,120252241055050659,[빙과_스틱바_복숭아쫀득] 26.09_쫀득바출시_수동_전환_image_전체타겟,[복숭아쫀득바] 26.09_복쫀바출시_전환_image_전체타겟_생요거트,[26.09]F_I_JD복_전환_복쫀바출시_제품강조형__.배너_성분.생그릭요거트.한정선.내부공지.가격조정안내.__황경원_260908_빙과_이채윤,17475,268,269727,9,0,전환
2026-09-20,120252241055080659,[빙과_스틱바_복숭아쫀득] 26.09_쫀득바출시_수동_전환_image_전체타겟,[복숭아쫀득바] 26.09_복쫀바출시_전환_image_전체타겟_생요거트,[26.09]F_I_JD복_전환_복쫀바출시_제품강조형__.배너_성분.생그릭요거트.그릭모모.네고형.고급그릭모모를0원에먹을수있대요.__황경원_260908_빙과_이채윤,2,0,22,0,0,전환
2026-09-09,120252242596240659,[빙과_스틱바_복숭아쫀득] 26.09_쫀득바출시_ASC_전환_image_전체타겟,[복숭아쫀득바] 26.09_복쫀바출시_ASC_전환_image_전체타겟_생요거트,[26.09]F_I_JD복_전환_복쫀바출시_직원설득형__.배너_성분.생그릭요거트.그릭모모.내부공지.가격조정안내.__황경원_260908_빙과_이채윤,833,15,18318,3,0,전환
2026-09-09,120252242596250659,[빙과_스틱바_복숭아쫀득] 26.09_쫀득바출시_ASC_전환_image_전체타겟,[복숭아쫀득바] 26.09_복쫀바출시_ASC_전환_image_전체타겟_생요거트,[26.09]F_I_JD복_전환_복쫀바출시_혜택강조형__.배너_성분.생그릭요거트.한정선.네고형.__황경원_260908_빙과_이채윤,18,1,299,0,0,전환
2026-09-09,120252242596260659,[빙과_스틱바_복숭아쫀득] 26.09_쫀득바출시_ASC_전환_image_전체타겟,[복숭아쫀득바] 26.09_복쫀바출시_ASC_전환_image_전체타겟_생요거트,[26.09]F_I_JD복_전환_복쫀바출시_제품강조형__.배너_성분.생그릭요거트.한정선.내부공지.가격조정안내.__황경원_260908_빙과_이채윤,151,2,3116,0,0,전환
2026-09-09,120252242596270659,[빙과_스틱바_복숭아쫀득] 26.09_쫀득바출시_ASC_전환_image_전체타겟,[복숭아쫀득바] 26.09_복쫀바출시_ASC_전환_image_전체타겟_생요거트,[26.09]F_I_JD복_전환_복쫀바출시_직원설득형__.배너_성분.생그릭요거트.그릭모모.내부공지.현장감.가격실수안내.__황경원_260908_빙과_이채윤,79,0,865,0,0,전환
2026-09-09,120252242596280659,[빙과_스틱바_복숭아쫀득] 26.09_쫀득바출시_ASC_전환_image_전체타겟,[복숭아쫀득바] 26.09_복쫀바출시_ASC_전환_image_전체타겟_생요거트,[26.09]F_I_JD복_전환_복쫀바출시_직원설득형__.배너_성분.생그릭요거트.내부공지.현장감.가격실수안내.__황경원_260908_빙과_이채윤,246,3,4461,0,0,전환
2026-09-09,120252242596290659,[빙과_스틱바_복숭아쫀득] 26.09_쫀득바출시_ASC_전환_image_전체타겟,[복숭아쫀득바] 26.09_복쫀바출시_ASC_전환_image_전체타겟_생요거트,[26.09]F_I_JD복_전환_복쫀바출시_제품강조형__.배너_성분.생그릭요거트.그릭모모.네고형.고급그릭모모를0원에먹을수있대요.__황경원_260908_빙과_이채윤,26,0,219,0,0,전환
2026-09-09,120252248463450659,[빙과_파인트] 26.09_파트너십광고_수동_전환_video_전체타겟,9월 2주차_파트너십_P초_1,[26.09]F_V_P초_전환_골키파출시_파트너십_박세리,3263,33,43899,1,123,전환
2026-09-09,120252248478580659,[빙과_파인트] 26.09_파트너십광고_ASC_전환_video_전체타겟_9월 2주차,[빙과_파인트] 26.09_파트너십광고_ASC_전환_video_전체타겟_9월 2주차_1,[26.09]F_V_P초_전환_골키파출시_파트너십_박세리,3431,26,34350,1,112,전환
2026-09-09,120252253027860659,[빙과_스틱바_복숭아쫀득] 26.09_쫀득바출시_ASC_전환_image_전체타겟,[복숭아쫀득바] 26.09_복쫀바출시_ASC_전환_image_전체타겟_AI,[26.09]F_I_JD복_전환_복쫀바출시_직원설득형__.배너_성분.생그릭요거트.그릭모모.내부공지.현장감.가격실수안내.__황경원_260908_빙과_이채윤,29,0,745,0,0,전환
2026-09-09,120252253027890659,[빙과_스틱바_복숭아쫀득] 26.09_쫀득바출시_ASC_전환_image_전체타겟,[복숭아쫀득바] 26.09_복쫀바출시_ASC_전환_image_전체타겟_AI,[26.09]F_I_JD복_전환_복쫀바출시_제품강조형__.배너_성분.생그릭요거트.네고형.__황경원_260908_빙과_이채윤,1,0,15,0,0,전환
2026-09-09,120252253027900659,[빙과_스틱바_복숭아쫀득] 26.09_쫀득바출시_ASC_전환_image_전체타겟,[복숭아쫀득바] 26.09_복쫀바출시_ASC_전환_image_전체타겟_AI,[26.09]F_I_JD복_전환_복쫀바출시_제품강조형__.배너_성분.생그릭요거트.그릭모모.고급그릭모모아이스크림반짝세일.__황경원_260908_빙과_이채윤,25,1,320,0,0,전환
2026-09-09,120252253027920659,[빙과_스틱바_복숭아쫀득] 26.09_쫀득바출시_ASC_전환_image_전체타겟,[복숭아쫀득바] 26.09_복쫀바출시_ASC_전환_image_전체타겟_AI,[26.09]F_I_JD복_전환_복쫀바출시_직원설득형__.배너_성분.생그릭요거트.내부공지.현장감.가격실수안내.__황경원_260908_빙과_이채윤,34,1,641,0,0,전환
2026-09-09,120252253027930659,[빙과_스틱바_복숭아쫀득] 26.09_쫀득바출시_ASC_전환_image_전체타겟,[복숭아쫀득바] 26.09_복쫀바출시_ASC_전환_image_전체타겟_AI,[26.09]F_I_JD복_전환_복쫀바출시_제품강조형__.배너_성분.생그릭요거트.한정선.내부공지.가격조정안내.__황경원_260908_빙과_이채윤,524,9,11980,0,1,전환
2026-09-09,120252253027950659,[빙과_스틱바_복숭아쫀득] 26.09_쫀득바출시_ASC_전환_image_전체타겟,[복숭아쫀득바] 26.09_복쫀바출시_ASC_전환_image_전체타겟_AI,[26.09]F_I_JD복_전환_복쫀바출시_제품강조형__.배너_성분.생그릭요거트.비싼생그릭요거트듬뿍반짝세일.__황경원_260908_빙과_이채윤,31,1,615,0,0,전환
2026-09-09,120252253027970659,[빙과_스틱바_복숭아쫀득] 26.09_쫀득바출시_ASC_전환_image_전체타겟,[복숭아쫀득바] 26.09_복쫀바출시_ASC_전환_image_전체타겟_AI,[26.09]F_I_JD복_전환_복쫀바출시_직원설득형__.배너_성분.생그릭요거트.내부공지.가격조정안내.__황경원_260908_빙과_이채윤,28,1,1236,0,0,전환
2026-09-09,120252253027980659,[빙과_스틱바_복숭아쫀득] 26.09_쫀득바출시_ASC_전환_image_전체타겟,[복숭아쫀득바] 26.09_복쫀바출시_ASC_전환_image_전체타겟_AI,[26.09]F_I_JD복_전환_복쫀바출시_직원설득형__.배너_성분.생그릭요거트.한정선.유명찹쌀떡.내부공지.현장감.가격실수안내.__황경원_260908_빙과_이채윤,31,1,519,0,0,전환
2026-09-09,120252253027990659,[빙과_스틱바_복숭아쫀득] 26.09_쫀득바출시_ASC_전환_image_전체타겟,[복숭아쫀득바] 26.09_복쫀바출시_ASC_전환_image_전체타겟_AI,[26.09]F_I_JD복_전환_복쫀바출시_혜택강조형__.배너_성분.생그릭요거트.한정선.네고형.__황경원_260908_빙과_이채윤,11,1,195,0,0,전환
2026-09-09,120252253028000659,[빙과_스틱바_복숭아쫀득] 26.09_쫀득바출시_ASC_전환_image_전체타겟,[복숭아쫀득바] 26.09_복쫀바출시_ASC_전환_image_전체타겟_AI,[26.09]F_I_JD복_전환_복쫀바출시_제품강조형__.배너_성분.생그릭요거트.그릭모모.네고형.고급그릭모모를0원에먹을수있대요.__황경원_260908_빙과_이채윤,7,0,85,0,0,전환
2026-09-09,120252253028010659,[빙과_스틱바_복숭아쫀득] 26.09_쫀득바출시_ASC_전환_image_전체타겟,[복숭아쫀득바] 26.09_복쫀바출시_ASC_전환_image_전체타겟_AI,[26.09]F_I_JD복_전환_복쫀바출시_직원설득형__.배너_성분.생그릭요거트.그릭모모.내부공지.가격조정안내.__황경원_260908_빙과_이채윤,206,3,3924,0,0,전환
2026-09-09,120252253028020659,[빙과_스틱바_복숭아쫀득] 26.09_쫀득바출시_ASC_전환_image_전체타겟,[복숭아쫀득바] 26.09_복쫀바출시_ASC_전환_image_전체타겟_AI,[26.09]F_I_JD복_전환_복쫀바출시_제품강조형__.배너_성분.생그릭요거트.한정선.유명복숭아요거트찹쌀떡맛을0원에.__황경원_260908_빙과_이채윤,197,4,3285,0,0,전환
2026-09-09,120252255019300659,[빙과_파인트] 26.09_파트너십광고_수동_전환_video_전체타겟,9월 2주차_파트너십_P초_2,[26.09]F_V_P초_전환_골키파출시_파트너십__chuu_fit,759,9,10613,1,13,전환
2026-09-09,120252255042800659,[빙과_파인트] 26.09_파트너십광고_수동_전환_video_전체타겟,9월 2주차_파트너십_P초_3,[26.09]F_V_P초_전환_골키파출시_파트너십_ymwithj,53,0,856,0,1,전환
2026-09-09,120252255067080659,[빙과_파인트] 26.09_파트너십광고_수동_전환_video_전체타겟,9월 2주차_파트너십_P초_2,[26.09]F_V_P초_전환_골키파출시_파트너십_ha.yul2,266,1,3615,0,4,전환
2026-09-09,120252255067090659,[빙과_파인트] 26.09_파트너십광고_수동_전환_video_전체타겟,9월 2주차_파트너십_P초_2,[26.09]F_V_P초_전환_골키파출시_파트너십_yeondoyul,426,2,4314,0,5,전환
2026-09-09,120252255067100659,[빙과_파인트] 26.09_파트너십광고_수동_전환_video_전체타겟,9월 2주차_파트너십_P초_2,[26.09]F_V_P초_전환_골키파출시_파트너십_혜진,171,2,2648,0,7,전환
2026-09-09,120252255067110659,[빙과_파인트] 26.09_파트너십광고_수동_전환_video_전체타겟,9월 2주차_파트너십_P초_2,[26.09]F_V_P초_전환_골키파출시_파트너십_kimpompuu,897,9,12241,1,18,전환
2026-09-10,120252242596240659,[빙과_스틱바_복숭아쫀득] 26.09_쫀득바출시_ASC_전환_image_전체타겟,[복숭아쫀득바] 26.09_복쫀바출시_ASC_전환_image_전체타겟_생요거트,[26.09]F_I_JD복_전환_복쫀바출시_직원설득형__.배너_성분.생그릭요거트.그릭모모.내부공지.가격조정안내.__황경원_260908_빙과_이채윤,717,18,12417,1,0,전환
2026-09-10,120252242596250659,[빙과_스틱바_복숭아쫀득] 26.09_쫀득바출시_ASC_전환_image_전체타겟,[복숭아쫀득바] 26.09_복쫀바출시_ASC_전환_image_전체타겟_생요거트,[26.09]F_I_JD복_전환_복쫀바출시_혜택강조형__.배너_성분.생그릭요거트.한정선.네고형.__황경원_260908_빙과_이채윤,28,0,452,0,0,전환
2026-09-10,120252242596260659,[빙과_스틱바_복숭아쫀득] 26.09_쫀득바출시_ASC_전환_image_전체타겟,[복숭아쫀득바] 26.09_복쫀바출시_ASC_전환_image_전체타겟_생요거트,[26.09]F_I_JD복_전환_복쫀바출시_제품강조형__.배너_성분.생그릭요거트.한정선.내부공지.가격조정안내.__황경원_260908_빙과_이채윤,220,3,3318,0,0,전환
2026-09-10,120252242596270659,[빙과_스틱바_복숭아쫀득] 26.09_쫀득바출시_ASC_전환_image_전체타겟,[복숭아쫀득바] 26.09_복쫀바출시_ASC_전환_image_전체타겟_생요거트,[26.09]F_I_JD복_전환_복쫀바출시_직원설득형__.배너_성분.생그릭요거트.그릭모모.내부공지.현장감.가격실수안내.__황경원_260908_빙과_이채윤,4,0,54,0,0,전환
2026-09-10,120252242596280659,[빙과_스틱바_복숭아쫀득] 26.09_쫀득바출시_ASC_전환_image_전체타겟,[복숭아쫀득바] 26.09_복쫀바출시_ASC_전환_image_전체타겟_생요거트,[26.09]F_I_JD복_전환_복쫀바출시_직원설득형__.배너_성분.생그릭요거트.내부공지.현장감.가격실수안내.__황경원_260908_빙과_이채윤,170,6,2263,0,0,전환
2026-09-10,120252242596290659,[빙과_스틱바_복숭아쫀득] 26.09_쫀득바출시_ASC_전환_image_전체타겟,[복숭아쫀득바] 26.09_복쫀바출시_ASC_전환_image_전체타겟_생요거트,[26.09]F_I_JD복_전환_복쫀바출시_제품강조형__.배너_성분.생그릭요거트.그릭모모.네고형.고급그릭모모를0원에먹을수있대요.__황경원_260908_빙과_이채윤,9,0,122,0,0,전환
2026-09-10,120252248463450659,[빙과_파인트] 26.09_파트너십광고_수동_전환_video_전체타겟,9월 2주차_파트너십_P초_1,[26.09]F_V_P초_전환_골키파출시_파트너십_박세리,70,1,1021,0,3,전환
2026-09-10,120252253027860659,[빙과_스틱바_복숭아쫀득] 26.09_쫀득바출시_ASC_전환_image_전체타겟,[복숭아쫀득바] 26.09_복쫀바출시_ASC_전환_image_전체타겟_AI,[26.09]F_I_JD복_전환_복쫀바출시_직원설득형__.배너_성분.생그릭요거트.그릭모모.내부공지.현장감.가격실수안내.__황경원_260908_빙과_이채윤,9,0,68,0,0,전환
2026-09-10,120252253027900659,[빙과_스틱바_복숭아쫀득] 26.09_쫀득바출시_ASC_전환_image_전체타겟,[복숭아쫀득바] 26.09_복쫀바출시_ASC_전환_image_전체타겟_AI,[26.09]F_I_JD복_전환_복쫀바출시_제품강조형__.배너_성분.생그릭요거트.그릭모모.고급그릭모모아이스크림반짝세일.__황경원_260908_빙과_이채윤,11,0,252,0,0,전환
2026-09-10,120252253027920659,[빙과_스틱바_복숭아쫀득] 26.09_쫀득바출시_ASC_전환_image_전체타겟,[복숭아쫀득바] 26.09_복쫀바출시_ASC_전환_image_전체타겟_AI,[26.09]F_I_JD복_전환_복쫀바출시_직원설득형__.배너_성분.생그릭요거트.내부공지.현장감.가격실수안내.__황경원_260908_빙과_이채윤,25,0,533,0,0,전환
2026-09-10,120252253027930659,[빙과_스틱바_복숭아쫀득] 26.09_쫀득바출시_ASC_전환_image_전체타겟,[복숭아쫀득바] 26.09_복쫀바출시_ASC_전환_image_전체타겟_AI,[26.09]F_I_JD복_전환_복쫀바출시_제품강조형__.배너_성분.생그릭요거트.한정선.내부공지.가격조정안내.__황경원_260908_빙과_이채윤,535,6,8117,0,0,전환
2026-09-10,120252253027950659,[빙과_스틱바_복숭아쫀득] 26.09_쫀득바출시_ASC_전환_image_전체타겟,[복숭아쫀득바] 26.09_복쫀바출시_ASC_전환_image_전체타겟_AI,[26.09]F_I_JD복_전환_복쫀바출시_제품강조형__.배너_성분.생그릭요거트.비싼생그릭요거트듬뿍반짝세일.__황경원_260908_빙과_이채윤,11,0,81,0,0,전환
2026-09-10,120252253027970659,[빙과_스틱바_복숭아쫀득] 26.09_쫀득바출시_ASC_전환_image_전체타겟,[복숭아쫀득바] 26.09_복쫀바출시_ASC_전환_image_전체타겟_AI,[26.09]F_I_JD복_전환_복쫀바출시_직원설득형__.배너_성분.생그릭요거트.내부공지.가격조정안내.__황경원_260908_빙과_이채윤,12,0,292,0,0,전환
2026-09-10,120252253027980659,[빙과_스틱바_복숭아쫀득] 26.09_쫀득바출시_ASC_전환_image_전체타겟,[복숭아쫀득바] 26.09_복쫀바출시_ASC_전환_image_전체타겟_AI,[26.09]F_I_JD복_전환_복쫀바출시_직원설득형__.배너_성분.생그릭요거트.한정선.유명찹쌀떡.내부공지.현장감.가격실수안내.__황경원_260908_빙과_이채윤,17,0,258,0,0,전환
2026-09-10,120252253027990659,[빙과_스틱바_복숭아쫀득] 26.09_쫀득바출시_ASC_전환_image_전체타겟,[복숭아쫀득바] 26.09_복쫀바출시_ASC_전환_image_전체타겟_AI,[26.09]F_I_JD복_전환_복쫀바출시_혜택강조형__.배너_성분.생그릭요거트.한정선.네고형.__황경원_260908_빙과_이채윤,5,0,170,0,0,전환
2026-09-10,120252253028010659,[빙과_스틱바_복숭아쫀득] 26.09_쫀득바출시_ASC_전환_image_전체타겟,[복숭아쫀득바] 26.09_복쫀바출시_ASC_전환_image_전체타겟_AI,[26.09]F_I_JD복_전환_복쫀바출시_직원설득형__.배너_성분.생그릭요거트.그릭모모.내부공지.가격조정안내.__황경원_260908_빙과_이채윤,304,4,5295,0,0,전환
2026-09-10,120252253028020659,[빙과_스틱바_복숭아쫀득] 26.09_쫀득바출시_ASC_전환_image_전체타겟,[복숭아쫀득바] 26.09_복쫀바출시_ASC_전환_image_전체타겟_AI,[26.09]F_I_JD복_전환_복쫀바출시_제품강조형__.배너_성분.생그릭요거트.한정선.유명복숭아요거트찹쌀떡맛을0원에.__황경원_260908_빙과_이채윤,56,1,644,0,0,전환
2026-09-10,120252255019300659,[빙과_파인트] 26.09_파트너십광고_수동_전환_video_전체타겟,9월 2주차_파트너십_P초_2,[26.09]F_V_P초_전환_골키파출시_파트너십__chuu_fit,3091,28,38617,2,70,전환
2026-09-10,120252255042800659,[빙과_파인트] 26.09_파트너십광고_수동_전환_video_전체타겟,9월 2주차_파트너십_P초_3,[26.09]F_V_P초_전환_골키파출시_파트너십_ymwithj,206,2,2593,0,3,전환
2026-09-10,120252255067080659,[빙과_파인트] 26.09_파트너십광고_수동_전환_video_전체타겟,9월 2주차_파트너십_P초_2,[26.09]F_V_P초_전환_골키파출시_파트너십_ha.yul2,185,0,1601,0,1,전환
2026-09-10,120252255067090659,[빙과_파인트] 26.09_파트너십광고_수동_전환_video_전체타겟,9월 2주차_파트너십_P초_2,[26.09]F_V_P초_전환_골키파출시_파트너십_yeondoyul,275,1,2600,0,7,전환
2026-09-10,120252255067100659,[빙과_파인트] 26.09_파트너십광고_수동_전환_video_전체타겟,9월 2주차_파트너십_P초_2,[26.09]F_V_P초_전환_골키파출시_파트너십_혜진,252,0,2739,0,3,전환
2026-09-10,120252255067110659,[빙과_파인트] 26.09_파트너십광고_수동_전환_video_전체타겟,9월 2주차_파트너십_P초_2,[26.09]F_V_P초_전환_골키파출시_파트너십_kimpompuu,528,3,6797,0,12,전환
2026-09-11,120252242596240659,[빙과_스틱바_복숭아쫀득] 26.09_쫀득바출시_ASC_전환_image_전체타겟,[복숭아쫀득바] 26.09_복쫀바출시_ASC_전환_image_전체타겟_생요거트,[26.09]F_I_JD복_전환_복쫀바출시_직원설득형__.배너_성분.생그릭요거트.그릭모모.내부공지.가격조정안내.__황경원_260908_빙과_이채윤,611,12,10318,0,0,전환
2026-09-11,120252242596260659,[빙과_스틱바_복숭아쫀득] 26.09_쫀득바출시_ASC_전환_image_전체타겟,[복숭아쫀득바] 26.09_복쫀바출시_ASC_전환_image_전체타겟_생요거트,[26.09]F_I_JD복_전환_복쫀바출시_제품강조형__.배너_성분.생그릭요거트.한정선.내부공지.가격조정안내.__황경원_260908_빙과_이채윤,32,0,1781,0,0,전환
2026-09-11,120252242596270659,[빙과_스틱바_복숭아쫀득] 26.09_쫀득바출시_ASC_전환_image_전체타겟,[복숭아쫀득바] 26.09_복쫀바출시_ASC_전환_image_전체타겟_생요거트,[26.09]F_I_JD복_전환_복쫀바출시_직원설득형__.배너_성분.생그릭요거트.그릭모모.내부공지.현장감.가격실수안내.__황경원_260908_빙과_이채윤,18,0,108,0,0,전환
2026-09-11,120252242596280659,[빙과_스틱바_복숭아쫀득] 26.09_쫀득바출시_ASC_전환_image_전체타겟,[복숭아쫀득바] 26.09_복쫀바출시_ASC_전환_image_전체타겟_생요거트,[26.09]F_I_JD복_전환_복쫀바출시_직원설득형__.배너_성분.생그릭요거트.내부공지.현장감.가격실수안내.__황경원_260908_빙과_이채윤,3312,64,45998,2,0,전환
2026-09-11,120252248463450659,[빙과_파인트] 26.09_파트너십광고_수동_전환_video_전체타겟,9월 2주차_파트너십_P초_1,[26.09]F_V_P초_전환_골키파출시_파트너십_박세리,146,3,1980,0,7,전환
2026-09-11,120252248478580659,[빙과_파인트] 26.09_파트너십광고_ASC_전환_video_전체타겟_9월 2주차,[빙과_파인트] 26.09_파트너십광고_ASC_전환_video_전체타겟_9월 2주차_1,[26.09]F_V_P초_전환_골키파출시_파트너십_박세리,6,0,62,0,1,전환
2026-09-11,120252255019300659,[빙과_파인트] 26.09_파트너십광고_수동_전환_video_전체타겟,9월 2주차_파트너십_P초_2,[26.09]F_V_P초_전환_골키파출시_파트너십__chuu_fit,1453,17,21025,0,47,전환
2026-09-11,120252255042800659,[빙과_파인트] 26.09_파트너십광고_수동_전환_video_전체타겟,9월 2주차_파트너십_P초_3,[26.09]F_V_P초_전환_골키파출시_파트너십_ymwithj,4471,66,57965,2,118,전환
2026-09-11,120252255067080659,[빙과_파인트] 26.09_파트너십광고_수동_전환_video_전체타겟,9월 2주차_파트너십_P초_2,[26.09]F_V_P초_전환_골키파출시_파트너십_ha.yul2,70,0,1002,0,0,전환
2026-09-11,120252255067090659,[빙과_파인트] 26.09_파트너십광고_수동_전환_video_전체타겟,9월 2주차_파트너십_P초_2,[26.09]F_V_P초_전환_골키파출시_파트너십_yeondoyul,111,0,1536,0,4,전환
2026-09-11,120252255067100659,[빙과_파인트] 26.09_파트너십광고_수동_전환_video_전체타겟,9월 2주차_파트너십_P초_2,[26.09]F_V_P초_전환_골키파출시_파트너십_혜진,61,1,974,0,0,전환
2026-09-11,120252255067110659,[빙과_파인트] 26.09_파트너십광고_수동_전환_video_전체타겟,9월 2주차_파트너십_P초_2,[26.09]F_V_P초_전환_골키파출시_파트너십_kimpompuu,224,1,2938,0,3,전환
2026-09-12,120252242596240659,[빙과_스틱바_복숭아쫀득] 26.09_쫀득바출시_ASC_전환_image_전체타겟,[복숭아쫀득바] 26.09_복쫀바출시_ASC_전환_image_전체타겟_생요거트,[26.09]F_I_JD복_전환_복쫀바출시_직원설득형__.배너_성분.생그릭요거트.그릭모모.내부공지.가격조정안내.__황경원_260908_빙과_이채윤,71,0,899,0,0,전환
2026-09-12,120252242596280659,[빙과_스틱바_복숭아쫀득] 26.09_쫀득바출시_ASC_전환_image_전체타겟,[복숭아쫀득바] 26.09_복쫀바출시_ASC_전환_image_전체타겟_생요거트,[26.09]F_I_JD복_전환_복쫀바출시_직원설득형__.배너_성분.생그릭요거트.내부공지.현장감.가격실수안내.__황경원_260908_빙과_이채윤,110,3,1558,0,0,전환
2026-09-12,120252255067080659,[빙과_파인트] 26.09_파트너십광고_수동_전환_video_전체타겟,9월 2주차_파트너십_P초_2,[26.09]F_V_P초_전환_골키파출시_파트너십_ha.yul2,2528,25,29758,1,55,전환
2026-09-12,120252255067090659,[빙과_파인트] 26.09_파트너십광고_수동_전환_video_전체타겟,9월 2주차_파트너십_P초_2,[26.09]F_V_P초_전환_골키파출시_파트너십_yeondoyul,1928,45,24001,0,59,전환
2026-09-12,120252255067100659,[빙과_파인트] 26.09_파트너십광고_수동_전환_video_전체타겟,9월 2주차_파트너십_P초_2,[26.09]F_V_P초_전환_골키파출시_파트너십_혜진,278,2,3182,0,5,전환
2026-09-13,120252242596240659,[빙과_스틱바_복숭아쫀득] 26.09_쫀득바출시_ASC_전환_image_전체타겟,[복숭아쫀득바] 26.09_복쫀바출시_ASC_전환_image_전체타겟_생요거트,[26.09]F_I_JD복_전환_복쫀바출시_직원설득형__.배너_성분.생그릭요거트.그릭모모.내부공지.가격조정안내.__황경원_260908_빙과_이채윤,123,0,2126,0,0,전환
2026-09-14,120252242596240659,[빙과_스틱바_복숭아쫀득] 26.09_쫀득바출시_ASC_전환_image_전체타겟,[복숭아쫀득바] 26.09_복쫀바출시_ASC_전환_image_전체타겟_생요거트,[26.09]F_I_JD복_전환_복쫀바출시_직원설득형__.배너_성분.생그릭요거트.그릭모모.내부공지.가격조정안내.__황경원_260908_빙과_이채윤,177,5,4387,0,0,전환
2026-09-14,120252242596250659,[빙과_스틱바_복숭아쫀득] 26.09_쫀득바출시_ASC_전환_image_전체타겟,[복숭아쫀득바] 26.09_복쫀바출시_ASC_전환_image_전체타겟_생요거트,[26.09]F_I_JD복_전환_복쫀바출시_혜택강조형__.배너_성분.생그릭요거트.한정선.네고형.__황경원_260908_빙과_이채윤,5,0,66,0,0,전환
2026-09-16,120252248478580659,[빙과_파인트] 26.09_파트너십광고_ASC_전환_video_전체타겟_9월 2주차,[빙과_파인트] 26.09_파트너십광고_ASC_전환_video_전체타겟_9월 2주차_1,[26.09]F_V_P초_전환_골키파출시_파트너십_박세리,2012,15,20946,0,79,전환
2026-09-17,120252242596240659,[빙과_스틱바_복숭아쫀득] 26.09_쫀득바출시_ASC_전환_image_전체타겟,[복숭아쫀득바] 26.09_복쫀바출시_ASC_전환_image_전체타겟_생요거트,[26.09]F_I_JD복_전환_복쫀바출시_직원설득형__.배너_성분.생그릭요거트.그릭모모.내부공지.가격조정안내.__황경원_260908_빙과_이채윤,34,0,386,0,0,전환
2026-09-17,120252242596260659,[빙과_스틱바_복숭아쫀득] 26.09_쫀득바출시_ASC_전환_image_전체타겟,[복숭아쫀득바] 26.09_복쫀바출시_ASC_전환_image_전체타겟_생요거트,[26.09]F_I_JD복_전환_복쫀바출시_제품강조형__.배너_성분.생그릭요거트.한정선.내부공지.가격조정안내.__황경원_260908_빙과_이채윤,536,1,7079,0,0,전환
2026-09-17,120252242596280659,[빙과_스틱바_복숭아쫀득] 26.09_쫀득바출시_ASC_전환_image_전체타겟,[복숭아쫀득바] 26.09_복쫀바출시_ASC_전환_image_전체타겟_생요거트,[26.09]F_I_JD복_전환_복쫀바출시_직원설득형__.배너_성분.생그릭요거트.내부공지.현장감.가격실수안내.__황경원_260908_빙과_이채윤,146,2,2399,0,0,전환
2026-09-18,120252248478580659,[빙과_파인트] 26.09_파트너십광고_ASC_전환_video_전체타겟_9월 2주차,[빙과_파인트] 26.09_파트너십광고_ASC_전환_video_전체타겟_9월 2주차_1,[26.09]F_V_P초_전환_골키파출시_파트너십_박세리,1939,14,24226,0,71,전환
2026-09-20,120252242596260659,[빙과_스틱바_복숭아쫀득] 26.09_쫀득바출시_ASC_전환_image_전체타겟,[복숭아쫀득바] 26.09_복쫀바출시_ASC_전환_image_전체타겟_생요거트,[26.09]F_I_JD복_전환_복쫀바출시_제품강조형__.배너_성분.생그릭요거트.한정선.내부공지.가격조정안내.__황경원_260908_빙과_이채윤,4,0,111,0,0,전환
2026-09-09,120252255178370659,[빙과_파인트] 26.09_파트너십광고_수동_전환_video_전체타겟,9월 2주차_파트너십_P초_3,[26.09]F_V_P초_전환_골키파출시_파트너십_bbu_nnning,382,2,6337,0,8,전환
2026-09-09,120252255178380659,[빙과_파인트] 26.09_파트너십광고_수동_전환_video_전체타겟,9월 2주차_파트너십_P초_3,[26.09]F_V_P초_전환_골키파출시_파트너십_ariana_bonita,167,4,3438,0,9,전환
2026-09-09,120252255178390659,[빙과_파인트] 26.09_파트너십광고_수동_전환_video_전체타겟,9월 2주차_파트너십_P초_3,[26.09]F_V_P초_전환_골키파출시_파트너십_miseon_misik,492,4,6907,0,17,전환
2026-09-09,120252255178400659,[빙과_파인트] 26.09_파트너십광고_수동_전환_video_전체타겟,9월 2주차_파트너십_P초_3,[26.09]F_V_P초_전환_골키파출시_파트너십_k_.sianee,429,3,7743,0,6,전환
2026-09-09,120252255251340659,[빙과_파인트] 26.09_파트너십광고_수동_전환_video_전체타겟,9월 2주차_파트너십_P초_4,[26.09]F_V_P초_전환_골키파출시_파트너십_whatdoieattodayyy,792,10,13690,0,53,전환
2026-09-09,120252255251360659,[빙과_파인트] 26.09_파트너십광고_수동_전환_video_전체타겟,9월 2주차_파트너십_P초_4,[26.09]F_V_P초_전환_골키파출시_파트너십_테이스트모먼트,698,3,6121,0,10,전환
2026-09-09,120252255251370659,[빙과_파인트] 26.09_파트너십광고_수동_전환_video_전체타겟,9월 2주차_파트너십_P초_4,[26.09]F_V_P초_전환_골키파출시_파트너십_kaf_yerin,301,7,4622,0,15,전환
2026-09-09,120252255311780659,[빙과_파인트] 26.09_파트너십광고_ASC_전환_video_전체타겟_9월 2주차,[빙과_파인트] 26.09_파트너십광고_ASC_전환_video_전체타겟_9월 2주차_1,[26.09]F_V_P초_전환_골키파출시_파트너십_ha.yul2,51,2,703,0,1,전환
2026-09-09,120252255311800659,[빙과_파인트] 26.09_파트너십광고_ASC_전환_video_전체타겟_9월 2주차,[빙과_파인트] 26.09_파트너십광고_ASC_전환_video_전체타겟_9월 2주차_1,[26.09]F_V_P초_전환_골키파출시_파트너십_yeondoyul,1102,3,11114,0,19,전환
2026-09-09,120252255311820659,[빙과_파인트] 26.09_파트너십광고_ASC_전환_video_전체타겟_9월 2주차,[빙과_파인트] 26.09_파트너십광고_ASC_전환_video_전체타겟_9월 2주차_1,[26.09]F_V_P초_전환_골키파출시_파트너십__chuu_fit,172,1,2755,0,7,전환
2026-09-09,120252255343210659,[빙과_파인트] 26.09_파트너십광고_ASC_전환_video_전체타겟_9월 2주차,[빙과_파인트] 26.09_파트너십광고_ASC_전환_video_전체타겟_9월 2주차_1,[26.09]F_V_P초_전환_골키파출시_파트너십_kimpompuu,293,2,3036,0,3,전환
2026-09-09,120252255343220659,[빙과_파인트] 26.09_파트너십광고_ASC_전환_video_전체타겟_9월 2주차,[빙과_파인트] 26.09_파트너십광고_ASC_전환_video_전체타겟_9월 2주차_1,[26.09]F_V_P초_전환_골키파출시_파트너십_혜진,202,4,2495,0,2,전환
2026-09-09,120252255395700659,[빙과_파인트] 26.09_파트너십광고_ASC_전환_video_전체타겟_9월 2주차,[빙과_파인트] 26.09_파트너십광고_ASC_전환_video_전체타겟_9월 2주차_1,[26.09]F_V_P초_전환_골키파출시_파트너십_bbu_nnning,47,0,402,0,2,전환
2026-09-09,120252255395710659,[빙과_파인트] 26.09_파트너십광고_ASC_전환_video_전체타겟_9월 2주차,[빙과_파인트] 26.09_파트너십광고_ASC_전환_video_전체타겟_9월 2주차_1,[26.09]F_V_P초_전환_골키파출시_파트너십_ymwithj,24,1,210,0,1,전환
2026-09-09,120252255395720659,[빙과_파인트] 26.09_파트너십광고_ASC_전환_video_전체타겟_9월 2주차,[빙과_파인트] 26.09_파트너십광고_ASC_전환_video_전체타겟_9월 2주차_1,[26.09]F_V_P초_전환_골키파출시_파트너십_k_.sianee,160,0,1776,0,3,전환
2026-09-09,120252255395730659,[빙과_파인트] 26.09_파트너십광고_ASC_전환_video_전체타겟_9월 2주차,[빙과_파인트] 26.09_파트너십광고_ASC_전환_video_전체타겟_9월 2주차_1,[26.09]F_V_P초_전환_골키파출시_파트너십_miseon_misik,164,2,1695,0,7,전환
2026-09-09,120252255395740659,[빙과_파인트] 26.09_파트너십광고_ASC_전환_video_전체타겟_9월 2주차,[빙과_파인트] 26.09_파트너십광고_ASC_전환_video_전체타겟_9월 2주차_1,[26.09]F_V_P초_전환_골키파출시_파트너십_ariana_bonita,37,0,836,0,1,전환
2026-09-10,120252255178370659,[빙과_파인트] 26.09_파트너십광고_수동_전환_video_전체타겟,9월 2주차_파트너십_P초_3,[26.09]F_V_P초_전환_골키파출시_파트너십_bbu_nnning,641,5,9984,0,20,전환
2026-09-10,120252255178380659,[빙과_파인트] 26.09_파트너십광고_수동_전환_video_전체타겟,9월 2주차_파트너십_P초_3,[26.09]F_V_P초_전환_골키파출시_파트너십_ariana_bonita,230,1,3741,0,10,전환
2026-09-10,120252255178390659,[빙과_파인트] 26.09_파트너십광고_수동_전환_video_전체타겟,9월 2주차_파트너십_P초_3,[26.09]F_V_P초_전환_골키파출시_파트너십_miseon_misik,1832,39,24069,0,94,전환
2026-09-10,120252255178400659,[빙과_파인트] 26.09_파트너십광고_수동_전환_video_전체타겟,9월 2주차_파트너십_P초_3,[26.09]F_V_P초_전환_골키파출시_파트너십_k_.sianee,770,7,12760,0,11,전환
2026-09-10,120252255251340659,[빙과_파인트] 26.09_파트너십광고_수동_전환_video_전체타겟,9월 2주차_파트너십_P초_4,[26.09]F_V_P초_전환_골키파출시_파트너십_whatdoieattodayyy,1434,22,21506,0,57,전환
2026-09-10,120252255251360659,[빙과_파인트] 26.09_파트너십광고_수동_전환_video_전체타겟,9월 2주차_파트너십_P초_4,[26.09]F_V_P초_전환_골키파출시_파트너십_테이스트모먼트,3206,18,32050,4,61,전환
2026-09-10,120252255251370659,[빙과_파인트] 26.09_파트너십광고_수동_전환_video_전체타겟,9월 2주차_파트너십_P초_4,[26.09]F_V_P초_전환_골키파출시_파트너십_kaf_yerin,4629,41,75198,3,149,전환
2026-09-10,120252255311780659,[빙과_파인트] 26.09_파트너십광고_ASC_전환_video_전체타겟_9월 2주차,[빙과_파인트] 26.09_파트너십광고_ASC_전환_video_전체타겟_9월 2주차_1,[26.09]F_V_P초_전환_골키파출시_파트너십_ha.yul2,58,0,486,0,1,전환
2026-09-10,120252255311800659,[빙과_파인트] 26.09_파트너십광고_ASC_전환_video_전체타겟_9월 2주차,[빙과_파인트] 26.09_파트너십광고_ASC_전환_video_전체타겟_9월 2주차_1,[26.09]F_V_P초_전환_골키파출시_파트너십_yeondoyul,414,1,3647,0,4,전환
2026-09-10,120252255311820659,[빙과_파인트] 26.09_파트너십광고_ASC_전환_video_전체타겟_9월 2주차,[빙과_파인트] 26.09_파트너십광고_ASC_전환_video_전체타겟_9월 2주차_1,[26.09]F_V_P초_전환_골키파출시_파트너십__chuu_fit,2465,17,26503,0,61,전환
2026-09-10,120252255343210659,[빙과_파인트] 26.09_파트너십광고_ASC_전환_video_전체타겟_9월 2주차,[빙과_파인트] 26.09_파트너십광고_ASC_전환_video_전체타겟_9월 2주차_1,[26.09]F_V_P초_전환_골키파출시_파트너십_kimpompuu,542,3,5114,0,5,전환
2026-09-10,120252255343220659,[빙과_파인트] 26.09_파트너십광고_ASC_전환_video_전체타겟_9월 2주차,[빙과_파인트] 26.09_파트너십광고_ASC_전환_video_전체타겟_9월 2주차_1,[26.09]F_V_P초_전환_골키파출시_파트너십_혜진,272,0,2216,0,5,전환
2026-09-10,120252255395700659,[빙과_파인트] 26.09_파트너십광고_ASC_전환_video_전체타겟_9월 2주차,[빙과_파인트] 26.09_파트너십광고_ASC_전환_video_전체타겟_9월 2주차_1,[26.09]F_V_P초_전환_골키파출시_파트너십_bbu_nnning,134,0,1709,0,3,전환
2026-09-10,120252255395710659,[빙과_파인트] 26.09_파트너십광고_ASC_전환_video_전체타겟_9월 2주차,[빙과_파인트] 26.09_파트너십광고_ASC_전환_video_전체타겟_9월 2주차_1,[26.09]F_V_P초_전환_골키파출시_파트너십_ymwithj,48,1,440,0,0,전환
2026-09-10,120252255395720659,[빙과_파인트] 26.09_파트너십광고_ASC_전환_video_전체타겟_9월 2주차,[빙과_파인트] 26.09_파트너십광고_ASC_전환_video_전체타겟_9월 2주차_1,[26.09]F_V_P초_전환_골키파출시_파트너십_k_.sianee,123,0,1503,0,1,전환
2026-09-10,120252255395730659,[빙과_파인트] 26.09_파트너십광고_ASC_전환_video_전체타겟_9월 2주차,[빙과_파인트] 26.09_파트너십광고_ASC_전환_video_전체타겟_9월 2주차_1,[26.09]F_V_P초_전환_골키파출시_파트너십_miseon_misik,822,7,8694,1,38,전환
2026-09-10,120252255395740659,[빙과_파인트] 26.09_파트너십광고_ASC_전환_video_전체타겟_9월 2주차,[빙과_파인트] 26.09_파트너십광고_ASC_전환_video_전체타겟_9월 2주차_1,[26.09]F_V_P초_전환_골키파출시_파트너십_ariana_bonita,61,2,756,0,5,전환
2026-09-11,120252255178370659,[빙과_파인트] 26.09_파트너십광고_수동_전환_video_전체타겟,9월 2주차_파트너십_P초_3,[26.09]F_V_P초_전환_골키파출시_파트너십_bbu_nnning,5728,97,73805,7,196,전환
2026-09-11,120252255178380659,[빙과_파인트] 26.09_파트너십광고_수동_전환_video_전체타겟,9월 2주차_파트너십_P초_3,[26.09]F_V_P초_전환_골키파출시_파트너십_ariana_bonita,1781,54,29602,2,53,전환
2026-09-11,120252255251360659,[빙과_파인트] 26.09_파트너십광고_수동_전환_video_전체타겟,9월 2주차_파트너십_P초_4,[26.09]F_V_P초_전환_골키파출시_파트너십_테이스트모먼트,2737,23,28087,0,62,전환
2026-09-11,120252255311780659,[빙과_파인트] 26.09_파트너십광고_ASC_전환_video_전체타겟_9월 2주차,[빙과_파인트] 26.09_파트너십광고_ASC_전환_video_전체타겟_9월 2주차_1,[26.09]F_V_P초_전환_골키파출시_파트너십_ha.yul2,236,0,1866,0,6,전환
2026-09-11,120252255311800659,[빙과_파인트] 26.09_파트너십광고_ASC_전환_video_전체타겟_9월 2주차,[빙과_파인트] 26.09_파트너십광고_ASC_전환_video_전체타겟_9월 2주차_1,[26.09]F_V_P초_전환_골키파출시_파트너십_yeondoyul,1308,6,10585,0,24,전환
2026-09-11,120252255343210659,[빙과_파인트] 26.09_파트너십광고_ASC_전환_video_전체타겟_9월 2주차,[빙과_파인트] 26.09_파트너십광고_ASC_전환_video_전체타겟_9월 2주차_1,[26.09]F_V_P초_전환_골키파출시_파트너십_kimpompuu,1133,5,12150,0,13,전환
2026-09-11,120252255343220659,[빙과_파인트] 26.09_파트너십광고_ASC_전환_video_전체타겟_9월 2주차,[빙과_파인트] 26.09_파트너십광고_ASC_전환_video_전체타겟_9월 2주차_1,[26.09]F_V_P초_전환_골키파출시_파트너십_혜진,483,2,4780,0,3,전환
2026-09-11,120252255395700659,[빙과_파인트] 26.09_파트너십광고_ASC_전환_video_전체타겟_9월 2주차,[빙과_파인트] 26.09_파트너십광고_ASC_전환_video_전체타겟_9월 2주차_1,[26.09]F_V_P초_전환_골키파출시_파트너십_bbu_nnning,714,3,6075,0,19,전환
2026-09-11,120252255395710659,[빙과_파인트] 26.09_파트너십광고_ASC_전환_video_전체타겟_9월 2주차,[빙과_파인트] 26.09_파트너십광고_ASC_전환_video_전체타겟_9월 2주차_1,[26.09]F_V_P초_전환_골키파출시_파트너십_ymwithj,226,2,2061,0,6,전환
2026-09-11,120252255395720659,[빙과_파인트] 26.09_파트너십광고_ASC_전환_video_전체타겟_9월 2주차,[빙과_파인트] 26.09_파트너십광고_ASC_전환_video_전체타겟_9월 2주차_1,[26.09]F_V_P초_전환_골키파출시_파트너십_k_.sianee,201,3,2777,0,1,전환
2026-09-11,120252255395730659,[빙과_파인트] 26.09_파트너십광고_ASC_전환_video_전체타겟_9월 2주차,[빙과_파인트] 26.09_파트너십광고_ASC_전환_video_전체타겟_9월 2주차_1,[26.09]F_V_P초_전환_골키파출시_파트너십_miseon_misik,3042,27,33643,1,95,전환
2026-09-11,120252255395740659,[빙과_파인트] 26.09_파트너십광고_ASC_전환_video_전체타겟_9월 2주차,[빙과_파인트] 26.09_파트너십광고_ASC_전환_video_전체타겟_9월 2주차_1,[26.09]F_V_P초_전환_골키파출시_파트너십_ariana_bonita,86,0,868,0,1,전환
2026-09-12,120252255178370659,[빙과_파인트] 26.09_파트너십광고_수동_전환_video_전체타겟,9월 2주차_파트너십_P초_3,[26.09]F_V_P초_전환_골키파출시_파트너십_bbu_nnning,1854,35,24386,0,88,전환
2026-09-12,120252255178380659,[빙과_파인트] 26.09_파트너십광고_수동_전환_video_전체타겟,9월 2주차_파트너십_P초_3,[26.09]F_V_P초_전환_골키파출시_파트너십_ariana_bonita,1845,57,30718,1,69,전환
2026-09-12,120252255251360659,[빙과_파인트] 26.09_파트너십광고_수동_전환_video_전체타겟,9월 2주차_파트너십_P초_4,[26.09]F_V_P초_전환_골키파출시_파트너십_테이스트모먼트,3505,35,33095,0,63,전환
2026-09-12,120252255311820659,[빙과_파인트] 26.09_파트너십광고_ASC_전환_video_전체타겟_9월 2주차,[빙과_파인트] 26.09_파트너십광고_ASC_전환_video_전체타겟_9월 2주차_1,[26.09]F_V_P초_전환_골키파출시_파트너십__chuu_fit,1303,11,15435,2,46,전환
2026-09-15,120252255178400659,[빙과_파인트] 26.09_파트너십광고_수동_전환_video_전체타겟,9월 2주차_파트너십_P초_3,[26.09]F_V_P초_전환_골키파출시_파트너십_k_.sianee,238,1,6499,0,3,전환
2026-09-15,120252255311800659,[빙과_파인트] 26.09_파트너십광고_ASC_전환_video_전체타겟_9월 2주차,[빙과_파인트] 26.09_파트너십광고_ASC_전환_video_전체타겟_9월 2주차_1,[26.09]F_V_P초_전환_골키파출시_파트너십_yeondoyul,5038,32,65294,3,92,전환
2026-09-15,120252255311820659,[빙과_파인트] 26.09_파트너십광고_ASC_전환_video_전체타겟_9월 2주차,[빙과_파인트] 26.09_파트너십광고_ASC_전환_video_전체타겟_9월 2주차_1,[26.09]F_V_P초_전환_골키파출시_파트너십__chuu_fit,2497,27,33958,2,68,전환
2026-09-15,120252255343210659,[빙과_파인트] 26.09_파트너십광고_ASC_전환_video_전체타겟_9월 2주차,[빙과_파인트] 26.09_파트너십광고_ASC_전환_video_전체타겟_9월 2주차_1,[26.09]F_V_P초_전환_골키파출시_파트너십_kimpompuu,58,0,492,0,1,전환
2026-09-15,120252255343220659,[빙과_파인트] 26.09_파트너십광고_ASC_전환_video_전체타겟_9월 2주차,[빙과_파인트] 26.09_파트너십광고_ASC_전환_video_전체타겟_9월 2주차_1,[26.09]F_V_P초_전환_골키파출시_파트너십_혜진,7,0,73,0,0,전환
2026-09-15,120252255395700659,[빙과_파인트] 26.09_파트너십광고_ASC_전환_video_전체타겟_9월 2주차,[빙과_파인트] 26.09_파트너십광고_ASC_전환_video_전체타겟_9월 2주차_1,[26.09]F_V_P초_전환_골키파출시_파트너십_bbu_nnning,861,5,12100,1,13,전환
2026-09-15,120252255395710659,[빙과_파인트] 26.09_파트너십광고_ASC_전환_video_전체타겟_9월 2주차,[빙과_파인트] 26.09_파트너십광고_ASC_전환_video_전체타겟_9월 2주차_1,[26.09]F_V_P초_전환_골키파출시_파트너십_ymwithj,4,0,18,0,0,전환
2026-09-15,120252255395720659,[빙과_파인트] 26.09_파트너십광고_ASC_전환_video_전체타겟_9월 2주차,[빙과_파인트] 26.09_파트너십광고_ASC_전환_video_전체타겟_9월 2주차_1,[26.09]F_V_P초_전환_골키파출시_파트너십_k_.sianee,12,0,120,0,0,전환
2026-09-15,120252255395740659,[빙과_파인트] 26.09_파트너십광고_ASC_전환_video_전체타겟_9월 2주차,[빙과_파인트] 26.09_파트너십광고_ASC_전환_video_전체타겟_9월 2주차_1,[26.09]F_V_P초_전환_골키파출시_파트너십_ariana_bonita,2,0,36,0,0,전환
2026-09-16,120252255178370659,[빙과_파인트] 26.09_파트너십광고_수동_전환_video_전체타겟,9월 2주차_파트너십_P초_3,[26.09]F_V_P초_전환_골키파출시_파트너십_bbu_nnning,1892,35,32110,0,61,전환
2026-09-16,120252255178400659,[빙과_파인트] 26.09_파트너십광고_수동_전환_video_전체타겟,9월 2주차_파트너십_P초_3,[26.09]F_V_P초_전환_골키파출시_파트너십_k_.sianee,33,0,699,0,1,전환
2026-09-16,120252255251340659,[빙과_파인트] 26.09_파트너십광고_수동_전환_video_전체타겟,9월 2주차_파트너십_P초_4,[26.09]F_V_P초_전환_골키파출시_파트너십_whatdoieattodayyy,981,17,14076,0,38,전환
2026-09-16,120252255251370659,[빙과_파인트] 26.09_파트너십광고_수동_전환_video_전체타겟,9월 2주차_파트너십_P초_4,[26.09]F_V_P초_전환_골키파출시_파트너십_kaf_yerin,286,1,6011,0,11,전환
2026-09-16,120252255311780659,[빙과_파인트] 26.09_파트너십광고_ASC_전환_video_전체타겟_9월 2주차,[빙과_파인트] 26.09_파트너십광고_ASC_전환_video_전체타겟_9월 2주차_1,[26.09]F_V_P초_전환_골키파출시_파트너십_ha.yul2,7948,59,101721,6,133,전환
2026-09-16,120252255311820659,[빙과_파인트] 26.09_파트너십광고_ASC_전환_video_전체타겟_9월 2주차,[빙과_파인트] 26.09_파트너십광고_ASC_전환_video_전체타겟_9월 2주차_1,[26.09]F_V_P초_전환_골키파출시_파트너십__chuu_fit,2598,20,37046,1,87,전환
2026-09-16,120252255343210659,[빙과_파인트] 26.09_파트너십광고_ASC_전환_video_전체타겟_9월 2주차,[빙과_파인트] 26.09_파트너십광고_ASC_전환_video_전체타겟_9월 2주차_1,[26.09]F_V_P초_전환_골키파출시_파트너십_kimpompuu,1900,16,21651,1,31,전환
2026-09-16,120252255343220659,[빙과_파인트] 26.09_파트너십광고_ASC_전환_video_전체타겟_9월 2주차,[빙과_파인트] 26.09_파트너십광고_ASC_전환_video_전체타겟_9월 2주차_1,[26.09]F_V_P초_전환_골키파출시_파트너십_혜진,1189,5,13933,0,17,전환
2026-09-16,120252255395710659,[빙과_파인트] 26.09_파트너십광고_ASC_전환_video_전체타겟_9월 2주차,[빙과_파인트] 26.09_파트너십광고_ASC_전환_video_전체타겟_9월 2주차_1,[26.09]F_V_P초_전환_골키파출시_파트너십_ymwithj,188,0,2890,0,4,전환
2026-09-16,120252255395720659,[빙과_파인트] 26.09_파트너십광고_ASC_전환_video_전체타겟_9월 2주차,[빙과_파인트] 26.09_파트너십광고_ASC_전환_video_전체타겟_9월 2주차_1,[26.09]F_V_P초_전환_골키파출시_파트너십_k_.sianee,393,1,4319,0,3,전환
2026-09-16,120252255395740659,[빙과_파인트] 26.09_파트너십광고_ASC_전환_video_전체타겟_9월 2주차,[빙과_파인트] 26.09_파트너십광고_ASC_전환_video_전체타겟_9월 2주차_1,[26.09]F_V_P초_전환_골키파출시_파트너십_ariana_bonita,493,2,9609,0,15,전환
2026-09-17,120252255311800659,[빙과_파인트] 26.09_파트너십광고_ASC_전환_video_전체타겟_9월 2주차,[빙과_파인트] 26.09_파트너십광고_ASC_전환_video_전체타겟_9월 2주차_1,[26.09]F_V_P초_전환_골키파출시_파트너십_yeondoyul,3921,17,51533,0,68,전환
2026-09-17,120252255395700659,[빙과_파인트] 26.09_파트너십광고_ASC_전환_video_전체타겟_9월 2주차,[빙과_파인트] 26.09_파트너십광고_ASC_전환_video_전체타겟_9월 2주차_1,[26.09]F_V_P초_전환_골키파출시_파트너십_bbu_nnning,2576,31,36466,2,74,전환
2026-09-17,120252255395710659,[빙과_파인트] 26.09_파트너십광고_ASC_전환_video_전체타겟_9월 2주차,[빙과_파인트] 26.09_파트너십광고_ASC_전환_video_전체타겟_9월 2주차_1,[26.09]F_V_P초_전환_골키파출시_파트너십_ymwithj,38,0,746,0,0,전환
2026-09-17,120252255395720659,[빙과_파인트] 26.09_파트너십광고_ASC_전환_video_전체타겟_9월 2주차,[빙과_파인트] 26.09_파트너십광고_ASC_전환_video_전체타겟_9월 2주차_1,[26.09]F_V_P초_전환_골키파출시_파트너십_k_.sianee,42,0,398,0,1,전환
2026-09-17,120252255395740659,[빙과_파인트] 26.09_파트너십광고_ASC_전환_video_전체타겟_9월 2주차,[빙과_파인트] 26.09_파트너십광고_ASC_전환_video_전체타겟_9월 2주차_1,[26.09]F_V_P초_전환_골키파출시_파트너십_ariana_bonita,218,3,4053,2,6,전환
2026-09-18,120252255251340659,[빙과_파인트] 26.09_파트너십광고_수동_전환_video_전체타겟,9월 2주차_파트너십_P초_4,[26.09]F_V_P초_전환_골키파출시_파트너십_whatdoieattodayyy,276,5,4567,0,22,전환
2026-09-18,120252255311780659,[빙과_파인트] 26.09_파트너십광고_ASC_전환_video_전체타겟_9월 2주차,[빙과_파인트] 26.09_파트너십광고_ASC_전환_video_전체타겟_9월 2주차_1,[26.09]F_V_P초_전환_골키파출시_파트너십_ha.yul2,555,3,7061,0,12,전환
2026-09-18,120252255343220659,[빙과_파인트] 26.09_파트너십광고_ASC_전환_video_전체타겟_9월 2주차,[빙과_파인트] 26.09_파트너십광고_ASC_전환_video_전체타겟_9월 2주차_1,[26.09]F_V_P초_전환_골키파출시_파트너십_혜진,103,0,1019,0,1,전환
2026-09-18,120252255395700659,[빙과_파인트] 26.09_파트너십광고_ASC_전환_video_전체타겟_9월 2주차,[빙과_파인트] 26.09_파트너십광고_ASC_전환_video_전체타겟_9월 2주차_1,[26.09]F_V_P초_전환_골키파출시_파트너십_bbu_nnning,4213,52,67578,2,124,전환
2026-09-18,120252255395740659,[빙과_파인트] 26.09_파트너십광고_ASC_전환_video_전체타겟_9월 2주차,[빙과_파인트] 26.09_파트너십광고_ASC_전환_video_전체타겟_9월 2주차_1,[26.09]F_V_P초_전환_골키파출시_파트너십_ariana_bonita,190,6,2483,1,2,전환
2026-09-19,120252255251340659,[빙과_파인트] 26.09_파트너십광고_수동_전환_video_전체타겟,9월 2주차_파트너십_P초_4,[26.09]F_V_P초_전환_골키파출시_파트너십_whatdoieattodayyy,234,7,3950,0,24,전환
2026-09-20,120252255311800659,[빙과_파인트] 26.09_파트너십광고_ASC_전환_video_전체타겟_9월 2주차,[빙과_파인트] 26.09_파트너십광고_ASC_전환_video_전체타겟_9월 2주차_1,[26.09]F_V_P초_전환_골키파출시_파트너십_yeondoyul,4117,34,55182,5,106,전환
2026-09-20,120252255395740659,[빙과_파인트] 26.09_파트너십광고_ASC_전환_video_전체타겟_9월 2주차,[빙과_파인트] 26.09_파트너십광고_ASC_전환_video_전체타겟_9월 2주차_1,[26.09]F_V_P초_전환_골키파출시_파트너십_ariana_bonita,64,1,1071,0,3,전환
2026-09-09,120252255520590659,[빙과_파인트] 26.09_파트너십광고_ASC_전환_video_전체타겟_9월 2주차,[빙과_파인트] 26.09_파트너십광고_ASC_전환_video_전체타겟_9월 2주차_1,[26.09]F_V_P초_전환_골키파출시_파트너십_테이스트모먼트,149,0,1341,0,3,전환
2026-09-09,120252255520600659,[빙과_파인트] 26.09_파트너십광고_ASC_전환_video_전체타겟_9월 2주차,[빙과_파인트] 26.09_파트너십광고_ASC_전환_video_전체타겟_9월 2주차_1,[26.09]F_V_P초_전환_골키파출시_파트너십_kaf_yerin,134,2,1446,0,6,전환
2026-09-09,120252255520610659,[빙과_파인트] 26.09_파트너십광고_ASC_전환_video_전체타겟_9월 2주차,[빙과_파인트] 26.09_파트너십광고_ASC_전환_video_전체타겟_9월 2주차_1,[26.09]F_V_P초_전환_골키파출시_파트너십_whatdoieattodayyy,288,7,3888,0,23,전환
2026-09-09,120252256343330659,[빙과_스틱바_복숭아쫀득] 26.09_쫀득바출시_ASC_전환_image_전체타겟,[복숭아쫀득바] 26.09_복쫀바출시_ASC_전환_image_전체타겟_AI,[26.09]F_I_JD복_전환_복쫀바출시_혜택강조형__.릴스_AI.복쫀이.곧끝나요.언제품절될지.모르는.신상특가.유럽납작복숭아.__황경원_260909_빙과_김민우,40,0,526,0,1,전환
2026-09-09,120252256346420659,[빙과_스틱바_복숭아쫀득] 26.09_쫀득바출시_ASC_전환_image_전체타겟,[복숭아쫀득바] 26.09_복쫀바출시_ASC_전환_image_전체타겟_AI,[26.09]F_I_JD복_전환_복쫀바출시_혜택강조형__.릴스_AI.복쫀이.곧끝나요.언제품절될지.모르는.신상특가.유럽납작복숭아.__황경원_260909_빙과_김민우,100,1,1962,0,2,전환
2026-09-09,120252256363550659,[빙과_스틱바_복숭아쫀득] 26.09_쫀득바출시_ASC_전환_image_전체타겟,[복숭아쫀득바] 26.09_복쫀바출시_ASC_전환_image_전체타겟_AI,[26.09]F_I_JD복_전환_복쫀바출시_혜택강조형__.릴스_AI.복쫀이.남들보다싸게샀어요.출시특가.최저가할인.유럽납작복숭아.__황경원_260909_빙과_김민우,209,1,3937,0,13,전환
2026-09-09,120252256366780659,[빙과_스틱바_복숭아쫀득] 26.09_쫀득바출시_ASC_전환_image_전체타겟,[복숭아쫀득바] 26.09_복쫀바출시_ASC_전환_image_전체타겟_AI,[26.09]F_I_JD복_전환_복쫀바출시_혜택강조형__.릴스_AI.복쫀이.남들보다싸게샀어요.출시특가.최저가할인.유럽납작복숭아.__황경원_260909_빙과_김민우,33,1,484,0,2,전환
2026-09-09,120252256375200659,[빙과_스틱바_복숭아쫀득] 26.09_쫀득바출시_ASC_전환_image_전체타겟,[복숭아쫀득바] 26.09_복쫀바출시_ASC_전환_image_전체타겟_슈기,[26.09]F_I_JD복_전환_복쫀바출시_혜택강조형__.배너_슈기.곧끝난대요.얼굴캡션.올여름품절대란.차원이다른.유럽.샤라웃기념.비밀링크.__황경원_260909_빙과_김민우,1,0,2,0,0,전환
2026-09-09,120252256379310659,[빙과_스틱바_복숭아쫀득] 26.09_쫀득바출시_ASC_전환_image_전체타겟,[복숭아쫀득바] 26.09_복쫀바출시_ASC_전환_image_전체타겟_슈기,[26.09]F_I_JD복_전환_복쫀바출시_혜택강조형__.배너_슈기.곧끝난대요.얼굴캡션.차원이다른.품절대란.출시특가.유럽.샤라웃기념.비밀링크.__황경원_260909_빙과_김민우,1,0,17,0,0,전환
2026-09-09,120252256383390659,[빙과_스틱바_복숭아쫀득] 26.09_쫀득바출시_ASC_전환_image_전체타겟,[복숭아쫀득바] 26.09_복쫀바출시_ASC_전환_image_전체타겟_AI,[26.09]F_I_JD복_전환_복쫀바출시_혜택강조형__.릴스_AI.복쫀이.놓치지마세요.품절.시간문제.유럽납작복숭아.__황경원_260909_빙과_김민우,274,3,4063,0,2,전환
2026-09-09,120252256383950659,[빙과_스틱바_복숭아쫀득] 26.09_쫀득바출시_ASC_전환_image_전체타겟,[복숭아쫀득바] 26.09_복쫀바출시_ASC_전환_image_전체타겟_AI,[26.09]F_I_JD복_전환_복쫀바출시_혜택강조형__.릴스_AI.복쫀이.놓치지마세요.품절.시간문제.유럽납작복숭아.__황경원_260909_빙과_김민우,149,0,2922,0,2,전환
2026-09-09,120252256384140659,[빙과_스틱바_복숭아쫀득] 26.09_쫀득바출시_ASC_전환_image_전체타겟,[복숭아쫀득바] 26.09_복쫀바출시_ASC_전환_image_전체타겟_슈기,[26.09]F_I_JD복_전환_복쫀바출시_혜택강조형__.배너_슈기.곧끝난대요.올여름품절대란.차원이다른.유럽.샤라웃기념.비밀링크.__황경원_260909_빙과_김민우,1,0,12,0,0,전환
2026-09-09,120252256391340659,[빙과_스틱바_복숭아쫀득] 26.09_쫀득바출시_ASC_전환_image_전체타겟,[복숭아쫀득바] 26.09_복쫀바출시_ASC_전환_image_전체타겟_슈기,[26.09]F_I_JD복_전환_복쫀바출시_혜택강조형__.배너_슈기.곧끝난대요.차원이다른.품절대란.출시특가.유럽.샤라웃기념.비밀링크.__황경원_260909_빙과_김민우,1,0,7,0,0,전환
2026-09-09,120252256396480659,[빙과_스틱바_복숭아쫀득] 26.09_쫀득바출시_ASC_전환_image_전체타겟,[복숭아쫀득바] 26.09_복쫀바출시_ASC_전환_image_전체타겟_슈기,[26.09]F_I_JD복_전환_복쫀바출시_혜택강조형__.배너_슈기.공지문.현장감.가격실수안내.편의점1등.직원실수.__황경원_260909_빙과_김민우,1,0,1,0,0,전환
2026-09-09,120252256397580659,[빙과_스틱바_복숭아쫀득] 26.09_쫀득바출시_ASC_전환_image_전체타겟,[복숭아쫀득바] 26.09_복쫀바출시_ASC_전환_image_전체타겟_AI,[26.09]F_I_JD복_전환_복쫀바출시_혜택강조형__.릴스_AI.복쫀이.다시는없어요.안사고버티신분들.유럽납작복숭아.__황경원_260909_빙과_김민우,231,2,3655,0,5,전환
2026-09-09,120252256397680659,[빙과_스틱바_복숭아쫀득] 26.09_쫀득바출시_ASC_전환_image_전체타겟,[복숭아쫀득바] 26.09_복쫀바출시_ASC_전환_image_전체타겟_슈기,[26.09]F_I_JD복_전환_복쫀바출시_혜택강조형__.배너_슈기.공지문.현장감.가격실수안내.편의점1등.직원실수.__황경원_260909_빙과_김민우,6,0,87,0,0,전환
2026-09-09,120252256399070659,[빙과_스틱바_복숭아쫀득] 26.09_쫀득바출시_ASC_전환_image_전체타겟,[복숭아쫀득바] 26.09_복쫀바출시_ASC_전환_image_전체타겟_AI,[26.09]F_I_JD복_전환_복쫀바출시_혜택강조형__.릴스_AI.복쫀이.다시는없어요.안사고버티신분들.유럽납작복숭아.__황경원_260909_빙과_김민우,175,4,2829,0,1,전환
2026-09-09,120252256400400659,[빙과_스틱바_복숭아쫀득] 26.09_쫀득바출시_ASC_전환_image_전체타겟,[복숭아쫀득바] 26.09_복쫀바출시_ASC_전환_image_전체타겟_슈기,[26.09]F_I_JD복_전환_복쫀바출시_혜택강조형__.배너_슈기.공지문.현장감.출시특가안내.편의점1등.__황경원_260909_빙과_김민우,2,0,157,0,0,전환
2026-09-09,120252256401330659,[빙과_스틱바_복숭아쫀득] 26.09_쫀득바출시_ASC_전환_image_전체타겟,[복숭아쫀득바] 26.09_복쫀바출시_ASC_전환_image_전체타겟_슈기,[26.09]F_I_JD복_전환_복쫀바출시_혜택강조형__.배너_슈기.공지문.현장감.출시특가안내.편의점1등.__황경원_260909_빙과_김민우,3,0,52,0,0,전환
2026-09-09,120252256404860659,[빙과_스틱바_복숭아쫀득] 26.09_쫀득바출시_ASC_전환_image_전체타겟,[복숭아쫀득바] 26.09_복쫀바출시_ASC_전환_image_전체타겟_슈기,[26.09]F_I_JD복_전환_복쫀바출시_혜택강조형__.배너_슈기.출시특가0원.지금아니면.못먹는.신상세일.정상가적용.__황경원_260909_빙과_김민우,1,0,3,0,0,전환
2026-09-09,120252256406400659,[빙과_스틱바_복숭아쫀득] 26.09_쫀득바출시_ASC_전환_image_전체타겟,[복숭아쫀득바] 26.09_복쫀바출시_ASC_전환_image_전체타겟_슈기,[26.09]F_I_JD복_전환_복쫀바출시_혜택강조형__.배너_슈기.출시특가0원.지금아니면.못먹는.신상세일.정상가적용.__황경원_260909_빙과_김민우,3,0,16,0,0,전환
2026-09-09,120252256408420659,[빙과_스틱바_복숭아쫀득] 26.09_쫀득바출시_ASC_전환_image_전체타겟,[복숭아쫀득바] 26.09_복쫀바출시_ASC_전환_image_전체타겟_AI,[26.09]F_I_JD복_전환_복쫀바출시_혜택강조형__.릴스_AI.복쫀이.지금이기회에요.올여름품절대란.첫물량.유럽납작복숭아.__황경원_260909_빙과_김민우,112,1,1863,0,1,전환
2026-09-09,120252256409920659,[빙과_스틱바_복숭아쫀득] 26.09_쫀득바출시_ASC_전환_image_전체타겟,[복숭아쫀득바] 26.09_복쫀바출시_ASC_전환_image_전체타겟_AI,[26.09]F_I_JD복_전환_복쫀바출시_혜택강조형__.릴스_AI.복쫀이.지금이기회에요.올여름품절대란.첫물량.유럽납작복숭아.__황경원_260909_빙과_김민우,323,4,4589,0,8,전환
2026-09-09,120252256422740659,[빙과_스틱바_복숭아쫀득] 26.09_쫀득바출시_ASC_전환_image_전체타겟,[복숭아쫀득바] 26.09_복쫀바출시_ASC_전환_image_전체타겟_AI,[26.09]F_I_JD복_전환_복쫀바출시_혜택강조형__.릴스_AI.복쫀이.지금이젤싸요.안사고버티신분들.유럽납작복숭아.__황경원_260909_빙과_김민우,69,0,891,0,1,전환
2026-09-09,120252256424540659,[빙과_스틱바_복숭아쫀득] 26.09_쫀득바출시_ASC_전환_image_전체타겟,[복숭아쫀득바] 26.09_복쫀바출시_ASC_전환_image_전체타겟_AI,[26.09]F_I_JD복_전환_복쫀바출시_혜택강조형__.릴스_AI.복쫀이.지금이젤싸요.안사고버티신분들.유럽납작복숭아.__황경원_260909_빙과_김민우,226,3,3245,0,5,전환
2026-09-09,120252256746130659,[빙과_스틱바_복숭아쫀득] 26.09_쫀득바출시_ASC_전환_image_전체타겟,[복숭아쫀득바] 26.09_복쫀바출시_ASC_전환_image_전체타겟_고효율,[26.09]F_I_JD복_전환_복쫀바출시_직원설득형__.배너_고효율.리사이징.1920.가격조정안내.공지문.4만원대납복.__황경원_260909_빙과_김민우,14,1,526,0,0,전환
2026-09-09,120252256746570659,[빙과_스틱바_복숭아쫀득] 26.09_쫀득바출시_ASC_전환_image_전체타겟,[복숭아쫀득바] 26.09_복쫀바출시_ASC_전환_image_전체타겟_고효율,[26.09]F_I_JD복_전환_복쫀바출시_직원설득형__.배너_고효율.리사이징.1920.가격조정안내.공지문.4만원대납복.__황경원_260909_빙과_김민우,3,0,98,0,0,전환
2026-09-09,120252256747620659,[빙과_스틱바_복숭아쫀득] 26.09_쫀득바출시_ASC_전환_image_전체타겟,[복숭아쫀득바] 26.09_복쫀바출시_ASC_전환_image_전체타겟_고효율,[26.09]F_I_JD복_전환_복쫀바출시_혜택강조형__.배너_고효율.리사이징.1080.출시기간만할인해요.sns난리.__황경원_260909_빙과_김민우,29,0,516,0,0,전환
2026-09-09,120252256747930659,[빙과_스틱바_복숭아쫀득] 26.09_쫀득바출시_ASC_전환_image_전체타겟,[복숭아쫀득바] 26.09_복쫀바출시_ASC_전환_image_전체타겟_고효율,[26.09]F_I_JD복_전환_복쫀바출시_혜택강조형__.배너_고효율.리사이징.1080.출시기간만할인해요.sns난리.__황경원_260909_빙과_김민우,14,0,234,0,0,전환
2026-09-09,120252256750130659,[빙과_스틱바_복숭아쫀득] 26.09_쫀득바출시_ASC_전환_image_전체타겟,[복숭아쫀득바] 26.09_복쫀바출시_ASC_전환_image_전체타겟_고효율,[26.09]F_I_JD복_전환_복쫀바출시_혜택강조형__.배너_고효율.리사이징.1350.가격조정안내.공지문.4만원대납복.__황경원_260909_빙과_김민우,412,7,7244,0,0,전환
2026-09-09,120252256750330659,[빙과_스틱바_복숭아쫀득] 26.09_쫀득바출시_ASC_전환_image_전체타겟,[복숭아쫀득바] 26.09_복쫀바출시_ASC_전환_image_전체타겟_고효율,[26.09]F_I_JD복_전환_복쫀바출시_혜택강조형__.배너_고효율.리사이징.1350.가격조정안내.공지문.4만원대납복.__황경원_260909_빙과_김민우,53,0,779,0,0,전환
2026-09-09,120252256752100659,[빙과_스틱바_복숭아쫀득] 26.09_쫀득바출시_ASC_전환_image_전체타겟,[복숭아쫀득바] 26.09_복쫀바출시_ASC_전환_image_전체타겟_고효율,[26.09]F_I_JD복_전환_복쫀바출시_혜택강조형__.배너_고효율.리사이징.1350.곧종료됩니다.출시특가.무료증정.__황경원_260909_빙과_김민우,20,0,301,0,0,전환
2026-09-09,120252256753330659,[빙과_스틱바_복숭아쫀득] 26.09_쫀득바출시_ASC_전환_image_전체타겟,[복숭아쫀득바] 26.09_복쫀바출시_ASC_전환_image_전체타겟_고효율,[26.09]F_I_JD복_전환_복쫀바출시_혜택강조형__.배너_고효율.리사이징.1350.곧종료됩니다.출시특가.무료증정.__황경원_260909_빙과_김민우,33,0,437,0,0,전환
2026-09-09,120252256757430659,[빙과_스틱바_복숭아쫀득] 26.09_쫀득바출시_ASC_전환_image_전체타겟,[복숭아쫀득바] 26.09_복쫀바출시_ASC_전환_image_전체타겟_고효율,[26.09]F_I_JD복_전환_복쫀바출시_혜택강조형__.배너_고효율.리사이징.1350.나중에구매하실분.출시직후에만.4만원대납복.__황경원_260909_빙과_김민우,12,0,262,0,0,전환
2026-09-09,120252256757990659,[빙과_스틱바_복숭아쫀득] 26.09_쫀득바출시_ASC_전환_image_전체타겟,[복숭아쫀득바] 26.09_복쫀바출시_ASC_전환_image_전체타겟_고효율,[26.09]F_I_JD복_전환_복쫀바출시_혜택강조형__.배너_고효율.리사이징.1350.나중에구매하실분.출시직후에만.4만원대납복.__황경원_260909_빙과_김민우,24,0,328,0,0,전환
2026-09-09,120252256763480659,[빙과_스틱바_복숭아쫀득] 26.09_쫀득바출시_수동_전환_image_전체타겟,[복숭아쫀득바] 26.09_복쫀바출시_전환_image_전체타겟_고효율,[26.09]F_I_JD복_전환_복쫀바출시_직원설득형__.배너_고효율.리사이징.1920.가격조정안내.공지문.4만원대납복.__황경원_260909_빙과_김민우,7,0,103,0,0,전환
2026-09-09,120252256766070659,[빙과_스틱바_복숭아쫀득] 26.09_쫀득바출시_수동_전환_image_전체타겟,[복숭아쫀득바] 26.09_복쫀바출시_전환_image_전체타겟_고효율,[26.09]F_I_JD복_전환_복쫀바출시_혜택강조형__.배너_고효율.리사이징.1080.출시기간만할인해요.sns난리.__황경원_260909_빙과_김민우,3,0,67,0,0,전환
2026-09-09,120252256768160659,[빙과_스틱바_복숭아쫀득] 26.09_쫀득바출시_ASC_전환_image_전체타겟,[복숭아쫀득바] 26.09_복쫀바출시_ASC_전환_image_전체타겟_고효율,[26.09]F_I_JD복_전환_복쫀바출시_혜택강조형__.배너_고효율.리사이징.1350.쌀때쟁이세요.4만원대납복.__황경원_260909_빙과_김민우,2,0,36,0,0,전환
2026-09-09,120252256769170659,[빙과_스틱바_복숭아쫀득] 26.09_쫀득바출시_수동_전환_image_전체타겟,[복숭아쫀득바] 26.09_복쫀바출시_전환_image_전체타겟_고효율,[26.09]F_I_JD복_전환_복쫀바출시_혜택강조형__.배너_고효율.리사이징.1350.가격조정안내.공지문.4만원대납복.__황경원_260909_빙과_김민우,1,0,40,0,0,전환
2026-09-10,120252255520590659,[빙과_파인트] 26.09_파트너십광고_ASC_전환_video_전체타겟_9월 2주차,[빙과_파인트] 26.09_파트너십광고_ASC_전환_video_전체타겟_9월 2주차_1,[26.09]F_V_P초_전환_골키파출시_파트너십_테이스트모먼트,183,1,1218,1,6,전환
2026-09-10,120252255520600659,[빙과_파인트] 26.09_파트너십광고_ASC_전환_video_전체타겟_9월 2주차,[빙과_파인트] 26.09_파트너십광고_ASC_전환_video_전체타겟_9월 2주차_1,[26.09]F_V_P초_전환_골키파출시_파트너십_kaf_yerin,1090,8,10287,0,37,전환
2026-09-10,120252255520610659,[빙과_파인트] 26.09_파트너십광고_ASC_전환_video_전체타겟_9월 2주차,[빙과_파인트] 26.09_파트너십광고_ASC_전환_video_전체타겟_9월 2주차_1,[26.09]F_V_P초_전환_골키파출시_파트너십_whatdoieattodayyy,6969,82,80377,5,258,전환
2026-09-10,120252256343330659,[빙과_스틱바_복숭아쫀득] 26.09_쫀득바출시_ASC_전환_image_전체타겟,[복숭아쫀득바] 26.09_복쫀바출시_ASC_전환_image_전체타겟_AI,[26.09]F_I_JD복_전환_복쫀바출시_혜택강조형__.릴스_AI.복쫀이.곧끝나요.언제품절될지.모르는.신상특가.유럽납작복숭아.__황경원_260909_빙과_김민우,27,0,546,0,1,전환
2026-09-10,120252256346420659,[빙과_스틱바_복숭아쫀득] 26.09_쫀득바출시_ASC_전환_image_전체타겟,[복숭아쫀득바] 26.09_복쫀바출시_ASC_전환_image_전체타겟_AI,[26.09]F_I_JD복_전환_복쫀바출시_혜택강조형__.릴스_AI.복쫀이.곧끝나요.언제품절될지.모르는.신상특가.유럽납작복숭아.__황경원_260909_빙과_김민우,54,0,797,0,2,전환
2026-09-10,120252256363550659,[빙과_스틱바_복숭아쫀득] 26.09_쫀득바출시_ASC_전환_image_전체타겟,[복숭아쫀득바] 26.09_복쫀바출시_ASC_전환_image_전체타겟_AI,[26.09]F_I_JD복_전환_복쫀바출시_혜택강조형__.릴스_AI.복쫀이.남들보다싸게샀어요.출시특가.최저가할인.유럽납작복숭아.__황경원_260909_빙과_김민우,24,1,250,0,1,전환
2026-09-10,120252256366780659,[빙과_스틱바_복숭아쫀득] 26.09_쫀득바출시_ASC_전환_image_전체타겟,[복숭아쫀득바] 26.09_복쫀바출시_ASC_전환_image_전체타겟_AI,[26.09]F_I_JD복_전환_복쫀바출시_혜택강조형__.릴스_AI.복쫀이.남들보다싸게샀어요.출시특가.최저가할인.유럽납작복숭아.__황경원_260909_빙과_김민우,10,0,171,0,1,전환
2026-09-10,120252256375200659,[빙과_스틱바_복숭아쫀득] 26.09_쫀득바출시_ASC_전환_image_전체타겟,[복숭아쫀득바] 26.09_복쫀바출시_ASC_전환_image_전체타겟_슈기,[26.09]F_I_JD복_전환_복쫀바출시_혜택강조형__.배너_슈기.곧끝난대요.얼굴캡션.올여름품절대란.차원이다른.유럽.샤라웃기념.비밀링크.__황경원_260909_빙과_김민우,33,1,594,0,0,전환
2026-09-10,120252256379310659,[빙과_스틱바_복숭아쫀득] 26.09_쫀득바출시_ASC_전환_image_전체타겟,[복숭아쫀득바] 26.09_복쫀바출시_ASC_전환_image_전체타겟_슈기,[26.09]F_I_JD복_전환_복쫀바출시_혜택강조형__.배너_슈기.곧끝난대요.얼굴캡션.차원이다른.품절대란.출시특가.유럽.샤라웃기념.비밀링크.__황경원_260909_빙과_김민우,10,0,149,0,0,전환
2026-09-10,120252256383390659,[빙과_스틱바_복숭아쫀득] 26.09_쫀득바출시_ASC_전환_image_전체타겟,[복숭아쫀득바] 26.09_복쫀바출시_ASC_전환_image_전체타겟_AI,[26.09]F_I_JD복_전환_복쫀바출시_혜택강조형__.릴스_AI.복쫀이.놓치지마세요.품절.시간문제.유럽납작복숭아.__황경원_260909_빙과_김민우,92,1,1547,0,4,전환
2026-09-10,120252256383950659,[빙과_스틱바_복숭아쫀득] 26.09_쫀득바출시_ASC_전환_image_전체타겟,[복숭아쫀득바] 26.09_복쫀바출시_ASC_전환_image_전체타겟_AI,[26.09]F_I_JD복_전환_복쫀바출시_혜택강조형__.릴스_AI.복쫀이.놓치지마세요.품절.시간문제.유럽납작복숭아.__황경원_260909_빙과_김민우,50,1,838,0,1,전환
2026-09-10,120252256384140659,[빙과_스틱바_복숭아쫀득] 26.09_쫀득바출시_ASC_전환_image_전체타겟,[복숭아쫀득바] 26.09_복쫀바출시_ASC_전환_image_전체타겟_슈기,[26.09]F_I_JD복_전환_복쫀바출시_혜택강조형__.배너_슈기.곧끝난대요.올여름품절대란.차원이다른.유럽.샤라웃기념.비밀링크.__황경원_260909_빙과_김민우,21,0,531,0,0,전환
2026-09-10,120252256391340659,[빙과_스틱바_복숭아쫀득] 26.09_쫀득바출시_ASC_전환_image_전체타겟,[복숭아쫀득바] 26.09_복쫀바출시_ASC_전환_image_전체타겟_슈기,[26.09]F_I_JD복_전환_복쫀바출시_혜택강조형__.배너_슈기.곧끝난대요.차원이다른.품절대란.출시특가.유럽.샤라웃기념.비밀링크.__황경원_260909_빙과_김민우,15,0,119,0,0,전환
2026-09-10,120252256396480659,[빙과_스틱바_복숭아쫀득] 26.09_쫀득바출시_ASC_전환_image_전체타겟,[복숭아쫀득바] 26.09_복쫀바출시_ASC_전환_image_전체타겟_슈기,[26.09]F_I_JD복_전환_복쫀바출시_혜택강조형__.배너_슈기.공지문.현장감.가격실수안내.편의점1등.직원실수.__황경원_260909_빙과_김민우,2787,46,30105,0,0,전환
2026-09-10,120252256397580659,[빙과_스틱바_복숭아쫀득] 26.09_쫀득바출시_ASC_전환_image_전체타겟,[복숭아쫀득바] 26.09_복쫀바출시_ASC_전환_image_전체타겟_AI,[26.09]F_I_JD복_전환_복쫀바출시_혜택강조형__.릴스_AI.복쫀이.다시는없어요.안사고버티신분들.유럽납작복숭아.__황경원_260909_빙과_김민우,149,2,2539,1,2,전환
2026-09-10,120252256397680659,[빙과_스틱바_복숭아쫀득] 26.09_쫀득바출시_ASC_전환_image_전체타겟,[복숭아쫀득바] 26.09_복쫀바출시_ASC_전환_image_전체타겟_슈기,[26.09]F_I_JD복_전환_복쫀바출시_혜택강조형__.배너_슈기.공지문.현장감.가격실수안내.편의점1등.직원실수.__황경원_260909_빙과_김민우,952,11,11474,0,0,전환
2026-09-10,120252256399070659,[빙과_스틱바_복숭아쫀득] 26.09_쫀득바출시_ASC_전환_image_전체타겟,[복숭아쫀득바] 26.09_복쫀바출시_ASC_전환_image_전체타겟_AI,[26.09]F_I_JD복_전환_복쫀바출시_혜택강조형__.릴스_AI.복쫀이.다시는없어요.안사고버티신분들.유럽납작복숭아.__황경원_260909_빙과_김민우,78,1,1216,0,3,전환
2026-09-10,120252256400400659,[빙과_스틱바_복숭아쫀득] 26.09_쫀득바출시_ASC_전환_image_전체타겟,[복숭아쫀득바] 26.09_복쫀바출시_ASC_전환_image_전체타겟_슈기,[26.09]F_I_JD복_전환_복쫀바출시_혜택강조형__.배너_슈기.공지문.현장감.출시특가안내.편의점1등.__황경원_260909_빙과_김민우,153,2,2302,0,0,전환
2026-09-10,120252256401330659,[빙과_스틱바_복숭아쫀득] 26.09_쫀득바출시_ASC_전환_image_전체타겟,[복숭아쫀득바] 26.09_복쫀바출시_ASC_전환_image_전체타겟_슈기,[26.09]F_I_JD복_전환_복쫀바출시_혜택강조형__.배너_슈기.공지문.현장감.출시특가안내.편의점1등.__황경원_260909_빙과_김민우,111,2,1994,0,0,전환
2026-09-10,120252256404860659,[빙과_스틱바_복숭아쫀득] 26.09_쫀득바출시_ASC_전환_image_전체타겟,[복숭아쫀득바] 26.09_복쫀바출시_ASC_전환_image_전체타겟_슈기,[26.09]F_I_JD복_전환_복쫀바출시_혜택강조형__.배너_슈기.출시특가0원.지금아니면.못먹는.신상세일.정상가적용.__황경원_260909_빙과_김민우,97,0,917,0,0,전환
2026-09-10,120252256406400659,[빙과_스틱바_복숭아쫀득] 26.09_쫀득바출시_ASC_전환_image_전체타겟,[복숭아쫀득바] 26.09_복쫀바출시_ASC_전환_image_전체타겟_슈기,[26.09]F_I_JD복_전환_복쫀바출시_혜택강조형__.배너_슈기.출시특가0원.지금아니면.못먹는.신상세일.정상가적용.__황경원_260909_빙과_김민우,62,0,729,0,0,전환
2026-09-10,120252256408420659,[빙과_스틱바_복숭아쫀득] 26.09_쫀득바출시_ASC_전환_image_전체타겟,[복숭아쫀득바] 26.09_복쫀바출시_ASC_전환_image_전체타겟_AI,[26.09]F_I_JD복_전환_복쫀바출시_혜택강조형__.릴스_AI.복쫀이.지금이기회에요.올여름품절대란.첫물량.유럽납작복숭아.__황경원_260909_빙과_김민우,46,3,682,1,2,전환
2026-09-10,120252256409920659,[빙과_스틱바_복숭아쫀득] 26.09_쫀득바출시_ASC_전환_image_전체타겟,[복숭아쫀득바] 26.09_복쫀바출시_ASC_전환_image_전체타겟_AI,[26.09]F_I_JD복_전환_복쫀바출시_혜택강조형__.릴스_AI.복쫀이.지금이기회에요.올여름품절대란.첫물량.유럽납작복숭아.__황경원_260909_빙과_김민우,51,0,604,0,2,전환
2026-09-10,120252256422740659,[빙과_스틱바_복숭아쫀득] 26.09_쫀득바출시_ASC_전환_image_전체타겟,[복숭아쫀득바] 26.09_복쫀바출시_ASC_전환_image_전체타겟_AI,[26.09]F_I_JD복_전환_복쫀바출시_혜택강조형__.릴스_AI.복쫀이.지금이젤싸요.안사고버티신분들.유럽납작복숭아.__황경원_260909_빙과_김민우,2477,30,40320,1,67,전환
2026-09-10,120252256424540659,[빙과_스틱바_복숭아쫀득] 26.09_쫀득바출시_ASC_전환_image_전체타겟,[복숭아쫀득바] 26.09_복쫀바출시_ASC_전환_image_전체타겟_AI,[26.09]F_I_JD복_전환_복쫀바출시_혜택강조형__.릴스_AI.복쫀이.지금이젤싸요.안사고버티신분들.유럽납작복숭아.__황경원_260909_빙과_김민우,462,8,9315,1,16,전환
2026-09-10,120252256746130659,[빙과_스틱바_복숭아쫀득] 26.09_쫀득바출시_ASC_전환_image_전체타겟,[복숭아쫀득바] 26.09_복쫀바출시_ASC_전환_image_전체타겟_고효율,[26.09]F_I_JD복_전환_복쫀바출시_직원설득형__.배너_고효율.리사이징.1920.가격조정안내.공지문.4만원대납복.__황경원_260909_빙과_김민우,20,0,287,0,0,전환
2026-09-10,120252256746570659,[빙과_스틱바_복숭아쫀득] 26.09_쫀득바출시_ASC_전환_image_전체타겟,[복숭아쫀득바] 26.09_복쫀바출시_ASC_전환_image_전체타겟_고효율,[26.09]F_I_JD복_전환_복쫀바출시_직원설득형__.배너_고효율.리사이징.1920.가격조정안내.공지문.4만원대납복.__황경원_260909_빙과_김민우,9,0,117,0,0,전환
2026-09-10,120252256747620659,[빙과_스틱바_복숭아쫀득] 26.09_쫀득바출시_ASC_전환_image_전체타겟,[복숭아쫀득바] 26.09_복쫀바출시_ASC_전환_image_전체타겟_고효율,[26.09]F_I_JD복_전환_복쫀바출시_혜택강조형__.배너_고효율.리사이징.1080.출시기간만할인해요.sns난리.__황경원_260909_빙과_김민우,4,0,100,0,0,전환
2026-09-10,120252256747930659,[빙과_스틱바_복숭아쫀득] 26.09_쫀득바출시_ASC_전환_image_전체타겟,[복숭아쫀득바] 26.09_복쫀바출시_ASC_전환_image_전체타겟_고효율,[26.09]F_I_JD복_전환_복쫀바출시_혜택강조형__.배너_고효율.리사이징.1080.출시기간만할인해요.sns난리.__황경원_260909_빙과_김민우,11,0,219,0,0,전환
2026-09-10,120252256750130659,[빙과_스틱바_복숭아쫀득] 26.09_쫀득바출시_ASC_전환_image_전체타겟,[복숭아쫀득바] 26.09_복쫀바출시_ASC_전환_image_전체타겟_고효율,[26.09]F_I_JD복_전환_복쫀바출시_혜택강조형__.배너_고효율.리사이징.1350.가격조정안내.공지문.4만원대납복.__황경원_260909_빙과_김민우,967,11,13328,1,0,전환
2026-09-10,120252256750330659,[빙과_스틱바_복숭아쫀득] 26.09_쫀득바출시_ASC_전환_image_전체타겟,[복숭아쫀득바] 26.09_복쫀바출시_ASC_전환_image_전체타겟_고효율,[26.09]F_I_JD복_전환_복쫀바출시_혜택강조형__.배너_고효율.리사이징.1350.가격조정안내.공지문.4만원대납복.__황경원_260909_빙과_김민우,183,4,3124,0,0,전환
2026-09-10,120252256752100659,[빙과_스틱바_복숭아쫀득] 26.09_쫀득바출시_ASC_전환_image_전체타겟,[복숭아쫀득바] 26.09_복쫀바출시_ASC_전환_image_전체타겟_고효율,[26.09]F_I_JD복_전환_복쫀바출시_혜택강조형__.배너_고효율.리사이징.1350.곧종료됩니다.출시특가.무료증정.__황경원_260909_빙과_김민우,25,0,148,0,0,전환
2026-09-10,120252256753330659,[빙과_스틱바_복숭아쫀득] 26.09_쫀득바출시_ASC_전환_image_전체타겟,[복숭아쫀득바] 26.09_복쫀바출시_ASC_전환_image_전체타겟_고효율,[26.09]F_I_JD복_전환_복쫀바출시_혜택강조형__.배너_고효율.리사이징.1350.곧종료됩니다.출시특가.무료증정.__황경원_260909_빙과_김민우,15,0,186,0,0,전환
2026-09-10,120252256757430659,[빙과_스틱바_복숭아쫀득] 26.09_쫀득바출시_ASC_전환_image_전체타겟,[복숭아쫀득바] 26.09_복쫀바출시_ASC_전환_image_전체타겟_고효율,[26.09]F_I_JD복_전환_복쫀바출시_혜택강조형__.배너_고효율.리사이징.1350.나중에구매하실분.출시직후에만.4만원대납복.__황경원_260909_빙과_김민우,3,0,69,0,0,전환
2026-09-10,120252256757990659,[빙과_스틱바_복숭아쫀득] 26.09_쫀득바출시_ASC_전환_image_전체타겟,[복숭아쫀득바] 26.09_복쫀바출시_ASC_전환_image_전체타겟_고효율,[26.09]F_I_JD복_전환_복쫀바출시_혜택강조형__.배너_고효율.리사이징.1350.나중에구매하실분.출시직후에만.4만원대납복.__황경원_260909_빙과_김민우,16,2,329,0,0,전환
2026-09-10,120252256763480659,[빙과_스틱바_복숭아쫀득] 26.09_쫀득바출시_수동_전환_image_전체타겟,[복숭아쫀득바] 26.09_복쫀바출시_전환_image_전체타겟_고효율,[26.09]F_I_JD복_전환_복쫀바출시_직원설득형__.배너_고효율.리사이징.1920.가격조정안내.공지문.4만원대납복.__황경원_260909_빙과_김민우,3,0,165,0,0,전환
2026-09-10,120252256766070659,[빙과_스틱바_복숭아쫀득] 26.09_쫀득바출시_수동_전환_image_전체타겟,[복숭아쫀득바] 26.09_복쫀바출시_전환_image_전체타겟_고효율,[26.09]F_I_JD복_전환_복쫀바출시_혜택강조형__.배너_고효율.리사이징.1080.출시기간만할인해요.sns난리.__황경원_260909_빙과_김민우,3,0,32,0,0,전환
2026-09-10,120252256768160659,[빙과_스틱바_복숭아쫀득] 26.09_쫀득바출시_ASC_전환_image_전체타겟,[복숭아쫀득바] 26.09_복쫀바출시_ASC_전환_image_전체타겟_고효율,[26.09]F_I_JD복_전환_복쫀바출시_혜택강조형__.배너_고효율.리사이징.1350.쌀때쟁이세요.4만원대납복.__황경원_260909_빙과_김민우,102,7,2422,0,0,전환
2026-09-10,120252256769170659,[빙과_스틱바_복숭아쫀득] 26.09_쫀득바출시_수동_전환_image_전체타겟,[복숭아쫀득바] 26.09_복쫀바출시_전환_image_전체타겟_고효율,[26.09]F_I_JD복_전환_복쫀바출시_혜택강조형__.배너_고효율.리사이징.1350.가격조정안내.공지문.4만원대납복.__황경원_260909_빙과_김민우,27,0,479,0,0,전환
2026-09-11,120252255520590659,[빙과_파인트] 26.09_파트너십광고_ASC_전환_video_전체타겟_9월 2주차,[빙과_파인트] 26.09_파트너십광고_ASC_전환_video_전체타겟_9월 2주차_1,[26.09]F_V_P초_전환_골키파출시_파트너십_테이스트모먼트,459,3,3318,0,9,전환
2026-09-11,120252255520600659,[빙과_파인트] 26.09_파트너십광고_ASC_전환_video_전체타겟_9월 2주차,[빙과_파인트] 26.09_파트너십광고_ASC_전환_video_전체타겟_9월 2주차_1,[26.09]F_V_P초_전환_골키파출시_파트너십_kaf_yerin,1719,8,19911,3,52,전환
2026-09-11,120252255520610659,[빙과_파인트] 26.09_파트너십광고_ASC_전환_video_전체타겟_9월 2주차,[빙과_파인트] 26.09_파트너십광고_ASC_전환_video_전체타겟_9월 2주차_1,[26.09]F_V_P초_전환_골키파출시_파트너십_whatdoieattodayyy,4545,65,46337,3,179,전환
2026-09-11,120252256346420659,[빙과_스틱바_복숭아쫀득] 26.09_쫀득바출시_ASC_전환_image_전체타겟,[복숭아쫀득바] 26.09_복쫀바출시_ASC_전환_image_전체타겟_AI,[26.09]F_I_JD복_전환_복쫀바출시_혜택강조형__.릴스_AI.복쫀이.곧끝나요.언제품절될지.모르는.신상특가.유럽납작복숭아.__황경원_260909_빙과_김민우,106,1,1246,0,5,전환
2026-09-11,120252256363550659,[빙과_스틱바_복숭아쫀득] 26.09_쫀득바출시_ASC_전환_image_전체타겟,[복숭아쫀득바] 26.09_복쫀바출시_ASC_전환_image_전체타겟_AI,[26.09]F_I_JD복_전환_복쫀바출시_혜택강조형__.릴스_AI.복쫀이.남들보다싸게샀어요.출시특가.최저가할인.유럽납작복숭아.__황경원_260909_빙과_김민우,778,16,15425,0,32,전환
2026-09-11,120252256375200659,[빙과_스틱바_복숭아쫀득] 26.09_쫀득바출시_ASC_전환_image_전체타겟,[복숭아쫀득바] 26.09_복쫀바출시_ASC_전환_image_전체타겟_슈기,[26.09]F_I_JD복_전환_복쫀바출시_혜택강조형__.배너_슈기.곧끝난대요.얼굴캡션.올여름품절대란.차원이다른.유럽.샤라웃기념.비밀링크.__황경원_260909_빙과_김민우,126,2,2133,0,0,전환
2026-09-11,120252256379310659,[빙과_스틱바_복숭아쫀득] 26.09_쫀득바출시_ASC_전환_image_전체타겟,[복숭아쫀득바] 26.09_복쫀바출시_ASC_전환_image_전체타겟_슈기,[26.09]F_I_JD복_전환_복쫀바출시_혜택강조형__.배너_슈기.곧끝난대요.얼굴캡션.차원이다른.품절대란.출시특가.유럽.샤라웃기념.비밀링크.__황경원_260909_빙과_김민우,17,1,312,0,0,전환
2026-09-11,120252256383390659,[빙과_스틱바_복숭아쫀득] 26.09_쫀득바출시_ASC_전환_image_전체타겟,[복숭아쫀득바] 26.09_복쫀바출시_ASC_전환_image_전체타겟_AI,[26.09]F_I_JD복_전환_복쫀바출시_혜택강조형__.릴스_AI.복쫀이.놓치지마세요.품절.시간문제.유럽납작복숭아.__황경원_260909_빙과_김민우,1247,15,23810,1,40,전환
2026-09-11,120252256384140659,[빙과_스틱바_복숭아쫀득] 26.09_쫀득바출시_ASC_전환_image_전체타겟,[복숭아쫀득바] 26.09_복쫀바출시_ASC_전환_image_전체타겟_슈기,[26.09]F_I_JD복_전환_복쫀바출시_혜택강조형__.배너_슈기.곧끝난대요.올여름품절대란.차원이다른.유럽.샤라웃기념.비밀링크.__황경원_260909_빙과_김민우,54,1,1062,0,0,전환
2026-09-11,120252256391340659,[빙과_스틱바_복숭아쫀득] 26.09_쫀득바출시_ASC_전환_image_전체타겟,[복숭아쫀득바] 26.09_복쫀바출시_ASC_전환_image_전체타겟_슈기,[26.09]F_I_JD복_전환_복쫀바출시_혜택강조형__.배너_슈기.곧끝난대요.차원이다른.품절대란.출시특가.유럽.샤라웃기념.비밀링크.__황경원_260909_빙과_김민우,78,2,2191,0,0,전환
2026-09-11,120252256397580659,[빙과_스틱바_복숭아쫀득] 26.09_쫀득바출시_ASC_전환_image_전체타겟,[복숭아쫀득바] 26.09_복쫀바출시_ASC_전환_image_전체타겟_AI,[26.09]F_I_JD복_전환_복쫀바출시_혜택강조형__.릴스_AI.복쫀이.다시는없어요.안사고버티신분들.유럽납작복숭아.__황경원_260909_빙과_김민우,1057,15,17746,1,19,전환
2026-09-11,120252256397680659,[빙과_스틱바_복숭아쫀득] 26.09_쫀득바출시_ASC_전환_image_전체타겟,[복숭아쫀득바] 26.09_복쫀바출시_ASC_전환_image_전체타겟_슈기,[26.09]F_I_JD복_전환_복쫀바출시_혜택강조형__.배너_슈기.공지문.현장감.가격실수안내.편의점1등.직원실수.__황경원_260909_빙과_김민우,2284,44,27231,2,0,전환
2026-09-11,120252256400400659,[빙과_스틱바_복숭아쫀득] 26.09_쫀득바출시_ASC_전환_image_전체타겟,[복숭아쫀득바] 26.09_복쫀바출시_ASC_전환_image_전체타겟_슈기,[26.09]F_I_JD복_전환_복쫀바출시_혜택강조형__.배너_슈기.공지문.현장감.출시특가안내.편의점1등.__황경원_260909_빙과_김민우,607,10,9547,0,0,전환
2026-09-11,120252256406400659,[빙과_스틱바_복숭아쫀득] 26.09_쫀득바출시_ASC_전환_image_전체타겟,[복숭아쫀득바] 26.09_복쫀바출시_ASC_전환_image_전체타겟_슈기,[26.09]F_I_JD복_전환_복쫀바출시_혜택강조형__.배너_슈기.출시특가0원.지금아니면.못먹는.신상세일.정상가적용.__황경원_260909_빙과_김민우,40,0,494,0,0,전환
2026-09-11,120252256409920659,[빙과_스틱바_복숭아쫀득] 26.09_쫀득바출시_ASC_전환_image_전체타겟,[복숭아쫀득바] 26.09_복쫀바출시_ASC_전환_image_전체타겟_AI,[26.09]F_I_JD복_전환_복쫀바출시_혜택강조형__.릴스_AI.복쫀이.지금이기회에요.올여름품절대란.첫물량.유럽납작복숭아.__황경원_260909_빙과_김민우,442,5,8623,0,12,전환
2026-09-11,120252256424540659,[빙과_스틱바_복숭아쫀득] 26.09_쫀득바출시_ASC_전환_image_전체타겟,[복숭아쫀득바] 26.09_복쫀바출시_ASC_전환_image_전체타겟_AI,[26.09]F_I_JD복_전환_복쫀바출시_혜택강조형__.릴스_AI.복쫀이.지금이젤싸요.안사고버티신분들.유럽납작복숭아.__황경원_260909_빙과_김민우,956,14,21891,0,37,전환
2026-09-11,120252256746130659,[빙과_스틱바_복숭아쫀득] 26.09_쫀득바출시_ASC_전환_image_전체타겟,[복숭아쫀득바] 26.09_복쫀바출시_ASC_전환_image_전체타겟_고효율,[26.09]F_I_JD복_전환_복쫀바출시_직원설득형__.배너_고효율.리사이징.1920.가격조정안내.공지문.4만원대납복.__황경원_260909_빙과_김민우,7,0,68,0,0,전환
2026-09-11,120252256753330659,[빙과_스틱바_복숭아쫀득] 26.09_쫀득바출시_ASC_전환_image_전체타겟,[복숭아쫀득바] 26.09_복쫀바출시_ASC_전환_image_전체타겟_고효율,[26.09]F_I_JD복_전환_복쫀바출시_혜택강조형__.배너_고효율.리사이징.1350.곧종료됩니다.출시특가.무료증정.__황경원_260909_빙과_김민우,5,0,79,0,0,전환
2026-09-11,120252256757990659,[빙과_스틱바_복숭아쫀득] 26.09_쫀득바출시_ASC_전환_image_전체타겟,[복숭아쫀득바] 26.09_복쫀바출시_ASC_전환_image_전체타겟_고효율,[26.09]F_I_JD복_전환_복쫀바출시_혜택강조형__.배너_고효율.리사이징.1350.나중에구매하실분.출시직후에만.4만원대납복.__황경원_260909_빙과_김민우,4,0,59,0,0,전환
2026-09-12,120252255520590659,[빙과_파인트] 26.09_파트너십광고_ASC_전환_video_전체타겟_9월 2주차,[빙과_파인트] 26.09_파트너십광고_ASC_전환_video_전체타겟_9월 2주차_1,[26.09]F_V_P초_전환_골키파출시_파트너십_테이스트모먼트,45,0,416,0,0,전환
2026-09-12,120252255520600659,[빙과_파인트] 26.09_파트너십광고_ASC_전환_video_전체타겟_9월 2주차,[빙과_파인트] 26.09_파트너십광고_ASC_전환_video_전체타겟_9월 2주차_1,[26.09]F_V_P초_전환_골키파출시_파트너십_kaf_yerin,99,0,928,0,1,전환
2026-09-12,120252255520610659,[빙과_파인트] 26.09_파트너십광고_ASC_전환_video_전체타겟_9월 2주차,[빙과_파인트] 26.09_파트너십광고_ASC_전환_video_전체타겟_9월 2주차_1,[26.09]F_V_P초_전환_골키파출시_파트너십_whatdoieattodayyy,1970,22,20510,0,60,전환
2026-09-12,120252256346420659,[빙과_스틱바_복숭아쫀득] 26.09_쫀득바출시_ASC_전환_image_전체타겟,[복숭아쫀득바] 26.09_복쫀바출시_ASC_전환_image_전체타겟_AI,[26.09]F_I_JD복_전환_복쫀바출시_혜택강조형__.릴스_AI.복쫀이.곧끝나요.언제품절될지.모르는.신상특가.유럽납작복숭아.__황경원_260909_빙과_김민우,11,0,141,0,0,전환
2026-09-12,120252256363550659,[빙과_스틱바_복숭아쫀득] 26.09_쫀득바출시_ASC_전환_image_전체타겟,[복숭아쫀득바] 26.09_복쫀바출시_ASC_전환_image_전체타겟_AI,[26.09]F_I_JD복_전환_복쫀바출시_혜택강조형__.릴스_AI.복쫀이.남들보다싸게샀어요.출시특가.최저가할인.유럽납작복숭아.__황경원_260909_빙과_김민우,232,6,4502,0,23,전환
2026-09-12,120252256375200659,[빙과_스틱바_복숭아쫀득] 26.09_쫀득바출시_ASC_전환_image_전체타겟,[복숭아쫀득바] 26.09_복쫀바출시_ASC_전환_image_전체타겟_슈기,[26.09]F_I_JD복_전환_복쫀바출시_혜택강조형__.배너_슈기.곧끝난대요.얼굴캡션.올여름품절대란.차원이다른.유럽.샤라웃기념.비밀링크.__황경원_260909_빙과_김민우,2,0,4,0,0,전환
2026-09-12,120252256383390659,[빙과_스틱바_복숭아쫀득] 26.09_쫀득바출시_ASC_전환_image_전체타겟,[복숭아쫀득바] 26.09_복쫀바출시_ASC_전환_image_전체타겟_AI,[26.09]F_I_JD복_전환_복쫀바출시_혜택강조형__.릴스_AI.복쫀이.놓치지마세요.품절.시간문제.유럽납작복숭아.__황경원_260909_빙과_김민우,62,1,1087,0,2,전환
2026-09-12,120252256384140659,[빙과_스틱바_복숭아쫀득] 26.09_쫀득바출시_ASC_전환_image_전체타겟,[복숭아쫀득바] 26.09_복쫀바출시_ASC_전환_image_전체타겟_슈기,[26.09]F_I_JD복_전환_복쫀바출시_혜택강조형__.배너_슈기.곧끝난대요.올여름품절대란.차원이다른.유럽.샤라웃기념.비밀링크.__황경원_260909_빙과_김민우,11,1,235,0,0,전환
2026-09-12,120252256391340659,[빙과_스틱바_복숭아쫀득] 26.09_쫀득바출시_ASC_전환_image_전체타겟,[복숭아쫀득바] 26.09_복쫀바출시_ASC_전환_image_전체타겟_슈기,[26.09]F_I_JD복_전환_복쫀바출시_혜택강조형__.배너_슈기.곧끝난대요.차원이다른.품절대란.출시특가.유럽.샤라웃기념.비밀링크.__황경원_260909_빙과_김민우,10,0,106,0,0,전환
2026-09-12,120252256397580659,[빙과_스틱바_복숭아쫀득] 26.09_쫀득바출시_ASC_전환_image_전체타겟,[복숭아쫀득바] 26.09_복쫀바출시_ASC_전환_image_전체타겟_AI,[26.09]F_I_JD복_전환_복쫀바출시_혜택강조형__.릴스_AI.복쫀이.다시는없어요.안사고버티신분들.유럽납작복숭아.__황경원_260909_빙과_김민우,202,2,3379,1,4,전환
2026-09-12,120252256397680659,[빙과_스틱바_복숭아쫀득] 26.09_쫀득바출시_ASC_전환_image_전체타겟,[복숭아쫀득바] 26.09_복쫀바출시_ASC_전환_image_전체타겟_슈기,[26.09]F_I_JD복_전환_복쫀바출시_혜택강조형__.배너_슈기.공지문.현장감.가격실수안내.편의점1등.직원실수.__황경원_260909_빙과_김민우,1294,22,16984,1,0,전환
2026-09-12,120252256400400659,[빙과_스틱바_복숭아쫀득] 26.09_쫀득바출시_ASC_전환_image_전체타겟,[복숭아쫀득바] 26.09_복쫀바출시_ASC_전환_image_전체타겟_슈기,[26.09]F_I_JD복_전환_복쫀바출시_혜택강조형__.배너_슈기.공지문.현장감.출시특가안내.편의점1등.__황경원_260909_빙과_김민우,86,0,989,0,0,전환
2026-09-12,120252256406400659,[빙과_스틱바_복숭아쫀득] 26.09_쫀득바출시_ASC_전환_image_전체타겟,[복숭아쫀득바] 26.09_복쫀바출시_ASC_전환_image_전체타겟_슈기,[26.09]F_I_JD복_전환_복쫀바출시_혜택강조형__.배너_슈기.출시특가0원.지금아니면.못먹는.신상세일.정상가적용.__황경원_260909_빙과_김민우,5,0,69,0,0,전환
2026-09-12,120252256409920659,[빙과_스틱바_복숭아쫀득] 26.09_쫀득바출시_ASC_전환_image_전체타겟,[복숭아쫀득바] 26.09_복쫀바출시_ASC_전환_image_전체타겟_AI,[26.09]F_I_JD복_전환_복쫀바출시_혜택강조형__.릴스_AI.복쫀이.지금이기회에요.올여름품절대란.첫물량.유럽납작복숭아.__황경원_260909_빙과_김민우,91,0,1107,0,2,전환
2026-09-13,120252256346420659,[빙과_스틱바_복숭아쫀득] 26.09_쫀득바출시_ASC_전환_image_전체타겟,[복숭아쫀득바] 26.09_복쫀바출시_ASC_전환_image_전체타겟_AI,[26.09]F_I_JD복_전환_복쫀바출시_혜택강조형__.릴스_AI.복쫀이.곧끝나요.언제품절될지.모르는.신상특가.유럽납작복숭아.__황경원_260909_빙과_김민우,8,0,47,0,0,전환
2026-09-13,120252256363550659,[빙과_스틱바_복숭아쫀득] 26.09_쫀득바출시_ASC_전환_image_전체타겟,[복숭아쫀득바] 26.09_복쫀바출시_ASC_전환_image_전체타겟_AI,[26.09]F_I_JD복_전환_복쫀바출시_혜택강조형__.릴스_AI.복쫀이.남들보다싸게샀어요.출시특가.최저가할인.유럽납작복숭아.__황경원_260909_빙과_김민우,24,0,342,0,1,전환
2026-09-13,120252256397580659,[빙과_스틱바_복숭아쫀득] 26.09_쫀득바출시_ASC_전환_image_전체타겟,[복숭아쫀득바] 26.09_복쫀바출시_ASC_전환_image_전체타겟_AI,[26.09]F_I_JD복_전환_복쫀바출시_혜택강조형__.릴스_AI.복쫀이.다시는없어요.안사고버티신분들.유럽납작복숭아.__황경원_260909_빙과_김민우,129,3,2155,0,2,전환
2026-09-13,120252256397680659,[빙과_스틱바_복숭아쫀득] 26.09_쫀득바출시_ASC_전환_image_전체타겟,[복숭아쫀득바] 26.09_복쫀바출시_ASC_전환_image_전체타겟_슈기,[26.09]F_I_JD복_전환_복쫀바출시_혜택강조형__.배너_슈기.공지문.현장감.가격실수안내.편의점1등.직원실수.__황경원_260909_빙과_김민우,1127,28,15723,0,0,전환
2026-09-14,120252256375200659,[빙과_스틱바_복숭아쫀득] 26.09_쫀득바출시_ASC_전환_image_전체타겟,[복숭아쫀득바] 26.09_복쫀바출시_ASC_전환_image_전체타겟_슈기,[26.09]F_I_JD복_전환_복쫀바출시_혜택강조형__.배너_슈기.곧끝난대요.얼굴캡션.올여름품절대란.차원이다른.유럽.샤라웃기념.비밀링크.__황경원_260909_빙과_김민우,5,1,96,0,0,전환
2026-09-14,120252256379310659,[빙과_스틱바_복숭아쫀득] 26.09_쫀득바출시_ASC_전환_image_전체타겟,[복숭아쫀득바] 26.09_복쫀바출시_ASC_전환_image_전체타겟_슈기,[26.09]F_I_JD복_전환_복쫀바출시_혜택강조형__.배너_슈기.곧끝난대요.얼굴캡션.차원이다른.품절대란.출시특가.유럽.샤라웃기념.비밀링크.__황경원_260909_빙과_김민우,2,0,11,0,0,전환
2026-09-14,120252256384140659,[빙과_스틱바_복숭아쫀득] 26.09_쫀득바출시_ASC_전환_image_전체타겟,[복숭아쫀득바] 26.09_복쫀바출시_ASC_전환_image_전체타겟_슈기,[26.09]F_I_JD복_전환_복쫀바출시_혜택강조형__.배너_슈기.곧끝난대요.올여름품절대란.차원이다른.유럽.샤라웃기념.비밀링크.__황경원_260909_빙과_김민우,1179,22,29201,2,0,전환
2026-09-14,120252256391340659,[빙과_스틱바_복숭아쫀득] 26.09_쫀득바출시_ASC_전환_image_전체타겟,[복숭아쫀득바] 26.09_복쫀바출시_ASC_전환_image_전체타겟_슈기,[26.09]F_I_JD복_전환_복쫀바출시_혜택강조형__.배너_슈기.곧끝난대요.차원이다른.품절대란.출시특가.유럽.샤라웃기념.비밀링크.__황경원_260909_빙과_김민우,1,0,11,0,0,전환
2026-09-14,120252256397580659,[빙과_스틱바_복숭아쫀득] 26.09_쫀득바출시_ASC_전환_image_전체타겟,[복숭아쫀득바] 26.09_복쫀바출시_ASC_전환_image_전체타겟_AI,[26.09]F_I_JD복_전환_복쫀바출시_혜택강조형__.릴스_AI.복쫀이.다시는없어요.안사고버티신분들.유럽납작복숭아.__황경원_260909_빙과_김민우,2392,26,50692,0,32,전환
2026-09-14,120252256406400659,[빙과_스틱바_복숭아쫀득] 26.09_쫀득바출시_ASC_전환_image_전체타겟,[복숭아쫀득바] 26.09_복쫀바출시_ASC_전환_image_전체타겟_슈기,[26.09]F_I_JD복_전환_복쫀바출시_혜택강조형__.배너_슈기.출시특가0원.지금아니면.못먹는.신상세일.정상가적용.__황경원_260909_빙과_김민우,12,0,189,0,0,전환
2026-09-15,120252255520590659,[빙과_파인트] 26.09_파트너십광고_ASC_전환_video_전체타겟_9월 2주차,[빙과_파인트] 26.09_파트너십광고_ASC_전환_video_전체타겟_9월 2주차_1,[26.09]F_V_P초_전환_골키파출시_파트너십_테이스트모먼트,40,0,384,0,1,전환
2026-09-15,120252255520600659,[빙과_파인트] 26.09_파트너십광고_ASC_전환_video_전체타겟_9월 2주차,[빙과_파인트] 26.09_파트너십광고_ASC_전환_video_전체타겟_9월 2주차_1,[26.09]F_V_P초_전환_골키파출시_파트너십_kaf_yerin,2397,17,32354,1,74,전환
2026-09-15,120252256763480659,[빙과_스틱바_복숭아쫀득] 26.09_쫀득바출시_수동_전환_image_전체타겟,[복숭아쫀득바] 26.09_복쫀바출시_전환_image_전체타겟_고효율,[26.09]F_I_JD복_전환_복쫀바출시_직원설득형__.배너_고효율.리사이징.1920.가격조정안내.공지문.4만원대납복.__황경원_260909_빙과_김민우,19,0,479,0,0,전환
2026-09-15,120252256766070659,[빙과_스틱바_복숭아쫀득] 26.09_쫀득바출시_수동_전환_image_전체타겟,[복숭아쫀득바] 26.09_복쫀바출시_전환_image_전체타겟_고효율,[26.09]F_I_JD복_전환_복쫀바출시_혜택강조형__.배너_고효율.리사이징.1080.출시기간만할인해요.sns난리.__황경원_260909_빙과_김민우,11,0,228,0,0,전환
2026-09-16,120252255520600659,[빙과_파인트] 26.09_파트너십광고_ASC_전환_video_전체타겟_9월 2주차,[빙과_파인트] 26.09_파트너십광고_ASC_전환_video_전체타겟_9월 2주차_1,[26.09]F_V_P초_전환_골키파출시_파트너십_kaf_yerin,2215,13,29966,1,79,전환
2026-09-16,120252255520610659,[빙과_파인트] 26.09_파트너십광고_ASC_전환_video_전체타겟_9월 2주차,[빙과_파인트] 26.09_파트너십광고_ASC_전환_video_전체타겟_9월 2주차_1,[26.09]F_V_P초_전환_골키파출시_파트너십_whatdoieattodayyy,5371,52,50787,4,146,전환
2026-09-16,120252256763480659,[빙과_스틱바_복숭아쫀득] 26.09_쫀득바출시_수동_전환_image_전체타겟,[복숭아쫀득바] 26.09_복쫀바출시_전환_image_전체타겟_고효율,[26.09]F_I_JD복_전환_복쫀바출시_직원설득형__.배너_고효율.리사이징.1920.가격조정안내.공지문.4만원대납복.__황경원_260909_빙과_김민우,4,0,99,0,0,전환
2026-09-16,120252256766070659,[빙과_스틱바_복숭아쫀득] 26.09_쫀득바출시_수동_전환_image_전체타겟,[복숭아쫀득바] 26.09_복쫀바출시_전환_image_전체타겟_고효율,[26.09]F_I_JD복_전환_복쫀바출시_혜택강조형__.배너_고효율.리사이징.1080.출시기간만할인해요.sns난리.__황경원_260909_빙과_김민우,2,0,15,0,0,전환
2026-09-17,120252255520590659,[빙과_파인트] 26.09_파트너십광고_ASC_전환_video_전체타겟_9월 2주차,[빙과_파인트] 26.09_파트너십광고_ASC_전환_video_전체타겟_9월 2주차_1,[26.09]F_V_P초_전환_골키파출시_파트너십_테이스트모먼트,52,1,446,0,1,전환
2026-09-17,120252256346420659,[빙과_스틱바_복숭아쫀득] 26.09_쫀득바출시_ASC_전환_image_전체타겟,[복숭아쫀득바] 26.09_복쫀바출시_ASC_전환_image_전체타겟_AI,[26.09]F_I_JD복_전환_복쫀바출시_혜택강조형__.릴스_AI.복쫀이.곧끝나요.언제품절될지.모르는.신상특가.유럽납작복숭아.__황경원_260909_빙과_김민우,1,0,9,0,0,전환
2026-09-17,120252256379310659,[빙과_스틱바_복숭아쫀득] 26.09_쫀득바출시_ASC_전환_image_전체타겟,[복숭아쫀득바] 26.09_복쫀바출시_ASC_전환_image_전체타겟_슈기,[26.09]F_I_JD복_전환_복쫀바출시_혜택강조형__.배너_슈기.곧끝난대요.얼굴캡션.차원이다른.품절대란.출시특가.유럽.샤라웃기념.비밀링크.__황경원_260909_빙과_김민우,1,0,10,0,0,전환
2026-09-17,120252256384140659,[빙과_스틱바_복숭아쫀득] 26.09_쫀득바출시_ASC_전환_image_전체타겟,[복숭아쫀득바] 26.09_복쫀바출시_ASC_전환_image_전체타겟_슈기,[26.09]F_I_JD복_전환_복쫀바출시_혜택강조형__.배너_슈기.곧끝난대요.올여름품절대란.차원이다른.유럽.샤라웃기념.비밀링크.__황경원_260909_빙과_김민우,36,1,575,0,0,전환
2026-09-17,120252256391340659,[빙과_스틱바_복숭아쫀득] 26.09_쫀득바출시_ASC_전환_image_전체타겟,[복숭아쫀득바] 26.09_복쫀바출시_ASC_전환_image_전체타겟_슈기,[26.09]F_I_JD복_전환_복쫀바출시_혜택강조형__.배너_슈기.곧끝난대요.차원이다른.품절대란.출시특가.유럽.샤라웃기념.비밀링크.__황경원_260909_빙과_김민우,4,0,274,0,0,전환
2026-09-18,120252255520590659,[빙과_파인트] 26.09_파트너십광고_ASC_전환_video_전체타겟_9월 2주차,[빙과_파인트] 26.09_파트너십광고_ASC_전환_video_전체타겟_9월 2주차_1,[26.09]F_V_P초_전환_골키파출시_파트너십_테이스트모먼트,502,6,5394,1,10,전환
2026-09-18,120252255520610659,[빙과_파인트] 26.09_파트너십광고_ASC_전환_video_전체타겟_9월 2주차,[빙과_파인트] 26.09_파트너십광고_ASC_전환_video_전체타겟_9월 2주차_1,[26.09]F_V_P초_전환_골키파출시_파트너십_whatdoieattodayyy,3074,29,34900,1,119,전환
2026-09-18,120252256346420659,[빙과_스틱바_복숭아쫀득] 26.09_쫀득바출시_ASC_전환_image_전체타겟,[복숭아쫀득바] 26.09_복쫀바출시_ASC_전환_image_전체타겟_AI,[26.09]F_I_JD복_전환_복쫀바출시_혜택강조형__.릴스_AI.복쫀이.곧끝나요.언제품절될지.모르는.신상특가.유럽납작복숭아.__황경원_260909_빙과_김민우,5,0,22,0,0,전환
2026-09-18,120252256363550659,[빙과_스틱바_복숭아쫀득] 26.09_쫀득바출시_ASC_전환_image_전체타겟,[복숭아쫀득바] 26.09_복쫀바출시_ASC_전환_image_전체타겟_AI,[26.09]F_I_JD복_전환_복쫀바출시_혜택강조형__.릴스_AI.복쫀이.남들보다싸게샀어요.출시특가.최저가할인.유럽납작복숭아.__황경원_260909_빙과_김민우,29,0,493,0,1,전환
2026-09-18,120252256375200659,[빙과_스틱바_복숭아쫀득] 26.09_쫀득바출시_ASC_전환_image_전체타겟,[복숭아쫀득바] 26.09_복쫀바출시_ASC_전환_image_전체타겟_슈기,[26.09]F_I_JD복_전환_복쫀바출시_혜택강조형__.배너_슈기.곧끝난대요.얼굴캡션.올여름품절대란.차원이다른.유럽.샤라웃기념.비밀링크.__황경원_260909_빙과_김민우,7,0,84,0,0,전환
2026-09-18,120252256379310659,[빙과_스틱바_복숭아쫀득] 26.09_쫀득바출시_ASC_전환_image_전체타겟,[복숭아쫀득바] 26.09_복쫀바출시_ASC_전환_image_전체타겟_슈기,[26.09]F_I_JD복_전환_복쫀바출시_혜택강조형__.배너_슈기.곧끝난대요.얼굴캡션.차원이다른.품절대란.출시특가.유럽.샤라웃기념.비밀링크.__황경원_260909_빙과_김민우,10,0,301,0,0,전환
2026-09-18,120252256383390659,[빙과_스틱바_복숭아쫀득] 26.09_쫀득바출시_ASC_전환_image_전체타겟,[복숭아쫀득바] 26.09_복쫀바출시_ASC_전환_image_전체타겟_AI,[26.09]F_I_JD복_전환_복쫀바출시_혜택강조형__.릴스_AI.복쫀이.놓치지마세요.품절.시간문제.유럽납작복숭아.__황경원_260909_빙과_김민우,6,0,178,0,0,전환
2026-09-18,120252256384140659,[빙과_스틱바_복숭아쫀득] 26.09_쫀득바출시_ASC_전환_image_전체타겟,[복숭아쫀득바] 26.09_복쫀바출시_ASC_전환_image_전체타겟_슈기,[26.09]F_I_JD복_전환_복쫀바출시_혜택강조형__.배너_슈기.곧끝난대요.올여름품절대란.차원이다른.유럽.샤라웃기념.비밀링크.__황경원_260909_빙과_김민우,246,4,6619,0,0,전환
2026-09-18,120252256391340659,[빙과_스틱바_복숭아쫀득] 26.09_쫀득바출시_ASC_전환_image_전체타겟,[복숭아쫀득바] 26.09_복쫀바출시_ASC_전환_image_전체타겟_슈기,[26.09]F_I_JD복_전환_복쫀바출시_혜택강조형__.배너_슈기.곧끝난대요.차원이다른.품절대란.출시특가.유럽.샤라웃기념.비밀링크.__황경원_260909_빙과_김민우,40,2,1127,0,0,전환
2026-09-18,120252256400400659,[빙과_스틱바_복숭아쫀득] 26.09_쫀득바출시_ASC_전환_image_전체타겟,[복숭아쫀득바] 26.09_복쫀바출시_ASC_전환_image_전체타겟_슈기,[26.09]F_I_JD복_전환_복쫀바출시_혜택강조형__.배너_슈기.공지문.현장감.출시특가안내.편의점1등.__황경원_260909_빙과_김민우,108,2,1995,0,0,전환
2026-09-18,120252256406400659,[빙과_스틱바_복숭아쫀득] 26.09_쫀득바출시_ASC_전환_image_전체타겟,[복숭아쫀득바] 26.09_복쫀바출시_ASC_전환_image_전체타겟_슈기,[26.09]F_I_JD복_전환_복쫀바출시_혜택강조형__.배너_슈기.출시특가0원.지금아니면.못먹는.신상세일.정상가적용.__황경원_260909_빙과_김민우,13,0,186,0,0,전환
2026-09-18,120252256763480659,[빙과_스틱바_복숭아쫀득] 26.09_쫀득바출시_수동_전환_image_전체타겟,[복숭아쫀득바] 26.09_복쫀바출시_전환_image_전체타겟_고효율,[26.09]F_I_JD복_전환_복쫀바출시_직원설득형__.배너_고효율.리사이징.1920.가격조정안내.공지문.4만원대납복.__황경원_260909_빙과_김민우,6,0,233,0,0,전환
2026-09-18,120252256766070659,[빙과_스틱바_복숭아쫀득] 26.09_쫀득바출시_수동_전환_image_전체타겟,[복숭아쫀득바] 26.09_복쫀바출시_전환_image_전체타겟_고효율,[26.09]F_I_JD복_전환_복쫀바출시_혜택강조형__.배너_고효율.리사이징.1080.출시기간만할인해요.sns난리.__황경원_260909_빙과_김민우,15,0,148,0,0,전환
2026-09-20,120252255520590659,[빙과_파인트] 26.09_파트너십광고_ASC_전환_video_전체타겟_9월 2주차,[빙과_파인트] 26.09_파트너십광고_ASC_전환_video_전체타겟_9월 2주차_1,[26.09]F_V_P초_전환_골키파출시_파트너십_테이스트모먼트,1125,13,11560,0,24,전환
2026-09-20,120252255520610659,[빙과_파인트] 26.09_파트너십광고_ASC_전환_video_전체타겟_9월 2주차,[빙과_파인트] 26.09_파트너십광고_ASC_전환_video_전체타겟_9월 2주차_1,[26.09]F_V_P초_전환_골키파출시_파트너십_whatdoieattodayyy,3037,37,27719,0,153,전환
2026-09-20,120252256391340659,[빙과_스틱바_복숭아쫀득] 26.09_쫀득바출시_ASC_전환_image_전체타겟,[복숭아쫀득바] 26.09_복쫀바출시_ASC_전환_image_전체타겟_슈기,[26.09]F_I_JD복_전환_복쫀바출시_혜택강조형__.배너_슈기.곧끝난대요.차원이다른.품절대란.출시특가.유럽.샤라웃기념.비밀링크.__황경원_260909_빙과_김민우,2,0,11,0,0,전환
2026-09-09,120252256769430659,[빙과_스틱바_복숭아쫀득] 26.09_쫀득바출시_ASC_전환_image_전체타겟,[복숭아쫀득바] 26.09_복쫀바출시_ASC_전환_image_전체타겟_고효율,[26.09]F_I_JD복_전환_복쫀바출시_혜택강조형__.배너_고효율.리사이징.1350.쌀때쟁이세요.4만원대납복.__황경원_260909_빙과_김민우,14,0,316,0,0,전환
2026-09-09,120252256771200659,[빙과_스틱바_복숭아쫀득] 26.09_쫀득바출시_ASC_전환_image_전체타겟,[복숭아쫀득바] 26.09_복쫀바출시_ASC_전환_image_전체타겟_고효율,[26.09]F_I_JD복_전환_복쫀바출시_혜택강조형__.배너_고효율.리사이징.1920.곧종료됩니다.출시특가.무료증정.__황경원_260909_빙과_김민우,3,0,201,0,0,전환
2026-09-09,120252256771860659,[빙과_스틱바_복숭아쫀득] 26.09_쫀득바출시_ASC_전환_image_전체타겟,[복숭아쫀득바] 26.09_복쫀바출시_ASC_전환_image_전체타겟_고효율,[26.09]F_I_JD복_전환_복쫀바출시_혜택강조형__.배너_고효율.리사이징.1920.곧종료됩니다.출시특가.무료증정.__황경원_260909_빙과_김민우,7,0,131,0,0,전환
2026-09-09,120252256772120659,[빙과_스틱바_복숭아쫀득] 26.09_쫀득바출시_수동_전환_image_전체타겟,[복숭아쫀득바] 26.09_복쫀바출시_전환_image_전체타겟_고효율,[26.09]F_I_JD복_전환_복쫀바출시_혜택강조형__.배너_고효율.리사이징.1350.나중에구매하실분.출시직후에만.4만원대납복.__황경원_260909_빙과_김민우,1,0,3,0,0,전환
2026-09-09,120252256775580659,[빙과_스틱바_복숭아쫀득] 26.09_쫀득바출시_ASC_전환_image_전체타겟,[복숭아쫀득바] 26.09_복쫀바출시_ASC_전환_image_전체타겟_고효율,[26.09]F_I_JD복_전환_복쫀바출시_혜택강조형__.배너_고효율.리사이징.1920.나중에구매하실분.출시직후에만.4만원대납복.__황경원_260909_빙과_김민우,18,0,228,0,0,전환
2026-09-09,120252256776360659,[빙과_스틱바_복숭아쫀득] 26.09_쫀득바출시_수동_전환_image_전체타겟,[복숭아쫀득바] 26.09_복쫀바출시_전환_image_전체타겟_고효율,[26.09]F_I_JD복_전환_복쫀바출시_혜택강조형__.배너_고효율.리사이징.1350.쌀때쟁이세요.4만원대납복.__황경원_260909_빙과_김민우,1,0,51,0,0,전환
2026-09-09,120252256779900659,[빙과_스틱바_복숭아쫀득] 26.09_쫀득바출시_ASC_전환_image_전체타겟,[복숭아쫀득바] 26.09_복쫀바출시_ASC_전환_image_전체타겟_고효율,[26.09]F_I_JD복_전환_복쫀바출시_혜택강조형__.배너_고효율.리사이징.1920.쌀때쟁이세요.4만원대납복.__황경원_260909_빙과_김민우,19,0,226,0,0,전환
2026-09-09,120252256781480659,[빙과_스틱바_복숭아쫀득] 26.09_쫀득바출시_ASC_전환_image_전체타겟,[복숭아쫀득바] 26.09_복쫀바출시_ASC_전환_image_전체타겟_고효율,[26.09]F_I_JD복_전환_복쫀바출시_혜택강조형__.배너_고효율.리사이징.1920.쌀때쟁이세요.4만원대납복.__황경원_260909_빙과_김민우,57,1,1203,0,0,전환
2026-09-09,120252256783710659,[빙과_스틱바_복숭아쫀득] 26.09_쫀득바출시_수동_전환_image_전체타겟,[복숭아쫀득바] 26.09_복쫀바출시_전환_image_전체타겟_고효율,[26.09]F_I_JD복_전환_복쫀바출시_혜택강조형__.배너_고효율.리사이징.1920.쌀때쟁이세요.4만원대납복.__황경원_260909_빙과_김민우,1,0,5,0,0,전환
2026-09-09,120252256783760659,[빙과_스틱바_복숭아쫀득] 26.09_쫀득바출시_ASC_전환_image_전체타겟,[복숭아쫀득바] 26.09_복쫀바출시_ASC_전환_image_전체타겟_고효율,[26.09]F_I_JD복_전환_복쫀바출시_혜택강조형__.배너_고효율.리사이징.1920.출시기간만할인해요.sns난리.__황경원_260909_빙과_김민우,17,0,331,0,0,전환
2026-09-09,120252256784910659,[빙과_스틱바_복숭아쫀득] 26.09_쫀득바출시_ASC_전환_image_전체타겟,[복숭아쫀득바] 26.09_복쫀바출시_ASC_전환_image_전체타겟_고효율,[26.09]F_I_JD복_전환_복쫀바출시_혜택강조형__.배너_고효율.리사이징.1920.출시기간만할인해요.sns난리.__황경원_260909_빙과_김민우,2,0,130,0,0,전환
2026-09-09,120252256786580659,[빙과_스틱바_복숭아쫀득] 26.09_쫀득바출시_수동_전환_image_전체타겟,[복숭아쫀득바] 26.09_복쫀바출시_전환_image_전체타겟_고효율,[26.09]F_I_JD복_전환_복쫀바출시_혜택강조형__.배너_고효율.리사이징.1920.출시기간만할인해요.sns난리.__황경원_260909_빙과_김민우,7,0,155,0,0,전환
2026-09-09,120252257511370659,[빙과_스틱바_복숭아쫀득] 26.09_쫀득바출시_수동_전환_image_전체타겟,[복숭아쫀득바] 26.09_복쫀바출시_전환_image_전체타겟_슈기,[26.09]F_I_JD복_전환_복쫀바출시_혜택강조형__.배너_슈기.출시특가0원.지금아니면.못먹는.신상세일.정상가적용.__황경원_260909_빙과_김민우,2,0,5,0,0,전환
2026-09-10,120252256374230659,[빙과_스틱바_복숭아쫀득] 26.09_쫀득바출시_ASC_전환_image_전체타겟,[복숭아쫀득바] 26.09_복쫀바출시_ASC_전환_image_전체타겟_슈기,[26.09]F_I_JD복_전환_복쫀바출시_혜택강조형__.배너_슈기.곧끝난대요.얼굴캡션.올여름품절대란.차원이다른.유럽.샤라웃기념.비밀링크.__황경원_260909_빙과_김민우,88,0,1944,0,0,전환
2026-09-10,120252256378240659,[빙과_스틱바_복숭아쫀득] 26.09_쫀득바출시_ASC_전환_image_전체타겟,[복숭아쫀득바] 26.09_복쫀바출시_ASC_전환_image_전체타겟_슈기,[26.09]F_I_JD복_전환_복쫀바출시_혜택강조형__.배너_슈기.곧끝난대요.얼굴캡션.차원이다른.품절대란.출시특가.유럽.샤라웃기념.비밀링크.__황경원_260909_빙과_김민우,6,0,176,0,0,전환
2026-09-10,120252256383480659,[빙과_스틱바_복숭아쫀득] 26.09_쫀득바출시_ASC_전환_image_전체타겟,[복숭아쫀득바] 26.09_복쫀바출시_ASC_전환_image_전체타겟_슈기,[26.09]F_I_JD복_전환_복쫀바출시_혜택강조형__.배너_슈기.곧끝난대요.올여름품절대란.차원이다른.유럽.샤라웃기념.비밀링크.__황경원_260909_빙과_김민우,45,0,673,0,0,전환
2026-09-10,120252256769430659,[빙과_스틱바_복숭아쫀득] 26.09_쫀득바출시_ASC_전환_image_전체타겟,[복숭아쫀득바] 26.09_복쫀바출시_ASC_전환_image_전체타겟_고효율,[26.09]F_I_JD복_전환_복쫀바출시_혜택강조형__.배너_고효율.리사이징.1350.쌀때쟁이세요.4만원대납복.__황경원_260909_빙과_김민우,13,0,128,0,0,전환
2026-09-10,120252256771200659,[빙과_스틱바_복숭아쫀득] 26.09_쫀득바출시_ASC_전환_image_전체타겟,[복숭아쫀득바] 26.09_복쫀바출시_ASC_전환_image_전체타겟_고효율,[26.09]F_I_JD복_전환_복쫀바출시_혜택강조형__.배너_고효율.리사이징.1920.곧종료됩니다.출시특가.무료증정.__황경원_260909_빙과_김민우,12,0,83,0,0,전환
2026-09-10,120252256771860659,[빙과_스틱바_복숭아쫀득] 26.09_쫀득바출시_ASC_전환_image_전체타겟,[복숭아쫀득바] 26.09_복쫀바출시_ASC_전환_image_전체타겟_고효율,[26.09]F_I_JD복_전환_복쫀바출시_혜택강조형__.배너_고효율.리사이징.1920.곧종료됩니다.출시특가.무료증정.__황경원_260909_빙과_김민우,31,0,227,0,0,전환
2026-09-10,120252256775580659,[빙과_스틱바_복숭아쫀득] 26.09_쫀득바출시_ASC_전환_image_전체타겟,[복숭아쫀득바] 26.09_복쫀바출시_ASC_전환_image_전체타겟_고효율,[26.09]F_I_JD복_전환_복쫀바출시_혜택강조형__.배너_고효율.리사이징.1920.나중에구매하실분.출시직후에만.4만원대납복.__황경원_260909_빙과_김민우,9,0,127,0,0,전환
2026-09-10,120252256779900659,[빙과_스틱바_복숭아쫀득] 26.09_쫀득바출시_ASC_전환_image_전체타겟,[복숭아쫀득바] 26.09_복쫀바출시_ASC_전환_image_전체타겟_고효율,[26.09]F_I_JD복_전환_복쫀바출시_혜택강조형__.배너_고효율.리사이징.1920.쌀때쟁이세요.4만원대납복.__황경원_260909_빙과_김민우,27,1,609,0,0,전환
2026-09-10,120252256781480659,[빙과_스틱바_복숭아쫀득] 26.09_쫀득바출시_ASC_전환_image_전체타겟,[복숭아쫀득바] 26.09_복쫀바출시_ASC_전환_image_전체타겟_고효율,[26.09]F_I_JD복_전환_복쫀바출시_혜택강조형__.배너_고효율.리사이징.1920.쌀때쟁이세요.4만원대납복.__황경원_260909_빙과_김민우,34,0,935,0,0,전환
2026-09-10,120252256783760659,[빙과_스틱바_복숭아쫀득] 26.09_쫀득바출시_ASC_전환_image_전체타겟,[복숭아쫀득바] 26.09_복쫀바출시_ASC_전환_image_전체타겟_고효율,[26.09]F_I_JD복_전환_복쫀바출시_혜택강조형__.배너_고효율.리사이징.1920.출시기간만할인해요.sns난리.__황경원_260909_빙과_김민우,8,0,111,0,0,전환
2026-09-10,120252256784910659,[빙과_스틱바_복숭아쫀득] 26.09_쫀득바출시_ASC_전환_image_전체타겟,[복숭아쫀득바] 26.09_복쫀바출시_ASC_전환_image_전체타겟_고효율,[26.09]F_I_JD복_전환_복쫀바출시_혜택강조형__.배너_고효율.리사이징.1920.출시기간만할인해요.sns난리.__황경원_260909_빙과_김민우,12,0,228,0,0,전환
2026-09-10,120252256786580659,[빙과_스틱바_복숭아쫀득] 26.09_쫀득바출시_수동_전환_image_전체타겟,[복숭아쫀득바] 26.09_복쫀바출시_전환_image_전체타겟_고효율,[26.09]F_I_JD복_전환_복쫀바출시_혜택강조형__.배너_고효율.리사이징.1920.출시기간만할인해요.sns난리.__황경원_260909_빙과_김민우,1,0,44,0,0,전환
2026-09-10,120252257511370659,[빙과_스틱바_복숭아쫀득] 26.09_쫀득바출시_수동_전환_image_전체타겟,[복숭아쫀득바] 26.09_복쫀바출시_전환_image_전체타겟_슈기,[26.09]F_I_JD복_전환_복쫀바출시_혜택강조형__.배너_슈기.출시특가0원.지금아니면.못먹는.신상세일.정상가적용.__황경원_260909_빙과_김민우,1256,13,22013,0,0,전환
2026-09-11,120252256769430659,[빙과_스틱바_복숭아쫀득] 26.09_쫀득바출시_ASC_전환_image_전체타겟,[복숭아쫀득바] 26.09_복쫀바출시_ASC_전환_image_전체타겟_고효율,[26.09]F_I_JD복_전환_복쫀바출시_혜택강조형__.배너_고효율.리사이징.1350.쌀때쟁이세요.4만원대납복.__황경원_260909_빙과_김민우,4,0,80,0,0,전환
2026-09-11,120252256771200659,[빙과_스틱바_복숭아쫀득] 26.09_쫀득바출시_ASC_전환_image_전체타겟,[복숭아쫀득바] 26.09_복쫀바출시_ASC_전환_image_전체타겟_고효율,[26.09]F_I_JD복_전환_복쫀바출시_혜택강조형__.배너_고효율.리사이징.1920.곧종료됩니다.출시특가.무료증정.__황경원_260909_빙과_김민우,4,0,59,0,0,전환
2026-09-11,120252256781480659,[빙과_스틱바_복숭아쫀득] 26.09_쫀득바출시_ASC_전환_image_전체타겟,[복숭아쫀득바] 26.09_복쫀바출시_ASC_전환_image_전체타겟_고효율,[26.09]F_I_JD복_전환_복쫀바출시_혜택강조형__.배너_고효율.리사이징.1920.쌀때쟁이세요.4만원대납복.__황경원_260909_빙과_김민우,29,0,307,0,0,전환
2026-09-11,120252256783760659,[빙과_스틱바_복숭아쫀득] 26.09_쫀득바출시_ASC_전환_image_전체타겟,[복숭아쫀득바] 26.09_복쫀바출시_ASC_전환_image_전체타겟_고효율,[26.09]F_I_JD복_전환_복쫀바출시_혜택강조형__.배너_고효율.리사이징.1920.출시기간만할인해요.sns난리.__황경원_260909_빙과_김민우,3,0,12,0,0,전환
2026-09-13,120252256776360659,[빙과_스틱바_복숭아쫀득] 26.09_쫀득바출시_수동_전환_image_전체타겟,[복숭아쫀득바] 26.09_복쫀바출시_전환_image_전체타겟_고효율,[26.09]F_I_JD복_전환_복쫀바출시_혜택강조형__.배너_고효율.리사이징.1350.쌀때쟁이세요.4만원대납복.__황경원_260909_빙과_김민우,1,0,17,0,0,전환
2026-09-16,120252256776360659,[빙과_스틱바_복숭아쫀득] 26.09_쫀득바출시_수동_전환_image_전체타겟,[복숭아쫀득바] 26.09_복쫀바출시_전환_image_전체타겟_고효율,[26.09]F_I_JD복_전환_복쫀바출시_혜택강조형__.배너_고효율.리사이징.1350.쌀때쟁이세요.4만원대납복.__황경원_260909_빙과_김민우,28,1,629,0,0,전환
2026-09-16,120252257511370659,[빙과_스틱바_복숭아쫀득] 26.09_쫀득바출시_수동_전환_image_전체타겟,[복숭아쫀득바] 26.09_복쫀바출시_전환_image_전체타겟_슈기,[26.09]F_I_JD복_전환_복쫀바출시_혜택강조형__.배너_슈기.출시특가0원.지금아니면.못먹는.신상세일.정상가적용.__황경원_260909_빙과_김민우,453,7,8657,2,0,전환
2026-09-17,120252257511370659,[빙과_스틱바_복숭아쫀득] 26.09_쫀득바출시_수동_전환_image_전체타겟,[복숭아쫀득바] 26.09_복쫀바출시_전환_image_전체타겟_슈기,[26.09]F_I_JD복_전환_복쫀바출시_혜택강조형__.배너_슈기.출시특가0원.지금아니면.못먹는.신상세일.정상가적용.__황경원_260909_빙과_김민우,63,0,1466,0,0,전환
2026-09-18,120252256776360659,[빙과_스틱바_복숭아쫀득] 26.09_쫀득바출시_수동_전환_image_전체타겟,[복숭아쫀득바] 26.09_복쫀바출시_전환_image_전체타겟_고효율,[26.09]F_I_JD복_전환_복쫀바출시_혜택강조형__.배너_고효율.리사이징.1350.쌀때쟁이세요.4만원대납복.__황경원_260909_빙과_김민우,4,0,92,0,0,전환
2026-09-10,120252256386520659,[빙과_스틱바_복숭아쫀득] 26.09_쫀득바출시_ASC_전환_image_전체타겟,[복숭아쫀득바] 26.09_복쫀바출시_ASC_전환_image_전체타겟_슈기,[26.09]F_I_JD복_전환_복쫀바출시_혜택강조형__.배너_슈기.곧끝난대요.차원이다른.품절대란.출시특가.유럽.샤라웃기념.비밀링크.__황경원_260909_빙과_김민우,14,0,121,0,0,전환
2026-09-10,120252256771170659,[빙과_스틱바_복숭아쫀득] 26.09_쫀득바출시_수동_전환_image_전체타겟,[복숭아쫀득바] 26.09_복쫀바출시_전환_image_전체타겟_고효율,[26.09]F_I_JD복_전환_복쫀바출시_혜택강조형__.배너_고효율.리사이징.1350.곧종료됩니다.출시특가.무료증정.__황경원_260909_빙과_김민우,1,0,19,0,0,전환
2026-09-10,120252256774760659,[빙과_스틱바_복숭아쫀득] 26.09_쫀득바출시_ASC_전환_image_전체타겟,[복숭아쫀득바] 26.09_복쫀바출시_ASC_전환_image_전체타겟_고효율,[26.09]F_I_JD복_전환_복쫀바출시_혜택강조형__.배너_고효율.리사이징.1920.나중에구매하실분.출시직후에만.4만원대납복.__황경원_260909_빙과_김민우,14,0,288,0,0,전환
2026-09-10,120252256781660659,[빙과_스틱바_복숭아쫀득] 26.09_쫀득바출시_수동_전환_image_전체타겟,[복숭아쫀득바] 26.09_복쫀바출시_전환_image_전체타겟_고효율,[26.09]F_I_JD복_전환_복쫀바출시_혜택강조형__.배너_고효율.리사이징.1920.나중에구매하실분.출시직후에만.4만원대납복.__황경원_260909_빙과_김민우,1,0,10,0,0,전환
2026-09-10,120252257511310659,[빙과_스틱바_복숭아쫀득] 26.09_쫀득바출시_수동_전환_image_전체타겟,[복숭아쫀득바] 26.09_복쫀바출시_전환_image_전체타겟_슈기,[26.09]F_I_JD복_전환_복쫀바출시_혜택강조형__.배너_슈기.공지문.현장감.출시특가안내.편의점1등.__황경원_260909_빙과_김민우,53,1,1118,0,0,전환
2026-09-10,120252257511320659,[빙과_스틱바_복숭아쫀득] 26.09_쫀득바출시_수동_전환_image_전체타겟,[복숭아쫀득바] 26.09_복쫀바출시_전환_image_전체타겟_슈기,[26.09]F_I_JD복_전환_복쫀바출시_혜택강조형__.배너_슈기.공지문.현장감.가격실수안내.편의점1등.직원실수.__황경원_260909_빙과_김민우,1308,27,14935,0,0,전환
2026-09-10,120252257511330659,[빙과_스틱바_복숭아쫀득] 26.09_쫀득바출시_수동_전환_image_전체타겟,[복숭아쫀득바] 26.09_복쫀바출시_전환_image_전체타겟_슈기,[26.09]F_I_JD복_전환_복쫀바출시_혜택강조형__.배너_슈기.곧끝난대요.올여름품절대란.차원이다른.유럽.샤라웃기념.비밀링크.__황경원_260909_빙과_김민우,60,0,944,0,0,전환
2026-09-10,120252257511340659,[빙과_스틱바_복숭아쫀득] 26.09_쫀득바출시_수동_전환_image_전체타겟,[복숭아쫀득바] 26.09_복쫀바출시_전환_image_전체타겟_슈기,[26.09]F_I_JD복_전환_복쫀바출시_혜택강조형__.배너_슈기.곧끝난대요.차원이다른.품절대란.출시특가.유럽.샤라웃기념.비밀링크.__황경원_260909_빙과_김민우,135,3,2207,0,0,전환
2026-09-10,120252257511350659,[빙과_스틱바_복숭아쫀득] 26.09_쫀득바출시_수동_전환_image_전체타겟,[복숭아쫀득바] 26.09_복쫀바출시_전환_image_전체타겟_슈기,[26.09]F_I_JD복_전환_복쫀바출시_혜택강조형__.배너_슈기.곧끝난대요.얼굴캡션.차원이다른.품절대란.출시특가.유럽.샤라웃기념.비밀링크.__황경원_260909_빙과_김민우,104,2,2538,0,0,전환
2026-09-10,120252257511360659,[빙과_스틱바_복숭아쫀득] 26.09_쫀득바출시_수동_전환_image_전체타겟,[복숭아쫀득바] 26.09_복쫀바출시_전환_image_전체타겟_슈기,[26.09]F_I_JD복_전환_복쫀바출시_혜택강조형__.배너_슈기.곧끝난대요.얼굴캡션.올여름품절대란.차원이다른.유럽.샤라웃기념.비밀링크.__황경원_260909_빙과_김민우,148,3,2630,0,0,전환
2026-09-10,120252257531110659,[빙과_스틱바_복숭아쫀득] 26.09_쫀득바출시_수동_전환_image_전체타겟,[복숭아쫀득바] 26.09_복쫀바출시_전환_image_전체타겟_AI,[26.09]F_I_JD복_전환_복쫀바출시_혜택강조형__.릴스_AI.복쫀이.곧끝나요.언제품절될지.모르는.신상특가.유럽납작복숭아.__황경원_260909_빙과_김민우,1,0,7,0,0,전환
2026-09-10,120252257531140659,[빙과_스틱바_복숭아쫀득] 26.09_쫀득바출시_수동_전환_image_전체타겟,[복숭아쫀득바] 26.09_복쫀바출시_전환_image_전체타겟_AI,[26.09]F_I_JD복_전환_복쫀바출시_혜택강조형__.릴스_AI.복쫀이.다시는없어요.안사고버티신분들.유럽납작복숭아.__황경원_260909_빙과_김민우,1,0,7,0,0,전환
2026-09-10,120252272184610659,[빙과_스틱바_복숭아쫀득] 26.09_쫀득바출시_ASC_전환_image_전체타겟,[복숭아쫀득바] 26.09_복쫀바출시_ASC_전환_image_전체타겟_대세감,[26.09]F_I_JD복_전환_복쫀바출시_혜택강조형__.릴스_안다르BP.대세감.누적판매400만쫀득바.망멜복.__황경원_260910_빙과_함주현,100,2,1711,0,1,전환
2026-09-10,120252272197220659,[빙과_스틱바_복숭아쫀득] 26.09_쫀득바출시_ASC_전환_image_전체타겟,[복숭아쫀득바] 26.09_복쫀바출시_ASC_전환_image_전체타겟_대세감,[26.09]F_I_JD복_전환_복쫀바출시_혜택강조형__.릴스_안다르BP.멜쫀바품절.화제의멜론쫀득바자사몰품절....__황경원_260910_빙과_함주현,34,0,705,0,0,전환
2026-09-10,120252272302690659,[빙과_스틱바_복숭아쫀득] 26.09_쫀득바출시_수동_전환_image_전체타겟,[복숭아쫀득바] 26.09_복쫀바출시_전환_image_전체타겟_한정성,[26.09]F_I_JD복_전환_복쫀바출시_혜택강조형__.릴스_안다르BP.한정성.납작복숭아시즌끝..?.__황경원_260910_빙과_함주현,2476,35,41130,0,30,전환
2026-09-11,120252256781660659,[빙과_스틱바_복숭아쫀득] 26.09_쫀득바출시_수동_전환_image_전체타겟,[복숭아쫀득바] 26.09_복쫀바출시_전환_image_전체타겟_고효율,[26.09]F_I_JD복_전환_복쫀바출시_혜택강조형__.배너_고효율.리사이징.1920.나중에구매하실분.출시직후에만.4만원대납복.__황경원_260909_빙과_김민우,1,0,43,0,0,전환
2026-09-11,120252272184610659,[빙과_스틱바_복숭아쫀득] 26.09_쫀득바출시_ASC_전환_image_전체타겟,[복숭아쫀득바] 26.09_복쫀바출시_ASC_전환_image_전체타겟_대세감,[26.09]F_I_JD복_전환_복쫀바출시_혜택강조형__.릴스_안다르BP.대세감.누적판매400만쫀득바.망멜복.__황경원_260910_빙과_함주현,8600,89,109350,5,129,전환
2026-09-11,120252272197220659,[빙과_스틱바_복숭아쫀득] 26.09_쫀득바출시_ASC_전환_image_전체타겟,[복숭아쫀득바] 26.09_복쫀바출시_ASC_전환_image_전체타겟_대세감,[26.09]F_I_JD복_전환_복쫀바출시_혜택강조형__.릴스_안다르BP.멜쫀바품절.화제의멜론쫀득바자사몰품절....__황경원_260910_빙과_함주현,3949,44,65841,3,63,전환
2026-09-11,120252272302690659,[빙과_스틱바_복숭아쫀득] 26.09_쫀득바출시_수동_전환_image_전체타겟,[복숭아쫀득바] 26.09_복쫀바출시_전환_image_전체타겟_한정성,[26.09]F_I_JD복_전환_복쫀바출시_혜택강조형__.릴스_안다르BP.한정성.납작복숭아시즌끝..?.__황경원_260910_빙과_함주현,22,0,298,0,0,전환
2026-09-12,120252257511310659,[빙과_스틱바_복숭아쫀득] 26.09_쫀득바출시_수동_전환_image_전체타겟,[복숭아쫀득바] 26.09_복쫀바출시_전환_image_전체타겟_슈기,[26.09]F_I_JD복_전환_복쫀바출시_혜택강조형__.배너_슈기.공지문.현장감.출시특가안내.편의점1등.__황경원_260909_빙과_김민우,4,0,17,0,0,전환
2026-09-12,120252257511320659,[빙과_스틱바_복숭아쫀득] 26.09_쫀득바출시_수동_전환_image_전체타겟,[복숭아쫀득바] 26.09_복쫀바출시_전환_image_전체타겟_슈기,[26.09]F_I_JD복_전환_복쫀바출시_혜택강조형__.배너_슈기.공지문.현장감.가격실수안내.편의점1등.직원실수.__황경원_260909_빙과_김민우,4312,101,51144,2,0,전환
2026-09-12,120252257511330659,[빙과_스틱바_복숭아쫀득] 26.09_쫀득바출시_수동_전환_image_전체타겟,[복숭아쫀득바] 26.09_복쫀바출시_전환_image_전체타겟_슈기,[26.09]F_I_JD복_전환_복쫀바출시_혜택강조형__.배너_슈기.곧끝난대요.올여름품절대란.차원이다른.유럽.샤라웃기념.비밀링크.__황경원_260909_빙과_김민우,1,0,21,0,0,전환
2026-09-12,120252257511340659,[빙과_스틱바_복숭아쫀득] 26.09_쫀득바출시_수동_전환_image_전체타겟,[복숭아쫀득바] 26.09_복쫀바출시_전환_image_전체타겟_슈기,[26.09]F_I_JD복_전환_복쫀바출시_혜택강조형__.배너_슈기.곧끝난대요.차원이다른.품절대란.출시특가.유럽.샤라웃기념.비밀링크.__황경원_260909_빙과_김민우,2,0,41,0,0,전환
2026-09-12,120252257511360659,[빙과_스틱바_복숭아쫀득] 26.09_쫀득바출시_수동_전환_image_전체타겟,[복숭아쫀득바] 26.09_복쫀바출시_전환_image_전체타겟_슈기,[26.09]F_I_JD복_전환_복쫀바출시_혜택강조형__.배너_슈기.곧끝난대요.얼굴캡션.올여름품절대란.차원이다른.유럽.샤라웃기념.비밀링크.__황경원_260909_빙과_김민우,611,18,13218,3,0,전환
2026-09-12,120252272184610659,[빙과_스틱바_복숭아쫀득] 26.09_쫀득바출시_ASC_전환_image_전체타겟,[복숭아쫀득바] 26.09_복쫀바출시_ASC_전환_image_전체타겟_대세감,[26.09]F_I_JD복_전환_복쫀바출시_혜택강조형__.릴스_안다르BP.대세감.누적판매400만쫀득바.망멜복.__황경원_260910_빙과_함주현,826,10,12673,0,6,전환
2026-09-12,120252272197220659,[빙과_스틱바_복숭아쫀득] 26.09_쫀득바출시_ASC_전환_image_전체타겟,[복숭아쫀득바] 26.09_복쫀바출시_ASC_전환_image_전체타겟_대세감,[26.09]F_I_JD복_전환_복쫀바출시_혜택강조형__.릴스_안다르BP.멜쫀바품절.화제의멜론쫀득바자사몰품절....__황경원_260910_빙과_함주현,1401,33,25419,6,31,전환
2026-09-12,120252272302690659,[빙과_스틱바_복숭아쫀득] 26.09_쫀득바출시_수동_전환_image_전체타겟,[복숭아쫀득바] 26.09_복쫀바출시_전환_image_전체타겟_한정성,[26.09]F_I_JD복_전환_복쫀바출시_혜택강조형__.릴스_안다르BP.한정성.납작복숭아시즌끝..?.__황경원_260910_빙과_함주현,1206,24,19845,0,18,전환
2026-09-13,120252257511320659,[빙과_스틱바_복숭아쫀득] 26.09_쫀득바출시_수동_전환_image_전체타겟,[복숭아쫀득바] 26.09_복쫀바출시_전환_image_전체타겟_슈기,[26.09]F_I_JD복_전환_복쫀바출시_혜택강조형__.배너_슈기.공지문.현장감.가격실수안내.편의점1등.직원실수.__황경원_260909_빙과_김민우,63,4,1577,0,0,전환
2026-09-13,120252257511360659,[빙과_스틱바_복숭아쫀득] 26.09_쫀득바출시_수동_전환_image_전체타겟,[복숭아쫀득바] 26.09_복쫀바출시_전환_image_전체타겟_슈기,[26.09]F_I_JD복_전환_복쫀바출시_혜택강조형__.배너_슈기.곧끝난대요.얼굴캡션.올여름품절대란.차원이다른.유럽.샤라웃기념.비밀링크.__황경원_260909_빙과_김민우,7,0,87,0,0,전환
2026-09-13,120252257531140659,[빙과_스틱바_복숭아쫀득] 26.09_쫀득바출시_수동_전환_image_전체타겟,[복숭아쫀득바] 26.09_복쫀바출시_전환_image_전체타겟_AI,[26.09]F_I_JD복_전환_복쫀바출시_혜택강조형__.릴스_AI.복쫀이.다시는없어요.안사고버티신분들.유럽납작복숭아.__황경원_260909_빙과_김민우,48,0,1121,0,0,전환
2026-09-13,120252272184610659,[빙과_스틱바_복숭아쫀득] 26.09_쫀득바출시_ASC_전환_image_전체타겟,[복숭아쫀득바] 26.09_복쫀바출시_ASC_전환_image_전체타겟_대세감,[26.09]F_I_JD복_전환_복쫀바출시_혜택강조형__.릴스_안다르BP.대세감.누적판매400만쫀득바.망멜복.__황경원_260910_빙과_함주현,12,0,329,0,0,전환
2026-09-13,120252272197220659,[빙과_스틱바_복숭아쫀득] 26.09_쫀득바출시_ASC_전환_image_전체타겟,[복숭아쫀득바] 26.09_복쫀바출시_ASC_전환_image_전체타겟_대세감,[26.09]F_I_JD복_전환_복쫀바출시_혜택강조형__.릴스_안다르BP.멜쫀바품절.화제의멜론쫀득바자사몰품절....__황경원_260910_빙과_함주현,1354,14,22243,0,19,전환
2026-09-13,120252272302690659,[빙과_스틱바_복숭아쫀득] 26.09_쫀득바출시_수동_전환_image_전체타겟,[복숭아쫀득바] 26.09_복쫀바출시_전환_image_전체타겟_한정성,[26.09]F_I_JD복_전환_복쫀바출시_혜택강조형__.릴스_안다르BP.한정성.납작복숭아시즌끝..?.__황경원_260910_빙과_함주현,16,0,176,0,0,전환
2026-09-14,120252256781660659,[빙과_스틱바_복숭아쫀득] 26.09_쫀득바출시_수동_전환_image_전체타겟,[복숭아쫀득바] 26.09_복쫀바출시_전환_image_전체타겟_고효율,[26.09]F_I_JD복_전환_복쫀바출시_혜택강조형__.배너_고효율.리사이징.1920.나중에구매하실분.출시직후에만.4만원대납복.__황경원_260909_빙과_김민우,1,0,12,0,0,전환
2026-09-14,120252272197220659,[빙과_스틱바_복숭아쫀득] 26.09_쫀득바출시_ASC_전환_image_전체타겟,[복숭아쫀득바] 26.09_복쫀바출시_ASC_전환_image_전체타겟_대세감,[26.09]F_I_JD복_전환_복쫀바출시_혜택강조형__.릴스_안다르BP.멜쫀바품절.화제의멜론쫀득바자사몰품절....__황경원_260910_빙과_함주현,6438,75,133773,7,126,전환
2026-09-15,120252257531140659,[빙과_스틱바_복숭아쫀득] 26.09_쫀득바출시_수동_전환_image_전체타겟,[복숭아쫀득바] 26.09_복쫀바출시_전환_image_전체타겟_AI,[26.09]F_I_JD복_전환_복쫀바출시_혜택강조형__.릴스_AI.복쫀이.다시는없어요.안사고버티신분들.유럽납작복숭아.__황경원_260909_빙과_김민우,13,0,257,0,0,전환
2026-09-16,120252256781660659,[빙과_스틱바_복숭아쫀득] 26.09_쫀득바출시_수동_전환_image_전체타겟,[복숭아쫀득바] 26.09_복쫀바출시_전환_image_전체타겟_고효율,[26.09]F_I_JD복_전환_복쫀바출시_혜택강조형__.배너_고효율.리사이징.1920.나중에구매하실분.출시직후에만.4만원대납복.__황경원_260909_빙과_김민우,19,1,1027,0,0,전환
2026-09-16,120252257511310659,[빙과_스틱바_복숭아쫀득] 26.09_쫀득바출시_수동_전환_image_전체타겟,[복숭아쫀득바] 26.09_복쫀바출시_전환_image_전체타겟_슈기,[26.09]F_I_JD복_전환_복쫀바출시_혜택강조형__.배너_슈기.공지문.현장감.출시특가안내.편의점1등.__황경원_260909_빙과_김민우,299,4,4701,1,0,전환
2026-09-16,120252257511320659,[빙과_스틱바_복숭아쫀득] 26.09_쫀득바출시_수동_전환_image_전체타겟,[복숭아쫀득바] 26.09_복쫀바출시_전환_image_전체타겟_슈기,[26.09]F_I_JD복_전환_복쫀바출시_혜택강조형__.배너_슈기.공지문.현장감.가격실수안내.편의점1등.직원실수.__황경원_260909_빙과_김민우,25839,421,195791,4,0,전환
2026-09-16,120252257511330659,[빙과_스틱바_복숭아쫀득] 26.09_쫀득바출시_수동_전환_image_전체타겟,[복숭아쫀득바] 26.09_복쫀바출시_전환_image_전체타겟_슈기,[26.09]F_I_JD복_전환_복쫀바출시_혜택강조형__.배너_슈기.곧끝난대요.올여름품절대란.차원이다른.유럽.샤라웃기념.비밀링크.__황경원_260909_빙과_김민우,28,1,1084,0,0,전환
2026-09-16,120252257511340659,[빙과_스틱바_복숭아쫀득] 26.09_쫀득바출시_수동_전환_image_전체타겟,[복숭아쫀득바] 26.09_복쫀바출시_전환_image_전체타겟_슈기,[26.09]F_I_JD복_전환_복쫀바출시_혜택강조형__.배너_슈기.곧끝난대요.차원이다른.품절대란.출시특가.유럽.샤라웃기념.비밀링크.__황경원_260909_빙과_김민우,25,1,659,0,0,전환
2026-09-16,120252257511350659,[빙과_스틱바_복숭아쫀득] 26.09_쫀득바출시_수동_전환_image_전체타겟,[복숭아쫀득바] 26.09_복쫀바출시_전환_image_전체타겟_슈기,[26.09]F_I_JD복_전환_복쫀바출시_혜택강조형__.배너_슈기.곧끝난대요.얼굴캡션.차원이다른.품절대란.출시특가.유럽.샤라웃기념.비밀링크.__황경원_260909_빙과_김민우,23,1,395,0,0,전환
2026-09-16,120252257511360659,[빙과_스틱바_복숭아쫀득] 26.09_쫀득바출시_수동_전환_image_전체타겟,[복숭아쫀득바] 26.09_복쫀바출시_전환_image_전체타겟_슈기,[26.09]F_I_JD복_전환_복쫀바출시_혜택강조형__.배너_슈기.곧끝난대요.얼굴캡션.올여름품절대란.차원이다른.유럽.샤라웃기념.비밀링크.__황경원_260909_빙과_김민우,90,7,1580,1,0,전환
2026-09-16,120252272184610659,[빙과_스틱바_복숭아쫀득] 26.09_쫀득바출시_ASC_전환_image_전체타겟,[복숭아쫀득바] 26.09_복쫀바출시_ASC_전환_image_전체타겟_대세감,[26.09]F_I_JD복_전환_복쫀바출시_혜택강조형__.릴스_안다르BP.대세감.누적판매400만쫀득바.망멜복.__황경원_260910_빙과_함주현,5,0,20,0,0,전환
2026-09-17,120252256781660659,[빙과_스틱바_복숭아쫀득] 26.09_쫀득바출시_수동_전환_image_전체타겟,[복숭아쫀득바] 26.09_복쫀바출시_전환_image_전체타겟_고효율,[26.09]F_I_JD복_전환_복쫀바출시_혜택강조형__.배너_고효율.리사이징.1920.나중에구매하실분.출시직후에만.4만원대납복.__황경원_260909_빙과_김민우,4,0,329,0,0,전환
2026-09-17,120252257511310659,[빙과_스틱바_복숭아쫀득] 26.09_쫀득바출시_수동_전환_image_전체타겟,[복숭아쫀득바] 26.09_복쫀바출시_전환_image_전체타겟_슈기,[26.09]F_I_JD복_전환_복쫀바출시_혜택강조형__.배너_슈기.공지문.현장감.출시특가안내.편의점1등.__황경원_260909_빙과_김민우,1094,14,15010,0,0,전환
2026-09-17,120252257511330659,[빙과_스틱바_복숭아쫀득] 26.09_쫀득바출시_수동_전환_image_전체타겟,[복숭아쫀득바] 26.09_복쫀바출시_전환_image_전체타겟_슈기,[26.09]F_I_JD복_전환_복쫀바출시_혜택강조형__.배너_슈기.곧끝난대요.올여름품절대란.차원이다른.유럽.샤라웃기념.비밀링크.__황경원_260909_빙과_김민우,9,0,627,0,0,전환
2026-09-17,120252257511340659,[빙과_스틱바_복숭아쫀득] 26.09_쫀득바출시_수동_전환_image_전체타겟,[복숭아쫀득바] 26.09_복쫀바출시_전환_image_전체타겟_슈기,[26.09]F_I_JD복_전환_복쫀바출시_혜택강조형__.배너_슈기.곧끝난대요.차원이다른.품절대란.출시특가.유럽.샤라웃기념.비밀링크.__황경원_260909_빙과_김민우,11,0,256,0,0,전환
2026-09-17,120252257511360659,[빙과_스틱바_복숭아쫀득] 26.09_쫀득바출시_수동_전환_image_전체타겟,[복숭아쫀득바] 26.09_복쫀바출시_전환_image_전체타겟_슈기,[26.09]F_I_JD복_전환_복쫀바출시_혜택강조형__.배너_슈기.곧끝난대요.얼굴캡션.올여름품절대란.차원이다른.유럽.샤라웃기념.비밀링크.__황경원_260909_빙과_김민우,456,14,7501,0,0,전환
2026-09-17,120252272184610659,[빙과_스틱바_복숭아쫀득] 26.09_쫀득바출시_ASC_전환_image_전체타겟,[복숭아쫀득바] 26.09_복쫀바출시_ASC_전환_image_전체타겟_대세감,[26.09]F_I_JD복_전환_복쫀바출시_혜택강조형__.릴스_안다르BP.대세감.누적판매400만쫀득바.망멜복.__황경원_260910_빙과_함주현,82,0,1266,0,1,전환
2026-09-17,120252272197220659,[빙과_스틱바_복숭아쫀득] 26.09_쫀득바출시_ASC_전환_image_전체타겟,[복숭아쫀득바] 26.09_복쫀바출시_ASC_전환_image_전체타겟_대세감,[26.09]F_I_JD복_전환_복쫀바출시_혜택강조형__.릴스_안다르BP.멜쫀바품절.화제의멜론쫀득바자사몰품절....__황경원_260910_빙과_함주현,3162,28,52851,2,62,전환
2026-09-18,120252257531110659,[빙과_스틱바_복숭아쫀득] 26.09_쫀득바출시_수동_전환_image_전체타겟,[복숭아쫀득바] 26.09_복쫀바출시_전환_image_전체타겟_AI,[26.09]F_I_JD복_전환_복쫀바출시_혜택강조형__.릴스_AI.복쫀이.곧끝나요.언제품절될지.모르는.신상특가.유럽납작복숭아.__황경원_260909_빙과_김민우,3,0,220,0,0,전환
2026-09-18,120252257531140659,[빙과_스틱바_복숭아쫀득] 26.09_쫀득바출시_수동_전환_image_전체타겟,[복숭아쫀득바] 26.09_복쫀바출시_전환_image_전체타겟_AI,[26.09]F_I_JD복_전환_복쫀바출시_혜택강조형__.릴스_AI.복쫀이.다시는없어요.안사고버티신분들.유럽납작복숭아.__황경원_260909_빙과_김민우,19,1,222,0,0,전환
2026-09-20,120252256781660659,[빙과_스틱바_복숭아쫀득] 26.09_쫀득바출시_수동_전환_image_전체타겟,[복숭아쫀득바] 26.09_복쫀바출시_전환_image_전체타겟_고효율,[26.09]F_I_JD복_전환_복쫀바출시_혜택강조형__.배너_고효율.리사이징.1920.나중에구매하실분.출시직후에만.4만원대납복.__황경원_260909_빙과_김민우,2,0,94,0,0,전환
2026-09-20,120252257531110659,[빙과_스틱바_복숭아쫀득] 26.09_쫀득바출시_수동_전환_image_전체타겟,[복숭아쫀득바] 26.09_복쫀바출시_전환_image_전체타겟_AI,[26.09]F_I_JD복_전환_복쫀바출시_혜택강조형__.릴스_AI.복쫀이.곧끝나요.언제품절될지.모르는.신상특가.유럽납작복숭아.__황경원_260909_빙과_김민우,25,0,533,0,1,전환
2026-09-20,120252257531140659,[빙과_스틱바_복숭아쫀득] 26.09_쫀득바출시_수동_전환_image_전체타겟,[복숭아쫀득바] 26.09_복쫀바출시_전환_image_전체타겟_AI,[26.09]F_I_JD복_전환_복쫀바출시_혜택강조형__.릴스_AI.복쫀이.다시는없어요.안사고버티신분들.유럽납작복숭아.__황경원_260909_빙과_김민우,94,1,1453,0,2,전환
2026-09-20,120252272197220659,[빙과_스틱바_복숭아쫀득] 26.09_쫀득바출시_ASC_전환_image_전체타겟,[복숭아쫀득바] 26.09_복쫀바출시_ASC_전환_image_전체타겟_대세감,[26.09]F_I_JD복_전환_복쫀바출시_혜택강조형__.릴스_안다르BP.멜쫀바품절.화제의멜론쫀득바자사몰품절....__황경원_260910_빙과_함주현,16,0,289,0,0,전환
2026-09-10,120252272328320659,[빙과_스틱바_복숭아쫀득] 26.09_쫀득바출시_ASC_전환_image_전체타겟,[복숭아쫀득바] 26.09_복쫀바출시_ASC_전환_image_전체타겟_생요거트,[26.09]F_I_JD복_전환_복쫀바출시_혜택강조형__.릴스_안다르BP.생그릭요거트.생그릭요거트가통째로.__황경원_260910_빙과_함주현,60,0,1020,0,2,전환
2026-09-10,120252272333320659,[빙과_스틱바_복숭아쫀득] 26.09_쫀득바출시_ASC_전환_image_전체타겟,[복숭아쫀득바] 26.09_복쫀바출시_ASC_전환_image_전체타겟_생요거트,[26.09]F_I_JD복_전환_복쫀바출시_혜택강조형__.릴스_안다르BP.생그릭요거트.찐하고쫀쫀한생요거트.__황경원_260910_빙과_함주현,4,0,17,0,0,전환
2026-09-10,120252272349720659,[빙과_스틱바_복숭아쫀득] 26.09_쫀득바출시_수동_전환_image_전체타겟,[복숭아쫀득바] 26.09_복쫀바출시_전환_image_전체타겟_생요거트,[26.09]F_I_JD복_전환_복쫀바출시_혜택강조형__.릴스_안다르BP.생그릭요거트.생그릭요거트가통째로.__황경원_260910_빙과_함주현,496,9,8955,0,22,전환
2026-09-10,120252272361660659,[빙과_스틱바_복숭아쫀득] 26.09_쫀득바출시_수동_전환_image_전체타겟,[복숭아쫀득바] 26.09_복쫀바출시_전환_image_전체타겟_생요거트,[26.09]F_I_JD복_전환_복쫀바출시_혜택강조형__.릴스_안다르BP.생그릭요거트.찐하고쫀쫀한생요거트.__황경원_260910_빙과_함주현,457,2,7809,0,11,전환
2026-09-10,120252272408470659,[빙과_스틱바_복숭아쫀득] 26.09_쫀득바출시_수동_전환_image_전체타겟,[복숭아쫀득바] 26.09_복쫀바출시_전환_image_전체타겟_대세감,[26.09]F_I_JD복_전환_복쫀바출시_혜택강조형__.릴스_안다르BP.대세감.누적판매400만쫀득바.망멜복.__황경원_260910_빙과_함주현,1488,15,23309,0,12,전환
2026-09-10,120252272415900659,[빙과_스틱바_복숭아쫀득] 26.09_쫀득바출시_수동_전환_image_전체타겟,[복숭아쫀득바] 26.09_복쫀바출시_전환_image_전체타겟_대세감,[26.09]F_I_JD복_전환_복쫀바출시_혜택강조형__.릴스_안다르BP.멜쫀바품절.화제의멜론쫀득바자사몰품절....__황경원_260910_빙과_함주현,451,5,9390,0,4,전환
2026-09-10,120252272513410659,[빙과_스틱바_복숭아쫀득] 26.09_쫀득바출시_ASC_전환_image_전체타겟,[복숭아쫀득바] 26.09_복쫀바출시_ASC_전환_image_전체타겟_한정성,[26.09]F_I_JD복_전환_복쫀바출시_혜택강조형__.릴스_안다르BP.한정성.납작복숭아시즌끝..?.__황경원_260910_빙과_함주현,402,2,4929,0,7,전환
2026-09-10,120252272685590659,[빙과_스틱바_복숭아쫀득] 26.09_쫀득바출시_수동_전환_image_전체타겟,[복숭아쫀득바] 26.09_복쫀바출시_전환_image_전체타겟_고효율,[26.09]F_I_JD복_전환_복쫀바출시_혜택강조형__.릴스_안다르BP.납복가격비교.4만원대납잡복숭아처럼.__황경원_260910_빙과_함주현,2,0,24,0,0,전환
2026-09-10,120252272730230659,[빙과_스틱바_복숭아쫀득] 26.09_쫀득바출시_ASC_전환_image_전체타겟,[복숭아쫀득바] 26.09_복쫀바출시_ASC_전환_image_전체타겟_고효율,[26.09]F_I_JD복_전환_복쫀바출시_혜택강조형__.릴스_안다르BP.납복가격비교.4만원대납잡복숭아처럼.__황경원_260910_빙과_함주현,3,0,43,0,0,전환
2026-09-11,120252271909200659,[빙과_파인트_골키파] 26.07_골키파출시_수동_전환_image_전체타겟,0910_P혼,[26.09]F_I_P혼_전환_상시_혜택강조형__.배너_현장감.품절사진.아직도못사신분을위해.준비했습니다.자사몰한정.__고가영_260910_빙과_김민우,383,8,9289,1,0,전환
2026-09-11,120252271909890659,[빙과_파인트_골키파] 26.07_골키파출시_수동_전환_image_전체타겟,0910_P혼,[26.09]F_I_P혼_전환_상시_혜택강조형__.배너_현장감.품절사진.여기서만.구매가능.1등기념.__고가영_260910_빙과_김민우,44,1,901,0,0,전환
2026-09-11,120252271912870659,[빙과_파인트_골키파] 26.07_골키파출시_수동_전환_image_전체타겟,0910_P혼,[26.09]F_I_P혼_전환_상시_혜택강조형__.배너_현장감.품절사진.이미사신분들.죄송합니다.1위직후.품절대란.__고가영_260910_빙과_김민우,205,0,4805,0,0,전환
2026-09-11,120252271918610659,[빙과_파인트_골키파] 26.07_골키파출시_수동_전환_image_전체타겟,0910_P혼,[26.09]F_I_P혼_전환_상시_혜택강조형__.배너_현장감.품절사진.재입고안내.공지문.파인트 1위달성.__고가영_260910_빙과_김민우,434,6,8715,0,0,전환
2026-09-11,120252271920110659,[빙과_파인트_골키파] 26.07_골키파출시_수동_전환_image_전체타겟,0910_P혼,[26.09]F_I_P혼_전환_상시_혜택강조형__.배너_현장감.품절사진.재입고어렵습니다.준비할수있는.수량한계.__고가영_260910_빙과_김민우,278,5,7517,0,0,전환
2026-09-11,120252271923560659,[빙과_파인트_골키파] 26.07_골키파출시_수동_전환_image_전체타겟,0910_P혼,[26.09]F_I_P혼_전환_상시_혜택강조형__.배너_현장감.품절사진.죄송합니다.또품절입니다.소량입고.__고가영_260910_빙과_김민우,78,1,1532,0,0,전환
2026-09-11,120252272328320659,[빙과_스틱바_복숭아쫀득] 26.09_쫀득바출시_ASC_전환_image_전체타겟,[복숭아쫀득바] 26.09_복쫀바출시_ASC_전환_image_전체타겟_생요거트,[26.09]F_I_JD복_전환_복쫀바출시_혜택강조형__.릴스_안다르BP.생그릭요거트.생그릭요거트가통째로.__황경원_260910_빙과_함주현,105,1,1248,0,1,전환
2026-09-11,120252272333320659,[빙과_스틱바_복숭아쫀득] 26.09_쫀득바출시_ASC_전환_image_전체타겟,[복숭아쫀득바] 26.09_복쫀바출시_ASC_전환_image_전체타겟_생요거트,[26.09]F_I_JD복_전환_복쫀바출시_혜택강조형__.릴스_안다르BP.생그릭요거트.찐하고쫀쫀한생요거트.__황경원_260910_빙과_함주현,26,1,471,0,1,전환
2026-09-11,120252272349720659,[빙과_스틱바_복숭아쫀득] 26.09_쫀득바출시_수동_전환_image_전체타겟,[복숭아쫀득바] 26.09_복쫀바출시_전환_image_전체타겟_생요거트,[26.09]F_I_JD복_전환_복쫀바출시_혜택강조형__.릴스_안다르BP.생그릭요거트.생그릭요거트가통째로.__황경원_260910_빙과_함주현,614,7,11007,0,14,전환
2026-09-11,120252272361660659,[빙과_스틱바_복숭아쫀득] 26.09_쫀득바출시_수동_전환_image_전체타겟,[복숭아쫀득바] 26.09_복쫀바출시_전환_image_전체타겟_생요거트,[26.09]F_I_JD복_전환_복쫀바출시_혜택강조형__.릴스_안다르BP.생그릭요거트.찐하고쫀쫀한생요거트.__황경원_260910_빙과_함주현,143,1,2177,0,2,전환
2026-09-11,120252272408470659,[빙과_스틱바_복숭아쫀득] 26.09_쫀득바출시_수동_전환_image_전체타겟,[복숭아쫀득바] 26.09_복쫀바출시_전환_image_전체타겟_대세감,[26.09]F_I_JD복_전환_복쫀바출시_혜택강조형__.릴스_안다르BP.대세감.누적판매400만쫀득바.망멜복.__황경원_260910_빙과_함주현,108,2,1688,0,1,전환
2026-09-11,120252272415900659,[빙과_스틱바_복숭아쫀득] 26.09_쫀득바출시_수동_전환_image_전체타겟,[복숭아쫀득바] 26.09_복쫀바출시_전환_image_전체타겟_대세감,[26.09]F_I_JD복_전환_복쫀바출시_혜택강조형__.릴스_안다르BP.멜쫀바품절.화제의멜론쫀득바자사몰품절....__황경원_260910_빙과_함주현,32,1,785,0,0,전환
2026-09-11,120252272513410659,[빙과_스틱바_복숭아쫀득] 26.09_쫀득바출시_ASC_전환_image_전체타겟,[복숭아쫀득바] 26.09_복쫀바출시_ASC_전환_image_전체타겟_한정성,[26.09]F_I_JD복_전환_복쫀바출시_혜택강조형__.릴스_안다르BP.한정성.납작복숭아시즌끝..?.__황경원_260910_빙과_함주현,1512,10,18787,0,19,전환
2026-09-11,120252272685590659,[빙과_스틱바_복숭아쫀득] 26.09_쫀득바출시_수동_전환_image_전체타겟,[복숭아쫀득바] 26.09_복쫀바출시_전환_image_전체타겟_고효율,[26.09]F_I_JD복_전환_복쫀바출시_혜택강조형__.릴스_안다르BP.납복가격비교.4만원대납잡복숭아처럼.__황경원_260910_빙과_함주현,56,2,1062,1,1,전환
2026-09-11,120252272730230659,[빙과_스틱바_복숭아쫀득] 26.09_쫀득바출시_ASC_전환_image_전체타겟,[복숭아쫀득바] 26.09_복쫀바출시_ASC_전환_image_전체타겟_고효율,[26.09]F_I_JD복_전환_복쫀바출시_혜택강조형__.릴스_안다르BP.납복가격비교.4만원대납잡복숭아처럼.__황경원_260910_빙과_함주현,598,4,7921,0,19,전환
2026-09-12,120252271909200659,[빙과_파인트_골키파] 26.07_골키파출시_수동_전환_image_전체타겟,0910_P혼,[26.09]F_I_P혼_전환_상시_혜택강조형__.배너_현장감.품절사진.아직도못사신분을위해.준비했습니다.자사몰한정.__고가영_260910_빙과_김민우,7109,84,83744,6,0,전환
2026-09-12,120252271909890659,[빙과_파인트_골키파] 26.07_골키파출시_수동_전환_image_전체타겟,0910_P혼,[26.09]F_I_P혼_전환_상시_혜택강조형__.배너_현장감.품절사진.여기서만.구매가능.1등기념.__고가영_260910_빙과_김민우,699,8,7128,1,0,전환
2026-09-12,120252271912870659,[빙과_파인트_골키파] 26.07_골키파출시_수동_전환_image_전체타겟,0910_P혼,[26.09]F_I_P혼_전환_상시_혜택강조형__.배너_현장감.품절사진.이미사신분들.죄송합니다.1위직후.품절대란.__고가영_260910_빙과_김민우,424,9,3487,0,0,전환
2026-09-12,120252271918610659,[빙과_파인트_골키파] 26.07_골키파출시_수동_전환_image_전체타겟,0910_P혼,[26.09]F_I_P혼_전환_상시_혜택강조형__.배너_현장감.품절사진.재입고안내.공지문.파인트 1위달성.__고가영_260910_빙과_김민우,1119,24,18647,1,0,전환
2026-09-12,120252271920110659,[빙과_파인트_골키파] 26.07_골키파출시_수동_전환_image_전체타겟,0910_P혼,[26.09]F_I_P혼_전환_상시_혜택강조형__.배너_현장감.품절사진.재입고어렵습니다.준비할수있는.수량한계.__고가영_260910_빙과_김민우,2357,38,40397,2,0,전환
2026-09-12,120252271923560659,[빙과_파인트_골키파] 26.07_골키파출시_수동_전환_image_전체타겟,0910_P혼,[26.09]F_I_P혼_전환_상시_혜택강조형__.배너_현장감.품절사진.죄송합니다.또품절입니다.소량입고.__고가영_260910_빙과_김민우,645,17,4571,0,0,전환
2026-09-12,120252272328320659,[빙과_스틱바_복숭아쫀득] 26.09_쫀득바출시_ASC_전환_image_전체타겟,[복숭아쫀득바] 26.09_복쫀바출시_ASC_전환_image_전체타겟_생요거트,[26.09]F_I_JD복_전환_복쫀바출시_혜택강조형__.릴스_안다르BP.생그릭요거트.생그릭요거트가통째로.__황경원_260910_빙과_함주현,19,0,201,0,0,전환
2026-09-12,120252272333320659,[빙과_스틱바_복숭아쫀득] 26.09_쫀득바출시_ASC_전환_image_전체타겟,[복숭아쫀득바] 26.09_복쫀바출시_ASC_전환_image_전체타겟_생요거트,[26.09]F_I_JD복_전환_복쫀바출시_혜택강조형__.릴스_안다르BP.생그릭요거트.찐하고쫀쫀한생요거트.__황경원_260910_빙과_함주현,5,0,67,0,0,전환
2026-09-12,120252272349720659,[빙과_스틱바_복숭아쫀득] 26.09_쫀득바출시_수동_전환_image_전체타겟,[복숭아쫀득바] 26.09_복쫀바출시_전환_image_전체타겟_생요거트,[26.09]F_I_JD복_전환_복쫀바출시_혜택강조형__.릴스_안다르BP.생그릭요거트.생그릭요거트가통째로.__황경원_260910_빙과_함주현,179,4,4060,0,5,전환
2026-09-12,120252272361660659,[빙과_스틱바_복숭아쫀득] 26.09_쫀득바출시_수동_전환_image_전체타겟,[복숭아쫀득바] 26.09_복쫀바출시_전환_image_전체타겟_생요거트,[26.09]F_I_JD복_전환_복쫀바출시_혜택강조형__.릴스_안다르BP.생그릭요거트.찐하고쫀쫀한생요거트.__황경원_260910_빙과_함주현,20,0,777,0,1,전환
2026-09-12,120252272408470659,[빙과_스틱바_복숭아쫀득] 26.09_쫀득바출시_수동_전환_image_전체타겟,[복숭아쫀득바] 26.09_복쫀바출시_전환_image_전체타겟_대세감,[26.09]F_I_JD복_전환_복쫀바출시_혜택강조형__.릴스_안다르BP.대세감.누적판매400만쫀득바.망멜복.__황경원_260910_빙과_함주현,8595,123,128156,7,137,전환
2026-09-12,120252272415900659,[빙과_스틱바_복숭아쫀득] 26.09_쫀득바출시_수동_전환_image_전체타겟,[복숭아쫀득바] 26.09_복쫀바출시_전환_image_전체타겟_대세감,[26.09]F_I_JD복_전환_복쫀바출시_혜택강조형__.릴스_안다르BP.멜쫀바품절.화제의멜론쫀득바자사몰품절....__황경원_260910_빙과_함주현,829,19,17306,0,21,전환
2026-09-12,120252272513410659,[빙과_스틱바_복숭아쫀득] 26.09_쫀득바출시_ASC_전환_image_전체타겟,[복숭아쫀득바] 26.09_복쫀바출시_ASC_전환_image_전체타겟_한정성,[26.09]F_I_JD복_전환_복쫀바출시_혜택강조형__.릴스_안다르BP.한정성.납작복숭아시즌끝..?.__황경원_260910_빙과_함주현,187,2,2257,0,3,전환
2026-09-12,120252272685590659,[빙과_스틱바_복숭아쫀득] 26.09_쫀득바출시_수동_전환_image_전체타겟,[복숭아쫀득바] 26.09_복쫀바출시_전환_image_전체타겟_고효율,[26.09]F_I_JD복_전환_복쫀바출시_혜택강조형__.릴스_안다르BP.납복가격비교.4만원대납잡복숭아처럼.__황경원_260910_빙과_함주현,4,0,31,0,0,전환
2026-09-12,120252272730230659,[빙과_스틱바_복숭아쫀득] 26.09_쫀득바출시_ASC_전환_image_전체타겟,[복숭아쫀득바] 26.09_복쫀바출시_ASC_전환_image_전체타겟_고효율,[26.09]F_I_JD복_전환_복쫀바출시_혜택강조형__.릴스_안다르BP.납복가격비교.4만원대납잡복숭아처럼.__황경원_260910_빙과_함주현,48,0,378,0,0,전환
2026-09-13,120252271909200659,[빙과_파인트_골키파] 26.07_골키파출시_수동_전환_image_전체타겟,0910_P혼,[26.09]F_I_P혼_전환_상시_혜택강조형__.배너_현장감.품절사진.아직도못사신분을위해.준비했습니다.자사몰한정.__고가영_260910_빙과_김민우,3617,40,38476,2,0,전환
2026-09-13,120252271909890659,[빙과_파인트_골키파] 26.07_골키파출시_수동_전환_image_전체타겟,0910_P혼,[26.09]F_I_P혼_전환_상시_혜택강조형__.배너_현장감.품절사진.여기서만.구매가능.1등기념.__고가영_260910_빙과_김민우,1519,20,16724,1,0,전환
2026-09-13,120252271912870659,[빙과_파인트_골키파] 26.07_골키파출시_수동_전환_image_전체타겟,0910_P혼,[26.09]F_I_P혼_전환_상시_혜택강조형__.배너_현장감.품절사진.이미사신분들.죄송합니다.1위직후.품절대란.__고가영_260910_빙과_김민우,4141,62,74209,4,0,전환
2026-09-13,120252271920110659,[빙과_파인트_골키파] 26.07_골키파출시_수동_전환_image_전체타겟,0910_P혼,[26.09]F_I_P혼_전환_상시_혜택강조형__.배너_현장감.품절사진.재입고어렵습니다.준비할수있는.수량한계.__고가영_260910_빙과_김민우,4174,47,70431,6,0,전환
2026-09-13,120252271923560659,[빙과_파인트_골키파] 26.07_골키파출시_수동_전환_image_전체타겟,0910_P혼,[26.09]F_I_P혼_전환_상시_혜택강조형__.배너_현장감.품절사진.죄송합니다.또품절입니다.소량입고.__고가영_260910_빙과_김민우,309,5,2763,0,0,전환
2026-09-13,120252272349720659,[빙과_스틱바_복숭아쫀득] 26.09_쫀득바출시_수동_전환_image_전체타겟,[복숭아쫀득바] 26.09_복쫀바출시_전환_image_전체타겟_생요거트,[26.09]F_I_JD복_전환_복쫀바출시_혜택강조형__.릴스_안다르BP.생그릭요거트.생그릭요거트가통째로.__황경원_260910_빙과_함주현,3,1,47,0,0,전환
2026-09-13,120252272361660659,[빙과_스틱바_복숭아쫀득] 26.09_쫀득바출시_수동_전환_image_전체타겟,[복숭아쫀득바] 26.09_복쫀바출시_전환_image_전체타겟_생요거트,[26.09]F_I_JD복_전환_복쫀바출시_혜택강조형__.릴스_안다르BP.생그릭요거트.찐하고쫀쫀한생요거트.__황경원_260910_빙과_함주현,1,0,5,0,0,전환
2026-09-13,120252272408470659,[빙과_스틱바_복숭아쫀득] 26.09_쫀득바출시_수동_전환_image_전체타겟,[복숭아쫀득바] 26.09_복쫀바출시_전환_image_전체타겟_대세감,[26.09]F_I_JD복_전환_복쫀바출시_혜택강조형__.릴스_안다르BP.대세감.누적판매400만쫀득바.망멜복.__황경원_260910_빙과_함주현,9727,145,148485,14,133,전환
2026-09-13,120252272730230659,[빙과_스틱바_복숭아쫀득] 26.09_쫀득바출시_ASC_전환_image_전체타겟,[복숭아쫀득바] 26.09_복쫀바출시_ASC_전환_image_전체타겟_고효율,[26.09]F_I_JD복_전환_복쫀바출시_혜택강조형__.릴스_안다르BP.납복가격비교.4만원대납잡복숭아처럼.__황경원_260910_빙과_함주현,22,0,335,0,0,전환
2026-09-14,120252271909200659,[빙과_파인트_골키파] 26.07_골키파출시_수동_전환_image_전체타겟,0910_P혼,[26.09]F_I_P혼_전환_상시_혜택강조형__.배너_현장감.품절사진.아직도못사신분을위해.준비했습니다.자사몰한정.__고가영_260910_빙과_김민우,4706,53,59665,1,0,전환
2026-09-14,120252271909890659,[빙과_파인트_골키파] 26.07_골키파출시_수동_전환_image_전체타겟,0910_P혼,[26.09]F_I_P혼_전환_상시_혜택강조형__.배너_현장감.품절사진.여기서만.구매가능.1등기념.__고가영_260910_빙과_김민우,93,1,666,1,0,전환
2026-09-14,120252271920110659,[빙과_파인트_골키파] 26.07_골키파출시_수동_전환_image_전체타겟,0910_P혼,[26.09]F_I_P혼_전환_상시_혜택강조형__.배너_현장감.품절사진.재입고어렵습니다.준비할수있는.수량한계.__고가영_260910_빙과_김민우,1373,15,25240,2,0,전환
2026-09-14,120252272408470659,[빙과_스틱바_복숭아쫀득] 26.09_쫀득바출시_수동_전환_image_전체타겟,[복숭아쫀득바] 26.09_복쫀바출시_전환_image_전체타겟_대세감,[26.09]F_I_JD복_전환_복쫀바출시_혜택강조형__.릴스_안다르BP.대세감.누적판매400만쫀득바.망멜복.__황경원_260910_빙과_함주현,16385,193,278489,11,219,전환
2026-09-14,120252272685590659,[빙과_스틱바_복숭아쫀득] 26.09_쫀득바출시_수동_전환_image_전체타겟,[복숭아쫀득바] 26.09_복쫀바출시_전환_image_전체타겟_고효율,[26.09]F_I_JD복_전환_복쫀바출시_혜택강조형__.릴스_안다르BP.납복가격비교.4만원대납잡복숭아처럼.__황경원_260910_빙과_함주현,7,0,240,0,0,전환
2026-09-15,120252271920110659,[빙과_파인트_골키파] 26.07_골키파출시_수동_전환_image_전체타겟,0910_P혼,[26.09]F_I_P혼_전환_상시_혜택강조형__.배너_현장감.품절사진.재입고어렵습니다.준비할수있는.수량한계.__고가영_260910_빙과_김민우,1963,33,32715,0,0,전환
2026-09-16,120252271909200659,[빙과_파인트_골키파] 26.07_골키파출시_수동_전환_image_전체타겟,0910_P혼,[26.09]F_I_P혼_전환_상시_혜택강조형__.배너_현장감.품절사진.아직도못사신분을위해.준비했습니다.자사몰한정.__고가영_260910_빙과_김민우,11952,129,116100,8,0,전환
2026-09-16,120252271909890659,[빙과_파인트_골키파] 26.07_골키파출시_수동_전환_image_전체타겟,0910_P혼,[26.09]F_I_P혼_전환_상시_혜택강조형__.배너_현장감.품절사진.여기서만.구매가능.1등기념.__고가영_260910_빙과_김민우,6237,65,57018,4,0,전환
2026-09-16,120252272408470659,[빙과_스틱바_복숭아쫀득] 26.09_쫀득바출시_수동_전환_image_전체타겟,[복숭아쫀득바] 26.09_복쫀바출시_전환_image_전체타겟_대세감,[26.09]F_I_JD복_전환_복쫀바출시_혜택강조형__.릴스_안다르BP.대세감.누적판매400만쫀득바.망멜복.__황경원_260910_빙과_함주현,1276,19,22574,0,21,전환
2026-09-16,120252272415900659,[빙과_스틱바_복숭아쫀득] 26.09_쫀득바출시_수동_전환_image_전체타겟,[복숭아쫀득바] 26.09_복쫀바출시_전환_image_전체타겟_대세감,[26.09]F_I_JD복_전환_복쫀바출시_혜택강조형__.릴스_안다르BP.멜쫀바품절.화제의멜론쫀득바자사몰품절....__황경원_260910_빙과_함주현,84,2,2308,0,1,전환
2026-09-16,120252272685590659,[빙과_스틱바_복숭아쫀득] 26.09_쫀득바출시_수동_전환_image_전체타겟,[복숭아쫀득바] 26.09_복쫀바출시_전환_image_전체타겟_고효율,[26.09]F_I_JD복_전환_복쫀바출시_혜택강조형__.릴스_안다르BP.납복가격비교.4만원대납잡복숭아처럼.__황경원_260910_빙과_함주현,93,1,1620,0,1,전환
2026-09-17,120252271909200659,[빙과_파인트_골키파] 26.07_골키파출시_수동_전환_image_전체타겟,0910_P혼,[26.09]F_I_P혼_전환_상시_혜택강조형__.배너_현장감.품절사진.아직도못사신분을위해.준비했습니다.자사몰한정.__고가영_260910_빙과_김민우,9714,119,86544,3,0,전환
2026-09-17,120252271909890659,[빙과_파인트_골키파] 26.07_골키파출시_수동_전환_image_전체타겟,0910_P혼,[26.09]F_I_P혼_전환_상시_혜택강조형__.배너_현장감.품절사진.여기서만.구매가능.1등기념.__고가영_260910_빙과_김민우,3687,32,20880,2,0,전환
2026-09-17,120252271923560659,[빙과_파인트_골키파] 26.07_골키파출시_수동_전환_image_전체타겟,0910_P혼,[26.09]F_I_P혼_전환_상시_혜택강조형__.배너_현장감.품절사진.죄송합니다.또품절입니다.소량입고.__고가영_260910_빙과_김민우,1532,29,27447,1,0,전환
2026-09-17,120252272349720659,[빙과_스틱바_복숭아쫀득] 26.09_쫀득바출시_수동_전환_image_전체타겟,[복숭아쫀득바] 26.09_복쫀바출시_전환_image_전체타겟_생요거트,[26.09]F_I_JD복_전환_복쫀바출시_혜택강조형__.릴스_안다르BP.생그릭요거트.생그릭요거트가통째로.__황경원_260910_빙과_함주현,4,0,72,0,1,전환
2026-09-17,120252272408470659,[빙과_스틱바_복숭아쫀득] 26.09_쫀득바출시_수동_전환_image_전체타겟,[복숭아쫀득바] 26.09_복쫀바출시_전환_image_전체타겟_대세감,[26.09]F_I_JD복_전환_복쫀바출시_혜택강조형__.릴스_안다르BP.대세감.누적판매400만쫀득바.망멜복.__황경원_260910_빙과_함주현,30708,298,415254,16,395,전환
2026-09-18,120252271909890659,[빙과_파인트_골키파] 26.07_골키파출시_수동_전환_image_전체타겟,0910_P혼,[26.09]F_I_P혼_전환_상시_혜택강조형__.배너_현장감.품절사진.여기서만.구매가능.1등기념.__고가영_260910_빙과_김민우,4415,71,29009,1,0,전환
2026-09-18,120252271920110659,[빙과_파인트_골키파] 26.07_골키파출시_수동_전환_image_전체타겟,0910_P혼,[26.09]F_I_P혼_전환_상시_혜택강조형__.배너_현장감.품절사진.재입고어렵습니다.준비할수있는.수량한계.__고가영_260910_빙과_김민우,4795,81,45613,1,0,전환
2026-09-18,120252272349720659,[빙과_스틱바_복숭아쫀득] 26.09_쫀득바출시_수동_전환_image_전체타겟,[복숭아쫀득바] 26.09_복쫀바출시_전환_image_전체타겟_생요거트,[26.09]F_I_JD복_전환_복쫀바출시_혜택강조형__.릴스_안다르BP.생그릭요거트.생그릭요거트가통째로.__황경원_260910_빙과_함주현,33,0,845,0,0,전환
2026-09-18,120252272361660659,[빙과_스틱바_복숭아쫀득] 26.09_쫀득바출시_수동_전환_image_전체타겟,[복숭아쫀득바] 26.09_복쫀바출시_전환_image_전체타겟_생요거트,[26.09]F_I_JD복_전환_복쫀바출시_혜택강조형__.릴스_안다르BP.생그릭요거트.찐하고쫀쫀한생요거트.__황경원_260910_빙과_함주현,100,1,1988,0,1,전환
2026-09-18,120252272408470659,[빙과_스틱바_복숭아쫀득] 26.09_쫀득바출시_수동_전환_image_전체타겟,[복숭아쫀득바] 26.09_복쫀바출시_전환_image_전체타겟_대세감,[26.09]F_I_JD복_전환_복쫀바출시_혜택강조형__.릴스_안다르BP.대세감.누적판매400만쫀득바.망멜복.__황경원_260910_빙과_함주현,2359,31,39967,2,39,전환
2026-09-18,120252272415900659,[빙과_스틱바_복숭아쫀득] 26.09_쫀득바출시_수동_전환_image_전체타겟,[복숭아쫀득바] 26.09_복쫀바출시_전환_image_전체타겟_대세감,[26.09]F_I_JD복_전환_복쫀바출시_혜택강조형__.릴스_안다르BP.멜쫀바품절.화제의멜론쫀득바자사몰품절....__황경원_260910_빙과_함주현,159,0,2837,0,3,전환
2026-09-18,120252272685590659,[빙과_스틱바_복숭아쫀득] 26.09_쫀득바출시_수동_전환_image_전체타겟,[복숭아쫀득바] 26.09_복쫀바출시_전환_image_전체타겟_고효율,[26.09]F_I_JD복_전환_복쫀바출시_혜택강조형__.릴스_안다르BP.납복가격비교.4만원대납잡복숭아처럼.__황경원_260910_빙과_함주현,439,4,7741,0,7,전환
2026-09-19,120252271909200659,[빙과_파인트_골키파] 26.07_골키파출시_수동_전환_image_전체타겟,0910_P혼,[26.09]F_I_P혼_전환_상시_혜택강조형__.배너_현장감.품절사진.아직도못사신분을위해.준비했습니다.자사몰한정.__고가영_260910_빙과_김민우,901,15,13245,0,0,전환
2026-09-19,120252271909890659,[빙과_파인트_골키파] 26.07_골키파출시_수동_전환_image_전체타겟,0910_P혼,[26.09]F_I_P혼_전환_상시_혜택강조형__.배너_현장감.품절사진.여기서만.구매가능.1등기념.__고가영_260910_빙과_김민우,5355,118,43181,1,0,전환
2026-09-20,120252271909200659,[빙과_파인트_골키파] 26.07_골키파출시_수동_전환_image_전체타겟,0910_P혼,[26.09]F_I_P혼_전환_상시_혜택강조형__.배너_현장감.품절사진.아직도못사신분을위해.준비했습니다.자사몰한정.__고가영_260910_빙과_김민우,2298,63,27949,0,0,전환
2026-09-20,120252272349720659,[빙과_스틱바_복숭아쫀득] 26.09_쫀득바출시_수동_전환_image_전체타겟,[복숭아쫀득바] 26.09_복쫀바출시_전환_image_전체타겟_생요거트,[26.09]F_I_JD복_전환_복쫀바출시_혜택강조형__.릴스_안다르BP.생그릭요거트.생그릭요거트가통째로.__황경원_260910_빙과_함주현,34,0,782,0,0,전환
2026-09-20,120252272361660659,[빙과_스틱바_복숭아쫀득] 26.09_쫀득바출시_수동_전환_image_전체타겟,[복숭아쫀득바] 26.09_복쫀바출시_전환_image_전체타겟_생요거트,[26.09]F_I_JD복_전환_복쫀바출시_혜택강조형__.릴스_안다르BP.생그릭요거트.찐하고쫀쫀한생요거트.__황경원_260910_빙과_함주현,9,1,210,0,1,전환
2026-09-20,120252272408470659,[빙과_스틱바_복숭아쫀득] 26.09_쫀득바출시_수동_전환_image_전체타겟,[복숭아쫀득바] 26.09_복쫀바출시_전환_image_전체타겟_대세감,[26.09]F_I_JD복_전환_복쫀바출시_혜택강조형__.릴스_안다르BP.대세감.누적판매400만쫀득바.망멜복.__황경원_260910_빙과_함주현,442,12,10525,0,7,전환
2026-09-20,120252272415900659,[빙과_스틱바_복숭아쫀득] 26.09_쫀득바출시_수동_전환_image_전체타겟,[복숭아쫀득바] 26.09_복쫀바출시_전환_image_전체타겟_대세감,[26.09]F_I_JD복_전환_복쫀바출시_혜택강조형__.릴스_안다르BP.멜쫀바품절.화제의멜론쫀득바자사몰품절....__황경원_260910_빙과_함주현,12,1,289,0,0,전환
2026-09-20,120252272685590659,[빙과_스틱바_복숭아쫀득] 26.09_쫀득바출시_수동_전환_image_전체타겟,[복숭아쫀득바] 26.09_복쫀바출시_전환_image_전체타겟_고효율,[26.09]F_I_JD복_전환_복쫀바출시_혜택강조형__.릴스_안다르BP.납복가격비교.4만원대납잡복숭아처럼.__황경원_260910_빙과_함주현,234,2,4535,0,7,전환
2026-09-11,120252287737700659,[빙과_파인트_블프] 26.09_빙과블프_수동_전환_video_전체타겟,9월 2주차_밈활용형_P말,[26.09]F_V_P말_전환_빙과블프_숏츠형_밈활용_main.릴스_지금 쟁여야 이득.스쿱.9월.수민PJ_파인트P_고가영_260911_빙과_김지연,1582,24,19786,1,20,전환
2026-09-11,120252287737940659,[빙과_파인트_블프] 26.09_빙과블프_ASC_전환_video_전체타겟_9월 2주차,[빙과_파인트_블프] 26.09_빙과블프_ASC_전환_video_전체타겟_9월 2주차,[26.09]F_V_P말_전환_빙과블프_숏츠형_밈활용_main.릴스_지금 쟁여야 이득.스쿱.9월.수민PJ_파인트P_고가영_260911_빙과_김지연,115,1,1320,0,1,전환
2026-09-11,120252287739650659,[빙과_파인트_블프] 26.09_빙과블프_수동_전환_video_전체타겟,9월 2주차_밈활용형_P말,[26.09]F_V_P말_전환_빙과블프_숏츠형_밈활용_var1.릴스_지금 쟁여야 이득.끌어안기.9월.수민PJ_파인트P_고가영_260911_빙과_김지연,358,11,5281,3,6,전환
2026-09-11,120252287739950659,[빙과_파인트_블프] 26.09_빙과블프_ASC_전환_video_전체타겟_9월 2주차,[빙과_파인트_블프] 26.09_빙과블프_ASC_전환_video_전체타겟_9월 2주차,[26.09]F_V_P말_전환_빙과블프_숏츠형_밈활용_var1.릴스_지금 쟁여야 이득.끌어안기.9월.수민PJ_파인트P_고가영_260911_빙과_김지연,179,7,2499,0,4,전환
2026-09-11,120252287743250659,[빙과_파인트_블프] 26.09_빙과블프_수동_전환_video_전체타겟,9월 2주차_밈활용형_P말,[26.09]F_V_P말_전환_빙과블프_숏츠형_밈활용_var2.릴스_블프특가.9월.수민PJ_파인트P_고가영_260911_빙과_김지연,418,12,7712,0,9,전환
2026-09-11,120252287744270659,[빙과_파인트_블프] 26.09_빙과블프_ASC_전환_video_전체타겟_9월 2주차,[빙과_파인트_블프] 26.09_빙과블프_ASC_전환_video_전체타겟_9월 2주차,[26.09]F_V_P말_전환_빙과블프_숏츠형_밈활용_var2.릴스_블프특가.9월.수민PJ_파인트P_고가영_260911_빙과_김지연,58,3,736,0,0,전환
2026-09-11,120252287746550659,[빙과_파인트_블프] 26.09_빙과블프_수동_전환_video_전체타겟,9월 2주차_밈활용형_P말,[26.09]F_V_P말_전환_빙과블프_숏츠형_밈활용_var3.릴스_너무감사해서.구성강조.9월.수민PJ_파인트P_고가영_260911_빙과_김지연,136,5,2537,0,2,전환
2026-09-11,120252287747140659,[빙과_파인트_블프] 26.09_빙과블프_ASC_전환_video_전체타겟_9월 2주차,[빙과_파인트_블프] 26.09_빙과블프_ASC_전환_video_전체타겟_9월 2주차,[26.09]F_V_P말_전환_빙과블프_숏츠형_밈활용_var3.릴스_너무감사해서.구성강조.9월.수민PJ_파인트P_고가영_260911_빙과_김지연,58,0,1015,0,1,전환
2026-09-11,120252287750500659,[빙과_파인트_블프] 26.09_빙과블프_수동_전환_video_전체타겟,9월 2주차_밈활용형_P말,[26.09]F_V_P말_전환_빙과블프_숏츠형_밈활용_var4.릴스_너무감사해서.말차강조.9월.수민PJ_파인트P_고가영_260911_빙과_김지연,155,5,3112,1,4,전환
2026-09-11,120252287751290659,[빙과_파인트_블프] 26.09_빙과블프_ASC_전환_video_전체타겟_9월 2주차,[빙과_파인트_블프] 26.09_빙과블프_ASC_전환_video_전체타겟_9월 2주차,[26.09]F_V_P말_전환_빙과블프_숏츠형_밈활용_var4.릴스_너무감사해서.말차강조.9월.수민PJ_파인트P_고가영_260911_빙과_김지연,4,0,49,0,0,전환
2026-09-11,120252287830520659,[빙과_파인트_블프] 26.09_빙과블프_수동_전환_video_전체타겟,9월 2주차_파르셀BP_P말,[26.09]F_V_P말_전환_빙과블프_인물리뷰형_파르셀BP_main.릴스_공통.9월.수민PJ_파인트P_고가영_260911_빙과_김지연,503,12,7929,0,26,전환
2026-09-11,120252287830800659,[빙과_파인트_블프] 26.09_빙과블프_ASC_전환_video_전체타겟_9월 2주차,[빙과_파인트_블프] 26.09_빙과블프_ASC_전환_video_전체타겟_9월 2주차,[26.09]F_V_P말_전환_빙과블프_인물리뷰형_파르셀BP_main.릴스_공통.9월.수민PJ_파인트P_고가영_260911_빙과_김지연,383,10,5671,1,14,전환
2026-09-11,120252287843890659,[빙과_파인트_블프] 26.09_빙과블프_수동_전환_video_전체타겟,9월 2주차_파르셀BP_P말,[26.09]F_V_P말_전환_빙과블프_인물리뷰형_파르셀BP_var1.릴스_100원.9월.수민PJ_파인트P_고가영_260911_빙과_김지연,78,3,1421,0,4,전환
2026-09-11,120252287845300659,[빙과_파인트_블프] 26.09_빙과블프_ASC_전환_video_전체타겟_9월 2주차,[빙과_파인트_블프] 26.09_빙과블프_ASC_전환_video_전체타겟_9월 2주차,[26.09]F_V_P말_전환_빙과블프_인물리뷰형_파르셀BP_var1.릴스_100원.9월.수민PJ_파인트P_고가영_260911_빙과_김지연,15,0,863,0,2,전환
2026-09-11,120252287860630659,[빙과_파인트_블프] 26.09_빙과블프_수동_전환_video_전체타겟,9월 2주차_파르셀BP_P말,[26.09]F_V_P말_전환_빙과블프_인물리뷰형_파르셀BP_var2.릴스_오천원대.9월.수민PJ_파인트P_고가영_260911_빙과_김지연,1519,39,25193,4,77,전환
2026-09-11,120252287862030659,[빙과_파인트_블프] 26.09_빙과블프_ASC_전환_video_전체타겟_9월 2주차,[빙과_파인트_블프] 26.09_빙과블프_ASC_전환_video_전체타겟_9월 2주차,[26.09]F_V_P말_전환_빙과블프_인물리뷰형_파르셀BP_var2.릴스_오천원대.9월.수민PJ_파인트P_고가영_260911_빙과_김지연,73,4,1612,0,7,전환
2026-09-12,120252287737700659,[빙과_파인트_블프] 26.09_빙과블프_수동_전환_video_전체타겟,9월 2주차_밈활용형_P말,[26.09]F_V_P말_전환_빙과블프_숏츠형_밈활용_main.릴스_지금 쟁여야 이득.스쿱.9월.수민PJ_파인트P_고가영_260911_빙과_김지연,7177,95,90130,6,84,전환
2026-09-12,120252287737940659,[빙과_파인트_블프] 26.09_빙과블프_ASC_전환_video_전체타겟_9월 2주차,[빙과_파인트_블프] 26.09_빙과블프_ASC_전환_video_전체타겟_9월 2주차,[26.09]F_V_P말_전환_빙과블프_숏츠형_밈활용_main.릴스_지금 쟁여야 이득.스쿱.9월.수민PJ_파인트P_고가영_260911_빙과_김지연,365,4,5992,0,7,전환
2026-09-12,120252287739650659,[빙과_파인트_블프] 26.09_빙과블프_수동_전환_video_전체타겟,9월 2주차_밈활용형_P말,[26.09]F_V_P말_전환_빙과블프_숏츠형_밈활용_var1.릴스_지금 쟁여야 이득.끌어안기.9월.수민PJ_파인트P_고가영_260911_빙과_김지연,3642,65,55534,5,37,전환
2026-09-12,120252287739950659,[빙과_파인트_블프] 26.09_빙과블프_ASC_전환_video_전체타겟_9월 2주차,[빙과_파인트_블프] 26.09_빙과블프_ASC_전환_video_전체타겟_9월 2주차,[26.09]F_V_P말_전환_빙과블프_숏츠형_밈활용_var1.릴스_지금 쟁여야 이득.끌어안기.9월.수민PJ_파인트P_고가영_260911_빙과_김지연,200,1,4751,0,6,전환
2026-09-12,120252287743250659,[빙과_파인트_블프] 26.09_빙과블프_수동_전환_video_전체타겟,9월 2주차_밈활용형_P말,[26.09]F_V_P말_전환_빙과블프_숏츠형_밈활용_var2.릴스_블프특가.9월.수민PJ_파인트P_고가영_260911_빙과_김지연,3545,44,64094,4,74,전환
2026-09-12,120252287744270659,[빙과_파인트_블프] 26.09_빙과블프_ASC_전환_video_전체타겟_9월 2주차,[빙과_파인트_블프] 26.09_빙과블프_ASC_전환_video_전체타겟_9월 2주차,[26.09]F_V_P말_전환_빙과블프_숏츠형_밈활용_var2.릴스_블프특가.9월.수민PJ_파인트P_고가영_260911_빙과_김지연,80,3,1371,0,1,전환
2026-09-12,120252287746550659,[빙과_파인트_블프] 26.09_빙과블프_수동_전환_video_전체타겟,9월 2주차_밈활용형_P말,[26.09]F_V_P말_전환_빙과블프_숏츠형_밈활용_var3.릴스_너무감사해서.구성강조.9월.수민PJ_파인트P_고가영_260911_빙과_김지연,8094,176,151911,9,146,전환
2026-09-12,120252287747140659,[빙과_파인트_블프] 26.09_빙과블프_ASC_전환_video_전체타겟_9월 2주차,[빙과_파인트_블프] 26.09_빙과블프_ASC_전환_video_전체타겟_9월 2주차,[26.09]F_V_P말_전환_빙과블프_숏츠형_밈활용_var3.릴스_너무감사해서.구성강조.9월.수민PJ_파인트P_고가영_260911_빙과_김지연,884,24,17683,2,34,전환
2026-09-12,120252287750500659,[빙과_파인트_블프] 26.09_빙과블프_수동_전환_video_전체타겟,9월 2주차_밈활용형_P말,[26.09]F_V_P말_전환_빙과블프_숏츠형_밈활용_var4.릴스_너무감사해서.말차강조.9월.수민PJ_파인트P_고가영_260911_빙과_김지연,347,7,6363,0,14,전환
2026-09-12,120252287751290659,[빙과_파인트_블프] 26.09_빙과블프_ASC_전환_video_전체타겟_9월 2주차,[빙과_파인트_블프] 26.09_빙과블프_ASC_전환_video_전체타겟_9월 2주차,[26.09]F_V_P말_전환_빙과블프_숏츠형_밈활용_var4.릴스_너무감사해서.말차강조.9월.수민PJ_파인트P_고가영_260911_빙과_김지연,22,0,1360,0,0,전환
2026-09-12,120252287830520659,[빙과_파인트_블프] 26.09_빙과블프_수동_전환_video_전체타겟,9월 2주차_파르셀BP_P말,[26.09]F_V_P말_전환_빙과블프_인물리뷰형_파르셀BP_main.릴스_공통.9월.수민PJ_파인트P_고가영_260911_빙과_김지연,93945,1142,904575,51,3831,전환
2026-09-12,120252287830800659,[빙과_파인트_블프] 26.09_빙과블프_ASC_전환_video_전체타겟_9월 2주차,[빙과_파인트_블프] 26.09_빙과블프_ASC_전환_video_전체타겟_9월 2주차,[26.09]F_V_P말_전환_빙과블프_인물리뷰형_파르셀BP_main.릴스_공통.9월.수민PJ_파인트P_고가영_260911_빙과_김지연,21690,248,203641,9,944,전환
2026-09-12,120252287843890659,[빙과_파인트_블프] 26.09_빙과블프_수동_전환_video_전체타겟,9월 2주차_파르셀BP_P말,[26.09]F_V_P말_전환_빙과블프_인물리뷰형_파르셀BP_var1.릴스_100원.9월.수민PJ_파인트P_고가영_260911_빙과_김지연,324,12,7144,0,17,전환
2026-09-12,120252287845300659,[빙과_파인트_블프] 26.09_빙과블프_ASC_전환_video_전체타겟_9월 2주차,[빙과_파인트_블프] 26.09_빙과블프_ASC_전환_video_전체타겟_9월 2주차,[26.09]F_V_P말_전환_빙과블프_인물리뷰형_파르셀BP_var1.릴스_100원.9월.수민PJ_파인트P_고가영_260911_빙과_김지연,196,6,4418,1,12,전환
2026-09-12,120252287860630659,[빙과_파인트_블프] 26.09_빙과블프_수동_전환_video_전체타겟,9월 2주차_파르셀BP_P말,[26.09]F_V_P말_전환_빙과블프_인물리뷰형_파르셀BP_var2.릴스_오천원대.9월.수민PJ_파인트P_고가영_260911_빙과_김지연,11939,185,144228,7,620,전환
2026-09-12,120252287862030659,[빙과_파인트_블프] 26.09_빙과블프_ASC_전환_video_전체타겟_9월 2주차,[빙과_파인트_블프] 26.09_빙과블프_ASC_전환_video_전체타겟_9월 2주차,[26.09]F_V_P말_전환_빙과블프_인물리뷰형_파르셀BP_var2.릴스_오천원대.9월.수민PJ_파인트P_고가영_260911_빙과_김지연,1627,36,28699,1,95,전환
2026-09-13,120252287737700659,[빙과_파인트_블프] 26.09_빙과블프_수동_전환_video_전체타겟,9월 2주차_밈활용형_P말,[26.09]F_V_P말_전환_빙과블프_숏츠형_밈활용_main.릴스_지금 쟁여야 이득.스쿱.9월.수민PJ_파인트P_고가영_260911_빙과_김지연,21300,251,252830,16,253,전환
2026-09-13,120252287737940659,[빙과_파인트_블프] 26.09_빙과블프_ASC_전환_video_전체타겟_9월 2주차,[빙과_파인트_블프] 26.09_빙과블프_ASC_전환_video_전체타겟_9월 2주차,[26.09]F_V_P말_전환_빙과블프_숏츠형_밈활용_main.릴스_지금 쟁여야 이득.스쿱.9월.수민PJ_파인트P_고가영_260911_빙과_김지연,48,1,645,0,1,전환
2026-09-13,120252287739650659,[빙과_파인트_블프] 26.09_빙과블프_수동_전환_video_전체타겟,9월 2주차_밈활용형_P말,[26.09]F_V_P말_전환_빙과블프_숏츠형_밈활용_var1.릴스_지금 쟁여야 이득.끌어안기.9월.수민PJ_파인트P_고가영_260911_빙과_김지연,1384,47,31844,4,36,전환
2026-09-13,120252287739950659,[빙과_파인트_블프] 26.09_빙과블프_ASC_전환_video_전체타겟_9월 2주차,[빙과_파인트_블프] 26.09_빙과블프_ASC_전환_video_전체타겟_9월 2주차,[26.09]F_V_P말_전환_빙과블프_숏츠형_밈활용_var1.릴스_지금 쟁여야 이득.끌어안기.9월.수민PJ_파인트P_고가영_260911_빙과_김지연,18,3,478,0,1,전환
2026-09-13,120252287743250659,[빙과_파인트_블프] 26.09_빙과블프_수동_전환_video_전체타겟,9월 2주차_밈활용형_P말,[26.09]F_V_P말_전환_빙과블프_숏츠형_밈활용_var2.릴스_블프특가.9월.수민PJ_파인트P_고가영_260911_빙과_김지연,2423,56,47827,3,47,전환
2026-09-13,120252287744270659,[빙과_파인트_블프] 26.09_빙과블프_ASC_전환_video_전체타겟_9월 2주차,[빙과_파인트_블프] 26.09_빙과블프_ASC_전환_video_전체타겟_9월 2주차,[26.09]F_V_P말_전환_빙과블프_숏츠형_밈활용_var2.릴스_블프특가.9월.수민PJ_파인트P_고가영_260911_빙과_김지연,7,0,111,0,0,전환
2026-09-13,120252287746550659,[빙과_파인트_블프] 26.09_빙과블프_수동_전환_video_전체타겟,9월 2주차_밈활용형_P말,[26.09]F_V_P말_전환_빙과블프_숏츠형_밈활용_var3.릴스_너무감사해서.구성강조.9월.수민PJ_파인트P_고가영_260911_빙과_김지연,2045,60,41694,1,57,전환
2026-09-13,120252287747140659,[빙과_파인트_블프] 26.09_빙과블프_ASC_전환_video_전체타겟_9월 2주차,[빙과_파인트_블프] 26.09_빙과블프_ASC_전환_video_전체타겟_9월 2주차,[26.09]F_V_P말_전환_빙과블프_숏츠형_밈활용_var3.릴스_너무감사해서.구성강조.9월.수민PJ_파인트P_고가영_260911_빙과_김지연,322,10,7283,1,8,전환
2026-09-13,120252287750500659,[빙과_파인트_블프] 26.09_빙과블프_수동_전환_video_전체타겟,9월 2주차_밈활용형_P말,[26.09]F_V_P말_전환_빙과블프_숏츠형_밈활용_var4.릴스_너무감사해서.말차강조.9월.수민PJ_파인트P_고가영_260911_빙과_김지연,440,7,11136,0,12,전환
2026-09-13,120252287830520659,[빙과_파인트_블프] 26.09_빙과블프_수동_전환_video_전체타겟,9월 2주차_파르셀BP_P말,[26.09]F_V_P말_전환_빙과블프_인물리뷰형_파르셀BP_main.릴스_공통.9월.수민PJ_파인트P_고가영_260911_빙과_김지연,22663,360,215958,13,1369,전환
2026-09-13,120252287830800659,[빙과_파인트_블프] 26.09_빙과블프_ASC_전환_video_전체타겟_9월 2주차,[빙과_파인트_블프] 26.09_빙과블프_ASC_전환_video_전체타겟_9월 2주차,[26.09]F_V_P말_전환_빙과블프_인물리뷰형_파르셀BP_main.릴스_공통.9월.수민PJ_파인트P_고가영_260911_빙과_김지연,942,9,10620,1,30,전환
2026-09-13,120252287843890659,[빙과_파인트_블프] 26.09_빙과블프_수동_전환_video_전체타겟,9월 2주차_파르셀BP_P말,[26.09]F_V_P말_전환_빙과블프_인물리뷰형_파르셀BP_var1.릴스_100원.9월.수민PJ_파인트P_고가영_260911_빙과_김지연,2,0,59,0,0,전환
2026-09-13,120252287845300659,[빙과_파인트_블프] 26.09_빙과블프_ASC_전환_video_전체타겟_9월 2주차,[빙과_파인트_블프] 26.09_빙과블프_ASC_전환_video_전체타겟_9월 2주차,[26.09]F_V_P말_전환_빙과블프_인물리뷰형_파르셀BP_var1.릴스_100원.9월.수민PJ_파인트P_고가영_260911_빙과_김지연,265,7,4628,0,11,전환
2026-09-13,120252287860630659,[빙과_파인트_블프] 26.09_빙과블프_수동_전환_video_전체타겟,9월 2주차_파르셀BP_P말,[26.09]F_V_P말_전환_빙과블프_인물리뷰형_파르셀BP_var2.릴스_오천원대.9월.수민PJ_파인트P_고가영_260911_빙과_김지연,6947,127,92541,10,344,전환
2026-09-14,120252287737700659,[빙과_파인트_블프] 26.09_빙과블프_수동_전환_video_전체타겟,9월 2주차_밈활용형_P말,[26.09]F_V_P말_전환_빙과블프_숏츠형_밈활용_main.릴스_지금 쟁여야 이득.스쿱.9월.수민PJ_파인트P_고가영_260911_빙과_김지연,6443,68,64576,0,70,전환
2026-09-14,120252287737940659,[빙과_파인트_블프] 26.09_빙과블프_ASC_전환_video_전체타겟_9월 2주차,[빙과_파인트_블프] 26.09_빙과블프_ASC_전환_video_전체타겟_9월 2주차,[26.09]F_V_P말_전환_빙과블프_숏츠형_밈활용_main.릴스_지금 쟁여야 이득.스쿱.9월.수민PJ_파인트P_고가영_260911_빙과_김지연,2,0,4,0,0,전환
2026-09-14,120252287739650659,[빙과_파인트_블프] 26.09_빙과블프_수동_전환_video_전체타겟,9월 2주차_밈활용형_P말,[26.09]F_V_P말_전환_빙과블프_숏츠형_밈활용_var1.릴스_지금 쟁여야 이득.끌어안기.9월.수민PJ_파인트P_고가영_260911_빙과_김지연,1141,27,24436,5,16,전환
2026-09-14,120252287743250659,[빙과_파인트_블프] 26.09_빙과블프_수동_전환_video_전체타겟,9월 2주차_밈활용형_P말,[26.09]F_V_P말_전환_빙과블프_숏츠형_밈활용_var2.릴스_블프특가.9월.수민PJ_파인트P_고가영_260911_빙과_김지연,1203,19,21114,1,18,전환
2026-09-14,120252287747140659,[빙과_파인트_블프] 26.09_빙과블프_ASC_전환_video_전체타겟_9월 2주차,[빙과_파인트_블프] 26.09_빙과블프_ASC_전환_video_전체타겟_9월 2주차,[26.09]F_V_P말_전환_빙과블프_숏츠형_밈활용_var3.릴스_너무감사해서.구성강조.9월.수민PJ_파인트P_고가영_260911_빙과_김지연,76,2,2081,0,2,전환
2026-09-14,120252287830520659,[빙과_파인트_블프] 26.09_빙과블프_수동_전환_video_전체타겟,9월 2주차_파르셀BP_P말,[26.09]F_V_P말_전환_빙과블프_인물리뷰형_파르셀BP_main.릴스_공통.9월.수민PJ_파인트P_고가영_260911_빙과_김지연,31435,406,295543,14,1350,전환
2026-09-14,120252287830800659,[빙과_파인트_블프] 26.09_빙과블프_ASC_전환_video_전체타겟_9월 2주차,[빙과_파인트_블프] 26.09_빙과블프_ASC_전환_video_전체타겟_9월 2주차,[26.09]F_V_P말_전환_빙과블프_인물리뷰형_파르셀BP_main.릴스_공통.9월.수민PJ_파인트P_고가영_260911_빙과_김지연,1557,28,16506,1,55,전환
2026-09-14,120252287843890659,[빙과_파인트_블프] 26.09_빙과블프_수동_전환_video_전체타겟,9월 2주차_파르셀BP_P말,[26.09]F_V_P말_전환_빙과블프_인물리뷰형_파르셀BP_var1.릴스_100원.9월.수민PJ_파인트P_고가영_260911_빙과_김지연,18,2,479,0,2,전환
2026-09-14,120252287845300659,[빙과_파인트_블프] 26.09_빙과블프_ASC_전환_video_전체타겟_9월 2주차,[빙과_파인트_블프] 26.09_빙과블프_ASC_전환_video_전체타겟_9월 2주차,[26.09]F_V_P말_전환_빙과블프_인물리뷰형_파르셀BP_var1.릴스_100원.9월.수민PJ_파인트P_고가영_260911_빙과_김지연,22,1,451,0,0,전환
2026-09-14,120252287860630659,[빙과_파인트_블프] 26.09_빙과블프_수동_전환_video_전체타겟,9월 2주차_파르셀BP_P말,[26.09]F_V_P말_전환_빙과블프_인물리뷰형_파르셀BP_var2.릴스_오천원대.9월.수민PJ_파인트P_고가영_260911_빙과_김지연,490,7,6556,1,26,전환
2026-09-14,120252287862030659,[빙과_파인트_블프] 26.09_빙과블프_ASC_전환_video_전체타겟_9월 2주차,[빙과_파인트_블프] 26.09_빙과블프_ASC_전환_video_전체타겟_9월 2주차,[26.09]F_V_P말_전환_빙과블프_인물리뷰형_파르셀BP_var2.릴스_오천원대.9월.수민PJ_파인트P_고가영_260911_빙과_김지연,16,0,216,0,0,전환
2026-09-15,120252287737700659,[빙과_파인트_블프] 26.09_빙과블프_수동_전환_video_전체타겟,9월 2주차_밈활용형_P말,[26.09]F_V_P말_전환_빙과블프_숏츠형_밈활용_main.릴스_지금 쟁여야 이득.스쿱.9월.수민PJ_파인트P_고가영_260911_빙과_김지연,25633,274,322021,15,366,전환
2026-09-15,120252287739650659,[빙과_파인트_블프] 26.09_빙과블프_수동_전환_video_전체타겟,9월 2주차_밈활용형_P말,[26.09]F_V_P말_전환_빙과블프_숏츠형_밈활용_var1.릴스_지금 쟁여야 이득.끌어안기.9월.수민PJ_파인트P_고가영_260911_빙과_김지연,4655,102,102056,5,99,전환
2026-09-15,120252287747140659,[빙과_파인트_블프] 26.09_빙과블프_ASC_전환_video_전체타겟_9월 2주차,[빙과_파인트_블프] 26.09_빙과블프_ASC_전환_video_전체타겟_9월 2주차,[26.09]F_V_P말_전환_빙과블프_숏츠형_밈활용_var3.릴스_너무감사해서.구성강조.9월.수민PJ_파인트P_고가영_260911_빙과_김지연,39,1,612,0,0,전환
2026-09-15,120252287830520659,[빙과_파인트_블프] 26.09_빙과블프_수동_전환_video_전체타겟,9월 2주차_파르셀BP_P말,[26.09]F_V_P말_전환_빙과블프_인물리뷰형_파르셀BP_main.릴스_공통.9월.수민PJ_파인트P_고가영_260911_빙과_김지연,59368,844,746241,40,2429,전환
2026-09-15,120252287860630659,[빙과_파인트_블프] 26.09_빙과블프_수동_전환_video_전체타겟,9월 2주차_파르셀BP_P말,[26.09]F_V_P말_전환_빙과블프_인물리뷰형_파르셀BP_var2.릴스_오천원대.9월.수민PJ_파인트P_고가영_260911_빙과_김지연,1609,21,30037,2,69,전환
2026-09-16,120252287737700659,[빙과_파인트_블프] 26.09_빙과블프_수동_전환_video_전체타겟,9월 2주차_밈활용형_P말,[26.09]F_V_P말_전환_빙과블프_숏츠형_밈활용_main.릴스_지금 쟁여야 이득.스쿱.9월.수민PJ_파인트P_고가영_260911_빙과_김지연,6574,71,82321,2,78,전환
2026-09-16,120252287739650659,[빙과_파인트_블프] 26.09_빙과블프_수동_전환_video_전체타겟,9월 2주차_밈활용형_P말,[26.09]F_V_P말_전환_빙과블프_숏츠형_밈활용_var1.릴스_지금 쟁여야 이득.끌어안기.9월.수민PJ_파인트P_고가영_260911_빙과_김지연,197,7,6453,3,7,전환
2026-09-16,120252287743250659,[빙과_파인트_블프] 26.09_빙과블프_수동_전환_video_전체타겟,9월 2주차_밈활용형_P말,[26.09]F_V_P말_전환_빙과블프_숏츠형_밈활용_var2.릴스_블프특가.9월.수민PJ_파인트P_고가영_260911_빙과_김지연,14,0,209,0,0,전환
2026-09-16,120252287747140659,[빙과_파인트_블프] 26.09_빙과블프_ASC_전환_video_전체타겟_9월 2주차,[빙과_파인트_블프] 26.09_빙과블프_ASC_전환_video_전체타겟_9월 2주차,[26.09]F_V_P말_전환_빙과블프_숏츠형_밈활용_var3.릴스_너무감사해서.구성강조.9월.수민PJ_파인트P_고가영_260911_빙과_김지연,53,1,1005,0,1,전환
2026-09-16,120252287751290659,[빙과_파인트_블프] 26.09_빙과블프_ASC_전환_video_전체타겟_9월 2주차,[빙과_파인트_블프] 26.09_빙과블프_ASC_전환_video_전체타겟_9월 2주차,[26.09]F_V_P말_전환_빙과블프_숏츠형_밈활용_var4.릴스_너무감사해서.말차강조.9월.수민PJ_파인트P_고가영_260911_빙과_김지연,1,0,3,0,0,전환
2026-09-16,120252287830520659,[빙과_파인트_블프] 26.09_빙과블프_수동_전환_video_전체타겟,9월 2주차_파르셀BP_P말,[26.09]F_V_P말_전환_빙과블프_인물리뷰형_파르셀BP_main.릴스_공통.9월.수민PJ_파인트P_고가영_260911_빙과_김지연,95886,1185,994546,61,4101,전환
2026-09-16,120252287860630659,[빙과_파인트_블프] 26.09_빙과블프_수동_전환_video_전체타겟,9월 2주차_파르셀BP_P말,[26.09]F_V_P말_전환_빙과블프_인물리뷰형_파르셀BP_var2.릴스_오천원대.9월.수민PJ_파인트P_고가영_260911_빙과_김지연,1214,20,22662,0,55,전환
2026-09-17,120252287739650659,[빙과_파인트_블프] 26.09_빙과블프_수동_전환_video_전체타겟,9월 2주차_밈활용형_P말,[26.09]F_V_P말_전환_빙과블프_숏츠형_밈활용_var1.릴스_지금 쟁여야 이득.끌어안기.9월.수민PJ_파인트P_고가영_260911_빙과_김지연,1060,19,24867,1,23,전환
2026-09-17,120252287739950659,[빙과_파인트_블프] 26.09_빙과블프_ASC_전환_video_전체타겟_9월 2주차,[빙과_파인트_블프] 26.09_빙과블프_ASC_전환_video_전체타겟_9월 2주차,[26.09]F_V_P말_전환_빙과블프_숏츠형_밈활용_var1.릴스_지금 쟁여야 이득.끌어안기.9월.수민PJ_파인트P_고가영_260911_빙과_김지연,16,0,361,0,0,전환
2026-09-17,120252287743250659,[빙과_파인트_블프] 26.09_빙과블프_수동_전환_video_전체타겟,9월 2주차_밈활용형_P말,[26.09]F_V_P말_전환_빙과블프_숏츠형_밈활용_var2.릴스_블프특가.9월.수민PJ_파인트P_고가영_260911_빙과_김지연,317,1,7060,0,5,전환
2026-09-17,120252287747140659,[빙과_파인트_블프] 26.09_빙과블프_ASC_전환_video_전체타겟_9월 2주차,[빙과_파인트_블프] 26.09_빙과블프_ASC_전환_video_전체타겟_9월 2주차,[26.09]F_V_P말_전환_빙과블프_숏츠형_밈활용_var3.릴스_너무감사해서.구성강조.9월.수민PJ_파인트P_고가영_260911_빙과_김지연,134,9,3259,1,4,전환
2026-09-17,120252287830520659,[빙과_파인트_블프] 26.09_빙과블프_수동_전환_video_전체타겟,9월 2주차_파르셀BP_P말,[26.09]F_V_P말_전환_빙과블프_인물리뷰형_파르셀BP_main.릴스_공통.9월.수민PJ_파인트P_고가영_260911_빙과_김지연,23437,345,270221,15,1108,전환
2026-09-17,120252287860630659,[빙과_파인트_블프] 26.09_빙과블프_수동_전환_video_전체타겟,9월 2주차_파르셀BP_P말,[26.09]F_V_P말_전환_빙과블프_인물리뷰형_파르셀BP_var2.릴스_오천원대.9월.수민PJ_파인트P_고가영_260911_빙과_김지연,1628,24,24164,2,61,전환
2026-09-18,120252287737940659,[빙과_파인트_블프] 26.09_빙과블프_ASC_전환_video_전체타겟_9월 2주차,[빙과_파인트_블프] 26.09_빙과블프_ASC_전환_video_전체타겟_9월 2주차,[26.09]F_V_P말_전환_빙과블프_숏츠형_밈활용_main.릴스_지금 쟁여야 이득.스쿱.9월.수민PJ_파인트P_고가영_260911_빙과_김지연,3089,32,40351,1,36,전환
2026-09-18,120252287739650659,[빙과_파인트_블프] 26.09_빙과블프_수동_전환_video_전체타겟,9월 2주차_밈활용형_P말,[26.09]F_V_P말_전환_빙과블프_숏츠형_밈활용_var1.릴스_지금 쟁여야 이득.끌어안기.9월.수민PJ_파인트P_고가영_260911_빙과_김지연,892,20,15153,0,50,전환
2026-09-18,120252287739950659,[빙과_파인트_블프] 26.09_빙과블프_ASC_전환_video_전체타겟_9월 2주차,[빙과_파인트_블프] 26.09_빙과블프_ASC_전환_video_전체타겟_9월 2주차,[26.09]F_V_P말_전환_빙과블프_숏츠형_밈활용_var1.릴스_지금 쟁여야 이득.끌어안기.9월.수민PJ_파인트P_고가영_260911_빙과_김지연,48,4,1009,2,0,전환
2026-09-18,120252287744270659,[빙과_파인트_블프] 26.09_빙과블프_ASC_전환_video_전체타겟_9월 2주차,[빙과_파인트_블프] 26.09_빙과블프_ASC_전환_video_전체타겟_9월 2주차,[26.09]F_V_P말_전환_빙과블프_숏츠형_밈활용_var2.릴스_블프특가.9월.수민PJ_파인트P_고가영_260911_빙과_김지연,50,2,797,0,0,전환
2026-09-18,120252287747140659,[빙과_파인트_블프] 26.09_빙과블프_ASC_전환_video_전체타겟_9월 2주차,[빙과_파인트_블프] 26.09_빙과블프_ASC_전환_video_전체타겟_9월 2주차,[26.09]F_V_P말_전환_빙과블프_숏츠형_밈활용_var3.릴스_너무감사해서.구성강조.9월.수민PJ_파인트P_고가영_260911_빙과_김지연,401,20,8202,0,13,전환
2026-09-18,120252287751290659,[빙과_파인트_블프] 26.09_빙과블프_ASC_전환_video_전체타겟_9월 2주차,[빙과_파인트_블프] 26.09_빙과블프_ASC_전환_video_전체타겟_9월 2주차,[26.09]F_V_P말_전환_빙과블프_숏츠형_밈활용_var4.릴스_너무감사해서.말차강조.9월.수민PJ_파인트P_고가영_260911_빙과_김지연,3,0,81,0,0,전환
2026-09-18,120252287830520659,[빙과_파인트_블프] 26.09_빙과블프_수동_전환_video_전체타겟,9월 2주차_파르셀BP_P말,[26.09]F_V_P말_전환_빙과블프_인물리뷰형_파르셀BP_main.릴스_공통.9월.수민PJ_파인트P_고가영_260911_빙과_김지연,115835,1683,1170222,70,5535,전환
2026-09-18,120252287830800659,[빙과_파인트_블프] 26.09_빙과블프_ASC_전환_video_전체타겟_9월 2주차,[빙과_파인트_블프] 26.09_빙과블프_ASC_전환_video_전체타겟_9월 2주차,[26.09]F_V_P말_전환_빙과블프_인물리뷰형_파르셀BP_main.릴스_공통.9월.수민PJ_파인트P_고가영_260911_빙과_김지연,1803,21,21539,0,86,전환
2026-09-18,120252287843890659,[빙과_파인트_블프] 26.09_빙과블프_수동_전환_video_전체타겟,9월 2주차_파르셀BP_P말,[26.09]F_V_P말_전환_빙과블프_인물리뷰형_파르셀BP_var1.릴스_100원.9월.수민PJ_파인트P_고가영_260911_빙과_김지연,868,13,17763,0,30,전환
2026-09-18,120252287845300659,[빙과_파인트_블프] 26.09_빙과블프_ASC_전환_video_전체타겟_9월 2주차,[빙과_파인트_블프] 26.09_빙과블프_ASC_전환_video_전체타겟_9월 2주차,[26.09]F_V_P말_전환_빙과블프_인물리뷰형_파르셀BP_var1.릴스_100원.9월.수민PJ_파인트P_고가영_260911_빙과_김지연,376,9,8188,1,20,전환
2026-09-18,120252287860630659,[빙과_파인트_블프] 26.09_빙과블프_수동_전환_video_전체타겟,9월 2주차_파르셀BP_P말,[26.09]F_V_P말_전환_빙과블프_인물리뷰형_파르셀BP_var2.릴스_오천원대.9월.수민PJ_파인트P_고가영_260911_빙과_김지연,1808,37,29620,1,95,전환
2026-09-18,120252287862030659,[빙과_파인트_블프] 26.09_빙과블프_ASC_전환_video_전체타겟_9월 2주차,[빙과_파인트_블프] 26.09_빙과블프_ASC_전환_video_전체타겟_9월 2주차,[26.09]F_V_P말_전환_빙과블프_인물리뷰형_파르셀BP_var2.릴스_오천원대.9월.수민PJ_파인트P_고가영_260911_빙과_김지연,1137,29,19237,3,70,전환
2026-09-19,120252287739950659,[빙과_파인트_블프] 26.09_빙과블프_ASC_전환_video_전체타겟_9월 2주차,[빙과_파인트_블프] 26.09_빙과블프_ASC_전환_video_전체타겟_9월 2주차,[26.09]F_V_P말_전환_빙과블프_숏츠형_밈활용_var1.릴스_지금 쟁여야 이득.끌어안기.9월.수민PJ_파인트P_고가영_260911_빙과_김지연,1,0,43,0,0,전환
2026-09-19,120252287830520659,[빙과_파인트_블프] 26.09_빙과블프_수동_전환_video_전체타겟,9월 2주차_파르셀BP_P말,[26.09]F_V_P말_전환_빙과블프_인물리뷰형_파르셀BP_main.릴스_공통.9월.수민PJ_파인트P_고가영_260911_빙과_김지연,141816,1889,1358109,83,6579,전환
2026-09-19,120252287843890659,[빙과_파인트_블프] 26.09_빙과블프_수동_전환_video_전체타겟,9월 2주차_파르셀BP_P말,[26.09]F_V_P말_전환_빙과블프_인물리뷰형_파르셀BP_var1.릴스_100원.9월.수민PJ_파인트P_고가영_260911_빙과_김지연,36,3,711,0,0,전환
2026-09-19,120252287845300659,[빙과_파인트_블프] 26.09_빙과블프_ASC_전환_video_전체타겟_9월 2주차,[빙과_파인트_블프] 26.09_빙과블프_ASC_전환_video_전체타겟_9월 2주차,[26.09]F_V_P말_전환_빙과블프_인물리뷰형_파르셀BP_var1.릴스_100원.9월.수민PJ_파인트P_고가영_260911_빙과_김지연,12,0,250,0,0,전환
2026-09-20,120252287739950659,[빙과_파인트_블프] 26.09_빙과블프_ASC_전환_video_전체타겟_9월 2주차,[빙과_파인트_블프] 26.09_빙과블프_ASC_전환_video_전체타겟_9월 2주차,[26.09]F_V_P말_전환_빙과블프_숏츠형_밈활용_var1.릴스_지금 쟁여야 이득.끌어안기.9월.수민PJ_파인트P_고가영_260911_빙과_김지연,33,1,903,0,1,전환
2026-09-20,120252287744270659,[빙과_파인트_블프] 26.09_빙과블프_ASC_전환_video_전체타겟_9월 2주차,[빙과_파인트_블프] 26.09_빙과블프_ASC_전환_video_전체타겟_9월 2주차,[26.09]F_V_P말_전환_빙과블프_숏츠형_밈활용_var2.릴스_블프특가.9월.수민PJ_파인트P_고가영_260911_빙과_김지연,15,0,217,0,0,전환
2026-09-20,120252287830520659,[빙과_파인트_블프] 26.09_빙과블프_수동_전환_video_전체타겟,9월 2주차_파르셀BP_P말,[26.09]F_V_P말_전환_빙과블프_인물리뷰형_파르셀BP_main.릴스_공통.9월.수민PJ_파인트P_고가영_260911_빙과_김지연,36957,574,386499,20,1846,전환
2026-09-20,120252287830800659,[빙과_파인트_블프] 26.09_빙과블프_ASC_전환_video_전체타겟_9월 2주차,[빙과_파인트_블프] 26.09_빙과블프_ASC_전환_video_전체타겟_9월 2주차,[26.09]F_V_P말_전환_빙과블프_인물리뷰형_파르셀BP_main.릴스_공통.9월.수민PJ_파인트P_고가영_260911_빙과_김지연,33,0,407,0,2,전환
2026-09-20,120252287843890659,[빙과_파인트_블프] 26.09_빙과블프_수동_전환_video_전체타겟,9월 2주차_파르셀BP_P말,[26.09]F_V_P말_전환_빙과블프_인물리뷰형_파르셀BP_var1.릴스_100원.9월.수민PJ_파인트P_고가영_260911_빙과_김지연,90,2,2249,0,9,전환
2026-09-20,120252287845300659,[빙과_파인트_블프] 26.09_빙과블프_ASC_전환_video_전체타겟_9월 2주차,[빙과_파인트_블프] 26.09_빙과블프_ASC_전환_video_전체타겟_9월 2주차,[26.09]F_V_P말_전환_빙과블프_인물리뷰형_파르셀BP_var1.릴스_100원.9월.수민PJ_파인트P_고가영_260911_빙과_김지연,288,3,5212,1,12,전환
2026-09-20,120252287862030659,[빙과_파인트_블프] 26.09_빙과블프_ASC_전환_video_전체타겟_9월 2주차,[빙과_파인트_블프] 26.09_빙과블프_ASC_전환_video_전체타겟_9월 2주차,[26.09]F_V_P말_전환_빙과블프_인물리뷰형_파르셀BP_var2.릴스_오천원대.9월.수민PJ_파인트P_고가영_260911_빙과_김지연,1383,30,20124,0,110,전환
2026-09-11,120252292409210659,[빙과_스틱바_복숭아쫀득] 26.09_쫀득바출시_수동_전환_video_전체타겟,[복숭아] 09.11 복숭아쫀득바_맛인지_렉카변환_정요한,[26.09]F_V_JD복_전환_복쫀바출시_맛인지형_오먹_main.렉카_납작복숭아가격비교.렉카변환.당3g.X_스틱바P_황경원_260911_빙과_정요한,141,4,2274,0,4,전환
2026-09-11,120252292420780659,[빙과_스틱바_복숭아쫀득] 26.09_쫀득바출시_수동_전환_video_전체타겟,[복숭아] 09.11 복숭아쫀득바_맛인지_렉카변환_정요한,[26.09]F_V_JD복_전환_복쫀바출시_맛인지형_오먹_var1.렉카_납작복숭아가격비교.렉카변환.슈기샤라웃.X_스틱바P_황경원_260911_빙과_정요한,17,1,245,0,1,전환
2026-09-11,120252292428880659,[빙과_스틱바_복숭아쫀득] 26.09_쫀득바출시_수동_전환_video_전체타겟,[복숭아] 09.11 복숭아쫀득바_맛인지_렉카변환_정요한,[26.09]F_V_JD복_전환_복쫀바출시_맛인지형_오먹_var2.렉카_납작복숭아가격비교.렉카변환.유럽차원달라.X_스틱바P_황경원_260911_빙과_정요한,42,1,735,0,3,전환
2026-09-11,120252293027430659,[빙과_스틱바_복숭아쫀득] 26.09_쫀득바출시_ASC_전환_video_전체타겟,[복숭아] 09.11 복숭아쫀득바_맛인지_렉카변환_정요한,[26.09]F_V_JD복_전환_복쫀바출시_맛인지형_오먹_main.렉카_납작복숭아가격비교.렉카변환.당3g.X_스틱바P_황경원_260911_빙과_정요한,374,7,6378,0,8,전환
2026-09-11,120252293035220659,[빙과_스틱바_복숭아쫀득] 26.09_쫀득바출시_ASC_전환_video_전체타겟,[복숭아] 09.11 복숭아쫀득바_맛인지_렉카변환_정요한,[26.09]F_V_JD복_전환_복쫀바출시_맛인지형_오먹_var1.렉카_납작복숭아가격비교.렉카변환.슈기샤라웃.X_스틱바P_황경원_260911_빙과_정요한,18,0,185,0,0,전환
2026-09-12,120252292409210659,[빙과_스틱바_복숭아쫀득] 26.09_쫀득바출시_수동_전환_video_전체타겟,[복숭아] 09.11 복숭아쫀득바_맛인지_렉카변환_정요한,[26.09]F_V_JD복_전환_복쫀바출시_맛인지형_오먹_main.렉카_납작복숭아가격비교.렉카변환.당3g.X_스틱바P_황경원_260911_빙과_정요한,2678,35,40645,7,113,전환
2026-09-12,120252292420780659,[빙과_스틱바_복숭아쫀득] 26.09_쫀득바출시_수동_전환_video_전체타겟,[복숭아] 09.11 복숭아쫀득바_맛인지_렉카변환_정요한,[26.09]F_V_JD복_전환_복쫀바출시_맛인지형_오먹_var1.렉카_납작복숭아가격비교.렉카변환.슈기샤라웃.X_스틱바P_황경원_260911_빙과_정요한,670,4,10087,0,26,전환
2026-09-12,120252292428880659,[빙과_스틱바_복숭아쫀득] 26.09_쫀득바출시_수동_전환_video_전체타겟,[복숭아] 09.11 복숭아쫀득바_맛인지_렉카변환_정요한,[26.09]F_V_JD복_전환_복쫀바출시_맛인지형_오먹_var2.렉카_납작복숭아가격비교.렉카변환.유럽차원달라.X_스틱바P_황경원_260911_빙과_정요한,2695,48,45111,2,116,전환
2026-09-12,120252293027430659,[빙과_스틱바_복숭아쫀득] 26.09_쫀득바출시_ASC_전환_video_전체타겟,[복숭아] 09.11 복숭아쫀득바_맛인지_렉카변환_정요한,[26.09]F_V_JD복_전환_복쫀바출시_맛인지형_오먹_main.렉카_납작복숭아가격비교.렉카변환.당3g.X_스틱바P_황경원_260911_빙과_정요한,213,1,3660,0,4,전환
2026-09-12,120252293035220659,[빙과_스틱바_복숭아쫀득] 26.09_쫀득바출시_ASC_전환_video_전체타겟,[복숭아] 09.11 복숭아쫀득바_맛인지_렉카변환_정요한,[26.09]F_V_JD복_전환_복쫀바출시_맛인지형_오먹_var1.렉카_납작복숭아가격비교.렉카변환.슈기샤라웃.X_스틱바P_황경원_260911_빙과_정요한,17,0,290,0,0,전환
2026-09-13,120252292409210659,[빙과_스틱바_복숭아쫀득] 26.09_쫀득바출시_수동_전환_video_전체타겟,[복숭아] 09.11 복숭아쫀득바_맛인지_렉카변환_정요한,[26.09]F_V_JD복_전환_복쫀바출시_맛인지형_오먹_main.렉카_납작복숭아가격비교.렉카변환.당3g.X_스틱바P_황경원_260911_빙과_정요한,3198,37,49839,6,116,전환
2026-09-13,120252292420780659,[빙과_스틱바_복숭아쫀득] 26.09_쫀득바출시_수동_전환_video_전체타겟,[복숭아] 09.11 복숭아쫀득바_맛인지_렉카변환_정요한,[26.09]F_V_JD복_전환_복쫀바출시_맛인지형_오먹_var1.렉카_납작복숭아가격비교.렉카변환.슈기샤라웃.X_스틱바P_황경원_260911_빙과_정요한,250,6,4856,2,12,전환
2026-09-13,120252292428880659,[빙과_스틱바_복숭아쫀득] 26.09_쫀득바출시_수동_전환_video_전체타겟,[복숭아] 09.11 복숭아쫀득바_맛인지_렉카변환_정요한,[26.09]F_V_JD복_전환_복쫀바출시_맛인지형_오먹_var2.렉카_납작복숭아가격비교.렉카변환.유럽차원달라.X_스틱바P_황경원_260911_빙과_정요한,10013,151,160877,14,384,전환
2026-09-13,120252293027430659,[빙과_스틱바_복숭아쫀득] 26.09_쫀득바출시_ASC_전환_video_전체타겟,[복숭아] 09.11 복숭아쫀득바_맛인지_렉카변환_정요한,[26.09]F_V_JD복_전환_복쫀바출시_맛인지형_오먹_main.렉카_납작복숭아가격비교.렉카변환.당3g.X_스틱바P_황경원_260911_빙과_정요한,21,0,211,0,1,전환
2026-09-13,120252293035220659,[빙과_스틱바_복숭아쫀득] 26.09_쫀득바출시_ASC_전환_video_전체타겟,[복숭아] 09.11 복숭아쫀득바_맛인지_렉카변환_정요한,[26.09]F_V_JD복_전환_복쫀바출시_맛인지형_오먹_var1.렉카_납작복숭아가격비교.렉카변환.슈기샤라웃.X_스틱바P_황경원_260911_빙과_정요한,7,0,80,0,0,전환
2026-09-14,120252292409210659,[빙과_스틱바_복숭아쫀득] 26.09_쫀득바출시_수동_전환_video_전체타겟,[복숭아] 09.11 복숭아쫀득바_맛인지_렉카변환_정요한,[26.09]F_V_JD복_전환_복쫀바출시_맛인지형_오먹_main.렉카_납작복숭아가격비교.렉카변환.당3g.X_스틱바P_황경원_260911_빙과_정요한,1485,17,21984,0,51,전환
2026-09-14,120252292420780659,[빙과_스틱바_복숭아쫀득] 26.09_쫀득바출시_수동_전환_video_전체타겟,[복숭아] 09.11 복숭아쫀득바_맛인지_렉카변환_정요한,[26.09]F_V_JD복_전환_복쫀바출시_맛인지형_오먹_var1.렉카_납작복숭아가격비교.렉카변환.슈기샤라웃.X_스틱바P_황경원_260911_빙과_정요한,1369,20,22478,4,63,전환
2026-09-14,120252292428880659,[빙과_스틱바_복숭아쫀득] 26.09_쫀득바출시_수동_전환_video_전체타겟,[복숭아] 09.11 복숭아쫀득바_맛인지_렉카변환_정요한,[26.09]F_V_JD복_전환_복쫀바출시_맛인지형_오먹_var2.렉카_납작복숭아가격비교.렉카변환.유럽차원달라.X_스틱바P_황경원_260911_빙과_정요한,25343,229,324489,18,950,전환
2026-09-15,120252292409210659,[빙과_스틱바_복숭아쫀득] 26.09_쫀득바출시_수동_전환_video_전체타겟,[복숭아] 09.11 복숭아쫀득바_맛인지_렉카변환_정요한,[26.09]F_V_JD복_전환_복쫀바출시_맛인지형_오먹_main.렉카_납작복숭아가격비교.렉카변환.당3g.X_스틱바P_황경원_260911_빙과_정요한,2740,25,37207,3,68,전환
2026-09-15,120252292420780659,[빙과_스틱바_복숭아쫀득] 26.09_쫀득바출시_수동_전환_video_전체타겟,[복숭아] 09.11 복숭아쫀득바_맛인지_렉카변환_정요한,[26.09]F_V_JD복_전환_복쫀바출시_맛인지형_오먹_var1.렉카_납작복숭아가격비교.렉카변환.슈기샤라웃.X_스틱바P_황경원_260911_빙과_정요한,1945,19,37832,2,63,전환
2026-09-15,120252292428880659,[빙과_스틱바_복숭아쫀득] 26.09_쫀득바출시_수동_전환_video_전체타겟,[복숭아] 09.11 복숭아쫀득바_맛인지_렉카변환_정요한,[26.09]F_V_JD복_전환_복쫀바출시_맛인지형_오먹_var2.렉카_납작복숭아가격비교.렉카변환.유럽차원달라.X_스틱바P_황경원_260911_빙과_정요한,23359,278,370207,14,786,전환
2026-09-15,120252293027430659,[빙과_스틱바_복숭아쫀득] 26.09_쫀득바출시_ASC_전환_video_전체타겟,[복숭아] 09.11 복숭아쫀득바_맛인지_렉카변환_정요한,[26.09]F_V_JD복_전환_복쫀바출시_맛인지형_오먹_main.렉카_납작복숭아가격비교.렉카변환.당3g.X_스틱바P_황경원_260911_빙과_정요한,202,5,5266,0,7,전환
2026-09-15,120252293035220659,[빙과_스틱바_복숭아쫀득] 26.09_쫀득바출시_ASC_전환_video_전체타겟,[복숭아] 09.11 복숭아쫀득바_맛인지_렉카변환_정요한,[26.09]F_V_JD복_전환_복쫀바출시_맛인지형_오먹_var1.렉카_납작복숭아가격비교.렉카변환.슈기샤라웃.X_스틱바P_황경원_260911_빙과_정요한,61,3,1801,0,2,전환
2026-09-16,120252292409210659,[빙과_스틱바_복숭아쫀득] 26.09_쫀득바출시_수동_전환_video_전체타겟,[복숭아] 09.11 복숭아쫀득바_맛인지_렉카변환_정요한,[26.09]F_V_JD복_전환_복쫀바출시_맛인지형_오먹_main.렉카_납작복숭아가격비교.렉카변환.당3g.X_스틱바P_황경원_260911_빙과_정요한,46,2,1056,0,2,전환
2026-09-16,120252292420780659,[빙과_스틱바_복숭아쫀득] 26.09_쫀득바출시_수동_전환_video_전체타겟,[복숭아] 09.11 복숭아쫀득바_맛인지_렉카변환_정요한,[26.09]F_V_JD복_전환_복쫀바출시_맛인지형_오먹_var1.렉카_납작복숭아가격비교.렉카변환.슈기샤라웃.X_스틱바P_황경원_260911_빙과_정요한,71,0,1702,0,2,전환
2026-09-16,120252292428880659,[빙과_스틱바_복숭아쫀득] 26.09_쫀득바출시_수동_전환_video_전체타겟,[복숭아] 09.11 복숭아쫀득바_맛인지_렉카변환_정요한,[26.09]F_V_JD복_전환_복쫀바출시_맛인지형_오먹_var2.렉카_납작복숭아가격비교.렉카변환.유럽차원달라.X_스틱바P_황경원_260911_빙과_정요한,6550,84,105631,3,194,전환
2026-09-17,120252292409210659,[빙과_스틱바_복숭아쫀득] 26.09_쫀득바출시_수동_전환_video_전체타겟,[복숭아] 09.11 복숭아쫀득바_맛인지_렉카변환_정요한,[26.09]F_V_JD복_전환_복쫀바출시_맛인지형_오먹_main.렉카_납작복숭아가격비교.렉카변환.당3g.X_스틱바P_황경원_260911_빙과_정요한,1448,21,22937,0,45,전환
2026-09-17,120252292420780659,[빙과_스틱바_복숭아쫀득] 26.09_쫀득바출시_수동_전환_video_전체타겟,[복숭아] 09.11 복숭아쫀득바_맛인지_렉카변환_정요한,[26.09]F_V_JD복_전환_복쫀바출시_맛인지형_오먹_var1.렉카_납작복숭아가격비교.렉카변환.슈기샤라웃.X_스틱바P_황경원_260911_빙과_정요한,1707,20,28492,1,44,전환
2026-09-18,120252292409210659,[빙과_스틱바_복숭아쫀득] 26.09_쫀득바출시_수동_전환_video_전체타겟,[복숭아] 09.11 복숭아쫀득바_맛인지_렉카변환_정요한,[26.09]F_V_JD복_전환_복쫀바출시_맛인지형_오먹_main.렉카_납작복숭아가격비교.렉카변환.당3g.X_스틱바P_황경원_260911_빙과_정요한,14,1,577,0,2,전환
2026-09-18,120252292420780659,[빙과_스틱바_복숭아쫀득] 26.09_쫀득바출시_수동_전환_video_전체타겟,[복숭아] 09.11 복숭아쫀득바_맛인지_렉카변환_정요한,[26.09]F_V_JD복_전환_복쫀바출시_맛인지형_오먹_var1.렉카_납작복숭아가격비교.렉카변환.슈기샤라웃.X_스틱바P_황경원_260911_빙과_정요한,29,0,431,0,2,전환
2026-09-19,120252293027430659,[빙과_스틱바_복숭아쫀득] 26.09_쫀득바출시_ASC_전환_video_전체타겟,[복숭아] 09.11 복숭아쫀득바_맛인지_렉카변환_정요한,[26.09]F_V_JD복_전환_복쫀바출시_맛인지형_오먹_main.렉카_납작복숭아가격비교.렉카변환.당3g.X_스틱바P_황경원_260911_빙과_정요한,24533,259,386366,16,732,전환
2026-09-19,120252293035220659,[빙과_스틱바_복숭아쫀득] 26.09_쫀득바출시_ASC_전환_video_전체타겟,[복숭아] 09.11 복숭아쫀득바_맛인지_렉카변환_정요한,[26.09]F_V_JD복_전환_복쫀바출시_맛인지형_오먹_var1.렉카_납작복숭아가격비교.렉카변환.슈기샤라웃.X_스틱바P_황경원_260911_빙과_정요한,934,9,21729,0,14,전환
2026-09-20,120252292428880659,[빙과_스틱바_복숭아쫀득] 26.09_쫀득바출시_수동_전환_video_전체타겟,[복숭아] 09.11 복숭아쫀득바_맛인지_렉카변환_정요한,[26.09]F_V_JD복_전환_복쫀바출시_맛인지형_오먹_var2.렉카_납작복숭아가격비교.렉카변환.유럽차원달라.X_스틱바P_황경원_260911_빙과_정요한,1502,25,33010,1,49,전환
2026-09-20,120252293027430659,[빙과_스틱바_복숭아쫀득] 26.09_쫀득바출시_ASC_전환_video_전체타겟,[복숭아] 09.11 복숭아쫀득바_맛인지_렉카변환_정요한,[26.09]F_V_JD복_전환_복쫀바출시_맛인지형_오먹_main.렉카_납작복숭아가격비교.렉카변환.당3g.X_스틱바P_황경원_260911_빙과_정요한,6531,88,118942,8,239,전환
2026-09-11,120252293389630659,[빙과_스틱바_복숭아쫀득] 26.09_쫀득바출시_수동_전환_video_전체타겟,[복숭아] 09.11 복숭아쫀득바_백정BP_렉카변환_정요한,[26.09]F_V_JD복_전환_복쫀바출시_신규BP_백정BP_var4.렉카_납작복숭아.렉카변환.당3g.X_스틱바P_황경원_260911_빙과_정요한,6,0,23,0,0,전환
2026-09-11,120252293409750659,[빙과_스틱바_복숭아쫀득] 26.09_쫀득바출시_ASC_전환_video_전체타겟,[복숭아] 09.11  복숭아쫀득바_백정BP_렉카변환_정요한,[26.09]F_V_JD복_전환_복쫀바출시_신규BP_백정BP_var4.렉카_납작복숭아.렉카변환.당3g.X_스틱바P_황경원_260911_빙과_정요한,277,4,6506,0,21,전환
2026-09-11,120252293422920659,[빙과_스틱바_복숭아쫀득] 26.09_쫀득바출시_ASC_전환_video_전체타겟,[복숭아] 09.11  복숭아쫀득바_백정BP_렉카변환_정요한,[26.09]F_V_JD복_전환_복쫀바출시_신규BP_백정BP_var5.렉카_납작복숭아.렉카변환.슈기샤라웃.X_스틱바P_황경원_260911_빙과_정요한,28,1,479,0,3,전환
2026-09-11,120252293443970659,[빙과_스틱바_복숭아쫀득] 26.09_쫀득바출시_수동_전환_video_전체타겟,[복숭아] 09.11 복숭아쫀득바_백정BP_렉카변환_정요한,[26.09]F_V_JD복_전환_복쫀바출시_신규BP_백정BP_var7.렉카_납작복숭아.렉카변환.지금놓치면1년.X_스틱바P_황경원_260911_빙과_정요한,124,2,2509,0,9,전환
2026-09-11,120252293477890659,[빙과_스틱바_복숭아쫀득] 26.09_쫀득바출시_수동_전환_video_전체타겟,[복숭아] 09.11  복숭아쫀득바_써우리BP_렉카변환_정요한,[26.09]F_V_JD복_전환_복쫀바출시_인물리뷰형_써우리BP_var11.렉카_편의점.렉카변환.지금놓치면1년.X_스틱바P_황경원_260911_빙과_정요한,6,0,160,0,0,전환
2026-09-11,120252293494210659,[빙과_스틱바_복숭아쫀득] 26.09_쫀득바출시_ASC_전환_video_전체타겟,[복숭아] 09.11 복숭아쫀득바_써우리BP_렉카변환_정요한,[26.09]F_V_JD복_전환_복쫀바출시_인물리뷰형_써우리BP_var10.렉카_편의점.렉카변환.유럽차원달라.X_스틱바P_황경원_260911_빙과_정요한,1,0,39,0,0,전환
2026-09-11,120252293534510659,[빙과_스틱바_복숭아쫀득] 26.09_쫀득바출시_ASC_전환_video_전체타겟,[복숭아] 09.11 복숭아쫀득바_써우리BP_렉카변환_정요한,[26.09]F_V_JD복_전환_복쫀바출시_인물리뷰형_써우리BP_var11.렉카_편의점.렉카변환.지금놓치면1년.X_스틱바P_황경원_260911_빙과_정요한,42,0,825,0,3,전환
2026-09-11,120252293549910659,[빙과_스틱바_복숭아쫀득] 26.09_쫀득바출시_ASC_전환_video_전체타겟,[복숭아] 09.11 복숭아쫀득바_맛인지_렉카변환_정요한,[26.09]F_V_JD복_전환_복쫀바출시_맛인지형_오먹_var2.렉카_납작복숭아가격비교.렉카변환.유럽차원달라.X_스틱바P_황경원_260911_빙과_정요한,137,3,2335,1,7,전환
2026-09-11,120252293555910659,[빙과_스틱바_복숭아쫀득] 26.09_쫀득바출시_ASC_전환_video_전체타겟,[복숭아] 09.11 복숭아쫀득바_맛인지_렉카변환_정요한,[26.09]F_V_JD복_전환_복쫀바출시_맛인지형_오먹_var3.렉카_납작복숭아가격비교.렉카변환.지금놓치면1년.X_스틱바P_황경원_260911_빙과_정요한,86,0,1585,0,4,전환
2026-09-11,120252293568580659,[빙과_파인트_블프] 26.09_빙과블프_수동_전환_video_전체타겟,9월 2주차_네고형_P혼,[26.09]F_V_P혼_전환_빙과블프_네고형__main.릴스_공통.9월.수민PJ_파인트P_고가영_260911_빙과_김지연,197,5,2463,0,15,전환
2026-09-11,120252293569980659,[빙과_파인트_블프] 26.09_빙과블프_ASC_전환_video_전체타겟_9월 2주차,[빙과_파인트_블프] 26.09_빙과블프_ASC_전환_video_전체타겟_9월 2주차,[26.09]F_V_P혼_전환_빙과블프_네고형__main.릴스_공통.9월.수민PJ_파인트P_고가영_260911_빙과_김지연,10,1,114,0,2,전환
2026-09-11,120252293579700659,[빙과_파인트_블프] 26.09_빙과블프_수동_전환_video_전체타겟,9월 2주차_네고형_P혼,[26.09]F_V_P혼_전환_빙과블프_네고형__var1.릴스_숏.9월.수민PJ_파인트P_고가영_260911_빙과_김지연,64,1,1019,0,3,전환
2026-09-11,120252293581690659,[빙과_파인트_블프] 26.09_빙과블프_ASC_전환_video_전체타겟_9월 2주차,[빙과_파인트_블프] 26.09_빙과블프_ASC_전환_video_전체타겟_9월 2주차,[26.09]F_V_P혼_전환_빙과블프_네고형__var1.릴스_숏.9월.수민PJ_파인트P_고가영_260911_빙과_김지연,26,2,226,0,1,전환
2026-09-11,120252293592100659,[빙과_스틱바_복숭아쫀득] 26.09_쫀득바출시_ASC_전환_video_전체타겟,[복숭아] 09.11  복숭아쫀득바_백정BP_렉카변환_정요한,[26.09]F_V_JD복_전환_복쫀바출시_신규BP_백정BP_var6.렉카_납작복숭아.렉카변환.유럽차원달라.X_스틱바P_황경원_260911_빙과_정요한,238,3,3598,1,20,전환
2026-09-11,120252293599140659,[빙과_스틱바_복숭아쫀득] 26.09_쫀득바출시_ASC_전환_video_전체타겟,[복숭아] 09.11  복숭아쫀득바_백정BP_렉카변환_정요한,[26.09]F_V_JD복_전환_복쫀바출시_신규BP_백정BP_var7.렉카_납작복숭아.렉카변환.지금놓치면1년.X_스틱바P_황경원_260911_빙과_정요한,251,1,3830,0,18,전환
2026-09-11,120252293633750659,[빙과_스틱바_복숭아쫀득] 26.09_쫀득바출시_ASC_전환_video_전체타겟,[복숭아] 09.11 복숭아쫀득바_써우리BP_렉카변환_정요한,[26.09]F_V_JD복_전환_복쫀바출시_인물리뷰형_써우리BP_var8.렉카_편의점.렉카변환.당3g.X_스틱바P_황경원_260911_빙과_정요한,17,0,328,0,2,전환
2026-09-11,120252293644590659,[빙과_스틱바_복숭아쫀득] 26.09_쫀득바출시_ASC_전환_video_전체타겟,[복숭아] 09.11 복숭아쫀득바_써우리BP_렉카변환_정요한,[26.09]F_V_JD복_전환_복쫀바출시_인물리뷰형_써우리BP_var9.렉카_편의점.렉카변환.슈기샤라웃.X_스틱바P_황경원_260911_빙과_정요한,66,4,942,0,5,전환
2026-09-11,120252293658020659,[빙과_파인트_블프] 26.09_빙과블프_수동_전환_video_전체타겟,9월 2주차_네고형_P혼,[26.09]F_V_P혼_전환_빙과블프_네고형__var2.릴스_최초블프.9월.수민PJ_파인트P_고가영_260911_빙과_김지연,2646,119,32751,5,215,전환
2026-09-11,120252293659330659,[빙과_파인트_블프] 26.09_빙과블프_ASC_전환_video_전체타겟_9월 2주차,[빙과_파인트_블프] 26.09_빙과블프_ASC_전환_video_전체타겟_9월 2주차,[26.09]F_V_P혼_전환_빙과블프_네고형__var2.릴스_최초블프.9월.수민PJ_파인트P_고가영_260911_빙과_김지연,2808,103,35286,5,205,전환
2026-09-11,120252293847110659,[빙과_파인트_블프] 26.09_빙과블프_수동_전환_image_전체타겟,260911_물량실체,[26.09]F_I_P혼_전환_빙과블프_혜택강조형__.배너_물량.대세감.글로벌프리미엄아이스크림제친.1위저당파인트.__고가영_260911_빙과_이채윤,506,12,9133,0,0,전환
2026-09-11,120252293849360659,[빙과_파인트_블프] 26.09_빙과블프_수동_전환_image_전체타겟,260911_물량실체,[26.09]F_I_P혼_전환_빙과블프_혜택강조형__.배너_물량.대세감.당을5배나낮춰.글로벌프리미엄브랜드제친기념.역대최저가블프.__고가영_260911_빙과_이채윤,40,3,1492,0,0,전환
2026-09-11,120252293850880659,[빙과_파인트_블프] 26.09_빙과블프_수동_전환_image_전체타겟,260911_물량실체,[26.09]F_I_P혼_전환_빙과블프_혜택강조형__.배너_물량.대세감.매거진형.글로벌프리미엄브랜드제치고1위한.SNS핫템.__고가영_260911_빙과_이채윤,134,4,2795,2,0,전환
2026-09-11,120252293852320659,[빙과_파인트_블프] 26.09_빙과블프_수동_전환_image_전체타겟,260911_물량실체,[26.09]F_I_P혼_전환_빙과블프_혜택강조형__.배너_물량.대세감.사과문.저희도죄송스럽습니다.품절전지금쟁이세요.__고가영_260911_빙과_이채윤,130,5,2159,0,0,전환
2026-09-11,120252293859970659,[빙과_파인트_블프] 26.09_빙과블프_수동_전환_image_전체타겟,260911_전문가권위,[26.09]F_I_P혼_전환_빙과블프_혜택강조형__.배너_권위자.성분.그래프.약사헬스트레이너픽저당파인트.__고가영_260911_빙과_이채윤,103,0,2341,0,0,전환
2026-09-11,120252293862100659,[빙과_파인트_블프] 26.09_빙과블프_수동_전환_image_전체타겟,260911_전문가권위,[26.09]F_I_P혼_전환_빙과블프_혜택강조형__.배너_권위자.성분.약사도인정한믿고먹는저당템.타사대비98%낮아.마음껏.__고가영_260911_빙과_이채윤,3,0,58,0,0,전환
2026-09-11,120252293865220659,[빙과_파인트_블프] 26.09_빙과블프_수동_전환_image_전체타겟,260911_전문가권위,[26.09]F_I_P혼_전환_빙과블프_혜택강조형__.배너_권위자.성분.약사도픽한저당이라믿고쟁였어요.__고가영_260911_빙과_이채윤,29,0,929,0,0,전환
2026-09-11,120252293878030659,[빙과_파인트_블프] 26.09_빙과블프_수동_전환_image_전체타겟,260911_글로벌1위명분,[26.09]F_I_P혼_전환_빙과블프_혜택강조형__.배너_1위강조.공지형.내부공지.현장감.가격실수안내.직원실수.__고가영_260911_빙과_이채윤,427,15,6282,2,0,전환
2026-09-11,120252293881490659,[빙과_파인트_블프] 26.09_빙과블프_수동_전환_image_전체타겟,260911_글로벌1위명분,[26.09]F_I_P혼_전환_빙과블프_혜택강조형__.배너_1위강조.공지형.내부공지.현장감.파인트가격논란안내.성원보답.__고가영_260911_빙과_이채윤,105,2,1834,0,0,전환
2026-09-11,120252293883790659,[빙과_파인트_블프] 26.09_빙과블프_수동_전환_image_전체타겟,260911_글로벌1위명분,[26.09]F_I_P혼_전환_빙과블프_혜택강조형__.배너_1위강조.네고형.라라스윗최초블랙프라이데이.역대최저가래요.__고가영_260911_빙과_이채윤,152,5,3098,0,0,전환
2026-09-11,120252293888420659,[빙과_파인트_블프] 26.09_빙과블프_수동_전환_image_전체타겟,260911_글로벌1위명분,[26.09]F_I_P혼_전환_빙과블프_혜택강조형__.배너_1위강조.다시는없어요.네고형.글로벌프리미엄브랜드제치고.__고가영_260911_빙과_이채윤,33,1,960,0,0,전환
2026-09-11,120252293891210659,[빙과_파인트_블프] 26.09_빙과블프_수동_전환_image_전체타겟,260911_글로벌1위명분,[26.09]F_I_P혼_전환_빙과블프_혜택강조형__.배너_1위강조.당98%낮춰.글로벌프리미엄브랜드이긴.곧끝난대요.__고가영_260911_빙과_이채윤,630,14,9231,0,0,전환
2026-09-11,120252293909980659,[빙과_스틱바_복숭아쫀득] 26.09_쫀득바출시_수동_전환_video_전체타겟,[복숭아] 09.11 복숭아쫀득바_백정BP_렉카변환_정요한,[26.09]F_V_JD복_전환_복쫀바출시_신규BP_백정BP_var5.렉카_납작복숭아.렉카변환.슈기샤라웃.X_스틱바P_황경원_260911_빙과_정요한,7,0,76,0,1,전환
2026-09-11,120252293913210659,[빙과_파인트_블프] 26.09_빙과블프_수동_전환_image_전체타겟,260911_글로벌1위명분,[26.09]F_I_P혼_전환_빙과블프_혜택강조형__.배너_1위강조.역대최저가에쟁여요.다신없을블랙프라이데이.__고가영_260911_빙과_이채윤,39,0,869,0,0,전환
2026-09-11,120252293916780659,[빙과_파인트_블프] 26.09_빙과블프_수동_전환_image_전체타겟,260911_글로벌1위명분,[26.09]F_I_P혼_전환_빙과블프_혜택강조형__.배너_1위강조.지금놓치면끝입니다.최초블랙프라이데이.역대최저가.__고가영_260911_빙과_이채윤,28,0,365,0,0,전환
2026-09-12,120252293389630659,[빙과_스틱바_복숭아쫀득] 26.09_쫀득바출시_수동_전환_video_전체타겟,[복숭아] 09.11 복숭아쫀득바_백정BP_렉카변환_정요한,[26.09]F_V_JD복_전환_복쫀바출시_신규BP_백정BP_var4.렉카_납작복숭아.렉카변환.당3g.X_스틱바P_황경원_260911_빙과_정요한,330,8,5276,1,31,전환
2026-09-12,120252293409750659,[빙과_스틱바_복숭아쫀득] 26.09_쫀득바출시_ASC_전환_video_전체타겟,[복숭아] 09.11  복숭아쫀득바_백정BP_렉카변환_정요한,[26.09]F_V_JD복_전환_복쫀바출시_신규BP_백정BP_var4.렉카_납작복숭아.렉카변환.당3g.X_스틱바P_황경원_260911_빙과_정요한,359,8,5684,1,35,전환
2026-09-12,120252293422920659,[빙과_스틱바_복숭아쫀득] 26.09_쫀득바출시_ASC_전환_video_전체타겟,[복숭아] 09.11  복숭아쫀득바_백정BP_렉카변환_정요한,[26.09]F_V_JD복_전환_복쫀바출시_신규BP_백정BP_var5.렉카_납작복숭아.렉카변환.슈기샤라웃.X_스틱바P_황경원_260911_빙과_정요한,38,0,567,0,2,전환
2026-09-12,120252293443970659,[빙과_스틱바_복숭아쫀득] 26.09_쫀득바출시_수동_전환_video_전체타겟,[복숭아] 09.11 복숭아쫀득바_백정BP_렉카변환_정요한,[26.09]F_V_JD복_전환_복쫀바출시_신규BP_백정BP_var7.렉카_납작복숭아.렉카변환.지금놓치면1년.X_스틱바P_황경원_260911_빙과_정요한,4123,49,61061,2,317,전환
2026-09-12,120252293477890659,[빙과_스틱바_복숭아쫀득] 26.09_쫀득바출시_수동_전환_video_전체타겟,[복숭아] 09.11  복숭아쫀득바_써우리BP_렉카변환_정요한,[26.09]F_V_JD복_전환_복쫀바출시_인물리뷰형_써우리BP_var11.렉카_편의점.렉카변환.지금놓치면1년.X_스틱바P_황경원_260911_빙과_정요한,1311,19,27181,0,112,전환
2026-09-12,120252293494210659,[빙과_스틱바_복숭아쫀득] 26.09_쫀득바출시_ASC_전환_video_전체타겟,[복숭아] 09.11 복숭아쫀득바_써우리BP_렉카변환_정요한,[26.09]F_V_JD복_전환_복쫀바출시_인물리뷰형_써우리BP_var10.렉카_편의점.렉카변환.유럽차원달라.X_스틱바P_황경원_260911_빙과_정요한,1,0,23,0,0,전환
2026-09-12,120252293534510659,[빙과_스틱바_복숭아쫀득] 26.09_쫀득바출시_ASC_전환_video_전체타겟,[복숭아] 09.11 복숭아쫀득바_써우리BP_렉카변환_정요한,[26.09]F_V_JD복_전환_복쫀바출시_인물리뷰형_써우리BP_var11.렉카_편의점.렉카변환.지금놓치면1년.X_스틱바P_황경원_260911_빙과_정요한,7,1,176,0,2,전환
2026-09-12,120252293549910659,[빙과_스틱바_복숭아쫀득] 26.09_쫀득바출시_ASC_전환_video_전체타겟,[복숭아] 09.11 복숭아쫀득바_맛인지_렉카변환_정요한,[26.09]F_V_JD복_전환_복쫀바출시_맛인지형_오먹_var2.렉카_납작복숭아가격비교.렉카변환.유럽차원달라.X_스틱바P_황경원_260911_빙과_정요한,200,7,4129,0,4,전환
2026-09-12,120252293555910659,[빙과_스틱바_복숭아쫀득] 26.09_쫀득바출시_ASC_전환_video_전체타겟,[복숭아] 09.11 복숭아쫀득바_맛인지_렉카변환_정요한,[26.09]F_V_JD복_전환_복쫀바출시_맛인지형_오먹_var3.렉카_납작복숭아가격비교.렉카변환.지금놓치면1년.X_스틱바P_황경원_260911_빙과_정요한,6,0,134,0,0,전환
2026-09-12,120252293568580659,[빙과_파인트_블프] 26.09_빙과블프_수동_전환_video_전체타겟,9월 2주차_네고형_P혼,[26.09]F_V_P혼_전환_빙과블프_네고형__main.릴스_공통.9월.수민PJ_파인트P_고가영_260911_빙과_김지연,1069,16,11321,0,69,전환
2026-09-12,120252293569980659,[빙과_파인트_블프] 26.09_빙과블프_ASC_전환_video_전체타겟_9월 2주차,[빙과_파인트_블프] 26.09_빙과블프_ASC_전환_video_전체타겟_9월 2주차,[26.09]F_V_P혼_전환_빙과블프_네고형__main.릴스_공통.9월.수민PJ_파인트P_고가영_260911_빙과_김지연,1123,16,12710,2,89,전환
2026-09-12,120252293579700659,[빙과_파인트_블프] 26.09_빙과블프_수동_전환_video_전체타겟,9월 2주차_네고형_P혼,[26.09]F_V_P혼_전환_빙과블프_네고형__var1.릴스_숏.9월.수민PJ_파인트P_고가영_260911_빙과_김지연,885,12,12924,1,38,전환
2026-09-12,120252293581690659,[빙과_파인트_블프] 26.09_빙과블프_ASC_전환_video_전체타겟_9월 2주차,[빙과_파인트_블프] 26.09_빙과블프_ASC_전환_video_전체타겟_9월 2주차,[26.09]F_V_P혼_전환_빙과블프_네고형__var1.릴스_숏.9월.수민PJ_파인트P_고가영_260911_빙과_김지연,955,15,10506,0,27,전환
2026-09-12,120252293592100659,[빙과_스틱바_복숭아쫀득] 26.09_쫀득바출시_ASC_전환_video_전체타겟,[복숭아] 09.11  복숭아쫀득바_백정BP_렉카변환_정요한,[26.09]F_V_JD복_전환_복쫀바출시_신규BP_백정BP_var6.렉카_납작복숭아.렉카변환.유럽차원달라.X_스틱바P_황경원_260911_빙과_정요한,170,2,2593,0,15,전환
2026-09-12,120252293599140659,[빙과_스틱바_복숭아쫀득] 26.09_쫀득바출시_ASC_전환_video_전체타겟,[복숭아] 09.11  복숭아쫀득바_백정BP_렉카변환_정요한,[26.09]F_V_JD복_전환_복쫀바출시_신규BP_백정BP_var7.렉카_납작복숭아.렉카변환.지금놓치면1년.X_스틱바P_황경원_260911_빙과_정요한,70,1,1163,0,3,전환
2026-09-12,120252293633750659,[빙과_스틱바_복숭아쫀득] 26.09_쫀득바출시_ASC_전환_video_전체타겟,[복숭아] 09.11 복숭아쫀득바_써우리BP_렉카변환_정요한,[26.09]F_V_JD복_전환_복쫀바출시_인물리뷰형_써우리BP_var8.렉카_편의점.렉카변환.당3g.X_스틱바P_황경원_260911_빙과_정요한,1,0,16,0,0,전환
2026-09-12,120252293644590659,[빙과_스틱바_복숭아쫀득] 26.09_쫀득바출시_ASC_전환_video_전체타겟,[복숭아] 09.11 복숭아쫀득바_써우리BP_렉카변환_정요한,[26.09]F_V_JD복_전환_복쫀바출시_인물리뷰형_써우리BP_var9.렉카_편의점.렉카변환.슈기샤라웃.X_스틱바P_황경원_260911_빙과_정요한,449,7,7767,0,33,전환
2026-09-12,120252293658020659,[빙과_파인트_블프] 26.09_빙과블프_수동_전환_video_전체타겟,9월 2주차_네고형_P혼,[26.09]F_V_P혼_전환_빙과블프_네고형__var2.릴스_최초블프.9월.수민PJ_파인트P_고가영_260911_빙과_김지연,97231,2290,1121185,69,5038,전환
2026-09-12,120252293659330659,[빙과_파인트_블프] 26.09_빙과블프_ASC_전환_video_전체타겟_9월 2주차,[빙과_파인트_블프] 26.09_빙과블프_ASC_전환_video_전체타겟_9월 2주차,[26.09]F_V_P혼_전환_빙과블프_네고형__var2.릴스_최초블프.9월.수민PJ_파인트P_고가영_260911_빙과_김지연,132480,3034,1593700,102,6731,전환
2026-09-12,120252293847110659,[빙과_파인트_블프] 26.09_빙과블프_수동_전환_image_전체타겟,260911_물량실체,[26.09]F_I_P혼_전환_빙과블프_혜택강조형__.배너_물량.대세감.글로벌프리미엄아이스크림제친.1위저당파인트.__고가영_260911_빙과_이채윤,4685,70,71486,3,0,전환
2026-09-12,120252293849360659,[빙과_파인트_블프] 26.09_빙과블프_수동_전환_image_전체타겟,260911_물량실체,[26.09]F_I_P혼_전환_빙과블프_혜택강조형__.배너_물량.대세감.당을5배나낮춰.글로벌프리미엄브랜드제친기념.역대최저가블프.__고가영_260911_빙과_이채윤,839,15,21056,0,0,전환
2026-09-12,120252293850880659,[빙과_파인트_블프] 26.09_빙과블프_수동_전환_image_전체타겟,260911_물량실체,[26.09]F_I_P혼_전환_빙과블프_혜택강조형__.배너_물량.대세감.매거진형.글로벌프리미엄브랜드제치고1위한.SNS핫템.__고가영_260911_빙과_이채윤,1402,17,23169,0,0,전환
2026-09-12,120252293852320659,[빙과_파인트_블프] 26.09_빙과블프_수동_전환_image_전체타겟,260911_물량실체,[26.09]F_I_P혼_전환_빙과블프_혜택강조형__.배너_물량.대세감.사과문.저희도죄송스럽습니다.품절전지금쟁이세요.__고가영_260911_빙과_이채윤,15600,259,249299,18,0,전환
2026-09-12,120252293859970659,[빙과_파인트_블프] 26.09_빙과블프_수동_전환_image_전체타겟,260911_전문가권위,[26.09]F_I_P혼_전환_빙과블프_혜택강조형__.배너_권위자.성분.그래프.약사헬스트레이너픽저당파인트.__고가영_260911_빙과_이채윤,10624,121,197794,11,0,전환
2026-09-12,120252293862100659,[빙과_파인트_블프] 26.09_빙과블프_수동_전환_image_전체타겟,260911_전문가권위,[26.09]F_I_P혼_전환_빙과블프_혜택강조형__.배너_권위자.성분.약사도인정한믿고먹는저당템.타사대비98%낮아.마음껏.__고가영_260911_빙과_이채윤,69,3,2141,0,0,전환
2026-09-12,120252293865220659,[빙과_파인트_블프] 26.09_빙과블프_수동_전환_image_전체타겟,260911_전문가권위,[26.09]F_I_P혼_전환_빙과블프_혜택강조형__.배너_권위자.성분.약사도픽한저당이라믿고쟁였어요.__고가영_260911_빙과_이채윤,347,6,8982,0,0,전환
2026-09-12,120252293878030659,[빙과_파인트_블프] 26.09_빙과블프_수동_전환_image_전체타겟,260911_글로벌1위명분,[26.09]F_I_P혼_전환_빙과블프_혜택강조형__.배너_1위강조.공지형.내부공지.현장감.가격실수안내.직원실수.__고가영_260911_빙과_이채윤,4200,99,42425,3,0,전환
2026-09-12,120252293881490659,[빙과_파인트_블프] 26.09_빙과블프_수동_전환_image_전체타겟,260911_글로벌1위명분,[26.09]F_I_P혼_전환_빙과블프_혜택강조형__.배너_1위강조.공지형.내부공지.현장감.파인트가격논란안내.성원보답.__고가영_260911_빙과_이채윤,1995,24,26906,1,0,전환
2026-09-12,120252293883790659,[빙과_파인트_블프] 26.09_빙과블프_수동_전환_image_전체타겟,260911_글로벌1위명분,[26.09]F_I_P혼_전환_빙과블프_혜택강조형__.배너_1위강조.네고형.라라스윗최초블랙프라이데이.역대최저가래요.__고가영_260911_빙과_이채윤,1234,22,18616,0,0,전환
2026-09-12,120252293888420659,[빙과_파인트_블프] 26.09_빙과블프_수동_전환_image_전체타겟,260911_글로벌1위명분,[26.09]F_I_P혼_전환_빙과블프_혜택강조형__.배너_1위강조.다시는없어요.네고형.글로벌프리미엄브랜드제치고.__고가영_260911_빙과_이채윤,793,33,20653,1,0,전환
2026-09-12,120252293891210659,[빙과_파인트_블프] 26.09_빙과블프_수동_전환_image_전체타겟,260911_글로벌1위명분,[26.09]F_I_P혼_전환_빙과블프_혜택강조형__.배너_1위강조.당98%낮춰.글로벌프리미엄브랜드이긴.곧끝난대요.__고가영_260911_빙과_이채윤,2169,36,30177,4,0,전환
2026-09-12,120252293909980659,[빙과_스틱바_복숭아쫀득] 26.09_쫀득바출시_수동_전환_video_전체타겟,[복숭아] 09.11 복숭아쫀득바_백정BP_렉카변환_정요한,[26.09]F_V_JD복_전환_복쫀바출시_신규BP_백정BP_var5.렉카_납작복숭아.렉카변환.슈기샤라웃.X_스틱바P_황경원_260911_빙과_정요한,354,2,4747,1,29,전환
2026-09-12,120252293913210659,[빙과_파인트_블프] 26.09_빙과블프_수동_전환_image_전체타겟,260911_글로벌1위명분,[26.09]F_I_P혼_전환_빙과블프_혜택강조형__.배너_1위강조.역대최저가에쟁여요.다신없을블랙프라이데이.__고가영_260911_빙과_이채윤,53,1,843,1,0,전환
2026-09-12,120252293916780659,[빙과_파인트_블프] 26.09_빙과블프_수동_전환_image_전체타겟,260911_글로벌1위명분,[26.09]F_I_P혼_전환_빙과블프_혜택강조형__.배너_1위강조.지금놓치면끝입니다.최초블랙프라이데이.역대최저가.__고가영_260911_빙과_이채윤,142,4,2172,1,0,전환
2026-09-13,120252293389630659,[빙과_스틱바_복숭아쫀득] 26.09_쫀득바출시_수동_전환_video_전체타겟,[복숭아] 09.11 복숭아쫀득바_백정BP_렉카변환_정요한,[26.09]F_V_JD복_전환_복쫀바출시_신규BP_백정BP_var4.렉카_납작복숭아.렉카변환.당3g.X_스틱바P_황경원_260911_빙과_정요한,3435,45,53916,5,330,전환
2026-09-13,120252293409750659,[빙과_스틱바_복숭아쫀득] 26.09_쫀득바출시_ASC_전환_video_전체타겟,[복숭아] 09.11  복숭아쫀득바_백정BP_렉카변환_정요한,[26.09]F_V_JD복_전환_복쫀바출시_신규BP_백정BP_var4.렉카_납작복숭아.렉카변환.당3g.X_스틱바P_황경원_260911_빙과_정요한,713,10,9384,0,60,전환
2026-09-13,120252293422920659,[빙과_스틱바_복숭아쫀득] 26.09_쫀득바출시_ASC_전환_video_전체타겟,[복숭아] 09.11  복숭아쫀득바_백정BP_렉카변환_정요한,[26.09]F_V_JD복_전환_복쫀바출시_신규BP_백정BP_var5.렉카_납작복숭아.렉카변환.슈기샤라웃.X_스틱바P_황경원_260911_빙과_정요한,8,0,201,0,0,전환
2026-09-13,120252293443970659,[빙과_스틱바_복숭아쫀득] 26.09_쫀득바출시_수동_전환_video_전체타겟,[복숭아] 09.11 복숭아쫀득바_백정BP_렉카변환_정요한,[26.09]F_V_JD복_전환_복쫀바출시_신규BP_백정BP_var7.렉카_납작복숭아.렉카변환.지금놓치면1년.X_스틱바P_황경원_260911_빙과_정요한,14680,169,182191,7,1478,전환
2026-09-13,120252293477890659,[빙과_스틱바_복숭아쫀득] 26.09_쫀득바출시_수동_전환_video_전체타겟,[복숭아] 09.11  복숭아쫀득바_써우리BP_렉카변환_정요한,[26.09]F_V_JD복_전환_복쫀바출시_인물리뷰형_써우리BP_var11.렉카_편의점.렉카변환.지금놓치면1년.X_스틱바P_황경원_260911_빙과_정요한,1324,20,26861,1,81,전환
2026-09-13,120252293534510659,[빙과_스틱바_복숭아쫀득] 26.09_쫀득바출시_ASC_전환_video_전체타겟,[복숭아] 09.11 복숭아쫀득바_써우리BP_렉카변환_정요한,[26.09]F_V_JD복_전환_복쫀바출시_인물리뷰형_써우리BP_var11.렉카_편의점.렉카변환.지금놓치면1년.X_스틱바P_황경원_260911_빙과_정요한,3,0,181,0,0,전환
2026-09-13,120252293549910659,[빙과_스틱바_복숭아쫀득] 26.09_쫀득바출시_ASC_전환_video_전체타겟,[복숭아] 09.11 복숭아쫀득바_맛인지_렉카변환_정요한,[26.09]F_V_JD복_전환_복쫀바출시_맛인지형_오먹_var2.렉카_납작복숭아가격비교.렉카변환.유럽차원달라.X_스틱바P_황경원_260911_빙과_정요한,86,3,1275,0,3,전환
2026-09-13,120252293555910659,[빙과_스틱바_복숭아쫀득] 26.09_쫀득바출시_ASC_전환_video_전체타겟,[복숭아] 09.11 복숭아쫀득바_맛인지_렉카변환_정요한,[26.09]F_V_JD복_전환_복쫀바출시_맛인지형_오먹_var3.렉카_납작복숭아가격비교.렉카변환.지금놓치면1년.X_스틱바P_황경원_260911_빙과_정요한,32,2,543,0,1,전환
2026-09-13,120252293569980659,[빙과_파인트_블프] 26.09_빙과블프_ASC_전환_video_전체타겟_9월 2주차,[빙과_파인트_블프] 26.09_빙과블프_ASC_전환_video_전체타겟_9월 2주차,[26.09]F_V_P혼_전환_빙과블프_네고형__main.릴스_공통.9월.수민PJ_파인트P_고가영_260911_빙과_김지연,53,0,574,0,4,전환
2026-09-13,120252293579700659,[빙과_파인트_블프] 26.09_빙과블프_수동_전환_video_전체타겟,9월 2주차_네고형_P혼,[26.09]F_V_P혼_전환_빙과블프_네고형__var1.릴스_숏.9월.수민PJ_파인트P_고가영_260911_빙과_김지연,43,3,573,0,4,전환
2026-09-13,120252293581690659,[빙과_파인트_블프] 26.09_빙과블프_ASC_전환_video_전체타겟_9월 2주차,[빙과_파인트_블프] 26.09_빙과블프_ASC_전환_video_전체타겟_9월 2주차,[26.09]F_V_P혼_전환_빙과블프_네고형__var1.릴스_숏.9월.수민PJ_파인트P_고가영_260911_빙과_김지연,179,3,1610,0,10,전환
2026-09-13,120252293592100659,[빙과_스틱바_복숭아쫀득] 26.09_쫀득바출시_ASC_전환_video_전체타겟,[복숭아] 09.11  복숭아쫀득바_백정BP_렉카변환_정요한,[26.09]F_V_JD복_전환_복쫀바출시_신규BP_백정BP_var6.렉카_납작복숭아.렉카변환.유럽차원달라.X_스틱바P_황경원_260911_빙과_정요한,65,0,757,0,4,전환
2026-09-13,120252293599140659,[빙과_스틱바_복숭아쫀득] 26.09_쫀득바출시_ASC_전환_video_전체타겟,[복숭아] 09.11  복숭아쫀득바_백정BP_렉카변환_정요한,[26.09]F_V_JD복_전환_복쫀바출시_신규BP_백정BP_var7.렉카_납작복숭아.렉카변환.지금놓치면1년.X_스틱바P_황경원_260911_빙과_정요한,9,0,94,0,2,전환
2026-09-13,120252293633750659,[빙과_스틱바_복숭아쫀득] 26.09_쫀득바출시_ASC_전환_video_전체타겟,[복숭아] 09.11 복숭아쫀득바_써우리BP_렉카변환_정요한,[26.09]F_V_JD복_전환_복쫀바출시_인물리뷰형_써우리BP_var8.렉카_편의점.렉카변환.당3g.X_스틱바P_황경원_260911_빙과_정요한,1,0,63,0,0,전환
2026-09-13,120252293644590659,[빙과_스틱바_복숭아쫀득] 26.09_쫀득바출시_ASC_전환_video_전체타겟,[복숭아] 09.11 복숭아쫀득바_써우리BP_렉카변환_정요한,[26.09]F_V_JD복_전환_복쫀바출시_인물리뷰형_써우리BP_var9.렉카_편의점.렉카변환.슈기샤라웃.X_스틱바P_황경원_260911_빙과_정요한,293,5,4232,0,28,전환
2026-09-13,120252293658020659,[빙과_파인트_블프] 26.09_빙과블프_수동_전환_video_전체타겟,9월 2주차_네고형_P혼,[26.09]F_V_P혼_전환_빙과블프_네고형__var2.릴스_최초블프.9월.수민PJ_파인트P_고가영_260911_빙과_김지연,41533,1018,467246,33,1996,전환
2026-09-13,120252293659330659,[빙과_파인트_블프] 26.09_빙과블프_ASC_전환_video_전체타겟_9월 2주차,[빙과_파인트_블프] 26.09_빙과블프_ASC_전환_video_전체타겟_9월 2주차,[26.09]F_V_P혼_전환_빙과블프_네고형__var2.릴스_최초블프.9월.수민PJ_파인트P_고가영_260911_빙과_김지연,247431,4703,2595999,152,10395,전환
2026-09-13,120252293850880659,[빙과_파인트_블프] 26.09_빙과블프_수동_전환_image_전체타겟,260911_물량실체,[26.09]F_I_P혼_전환_빙과블프_혜택강조형__.배너_물량.대세감.매거진형.글로벌프리미엄브랜드제치고1위한.SNS핫템.__고가영_260911_빙과_이채윤,120,1,1765,0,0,전환
2026-09-13,120252293852320659,[빙과_파인트_블프] 26.09_빙과블프_수동_전환_image_전체타겟,260911_물량실체,[26.09]F_I_P혼_전환_빙과블프_혜택강조형__.배너_물량.대세감.사과문.저희도죄송스럽습니다.품절전지금쟁이세요.__고가영_260911_빙과_이채윤,4600,95,68432,1,0,전환
2026-09-13,120252293859970659,[빙과_파인트_블프] 26.09_빙과블프_수동_전환_image_전체타겟,260911_전문가권위,[26.09]F_I_P혼_전환_빙과블프_혜택강조형__.배너_권위자.성분.그래프.약사헬스트레이너픽저당파인트.__고가영_260911_빙과_이채윤,19538,229,246376,14,0,전환
2026-09-13,120252293862100659,[빙과_파인트_블프] 26.09_빙과블프_수동_전환_image_전체타겟,260911_전문가권위,[26.09]F_I_P혼_전환_빙과블프_혜택강조형__.배너_권위자.성분.약사도인정한믿고먹는저당템.타사대비98%낮아.마음껏.__고가영_260911_빙과_이채윤,4561,68,55724,2,0,전환
2026-09-13,120252293865220659,[빙과_파인트_블프] 26.09_빙과블프_수동_전환_image_전체타겟,260911_전문가권위,[26.09]F_I_P혼_전환_빙과블프_혜택강조형__.배너_권위자.성분.약사도픽한저당이라믿고쟁였어요.__고가영_260911_빙과_이채윤,18051,238,202159,16,0,전환
2026-09-13,120252293878030659,[빙과_파인트_블프] 26.09_빙과블프_수동_전환_image_전체타겟,260911_글로벌1위명분,[26.09]F_I_P혼_전환_빙과블프_혜택강조형__.배너_1위강조.공지형.내부공지.현장감.가격실수안내.직원실수.__고가영_260911_빙과_이채윤,5238,154,55798,4,0,전환
2026-09-13,120252293891210659,[빙과_파인트_블프] 26.09_빙과블프_수동_전환_image_전체타겟,260911_글로벌1위명분,[26.09]F_I_P혼_전환_빙과블프_혜택강조형__.배너_1위강조.당98%낮춰.글로벌프리미엄브랜드이긴.곧끝난대요.__고가영_260911_빙과_이채윤,21,0,110,0,0,전환
2026-09-13,120252293909980659,[빙과_스틱바_복숭아쫀득] 26.09_쫀득바출시_수동_전환_video_전체타겟,[복숭아] 09.11 복숭아쫀득바_백정BP_렉카변환_정요한,[26.09]F_V_JD복_전환_복쫀바출시_신규BP_백정BP_var5.렉카_납작복숭아.렉카변환.슈기샤라웃.X_스틱바P_황경원_260911_빙과_정요한,999,15,13635,0,83,전환
2026-09-13,120252293913210659,[빙과_파인트_블프] 26.09_빙과블프_수동_전환_image_전체타겟,260911_글로벌1위명분,[26.09]F_I_P혼_전환_빙과블프_혜택강조형__.배너_1위강조.역대최저가에쟁여요.다신없을블랙프라이데이.__고가영_260911_빙과_이채윤,1,0,6,0,0,전환
2026-09-14,120252293389630659,[빙과_스틱바_복숭아쫀득] 26.09_쫀득바출시_수동_전환_video_전체타겟,[복숭아] 09.11 복숭아쫀득바_백정BP_렉카변환_정요한,[26.09]F_V_JD복_전환_복쫀바출시_신규BP_백정BP_var4.렉카_납작복숭아.렉카변환.당3g.X_스틱바P_황경원_260911_빙과_정요한,7581,68,121358,6,597,전환
2026-09-14,120252293477890659,[빙과_스틱바_복숭아쫀득] 26.09_쫀득바출시_수동_전환_video_전체타겟,[복숭아] 09.11  복숭아쫀득바_써우리BP_렉카변환_정요한,[26.09]F_V_JD복_전환_복쫀바출시_인물리뷰형_써우리BP_var11.렉카_편의점.렉카변환.지금놓치면1년.X_스틱바P_황경원_260911_빙과_정요한,8,0,104,0,1,전환
2026-09-14,120252293568580659,[빙과_파인트_블프] 26.09_빙과블프_수동_전환_video_전체타겟,9월 2주차_네고형_P혼,[26.09]F_V_P혼_전환_빙과블프_네고형__main.릴스_공통.9월.수민PJ_파인트P_고가영_260911_빙과_김지연,4,0,52,0,0,전환
2026-09-14,120252293569980659,[빙과_파인트_블프] 26.09_빙과블프_ASC_전환_video_전체타겟_9월 2주차,[빙과_파인트_블프] 26.09_빙과블프_ASC_전환_video_전체타겟_9월 2주차,[26.09]F_V_P혼_전환_빙과블프_네고형__main.릴스_공통.9월.수민PJ_파인트P_고가영_260911_빙과_김지연,1,0,2,0,0,전환
2026-09-14,120252293579700659,[빙과_파인트_블프] 26.09_빙과블프_수동_전환_video_전체타겟,9월 2주차_네고형_P혼,[26.09]F_V_P혼_전환_빙과블프_네고형__var1.릴스_숏.9월.수민PJ_파인트P_고가영_260911_빙과_김지연,1,0,3,0,0,전환
2026-09-14,120252293581690659,[빙과_파인트_블프] 26.09_빙과블프_ASC_전환_video_전체타겟_9월 2주차,[빙과_파인트_블프] 26.09_빙과블프_ASC_전환_video_전체타겟_9월 2주차,[26.09]F_V_P혼_전환_빙과블프_네고형__var1.릴스_숏.9월.수민PJ_파인트P_고가영_260911_빙과_김지연,67,0,681,0,2,전환
2026-09-14,120252293658020659,[빙과_파인트_블프] 26.09_빙과블프_수동_전환_video_전체타겟,9월 2주차_네고형_P혼,[26.09]F_V_P혼_전환_빙과블프_네고형__var2.릴스_최초블프.9월.수민PJ_파인트P_고가영_260911_빙과_김지연,132244,2082,1315455,85,4716,전환
2026-09-14,120252293659330659,[빙과_파인트_블프] 26.09_빙과블프_ASC_전환_video_전체타겟_9월 2주차,[빙과_파인트_블프] 26.09_빙과블프_ASC_전환_video_전체타겟_9월 2주차,[26.09]F_V_P혼_전환_빙과블프_네고형__var2.릴스_최초블프.9월.수민PJ_파인트P_고가영_260911_빙과_김지연,367523,6325,3481591,228,14680,전환
2026-09-14,120252293847110659,[빙과_파인트_블프] 26.09_빙과블프_수동_전환_image_전체타겟,260911_물량실체,[26.09]F_I_P혼_전환_빙과블프_혜택강조형__.배너_물량.대세감.글로벌프리미엄아이스크림제친.1위저당파인트.__고가영_260911_빙과_이채윤,95,0,1396,0,0,전환
2026-09-14,120252293850880659,[빙과_파인트_블프] 26.09_빙과블프_수동_전환_image_전체타겟,260911_물량실체,[26.09]F_I_P혼_전환_빙과블프_혜택강조형__.배너_물량.대세감.매거진형.글로벌프리미엄브랜드제치고1위한.SNS핫템.__고가영_260911_빙과_이채윤,51031,620,476753,27,0,전환
2026-09-14,120252293852320659,[빙과_파인트_블프] 26.09_빙과블프_수동_전환_image_전체타겟,260911_물량실체,[26.09]F_I_P혼_전환_빙과블프_혜택강조형__.배너_물량.대세감.사과문.저희도죄송스럽습니다.품절전지금쟁이세요.__고가영_260911_빙과_이채윤,1237,32,20995,2,0,전환
2026-09-14,120252293859970659,[빙과_파인트_블프] 26.09_빙과블프_수동_전환_image_전체타겟,260911_전문가권위,[26.09]F_I_P혼_전환_빙과블프_혜택강조형__.배너_권위자.성분.그래프.약사헬스트레이너픽저당파인트.__고가영_260911_빙과_이채윤,37080,375,293635,14,0,전환
2026-09-14,120252293865220659,[빙과_파인트_블프] 26.09_빙과블프_수동_전환_image_전체타겟,260911_전문가권위,[26.09]F_I_P혼_전환_빙과블프_혜택강조형__.배너_권위자.성분.약사도픽한저당이라믿고쟁였어요.__고가영_260911_빙과_이채윤,9727,101,96620,3,0,전환
2026-09-14,120252293878030659,[빙과_파인트_블프] 26.09_빙과블프_수동_전환_image_전체타겟,260911_글로벌1위명분,[26.09]F_I_P혼_전환_빙과블프_혜택강조형__.배너_1위강조.공지형.내부공지.현장감.가격실수안내.직원실수.__고가영_260911_빙과_이채윤,10639,278,93498,5,0,전환
2026-09-14,120252293891210659,[빙과_파인트_블프] 26.09_빙과블프_수동_전환_image_전체타겟,260911_글로벌1위명분,[26.09]F_I_P혼_전환_빙과블프_혜택강조형__.배너_1위강조.당98%낮춰.글로벌프리미엄브랜드이긴.곧끝난대요.__고가영_260911_빙과_이채윤,10,1,84,0,0,전환
2026-09-14,120252293909980659,[빙과_스틱바_복숭아쫀득] 26.09_쫀득바출시_수동_전환_video_전체타겟,[복숭아] 09.11 복숭아쫀득바_백정BP_렉카변환_정요한,[26.09]F_V_JD복_전환_복쫀바출시_신규BP_백정BP_var5.렉카_납작복숭아.렉카변환.슈기샤라웃.X_스틱바P_황경원_260911_빙과_정요한,20,1,246,0,1,전환
2026-09-14,120252293916780659,[빙과_파인트_블프] 26.09_빙과블프_수동_전환_image_전체타겟,260911_글로벌1위명분,[26.09]F_I_P혼_전환_빙과블프_혜택강조형__.배너_1위강조.지금놓치면끝입니다.최초블랙프라이데이.역대최저가.__고가영_260911_빙과_이채윤,1,0,5,0,0,전환
2026-09-15,120252293389630659,[빙과_스틱바_복숭아쫀득] 26.09_쫀득바출시_수동_전환_video_전체타겟,[복숭아] 09.11 복숭아쫀득바_백정BP_렉카변환_정요한,[26.09]F_V_JD복_전환_복쫀바출시_신규BP_백정BP_var4.렉카_납작복숭아.렉카변환.당3g.X_스틱바P_황경원_260911_빙과_정요한,2027,20,32115,0,179,전환
2026-09-15,120252293422920659,[빙과_스틱바_복숭아쫀득] 26.09_쫀득바출시_ASC_전환_video_전체타겟,[복숭아] 09.11  복숭아쫀득바_백정BP_렉카변환_정요한,[26.09]F_V_JD복_전환_복쫀바출시_신규BP_백정BP_var5.렉카_납작복숭아.렉카변환.슈기샤라웃.X_스틱바P_황경원_260911_빙과_정요한,170,3,4427,0,19,전환
2026-09-15,120252293494210659,[빙과_스틱바_복숭아쫀득] 26.09_쫀득바출시_ASC_전환_video_전체타겟,[복숭아] 09.11 복숭아쫀득바_써우리BP_렉카변환_정요한,[26.09]F_V_JD복_전환_복쫀바출시_인물리뷰형_써우리BP_var10.렉카_편의점.렉카변환.유럽차원달라.X_스틱바P_황경원_260911_빙과_정요한,7,0,242,0,0,전환
2026-09-15,120252293534510659,[빙과_스틱바_복숭아쫀득] 26.09_쫀득바출시_ASC_전환_video_전체타겟,[복숭아] 09.11 복숭아쫀득바_써우리BP_렉카변환_정요한,[26.09]F_V_JD복_전환_복쫀바출시_인물리뷰형_써우리BP_var11.렉카_편의점.렉카변환.지금놓치면1년.X_스틱바P_황경원_260911_빙과_정요한,252,4,7999,0,15,전환
2026-09-15,120252293549910659,[빙과_스틱바_복숭아쫀득] 26.09_쫀득바출시_ASC_전환_video_전체타겟,[복숭아] 09.11 복숭아쫀득바_맛인지_렉카변환_정요한,[26.09]F_V_JD복_전환_복쫀바출시_맛인지형_오먹_var2.렉카_납작복숭아가격비교.렉카변환.유럽차원달라.X_스틱바P_황경원_260911_빙과_정요한,1467,17,24985,1,53,전환
2026-09-15,120252293555910659,[빙과_스틱바_복숭아쫀득] 26.09_쫀득바출시_ASC_전환_video_전체타겟,[복숭아] 09.11 복숭아쫀득바_맛인지_렉카변환_정요한,[26.09]F_V_JD복_전환_복쫀바출시_맛인지형_오먹_var3.렉카_납작복숭아가격비교.렉카변환.지금놓치면1년.X_스틱바P_황경원_260911_빙과_정요한,2879,31,49638,2,112,전환
2026-09-15,120252293592100659,[빙과_스틱바_복숭아쫀득] 26.09_쫀득바출시_ASC_전환_video_전체타겟,[복숭아] 09.11  복숭아쫀득바_백정BP_렉카변환_정요한,[26.09]F_V_JD복_전환_복쫀바출시_신규BP_백정BP_var6.렉카_납작복숭아.렉카변환.유럽차원달라.X_스틱바P_황경원_260911_빙과_정요한,1564,10,24454,1,111,전환
2026-09-15,120252293599140659,[빙과_스틱바_복숭아쫀득] 26.09_쫀득바출시_ASC_전환_video_전체타겟,[복숭아] 09.11  복숭아쫀득바_백정BP_렉카변환_정요한,[26.09]F_V_JD복_전환_복쫀바출시_신규BP_백정BP_var7.렉카_납작복숭아.렉카변환.지금놓치면1년.X_스틱바P_황경원_260911_빙과_정요한,37,1,707,0,2,전환
2026-09-15,120252293633750659,[빙과_스틱바_복숭아쫀득] 26.09_쫀득바출시_ASC_전환_video_전체타겟,[복숭아] 09.11 복숭아쫀득바_써우리BP_렉카변환_정요한,[26.09]F_V_JD복_전환_복쫀바출시_인물리뷰형_써우리BP_var8.렉카_편의점.렉카변환.당3g.X_스틱바P_황경원_260911_빙과_정요한,75,7,3144,0,11,전환
2026-09-15,120252293644590659,[빙과_스틱바_복숭아쫀득] 26.09_쫀득바출시_ASC_전환_video_전체타겟,[복숭아] 09.11 복숭아쫀득바_써우리BP_렉카변환_정요한,[26.09]F_V_JD복_전환_복쫀바출시_인물리뷰형_써우리BP_var9.렉카_편의점.렉카변환.슈기샤라웃.X_스틱바P_황경원_260911_빙과_정요한,5304,77,121069,5,356,전환
2026-09-15,120252293658020659,[빙과_파인트_블프] 26.09_빙과블프_수동_전환_video_전체타겟,9월 2주차_네고형_P혼,[26.09]F_V_P혼_전환_빙과블프_네고형__var2.릴스_최초블프.9월.수민PJ_파인트P_고가영_260911_빙과_김지연,117449,1631,1504827,90,4010,전환
2026-09-15,120252293659330659,[빙과_파인트_블프] 26.09_빙과블프_ASC_전환_video_전체타겟_9월 2주차,[빙과_파인트_블프] 26.09_빙과블프_ASC_전환_video_전체타겟_9월 2주차,[26.09]F_V_P혼_전환_빙과블프_네고형__var2.릴스_최초블프.9월.수민PJ_파인트P_고가영_260911_빙과_김지연,143192,2007,1633808,96,5141,전환
2026-09-15,120252293850880659,[빙과_파인트_블프] 26.09_빙과블프_수동_전환_image_전체타겟,260911_물량실체,[26.09]F_I_P혼_전환_빙과블프_혜택강조형__.배너_물량.대세감.매거진형.글로벌프리미엄브랜드제치고1위한.SNS핫템.__고가영_260911_빙과_이채윤,58148,718,684572,48,0,전환
2026-09-15,120252293852320659,[빙과_파인트_블프] 26.09_빙과블프_수동_전환_image_전체타겟,260911_물량실체,[26.09]F_I_P혼_전환_빙과블프_혜택강조형__.배너_물량.대세감.사과문.저희도죄송스럽습니다.품절전지금쟁이세요.__고가영_260911_빙과_이채윤,7156,93,116482,3,0,전환
2026-09-15,120252293865220659,[빙과_파인트_블프] 26.09_빙과블프_수동_전환_image_전체타겟,260911_전문가권위,[26.09]F_I_P혼_전환_빙과블프_혜택강조형__.배너_권위자.성분.약사도픽한저당이라믿고쟁였어요.__고가영_260911_빙과_이채윤,3078,61,45256,0,0,전환
2026-09-15,120252293878030659,[빙과_파인트_블프] 26.09_빙과블프_수동_전환_image_전체타겟,260911_글로벌1위명분,[26.09]F_I_P혼_전환_빙과블프_혜택강조형__.배너_1위강조.공지형.내부공지.현장감.가격실수안내.직원실수.__고가영_260911_빙과_이채윤,1872,48,17358,0,0,전환
2026-09-15,120252293883790659,[빙과_파인트_블프] 26.09_빙과블프_수동_전환_image_전체타겟,260911_글로벌1위명분,[26.09]F_I_P혼_전환_빙과블프_혜택강조형__.배너_1위강조.네고형.라라스윗최초블랙프라이데이.역대최저가래요.__고가영_260911_빙과_이채윤,2,0,0,0,0,전환
2026-09-16,120252293389630659,[빙과_스틱바_복숭아쫀득] 26.09_쫀득바출시_수동_전환_video_전체타겟,[복숭아] 09.11 복숭아쫀득바_백정BP_렉카변환_정요한,[26.09]F_V_JD복_전환_복쫀바출시_신규BP_백정BP_var4.렉카_납작복숭아.렉카변환.당3g.X_스틱바P_황경원_260911_빙과_정요한,5545,74,126467,4,503,전환
2026-09-16,120252293569980659,[빙과_파인트_블프] 26.09_빙과블프_ASC_전환_video_전체타겟_9월 2주차,[빙과_파인트_블프] 26.09_빙과블프_ASC_전환_video_전체타겟_9월 2주차,[26.09]F_V_P혼_전환_빙과블프_네고형__main.릴스_공통.9월.수민PJ_파인트P_고가영_260911_빙과_김지연,16,0,215,0,2,전환
2026-09-16,120252293658020659,[빙과_파인트_블프] 26.09_빙과블프_수동_전환_video_전체타겟,9월 2주차_네고형_P혼,[26.09]F_V_P혼_전환_빙과블프_네고형__var2.릴스_최초블프.9월.수민PJ_파인트P_고가영_260911_빙과_김지연,83525,1183,1014104,80,2626,전환
2026-09-16,120252293659330659,[빙과_파인트_블프] 26.09_빙과블프_ASC_전환_video_전체타겟_9월 2주차,[빙과_파인트_블프] 26.09_빙과블프_ASC_전환_video_전체타겟_9월 2주차,[26.09]F_V_P혼_전환_빙과블프_네고형__var2.릴스_최초블프.9월.수민PJ_파인트P_고가영_260911_빙과_김지연,81544,1154,932935,58,2564,전환
2026-09-16,120252293849360659,[빙과_파인트_블프] 26.09_빙과블프_수동_전환_image_전체타겟,260911_물량실체,[26.09]F_I_P혼_전환_빙과블프_혜택강조형__.배너_물량.대세감.당을5배나낮춰.글로벌프리미엄브랜드제친기념.역대최저가블프.__고가영_260911_빙과_이채윤,201,6,6733,0,0,전환
2026-09-16,120252293850880659,[빙과_파인트_블프] 26.09_빙과블프_수동_전환_image_전체타겟,260911_물량실체,[26.09]F_I_P혼_전환_빙과블프_혜택강조형__.배너_물량.대세감.매거진형.글로벌프리미엄브랜드제치고1위한.SNS핫템.__고가영_260911_빙과_이채윤,69535,639,825397,51,0,전환
2026-09-16,120252293878030659,[빙과_파인트_블프] 26.09_빙과블프_수동_전환_image_전체타겟,260911_글로벌1위명분,[26.09]F_I_P혼_전환_빙과블프_혜택강조형__.배너_1위강조.공지형.내부공지.현장감.가격실수안내.직원실수.__고가영_260911_빙과_이채윤,1369,27,22155,0,0,전환
2026-09-17,120252293568580659,[빙과_파인트_블프] 26.09_빙과블프_수동_전환_video_전체타겟,9월 2주차_네고형_P혼,[26.09]F_V_P혼_전환_빙과블프_네고형__main.릴스_공통.9월.수민PJ_파인트P_고가영_260911_빙과_김지연,1,0,24,0,0,전환
2026-09-17,120252293569980659,[빙과_파인트_블프] 26.09_빙과블프_ASC_전환_video_전체타겟_9월 2주차,[빙과_파인트_블프] 26.09_빙과블프_ASC_전환_video_전체타겟_9월 2주차,[26.09]F_V_P혼_전환_빙과블프_네고형__main.릴스_공통.9월.수민PJ_파인트P_고가영_260911_빙과_김지연,28,0,476,0,1,전환
2026-09-17,120252293579700659,[빙과_파인트_블프] 26.09_빙과블프_수동_전환_video_전체타겟,9월 2주차_네고형_P혼,[26.09]F_V_P혼_전환_빙과블프_네고형__var1.릴스_숏.9월.수민PJ_파인트P_고가영_260911_빙과_김지연,52,2,772,0,0,전환
2026-09-17,120252293658020659,[빙과_파인트_블프] 26.09_빙과블프_수동_전환_video_전체타겟,9월 2주차_네고형_P혼,[26.09]F_V_P혼_전환_빙과블프_네고형__var2.릴스_최초블프.9월.수민PJ_파인트P_고가영_260911_빙과_김지연,56253,768,642072,36,1848,전환
2026-09-17,120252293659330659,[빙과_파인트_블프] 26.09_빙과블프_ASC_전환_video_전체타겟_9월 2주차,[빙과_파인트_블프] 26.09_빙과블프_ASC_전환_video_전체타겟_9월 2주차,[26.09]F_V_P혼_전환_빙과블프_네고형__var2.릴스_최초블프.9월.수민PJ_파인트P_고가영_260911_빙과_김지연,115592,1545,1234418,74,4143,전환
2026-09-17,120252293849360659,[빙과_파인트_블프] 26.09_빙과블프_수동_전환_image_전체타겟,260911_물량실체,[26.09]F_I_P혼_전환_빙과블프_혜택강조형__.배너_물량.대세감.당을5배나낮춰.글로벌프리미엄브랜드제친기념.역대최저가블프.__고가영_260911_빙과_이채윤,123,4,3119,0,0,전환
2026-09-17,120252293850880659,[빙과_파인트_블프] 26.09_빙과블프_수동_전환_image_전체타겟,260911_물량실체,[26.09]F_I_P혼_전환_빙과블프_혜택강조형__.배너_물량.대세감.매거진형.글로벌프리미엄브랜드제치고1위한.SNS핫템.__고가영_260911_빙과_이채윤,53923,572,700955,43,0,전환
2026-09-17,120252293852320659,[빙과_파인트_블프] 26.09_빙과블프_수동_전환_image_전체타겟,260911_물량실체,[26.09]F_I_P혼_전환_빙과블프_혜택강조형__.배너_물량.대세감.사과문.저희도죄송스럽습니다.품절전지금쟁이세요.__고가영_260911_빙과_이채윤,30155,374,486892,24,0,전환
2026-09-18,120252293568580659,[빙과_파인트_블프] 26.09_빙과블프_수동_전환_video_전체타겟,9월 2주차_네고형_P혼,[26.09]F_V_P혼_전환_빙과블프_네고형__main.릴스_공통.9월.수민PJ_파인트P_고가영_260911_빙과_김지연,29,0,484,0,1,전환
2026-09-18,120252293581690659,[빙과_파인트_블프] 26.09_빙과블프_ASC_전환_video_전체타겟_9월 2주차,[빙과_파인트_블프] 26.09_빙과블프_ASC_전환_video_전체타겟_9월 2주차,[26.09]F_V_P혼_전환_빙과블프_네고형__var1.릴스_숏.9월.수민PJ_파인트P_고가영_260911_빙과_김지연,288,3,3487,0,19,전환
2026-09-18,120252293658020659,[빙과_파인트_블프] 26.09_빙과블프_수동_전환_video_전체타겟,9월 2주차_네고형_P혼,[26.09]F_V_P혼_전환_빙과블프_네고형__var2.릴스_최초블프.9월.수민PJ_파인트P_고가영_260911_빙과_김지연,94542,1371,901439,58,3574,전환
2026-09-18,120252293659330659,[빙과_파인트_블프] 26.09_빙과블프_ASC_전환_video_전체타겟_9월 2주차,[빙과_파인트_블프] 26.09_빙과블프_ASC_전환_video_전체타겟_9월 2주차,[26.09]F_V_P혼_전환_빙과블프_네고형__var2.릴스_최초블프.9월.수민PJ_파인트P_고가영_260911_빙과_김지연,114731,1896,1133479,89,5035,전환
2026-09-18,120252293847110659,[빙과_파인트_블프] 26.09_빙과블프_수동_전환_image_전체타겟,260911_물량실체,[26.09]F_I_P혼_전환_빙과블프_혜택강조형__.배너_물량.대세감.글로벌프리미엄아이스크림제친.1위저당파인트.__고가영_260911_빙과_이채윤,1044,14,21836,0,0,전환
2026-09-18,120252293849360659,[빙과_파인트_블프] 26.09_빙과블프_수동_전환_image_전체타겟,260911_물량실체,[26.09]F_I_P혼_전환_빙과블프_혜택강조형__.배너_물량.대세감.당을5배나낮춰.글로벌프리미엄브랜드제친기념.역대최저가블프.__고가영_260911_빙과_이채윤,155,3,2888,0,0,전환
2026-09-18,120252293850880659,[빙과_파인트_블프] 26.09_빙과블프_수동_전환_image_전체타겟,260911_물량실체,[26.09]F_I_P혼_전환_빙과블프_혜택강조형__.배너_물량.대세감.매거진형.글로벌프리미엄브랜드제치고1위한.SNS핫템.__고가영_260911_빙과_이채윤,11607,166,182895,9,0,전환
2026-09-19,120252293409750659,[빙과_스틱바_복숭아쫀득] 26.09_쫀득바출시_ASC_전환_video_전체타겟,[복숭아] 09.11  복숭아쫀득바_백정BP_렉카변환_정요한,[26.09]F_V_JD복_전환_복쫀바출시_신규BP_백정BP_var4.렉카_납작복숭아.렉카변환.당3g.X_스틱바P_황경원_260911_빙과_정요한,1940,25,27718,0,233,전환
2026-09-19,120252293422920659,[빙과_스틱바_복숭아쫀득] 26.09_쫀득바출시_ASC_전환_video_전체타겟,[복숭아] 09.11  복숭아쫀득바_백정BP_렉카변환_정요한,[26.09]F_V_JD복_전환_복쫀바출시_신규BP_백정BP_var5.렉카_납작복숭아.렉카변환.슈기샤라웃.X_스틱바P_황경원_260911_빙과_정요한,8470,101,185304,8,714,전환
2026-09-19,120252293443970659,[빙과_스틱바_복숭아쫀득] 26.09_쫀득바출시_수동_전환_video_전체타겟,[복숭아] 09.11 복숭아쫀득바_백정BP_렉카변환_정요한,[26.09]F_V_JD복_전환_복쫀바출시_신규BP_백정BP_var7.렉카_납작복숭아.렉카변환.지금놓치면1년.X_스틱바P_황경원_260911_빙과_정요한,137,2,1527,0,15,전환
2026-09-19,120252293494210659,[빙과_스틱바_복숭아쫀득] 26.09_쫀득바출시_ASC_전환_video_전체타겟,[복숭아] 09.11 복숭아쫀득바_써우리BP_렉카변환_정요한,[26.09]F_V_JD복_전환_복쫀바출시_인물리뷰형_써우리BP_var10.렉카_편의점.렉카변환.유럽차원달라.X_스틱바P_황경원_260911_빙과_정요한,713,12,20421,0,77,전환
2026-09-19,120252293534510659,[빙과_스틱바_복숭아쫀득] 26.09_쫀득바출시_ASC_전환_video_전체타겟,[복숭아] 09.11 복숭아쫀득바_써우리BP_렉카변환_정요한,[26.09]F_V_JD복_전환_복쫀바출시_인물리뷰형_써우리BP_var11.렉카_편의점.렉카변환.지금놓치면1년.X_스틱바P_황경원_260911_빙과_정요한,2538,45,66208,0,204,전환
2026-09-19,120252293579700659,[빙과_파인트_블프] 26.09_빙과블프_수동_전환_video_전체타겟,9월 2주차_네고형_P혼,[26.09]F_V_P혼_전환_빙과블프_네고형__var1.릴스_숏.9월.수민PJ_파인트P_고가영_260911_빙과_김지연,461,5,5842,1,24,전환
2026-09-19,120252293581690659,[빙과_파인트_블프] 26.09_빙과블프_ASC_전환_video_전체타겟_9월 2주차,[빙과_파인트_블프] 26.09_빙과블프_ASC_전환_video_전체타겟_9월 2주차,[26.09]F_V_P혼_전환_빙과블프_네고형__var1.릴스_숏.9월.수민PJ_파인트P_고가영_260911_빙과_김지연,1,0,2,0,0,전환
2026-09-19,120252293599140659,[빙과_스틱바_복숭아쫀득] 26.09_쫀득바출시_ASC_전환_video_전체타겟,[복숭아] 09.11  복숭아쫀득바_백정BP_렉카변환_정요한,[26.09]F_V_JD복_전환_복쫀바출시_신규BP_백정BP_var7.렉카_납작복숭아.렉카변환.지금놓치면1년.X_스틱바P_황경원_260911_빙과_정요한,1079,18,21329,0,112,전환
2026-09-19,120252293633750659,[빙과_스틱바_복숭아쫀득] 26.09_쫀득바출시_ASC_전환_video_전체타겟,[복숭아] 09.11 복숭아쫀득바_써우리BP_렉카변환_정요한,[26.09]F_V_JD복_전환_복쫀바출시_인물리뷰형_써우리BP_var8.렉카_편의점.렉카변환.당3g.X_스틱바P_황경원_260911_빙과_정요한,76,3,1661,0,6,전환
2026-09-19,120252293658020659,[빙과_파인트_블프] 26.09_빙과블프_수동_전환_video_전체타겟,9월 2주차_네고형_P혼,[26.09]F_V_P혼_전환_빙과블프_네고형__var2.릴스_최초블프.9월.수민PJ_파인트P_고가영_260911_빙과_김지연,145373,1937,1463962,84,5237,전환
2026-09-19,120252293659330659,[빙과_파인트_블프] 26.09_빙과블프_ASC_전환_video_전체타겟_9월 2주차,[빙과_파인트_블프] 26.09_빙과블프_ASC_전환_video_전체타겟_9월 2주차,[26.09]F_V_P혼_전환_빙과블프_네고형__var2.릴스_최초블프.9월.수민PJ_파인트P_고가영_260911_빙과_김지연,47487,706,460688,25,2019,전환
2026-09-19,120252293850880659,[빙과_파인트_블프] 26.09_빙과블프_수동_전환_image_전체타겟,260911_물량실체,[26.09]F_I_P혼_전환_빙과블프_혜택강조형__.배너_물량.대세감.매거진형.글로벌프리미엄브랜드제치고1위한.SNS핫템.__고가영_260911_빙과_이채윤,10937,173,153912,16,0,전환
2026-09-19,120252293909980659,[빙과_스틱바_복숭아쫀득] 26.09_쫀득바출시_수동_전환_video_전체타겟,[복숭아] 09.11 복숭아쫀득바_백정BP_렉카변환_정요한,[26.09]F_V_JD복_전환_복쫀바출시_신규BP_백정BP_var5.렉카_납작복숭아.렉카변환.슈기샤라웃.X_스틱바P_황경원_260911_빙과_정요한,3,0,77,0,0,전환
2026-09-20,120252293389630659,[빙과_스틱바_복숭아쫀득] 26.09_쫀득바출시_수동_전환_video_전체타겟,[복숭아] 09.11 복숭아쫀득바_백정BP_렉카변환_정요한,[26.09]F_V_JD복_전환_복쫀바출시_신규BP_백정BP_var4.렉카_납작복숭아.렉카변환.당3g.X_스틱바P_황경원_260911_빙과_정요한,22,0,573,0,3,전환
2026-09-20,120252293422920659,[빙과_스틱바_복숭아쫀득] 26.09_쫀득바출시_ASC_전환_video_전체타겟,[복숭아] 09.11  복숭아쫀득바_백정BP_렉카변환_정요한,[26.09]F_V_JD복_전환_복쫀바출시_신규BP_백정BP_var5.렉카_납작복숭아.렉카변환.슈기샤라웃.X_스틱바P_황경원_260911_빙과_정요한,2638,22,57378,2,240,전환
2026-09-20,120252293443970659,[빙과_스틱바_복숭아쫀득] 26.09_쫀득바출시_수동_전환_video_전체타겟,[복숭아] 09.11 복숭아쫀득바_백정BP_렉카변환_정요한,[26.09]F_V_JD복_전환_복쫀바출시_신규BP_백정BP_var7.렉카_납작복숭아.렉카변환.지금놓치면1년.X_스틱바P_황경원_260911_빙과_정요한,9,0,305,0,1,전환
2026-09-20,120252293534510659,[빙과_스틱바_복숭아쫀득] 26.09_쫀득바출시_ASC_전환_video_전체타겟,[복숭아] 09.11 복숭아쫀득바_써우리BP_렉카변환_정요한,[26.09]F_V_JD복_전환_복쫀바출시_인물리뷰형_써우리BP_var11.렉카_편의점.렉카변환.지금놓치면1년.X_스틱바P_황경원_260911_빙과_정요한,1144,18,37424,1,93,전환
2026-09-20,120252293568580659,[빙과_파인트_블프] 26.09_빙과블프_수동_전환_video_전체타겟,9월 2주차_네고형_P혼,[26.09]F_V_P혼_전환_빙과블프_네고형__main.릴스_공통.9월.수민PJ_파인트P_고가영_260911_빙과_김지연,15,0,217,0,2,전환
2026-09-20,120252293569980659,[빙과_파인트_블프] 26.09_빙과블프_ASC_전환_video_전체타겟_9월 2주차,[빙과_파인트_블프] 26.09_빙과블프_ASC_전환_video_전체타겟_9월 2주차,[26.09]F_V_P혼_전환_빙과블프_네고형__main.릴스_공통.9월.수민PJ_파인트P_고가영_260911_빙과_김지연,68,1,1277,1,5,전환
2026-09-20,120252293579700659,[빙과_파인트_블프] 26.09_빙과블프_수동_전환_video_전체타겟,9월 2주차_네고형_P혼,[26.09]F_V_P혼_전환_빙과블프_네고형__var1.릴스_숏.9월.수민PJ_파인트P_고가영_260911_빙과_김지연,297,5,2961,0,11,전환
2026-09-20,120252293581690659,[빙과_파인트_블프] 26.09_빙과블프_ASC_전환_video_전체타겟_9월 2주차,[빙과_파인트_블프] 26.09_빙과블프_ASC_전환_video_전체타겟_9월 2주차,[26.09]F_V_P혼_전환_빙과블프_네고형__var1.릴스_숏.9월.수민PJ_파인트P_고가영_260911_빙과_김지연,661,9,6332,0,21,전환
2026-09-20,120252293599140659,[빙과_스틱바_복숭아쫀득] 26.09_쫀득바출시_ASC_전환_video_전체타겟,[복숭아] 09.11  복숭아쫀득바_백정BP_렉카변환_정요한,[26.09]F_V_JD복_전환_복쫀바출시_신규BP_백정BP_var7.렉카_납작복숭아.렉카변환.지금놓치면1년.X_스틱바P_황경원_260911_빙과_정요한,15,0,235,0,2,전환
2026-09-20,120252293633750659,[빙과_스틱바_복숭아쫀득] 26.09_쫀득바출시_ASC_전환_video_전체타겟,[복숭아] 09.11 복숭아쫀득바_써우리BP_렉카변환_정요한,[26.09]F_V_JD복_전환_복쫀바출시_인물리뷰형_써우리BP_var8.렉카_편의점.렉카변환.당3g.X_스틱바P_황경원_260911_빙과_정요한,565,9,19867,0,44,전환
2026-09-20,120252293644590659,[빙과_스틱바_복숭아쫀득] 26.09_쫀득바출시_ASC_전환_video_전체타겟,[복숭아] 09.11 복숭아쫀득바_써우리BP_렉카변환_정요한,[26.09]F_V_JD복_전환_복쫀바출시_인물리뷰형_써우리BP_var9.렉카_편의점.렉카변환.슈기샤라웃.X_스틱바P_황경원_260911_빙과_정요한,2558,40,81163,3,230,전환
2026-09-20,120252293658020659,[빙과_파인트_블프] 26.09_빙과블프_수동_전환_video_전체타겟,9월 2주차_네고형_P혼,[26.09]F_V_P혼_전환_빙과블프_네고형__var2.릴스_최초블프.9월.수민PJ_파인트P_고가영_260911_빙과_김지연,37735,569,446407,27,1395,전환
2026-09-20,120252293659330659,[빙과_파인트_블프] 26.09_빙과블프_ASC_전환_video_전체타겟_9월 2주차,[빙과_파인트_블프] 26.09_빙과블프_ASC_전환_video_전체타겟_9월 2주차,[26.09]F_V_P혼_전환_빙과블프_네고형__var2.릴스_최초블프.9월.수민PJ_파인트P_고가영_260911_빙과_김지연,25778,403,329444,18,1050,전환
2026-09-20,120252293847110659,[빙과_파인트_블프] 26.09_빙과블프_수동_전환_image_전체타겟,260911_물량실체,[26.09]F_I_P혼_전환_빙과블프_혜택강조형__.배너_물량.대세감.글로벌프리미엄아이스크림제친.1위저당파인트.__고가영_260911_빙과_이채윤,20,1,343,0,0,전환
2026-09-20,120252293850880659,[빙과_파인트_블프] 26.09_빙과블프_수동_전환_image_전체타겟,260911_물량실체,[26.09]F_I_P혼_전환_빙과블프_혜택강조형__.배너_물량.대세감.매거진형.글로벌프리미엄브랜드제치고1위한.SNS핫템.__고가영_260911_빙과_이채윤,16994,195,234836,12,0,전환
2026-09-20,120252293909980659,[빙과_스틱바_복숭아쫀득] 26.09_쫀득바출시_수동_전환_video_전체타겟,[복숭아] 09.11 복숭아쫀득바_백정BP_렉카변환_정요한,[26.09]F_V_JD복_전환_복쫀바출시_신규BP_백정BP_var5.렉카_납작복숭아.렉카변환.슈기샤라웃.X_스틱바P_황경원_260911_빙과_정요한,2,0,172,0,0,전환
2026-09-11,120252293920600659,[빙과_파인트_블프] 26.09_빙과블프_수동_전환_image_전체타겟,260911_글로벌1위명분,[26.09]F_I_P혼_전환_빙과블프_혜택강조형__.배너_대세감.이제다시는없어요.지금쟁이세요.박스샷.__고가영_260911_빙과_이채윤,628,19,12340,1,0,전환
2026-09-11,120252293970490659,[빙과_파인트_블프] 26.09_빙과블프_수동_전환_image_전체타겟,260911_파인트전제품,[26.09]F_I_P혼_전환_빙과블프_혜택강조형__.배너_영상.다신없을무제한100원.프리미엄원재료.__고가영_260911_빙과_김민우,112,0,1595,0,1,전환
2026-09-11,120252293972400659,[빙과_파인트_블프] 26.09_빙과블프_수동_전환_image_전체타겟,260911_파인트전제품,[26.09]F_I_P혼_전환_빙과블프_혜택강조형__.배너_라라스윗최초.블랙프라이데이특가.프리미엄원재료.고급젤라또그자체.__고가영_260911_빙과_김민우,23,0,410,0,0,전환
2026-09-11,120252293974500659,[빙과_파인트_블프] 26.09_빙과블프_수동_전환_image_전체타겟,260911_파인트전제품,[26.09]F_I_P혼_전환_빙과블프_혜택강조형__.배너_라라스윗최초시즌오프.1년중다신없을최저가.__고가영_260911_빙과_김민우,449,11,6862,0,0,전환
2026-09-11,120252293978450659,[빙과_파인트_블프] 26.09_빙과블프_수동_전환_image_전체타겟,260911_파인트전제품,[26.09]F_I_P혼_전환_빙과블프_혜택강조형__.배너_물량.대세감.글로벌프리미엄브랜드이기고1위기념.이벤트끝나면정상가.__고가영_260911_빙과_이채윤,70,3,1120,0,0,전환
2026-09-11,120252293979420659,[빙과_파인트_블프] 26.09_빙과블프_수동_전환_image_전체타겟,260911_파인트전제품,[26.09]F_I_P혼_전환_빙과블프_혜택강조형__.배너_미리구매하신분들죄송합니다.최초블프.다음주부터는비싸집니다.__고가영_260911_빙과_김민우,67,3,1312,0,0,전환
2026-09-11,120252293980850659,[빙과_파인트_블프] 26.09_빙과블프_수동_전환_image_전체타겟,260911_파인트전제품,[26.09]F_I_P혼_전환_빙과블프_혜택강조형__.배너_사과문.성원보답최초블랙프라이데이.__고가영_260911_빙과_김민우,375,9,6777,0,0,전환
2026-09-11,120252294102170659,[빙과_파인트_블프] 26.09_빙과블프_수동_전환_image_전체타겟,260911_빙과전제품,[26.09]F_I_혼합_전환_빙과블프_혜택강조형__.배너_라라스윗최초.블랙프라이데이특가.프리미엄원재료.고급젤라또그자체.__고가영_260911_빙과_김민우,5,0,302,0,0,전환
2026-09-11,120252294104900659,[빙과_파인트_블프] 26.09_빙과블프_수동_전환_image_전체타겟,260911_빙과전제품,[26.09]F_I_혼합_전환_빙과블프_혜택강조형__.배너_라라스윗최초시즌오프.1년중다신없을최저가.__고가영_260911_빙과_김민우,6,0,22,0,0,전환
2026-09-11,120252294106950659,[빙과_파인트_블프] 26.09_빙과블프_수동_전환_image_전체타겟,260911_빙과전제품,[26.09]F_I_혼합_전환_빙과블프_혜택강조형__.배너_사과문.성원보답최초블랙프라이데이.__고가영_260911_빙과_김민우,43,5,1105,0,0,전환
2026-09-11,120252294109160659,[빙과_파인트_블프] 26.09_빙과블프_수동_전환_image_전체타겟,260911_빙과전제품,[26.09]F_I_혼합_전환_빙과블프_혜택강조형__.배너_안사고버티신분들.저희가졌습니다.블랙프라이데이.__고가영_260911_빙과_김민우,1309,63,26827,5,0,전환
2026-09-11,120252294111780659,[빙과_파인트_블프] 26.09_빙과블프_수동_전환_image_전체타겟,260911_파인트전제품,[26.09]F_I_P혼_전환_빙과블프_혜택강조형__.배너_안사고버티신분들.저희가졌습니다.블랙프라이데이.__고가영_260911_빙과_김민우,25,0,1083,0,0,전환
2026-09-11,120252294115840659,[빙과_파인트_블프] 26.09_빙과블프_수동_전환_image_전체타겟,260911_파인트전제품,[26.09]F_I_P혼_전환_빙과블프_혜택강조형__.배너_지금아니면1년기다려야돼요.블프기념.사상최초블랙프라이데이.__고가영_260911_빙과_김민우,106,4,3080,0,0,전환
2026-09-11,120252294119100659,[빙과_파인트_블프] 26.09_빙과블프_수동_전환_image_전체타겟,260911_파인트전제품,[26.09]F_I_P혼_전환_빙과블프_혜택강조형__.배너_프리미엄원재료만사용해.쫀득함이젤라또그자체.다음주부터즉시종료.__고가영_260911_빙과_김민우,17,0,1174,0,0,전환
2026-09-11,120252294122020659,[빙과_파인트_블프] 26.09_빙과블프_수동_전환_image_전체타겟,260911_파인트전제품,[26.09]F_I_P혼_전환_빙과블프_혜택강조형__.배너_한달동안젤라또무한제공이.늘좋은원재료.아낌없이.1년중딱지금뿐인기회.__고가영_260911_빙과_김민우,28,1,543,0,0,전환
2026-09-11,120252294126430659,[빙과_파인트_블프] 26.09_빙과블프_수동_전환_image_전체타겟,260911_빙과전제품,[26.09]F_I_혼합_전환_빙과블프_혜택강조형__.배너_지금아니면1년기다려야돼요.블프기념.사상최초블랙프라이데이.__고가영_260911_빙과_김민우,8,0,136,0,0,전환
2026-09-11,120252294128790659,[빙과_파인트_블프] 26.09_빙과블프_수동_전환_image_전체타겟,260911_빙과전제품,[26.09]F_I_혼합_전환_빙과블프_혜택강조형__.배너_프리미엄원재료만사용해.쫀득함이젤라또그자체.다음주부터즉시종료.__고가영_260911_빙과_김민우,1,0,21,0,0,전환
2026-09-11,120252294134000659,[빙과_파인트_블프] 26.09_빙과블프_수동_전환_image_전체타겟,260911_빙과전제품,[26.09]F_I_혼합_전환_빙과블프_혜택강조형__.배너_한달동안아이스크림무한제공이.늘좋은원재료.아낌없이.1년중딱지금뿐인기회.__고가영_260911_빙과_김민우,11,1,261,1,0,전환
2026-09-11,120252294326140659,[빙과_파인트_블프] 26.09_빙과블프_수동_전환_image_전체타겟,260911_빙과전제품,[26.09]F_I_혼합_전환_빙과블프_혜택강조형__.배너_미리구매하신분들죄송합니다.최초블프.다음주부터는비싸집니다.__고가영_260911_빙과_김민우,2,0,17,0,0,전환
2026-09-11,120252294814430659,[빙과_초코바_블프] 26.09_빙과블프_수동_전환_image_전체타겟,260911_C혼_공지문,[26.09]F_I_C혼_전환_빙과블프_직원설득형__.배너_내부공지.가격실수.현장감.기대요소극대화.초코홍수.초코범벅.__김유진_2609011_빙과_이채윤,11,0,173,0,0,전환
2026-09-11,120252294815440659,[빙과_초코바_블프] 26.09_빙과블프_수동_전환_image_전체타겟,260911_C혼_공지문,[26.09]F_I_C혼_전환_빙과블프_직원설득형__.배너_내부공지.가격실수.현장감.기대요소극대화.크루아상.초코바조합.__김유진_2609011_빙과_이채윤,1,0,2,0,0,전환
2026-09-11,120252294817050659,[빙과_초코바_블프] 26.09_빙과블프_수동_전환_image_전체타겟,260911_C혼_공지문,[26.09]F_I_C혼_전환_빙과블프_직원설득형__.배너_내부공지.가격실수.현장감.라라스윗초코바권위.업그레이드.앞두고.__김유진_2609011_빙과_이채윤,29,3,477,0,0,전환
2026-09-11,120252294818210659,[빙과_초코바_블프] 26.09_빙과블프_수동_전환_image_전체타겟,260911_C혼_공지문,[26.09]F_I_C혼_전환_빙과블프_직원설득형__.배너_내부공지.가격실수.현장감.라라스윗초코바권위.저당권위.대기업카피캣.__김유진_2609011_빙과_이채윤,38,1,566,0,0,전환
2026-09-11,120252294821490659,[빙과_초코바_블프] 26.09_빙과블프_수동_전환_image_전체타겟,260911_C혼_공지문,[26.09]F_I_C혼_전환_빙과블프_직원설득형__.배너_내부공지.가격실수.현장감.페인포인트해소.가격.50만원.루X비통.아할점급혜자가격.__김유진_2609011_빙과_이채윤,52,1,672,0,0,전환
2026-09-11,120252294824390659,[빙과_초코바_블프] 26.09_빙과블프_수동_전환_image_전체타겟,260911_C혼_공지문,[26.09]F_I_C혼_전환_빙과블프_직원설득형__.배너_내부공지.가격실수.현장감.페인포인트해소.가격.고X바급.아할점급혜자가격.__김유진_2609011_빙과_이채윤,60,3,585,0,0,전환
2026-09-11,120252294825940659,[빙과_초코바_블프] 26.09_빙과블프_수동_전환_image_전체타겟,260911_C혼_공지문,[26.09]F_I_C혼_전환_빙과블프_직원설득형__.배너_내부공지.가격실수.현장감.페인포인트해소.상황.당떨어질때한입.급속충전.__김유진_2609011_빙과_이채윤,1,0,16,0,0,전환
2026-09-11,120252294827260659,[빙과_초코바_블프] 26.09_빙과블프_수동_전환_image_전체타겟,260911_C혼_공지문,[26.09]F_I_C혼_전환_빙과블프_직원설득형__.배너_내부공지.가격실수.현장감.페인포인트해소.저당.님S초코컵.__김유진_2609011_빙과_이채윤,11,0,79,0,0,전환
2026-09-11,120252294828960659,[빙과_초코바_블프] 26.09_빙과블프_수동_전환_image_전체타겟,260911_C혼_공지문,[26.09]F_I_C혼_전환_빙과블프_직원설득형__.배너_내부공지.가격실수.현장감.페인포인트해소.저당.몰X져스말먹급콰작.__김유진_2609011_빙과_이채윤,1,0,5,0,0,전환
2026-09-11,120252294834560659,[빙과_초코바_블프] 26.09_빙과블프_수동_전환_image_전체타겟,260911_C혼_공지문,[26.09]F_I_C혼_전환_빙과블프_직원설득형__.배너_내부공지.가격실수.현장감.페인포인트해소.저당.초코테린느.__김유진_2609011_빙과_이채윤,12,0,241,0,0,전환
2026-09-11,120252294908390659,[빙과_초코바_블프] 26.09_빙과블프_ASC_전환_image_전체타겟_혜택+기타,[빙과_초코바_블프] 26.09_빙과블프_ASC_전환_image_전체타겟,[26.09]F_I_C혼_전환_빙과블프_제품강조형__.배너_영상.기대요소극대화.규모감.비주얼.안다르.초코홍수급퐁듀.__김유진_2609011_빙과_이채윤,120,2,1892,0,9,전환
2026-09-11,120252294913720659,[빙과_초코바_블프] 26.09_빙과블프_ASC_전환_image_전체타겟_혜택+기타,[빙과_초코바_블프] 26.09_빙과블프_ASC_전환_image_전체타겟,[26.09]F_I_C혼_전환_빙과블프_제품강조형__.배너_영상.페인포인트해소.상황.초코홍수습퐁듀.블프.__김유진_2609011_빙과_이채윤,121,3,2186,0,19,전환
2026-09-11,120252294917190659,[빙과_초코바_블프] 26.09_빙과블프_수동_전환_image_전체타겟,260911_C혼_기타,[26.09]F_I_C혼_전환_빙과블프_혜택강조형__.배너_역대급당충전하세요.무제한초코먹방.단면떼샷.__김유진_2609011_빙과_이채윤,23,0,359,0,0,전환
2026-09-11,120252294918750659,[빙과_초코바_블프] 26.09_빙과블프_수동_전환_image_전체타겟,260911_C혼_기타,[26.09]F_I_C혼_전환_빙과블프_혜택강조형__.배너_역대급당충전하세요.무제한초코먹방.초코파인트.초코바떼샷.__김유진_2609011_빙과_이채윤,3,0,82,0,0,전환
2026-09-11,120252294923860659,[빙과_초코바_블프] 26.09_빙과블프_수동_전환_image_전체타겟,260911_C혼_기타,[26.09]F_I_C혼_전환_빙과블프_혜택강조형__.배너_역대급프로모션.떼샷.박스샷.초코파인트.초코바.__김유진_2609011_빙과_이채윤,7,0,59,0,0,전환
2026-09-11,120252295025940659,[빙과_초코바_블프] 26.09_빙과블프_수동_전환_image_전체타겟,260911_C혼_혜택,[26.09]F_I_C혼_전환_빙과블프_제품강조형__.배너_혜택.비주얼.기대요소극대화.다시는없습니다.초코홍수.초코범벅.__김유진_2609011_빙과_이채윤,4,0,60,0,0,전환
2026-09-11,120252295028820659,[빙과_초코바_블프] 26.09_빙과블프_수동_전환_image_전체타겟,260911_C혼_혜택,[26.09]F_I_C혼_전환_빙과블프_제품강조형__.배너_혜택.비주얼.기대요소극대화.다시는없습니다.크루아상.초코바조합.__김유진_2609011_빙과_이채윤,28,0,301,0,0,전환
2026-09-11,120252295031290659,[빙과_초코바_블프] 26.09_빙과블프_수동_전환_image_전체타겟,260911_C혼_혜택,[26.09]F_I_C혼_전환_빙과블프_제품강조형__.배너_혜택.비주얼.페인포인트해소.가격.다시는없습니다.50만원.루X비통.__김유진_2609011_빙과_이채윤,8,0,248,0,0,전환
2026-09-11,120252295034620659,[빙과_초코바_블프] 26.09_빙과블프_수동_전환_image_전체타겟,260911_C혼_혜택,[26.09]F_I_C혼_전환_빙과블프_제품강조형__.배너_혜택.비주얼.페인포인트해소.가격.다시는없습니다.고X바급.__김유진_2609011_빙과_이채윤,1,0,13,0,0,전환
2026-09-11,120252295038030659,[빙과_초코바_블프] 26.09_빙과블프_수동_전환_image_전체타겟,260911_C혼_혜택,[26.09]F_I_C혼_전환_빙과블프_제품강조형__.배너_혜택.비주얼.페인포인트해소.가격.다시는없습니다.로X스초콜릿.__김유진_2609011_빙과_이채윤,12,2,371,0,0,전환
2026-09-11,120252295094410659,[빙과_초코바_블프] 26.09_빙과블프_ASC_전환_image_전체타겟_공지문,[빙과_초코바_블프] 26.09_빙과블프_ASC_전환_image_전체타겟,[26.09]F_I_C혼_전환_빙과블프_직원설득형__.배너_내부공지.가격실수.현장감.기대요소극대화.크루아상.초코바조합.__김유진_2609011_빙과_이채윤,23,1,318,0,0,전환
2026-09-12,120252293920600659,[빙과_파인트_블프] 26.09_빙과블프_수동_전환_image_전체타겟,260911_글로벌1위명분,[26.09]F_I_P혼_전환_빙과블프_혜택강조형__.배너_대세감.이제다시는없어요.지금쟁이세요.박스샷.__고가영_260911_빙과_이채윤,5168,55,67433,3,0,전환
2026-09-12,120252293970490659,[빙과_파인트_블프] 26.09_빙과블프_수동_전환_image_전체타겟,260911_파인트전제품,[26.09]F_I_P혼_전환_빙과블프_혜택강조형__.배너_영상.다신없을무제한100원.프리미엄원재료.__고가영_260911_빙과_김민우,4,0,17,0,0,전환
2026-09-12,120252293972400659,[빙과_파인트_블프] 26.09_빙과블프_수동_전환_image_전체타겟,260911_파인트전제품,[26.09]F_I_P혼_전환_빙과블프_혜택강조형__.배너_라라스윗최초.블랙프라이데이특가.프리미엄원재료.고급젤라또그자체.__고가영_260911_빙과_김민우,10,0,108,0,0,전환
2026-09-12,120252293974500659,[빙과_파인트_블프] 26.09_빙과블프_수동_전환_image_전체타겟,260911_파인트전제품,[26.09]F_I_P혼_전환_빙과블프_혜택강조형__.배너_라라스윗최초시즌오프.1년중다신없을최저가.__고가영_260911_빙과_김민우,60,2,732,0,0,전환
2026-09-12,120252293978450659,[빙과_파인트_블프] 26.09_빙과블프_수동_전환_image_전체타겟,260911_파인트전제품,[26.09]F_I_P혼_전환_빙과블프_혜택강조형__.배너_물량.대세감.글로벌프리미엄브랜드이기고1위기념.이벤트끝나면정상가.__고가영_260911_빙과_이채윤,29,0,637,0,0,전환
2026-09-12,120252293979420659,[빙과_파인트_블프] 26.09_빙과블프_수동_전환_image_전체타겟,260911_파인트전제품,[26.09]F_I_P혼_전환_빙과블프_혜택강조형__.배너_미리구매하신분들죄송합니다.최초블프.다음주부터는비싸집니다.__고가영_260911_빙과_김민우,24,0,351,0,0,전환
2026-09-12,120252293980850659,[빙과_파인트_블프] 26.09_빙과블프_수동_전환_image_전체타겟,260911_파인트전제품,[26.09]F_I_P혼_전환_빙과블프_혜택강조형__.배너_사과문.성원보답최초블랙프라이데이.__고가영_260911_빙과_김민우,9799,187,105300,5,0,전환
2026-09-12,120252294102170659,[빙과_파인트_블프] 26.09_빙과블프_수동_전환_image_전체타겟,260911_빙과전제품,[26.09]F_I_혼합_전환_빙과블프_혜택강조형__.배너_라라스윗최초.블랙프라이데이특가.프리미엄원재료.고급젤라또그자체.__고가영_260911_빙과_김민우,10,1,179,0,0,전환
2026-09-12,120252294104900659,[빙과_파인트_블프] 26.09_빙과블프_수동_전환_image_전체타겟,260911_빙과전제품,[26.09]F_I_혼합_전환_빙과블프_혜택강조형__.배너_라라스윗최초시즌오프.1년중다신없을최저가.__고가영_260911_빙과_김민우,7,1,141,0,0,전환
2026-09-12,120252294106950659,[빙과_파인트_블프] 26.09_빙과블프_수동_전환_image_전체타겟,260911_빙과전제품,[26.09]F_I_혼합_전환_빙과블프_혜택강조형__.배너_사과문.성원보답최초블랙프라이데이.__고가영_260911_빙과_김민우,546,16,8702,0,0,전환
2026-09-12,120252294109160659,[빙과_파인트_블프] 26.09_빙과블프_수동_전환_image_전체타겟,260911_빙과전제품,[26.09]F_I_혼합_전환_빙과블프_혜택강조형__.배너_안사고버티신분들.저희가졌습니다.블랙프라이데이.__고가영_260911_빙과_김민우,7730,184,151960,9,0,전환
2026-09-12,120252294111780659,[빙과_파인트_블프] 26.09_빙과블프_수동_전환_image_전체타겟,260911_파인트전제품,[26.09]F_I_P혼_전환_빙과블프_혜택강조형__.배너_안사고버티신분들.저희가졌습니다.블랙프라이데이.__고가영_260911_빙과_김민우,21,3,259,0,0,전환
2026-09-12,120252294115840659,[빙과_파인트_블프] 26.09_빙과블프_수동_전환_image_전체타겟,260911_파인트전제품,[26.09]F_I_P혼_전환_빙과블프_혜택강조형__.배너_지금아니면1년기다려야돼요.블프기념.사상최초블랙프라이데이.__고가영_260911_빙과_김민우,51,4,700,0,0,전환
2026-09-12,120252294119100659,[빙과_파인트_블프] 26.09_빙과블프_수동_전환_image_전체타겟,260911_파인트전제품,[26.09]F_I_P혼_전환_빙과블프_혜택강조형__.배너_프리미엄원재료만사용해.쫀득함이젤라또그자체.다음주부터즉시종료.__고가영_260911_빙과_김민우,24,0,217,0,0,전환
2026-09-12,120252294122020659,[빙과_파인트_블프] 26.09_빙과블프_수동_전환_image_전체타겟,260911_파인트전제품,[26.09]F_I_P혼_전환_빙과블프_혜택강조형__.배너_한달동안젤라또무한제공이.늘좋은원재료.아낌없이.1년중딱지금뿐인기회.__고가영_260911_빙과_김민우,6,0,79,0,0,전환
2026-09-12,120252294126430659,[빙과_파인트_블프] 26.09_빙과블프_수동_전환_image_전체타겟,260911_빙과전제품,[26.09]F_I_혼합_전환_빙과블프_혜택강조형__.배너_지금아니면1년기다려야돼요.블프기념.사상최초블랙프라이데이.__고가영_260911_빙과_김민우,25,0,987,0,0,전환
2026-09-12,120252294128790659,[빙과_파인트_블프] 26.09_빙과블프_수동_전환_image_전체타겟,260911_빙과전제품,[26.09]F_I_혼합_전환_빙과블프_혜택강조형__.배너_프리미엄원재료만사용해.쫀득함이젤라또그자체.다음주부터즉시종료.__고가영_260911_빙과_김민우,24,0,505,0,0,전환
2026-09-12,120252294134000659,[빙과_파인트_블프] 26.09_빙과블프_수동_전환_image_전체타겟,260911_빙과전제품,[26.09]F_I_혼합_전환_빙과블프_혜택강조형__.배너_한달동안아이스크림무한제공이.늘좋은원재료.아낌없이.1년중딱지금뿐인기회.__고가영_260911_빙과_김민우,5,0,105,0,0,전환
2026-09-12,120252294326140659,[빙과_파인트_블프] 26.09_빙과블프_수동_전환_image_전체타겟,260911_빙과전제품,[26.09]F_I_혼합_전환_빙과블프_혜택강조형__.배너_미리구매하신분들죄송합니다.최초블프.다음주부터는비싸집니다.__고가영_260911_빙과_김민우,28,0,452,0,0,전환
2026-09-12,120252294814430659,[빙과_초코바_블프] 26.09_빙과블프_수동_전환_image_전체타겟,260911_C혼_공지문,[26.09]F_I_C혼_전환_빙과블프_직원설득형__.배너_내부공지.가격실수.현장감.기대요소극대화.초코홍수.초코범벅.__김유진_2609011_빙과_이채윤,565,13,7064,0,0,전환
2026-09-12,120252294815440659,[빙과_초코바_블프] 26.09_빙과블프_수동_전환_image_전체타겟,260911_C혼_공지문,[26.09]F_I_C혼_전환_빙과블프_직원설득형__.배너_내부공지.가격실수.현장감.기대요소극대화.크루아상.초코바조합.__김유진_2609011_빙과_이채윤,2447,78,30629,2,0,전환
2026-09-12,120252294817050659,[빙과_초코바_블프] 26.09_빙과블프_수동_전환_image_전체타겟,260911_C혼_공지문,[26.09]F_I_C혼_전환_빙과블프_직원설득형__.배너_내부공지.가격실수.현장감.라라스윗초코바권위.업그레이드.앞두고.__김유진_2609011_빙과_이채윤,1554,46,20983,0,0,전환
2026-09-12,120252294818210659,[빙과_초코바_블프] 26.09_빙과블프_수동_전환_image_전체타겟,260911_C혼_공지문,[26.09]F_I_C혼_전환_빙과블프_직원설득형__.배너_내부공지.가격실수.현장감.라라스윗초코바권위.저당권위.대기업카피캣.__김유진_2609011_빙과_이채윤,237,8,3406,0,0,전환
2026-09-12,120252294821490659,[빙과_초코바_블프] 26.09_빙과블프_수동_전환_image_전체타겟,260911_C혼_공지문,[26.09]F_I_C혼_전환_빙과블프_직원설득형__.배너_내부공지.가격실수.현장감.페인포인트해소.가격.50만원.루X비통.아할점급혜자가격.__김유진_2609011_빙과_이채윤,717,22,9606,0,0,전환
2026-09-12,120252294824390659,[빙과_초코바_블프] 26.09_빙과블프_수동_전환_image_전체타겟,260911_C혼_공지문,[26.09]F_I_C혼_전환_빙과블프_직원설득형__.배너_내부공지.가격실수.현장감.페인포인트해소.가격.고X바급.아할점급혜자가격.__김유진_2609011_빙과_이채윤,1087,39,16211,0,0,전환
2026-09-12,120252294825940659,[빙과_초코바_블프] 26.09_빙과블프_수동_전환_image_전체타겟,260911_C혼_공지문,[26.09]F_I_C혼_전환_빙과블프_직원설득형__.배너_내부공지.가격실수.현장감.페인포인트해소.상황.당떨어질때한입.급속충전.__김유진_2609011_빙과_이채윤,859,24,13660,0,0,전환
2026-09-12,120252294827260659,[빙과_초코바_블프] 26.09_빙과블프_수동_전환_image_전체타겟,260911_C혼_공지문,[26.09]F_I_C혼_전환_빙과블프_직원설득형__.배너_내부공지.가격실수.현장감.페인포인트해소.저당.님S초코컵.__김유진_2609011_빙과_이채윤,244,7,3961,0,0,전환
2026-09-12,120252294828960659,[빙과_초코바_블프] 26.09_빙과블프_수동_전환_image_전체타겟,260911_C혼_공지문,[26.09]F_I_C혼_전환_빙과블프_직원설득형__.배너_내부공지.가격실수.현장감.페인포인트해소.저당.몰X져스말먹급콰작.__김유진_2609011_빙과_이채윤,133,3,2049,2,0,전환
2026-09-12,120252294834560659,[빙과_초코바_블프] 26.09_빙과블프_수동_전환_image_전체타겟,260911_C혼_공지문,[26.09]F_I_C혼_전환_빙과블프_직원설득형__.배너_내부공지.가격실수.현장감.페인포인트해소.저당.초코테린느.__김유진_2609011_빙과_이채윤,97,1,1357,0,0,전환
2026-09-12,120252294908390659,[빙과_초코바_블프] 26.09_빙과블프_ASC_전환_image_전체타겟_혜택+기타,[빙과_초코바_블프] 26.09_빙과블프_ASC_전환_image_전체타겟,[26.09]F_I_C혼_전환_빙과블프_제품강조형__.배너_영상.기대요소극대화.규모감.비주얼.안다르.초코홍수급퐁듀.__김유진_2609011_빙과_이채윤,1140,22,20448,1,111,전환
2026-09-12,120252294913720659,[빙과_초코바_블프] 26.09_빙과블프_ASC_전환_image_전체타겟_혜택+기타,[빙과_초코바_블프] 26.09_빙과블프_ASC_전환_image_전체타겟,[26.09]F_I_C혼_전환_빙과블프_제품강조형__.배너_영상.페인포인트해소.상황.초코홍수습퐁듀.블프.__김유진_2609011_빙과_이채윤,362,6,7301,0,29,전환
2026-09-12,120252294917190659,[빙과_초코바_블프] 26.09_빙과블프_수동_전환_image_전체타겟,260911_C혼_기타,[26.09]F_I_C혼_전환_빙과블프_혜택강조형__.배너_역대급당충전하세요.무제한초코먹방.단면떼샷.__김유진_2609011_빙과_이채윤,1161,37,23868,1,0,전환
2026-09-12,120252294918750659,[빙과_초코바_블프] 26.09_빙과블프_수동_전환_image_전체타겟,260911_C혼_기타,[26.09]F_I_C혼_전환_빙과블프_혜택강조형__.배너_역대급당충전하세요.무제한초코먹방.초코파인트.초코바떼샷.__김유진_2609011_빙과_이채윤,903,24,15183,1,0,전환
2026-09-12,120252294923860659,[빙과_초코바_블프] 26.09_빙과블프_수동_전환_image_전체타겟,260911_C혼_기타,[26.09]F_I_C혼_전환_빙과블프_혜택강조형__.배너_역대급프로모션.떼샷.박스샷.초코파인트.초코바.__김유진_2609011_빙과_이채윤,484,13,11571,1,0,전환
2026-09-12,120252295025940659,[빙과_초코바_블프] 26.09_빙과블프_수동_전환_image_전체타겟,260911_C혼_혜택,[26.09]F_I_C혼_전환_빙과블프_제품강조형__.배너_혜택.비주얼.기대요소극대화.다시는없습니다.초코홍수.초코범벅.__김유진_2609011_빙과_이채윤,281,7,6114,0,0,전환
2026-09-12,120252295028820659,[빙과_초코바_블프] 26.09_빙과블프_수동_전환_image_전체타겟,260911_C혼_혜택,[26.09]F_I_C혼_전환_빙과블프_제품강조형__.배너_혜택.비주얼.기대요소극대화.다시는없습니다.크루아상.초코바조합.__김유진_2609011_빙과_이채윤,5088,156,77669,4,0,전환
2026-09-12,120252295031290659,[빙과_초코바_블프] 26.09_빙과블프_수동_전환_image_전체타겟,260911_C혼_혜택,[26.09]F_I_C혼_전환_빙과블프_제품강조형__.배너_혜택.비주얼.페인포인트해소.가격.다시는없습니다.50만원.루X비통.__김유진_2609011_빙과_이채윤,285,8,6985,0,0,전환
2026-09-12,120252295034620659,[빙과_초코바_블프] 26.09_빙과블프_수동_전환_image_전체타겟,260911_C혼_혜택,[26.09]F_I_C혼_전환_빙과블프_제품강조형__.배너_혜택.비주얼.페인포인트해소.가격.다시는없습니다.고X바급.__김유진_2609011_빙과_이채윤,681,19,15214,0,0,전환
2026-09-12,120252295038030659,[빙과_초코바_블프] 26.09_빙과블프_수동_전환_image_전체타겟,260911_C혼_혜택,[26.09]F_I_C혼_전환_빙과블프_제품강조형__.배너_혜택.비주얼.페인포인트해소.가격.다시는없습니다.로X스초콜릿.__김유진_2609011_빙과_이채윤,337,9,9611,0,0,전환
2026-09-12,120252295094410659,[빙과_초코바_블프] 26.09_빙과블프_ASC_전환_image_전체타겟_공지문,[빙과_초코바_블프] 26.09_빙과블프_ASC_전환_image_전체타겟,[26.09]F_I_C혼_전환_빙과블프_직원설득형__.배너_내부공지.가격실수.현장감.기대요소극대화.크루아상.초코바조합.__김유진_2609011_빙과_이채윤,1028,45,18985,1,0,전환
2026-09-13,120252293970490659,[빙과_파인트_블프] 26.09_빙과블프_수동_전환_image_전체타겟,260911_파인트전제품,[26.09]F_I_P혼_전환_빙과블프_혜택강조형__.배너_영상.다신없을무제한100원.프리미엄원재료.__고가영_260911_빙과_김민우,125,2,2180,0,6,전환
2026-09-13,120252293972400659,[빙과_파인트_블프] 26.09_빙과블프_수동_전환_image_전체타겟,260911_파인트전제품,[26.09]F_I_P혼_전환_빙과블프_혜택강조형__.배너_라라스윗최초.블랙프라이데이특가.프리미엄원재료.고급젤라또그자체.__고가영_260911_빙과_김민우,7,0,159,0,0,전환
2026-09-13,120252293974500659,[빙과_파인트_블프] 26.09_빙과블프_수동_전환_image_전체타겟,260911_파인트전제품,[26.09]F_I_P혼_전환_빙과블프_혜택강조형__.배너_라라스윗최초시즌오프.1년중다신없을최저가.__고가영_260911_빙과_김민우,1378,30,24659,0,0,전환
2026-09-13,120252293978450659,[빙과_파인트_블프] 26.09_빙과블프_수동_전환_image_전체타겟,260911_파인트전제품,[26.09]F_I_P혼_전환_빙과블프_혜택강조형__.배너_물량.대세감.글로벌프리미엄브랜드이기고1위기념.이벤트끝나면정상가.__고가영_260911_빙과_이채윤,120,0,1766,0,0,전환
2026-09-13,120252293979420659,[빙과_파인트_블프] 26.09_빙과블프_수동_전환_image_전체타겟,260911_파인트전제품,[26.09]F_I_P혼_전환_빙과블프_혜택강조형__.배너_미리구매하신분들죄송합니다.최초블프.다음주부터는비싸집니다.__고가영_260911_빙과_김민우,29,0,394,0,0,전환
2026-09-13,120252294102170659,[빙과_파인트_블프] 26.09_빙과블프_수동_전환_image_전체타겟,260911_빙과전제품,[26.09]F_I_혼합_전환_빙과블프_혜택강조형__.배너_라라스윗최초.블랙프라이데이특가.프리미엄원재료.고급젤라또그자체.__고가영_260911_빙과_김민우,242,8,3018,0,0,전환
2026-09-13,120252294104900659,[빙과_파인트_블프] 26.09_빙과블프_수동_전환_image_전체타겟,260911_빙과전제품,[26.09]F_I_혼합_전환_빙과블프_혜택강조형__.배너_라라스윗최초시즌오프.1년중다신없을최저가.__고가영_260911_빙과_김민우,10,2,161,0,0,전환
2026-09-13,120252294106950659,[빙과_파인트_블프] 26.09_빙과블프_수동_전환_image_전체타겟,260911_빙과전제품,[26.09]F_I_혼합_전환_빙과블프_혜택강조형__.배너_사과문.성원보답최초블랙프라이데이.__고가영_260911_빙과_김민우,13278,255,144217,11,0,전환
2026-09-13,120252294109160659,[빙과_파인트_블프] 26.09_빙과블프_수동_전환_image_전체타겟,260911_빙과전제품,[26.09]F_I_혼합_전환_빙과블프_혜택강조형__.배너_안사고버티신분들.저희가졌습니다.블랙프라이데이.__고가영_260911_빙과_김민우,5703,170,123934,7,0,전환
2026-09-13,120252294111780659,[빙과_파인트_블프] 26.09_빙과블프_수동_전환_image_전체타겟,260911_파인트전제품,[26.09]F_I_P혼_전환_빙과블프_혜택강조형__.배너_안사고버티신분들.저희가졌습니다.블랙프라이데이.__고가영_260911_빙과_김민우,95,4,3217,0,0,전환
2026-09-13,120252294115840659,[빙과_파인트_블프] 26.09_빙과블프_수동_전환_image_전체타겟,260911_파인트전제품,[26.09]F_I_P혼_전환_빙과블프_혜택강조형__.배너_지금아니면1년기다려야돼요.블프기념.사상최초블랙프라이데이.__고가영_260911_빙과_김민우,3215,62,62953,3,0,전환
2026-09-13,120252294119100659,[빙과_파인트_블프] 26.09_빙과블프_수동_전환_image_전체타겟,260911_파인트전제품,[26.09]F_I_P혼_전환_빙과블프_혜택강조형__.배너_프리미엄원재료만사용해.쫀득함이젤라또그자체.다음주부터즉시종료.__고가영_260911_빙과_김민우,17,1,238,0,0,전환
2026-09-13,120252294122020659,[빙과_파인트_블프] 26.09_빙과블프_수동_전환_image_전체타겟,260911_파인트전제품,[26.09]F_I_P혼_전환_빙과블프_혜택강조형__.배너_한달동안젤라또무한제공이.늘좋은원재료.아낌없이.1년중딱지금뿐인기회.__고가영_260911_빙과_김민우,21,1,477,0,0,전환
2026-09-13,120252294126430659,[빙과_파인트_블프] 26.09_빙과블프_수동_전환_image_전체타겟,260911_빙과전제품,[26.09]F_I_혼합_전환_빙과블프_혜택강조형__.배너_지금아니면1년기다려야돼요.블프기념.사상최초블랙프라이데이.__고가영_260911_빙과_김민우,175,3,2619,1,0,전환
2026-09-13,120252294128790659,[빙과_파인트_블프] 26.09_빙과블프_수동_전환_image_전체타겟,260911_빙과전제품,[26.09]F_I_혼합_전환_빙과블프_혜택강조형__.배너_프리미엄원재료만사용해.쫀득함이젤라또그자체.다음주부터즉시종료.__고가영_260911_빙과_김민우,31,0,489,0,0,전환
2026-09-13,120252294134000659,[빙과_파인트_블프] 26.09_빙과블프_수동_전환_image_전체타겟,260911_빙과전제품,[26.09]F_I_혼합_전환_빙과블프_혜택강조형__.배너_한달동안아이스크림무한제공이.늘좋은원재료.아낌없이.1년중딱지금뿐인기회.__고가영_260911_빙과_김민우,214,9,3726,1,0,전환
2026-09-13,120252294326140659,[빙과_파인트_블프] 26.09_빙과블프_수동_전환_image_전체타겟,260911_빙과전제품,[26.09]F_I_혼합_전환_빙과블프_혜택강조형__.배너_미리구매하신분들죄송합니다.최초블프.다음주부터는비싸집니다.__고가영_260911_빙과_김민우,24,0,160,0,0,전환
2026-09-13,120252294814430659,[빙과_초코바_블프] 26.09_빙과블프_수동_전환_image_전체타겟,260911_C혼_공지문,[26.09]F_I_C혼_전환_빙과블프_직원설득형__.배너_내부공지.가격실수.현장감.기대요소극대화.초코홍수.초코범벅.__김유진_2609011_빙과_이채윤,1043,28,10524,0,0,전환
2026-09-13,120252294815440659,[빙과_초코바_블프] 26.09_빙과블프_수동_전환_image_전체타겟,260911_C혼_공지문,[26.09]F_I_C혼_전환_빙과블프_직원설득형__.배너_내부공지.가격실수.현장감.기대요소극대화.크루아상.초코바조합.__김유진_2609011_빙과_이채윤,2227,54,21186,0,0,전환
2026-09-13,120252294818210659,[빙과_초코바_블프] 26.09_빙과블프_수동_전환_image_전체타겟,260911_C혼_공지문,[26.09]F_I_C혼_전환_빙과블프_직원설득형__.배너_내부공지.가격실수.현장감.라라스윗초코바권위.저당권위.대기업카피캣.__김유진_2609011_빙과_이채윤,1669,49,21578,2,0,전환
2026-09-13,120252294821490659,[빙과_초코바_블프] 26.09_빙과블프_수동_전환_image_전체타겟,260911_C혼_공지문,[26.09]F_I_C혼_전환_빙과블프_직원설득형__.배너_내부공지.가격실수.현장감.페인포인트해소.가격.50만원.루X비통.아할점급혜자가격.__김유진_2609011_빙과_이채윤,1381,32,15911,0,0,전환
2026-09-13,120252294827260659,[빙과_초코바_블프] 26.09_빙과블프_수동_전환_image_전체타겟,260911_C혼_공지문,[26.09]F_I_C혼_전환_빙과블프_직원설득형__.배너_내부공지.가격실수.현장감.페인포인트해소.저당.님S초코컵.__김유진_2609011_빙과_이채윤,1583,38,19536,0,0,전환
2026-09-13,120252294828960659,[빙과_초코바_블프] 26.09_빙과블프_수동_전환_image_전체타겟,260911_C혼_공지문,[26.09]F_I_C혼_전환_빙과블프_직원설득형__.배너_내부공지.가격실수.현장감.페인포인트해소.저당.몰X져스말먹급콰작.__김유진_2609011_빙과_이채윤,58,1,710,0,0,전환
2026-09-13,120252294834560659,[빙과_초코바_블프] 26.09_빙과블프_수동_전환_image_전체타겟,260911_C혼_공지문,[26.09]F_I_C혼_전환_빙과블프_직원설득형__.배너_내부공지.가격실수.현장감.페인포인트해소.저당.초코테린느.__김유진_2609011_빙과_이채윤,79,4,779,0,0,전환
2026-09-13,120252294913720659,[빙과_초코바_블프] 26.09_빙과블프_ASC_전환_image_전체타겟_혜택+기타,[빙과_초코바_블프] 26.09_빙과블프_ASC_전환_image_전체타겟,[26.09]F_I_C혼_전환_빙과블프_제품강조형__.배너_영상.페인포인트해소.상황.초코홍수습퐁듀.블프.__김유진_2609011_빙과_이채윤,513,14,10618,0,44,전환
2026-09-13,120252294918750659,[빙과_초코바_블프] 26.09_빙과블프_수동_전환_image_전체타겟,260911_C혼_기타,[26.09]F_I_C혼_전환_빙과블프_혜택강조형__.배너_역대급당충전하세요.무제한초코먹방.초코파인트.초코바떼샷.__김유진_2609011_빙과_이채윤,40,2,743,0,0,전환
2026-09-13,120252294923860659,[빙과_초코바_블프] 26.09_빙과블프_수동_전환_image_전체타겟,260911_C혼_기타,[26.09]F_I_C혼_전환_빙과블프_혜택강조형__.배너_역대급프로모션.떼샷.박스샷.초코파인트.초코바.__김유진_2609011_빙과_이채윤,18,0,810,0,0,전환
2026-09-14,120252293970490659,[빙과_파인트_블프] 26.09_빙과블프_수동_전환_image_전체타겟,260911_파인트전제품,[26.09]F_I_P혼_전환_빙과블프_혜택강조형__.배너_영상.다신없을무제한100원.프리미엄원재료.__고가영_260911_빙과_김민우,15299,245,229953,18,449,전환
2026-09-14,120252293972400659,[빙과_파인트_블프] 26.09_빙과블프_수동_전환_image_전체타겟,260911_파인트전제품,[26.09]F_I_P혼_전환_빙과블프_혜택강조형__.배너_라라스윗최초.블랙프라이데이특가.프리미엄원재료.고급젤라또그자체.__고가영_260911_빙과_김민우,11,0,106,0,0,전환
2026-09-14,120252293978450659,[빙과_파인트_블프] 26.09_빙과블프_수동_전환_image_전체타겟,260911_파인트전제품,[26.09]F_I_P혼_전환_빙과블프_혜택강조형__.배너_물량.대세감.글로벌프리미엄브랜드이기고1위기념.이벤트끝나면정상가.__고가영_260911_빙과_이채윤,9918,184,128921,11,0,전환
2026-09-14,120252293979420659,[빙과_파인트_블프] 26.09_빙과블프_수동_전환_image_전체타겟,260911_파인트전제품,[26.09]F_I_P혼_전환_빙과블프_혜택강조형__.배너_미리구매하신분들죄송합니다.최초블프.다음주부터는비싸집니다.__고가영_260911_빙과_김민우,55,2,1187,0,0,전환
2026-09-14,120252294102170659,[빙과_파인트_블프] 26.09_빙과블프_수동_전환_image_전체타겟,260911_빙과전제품,[26.09]F_I_혼합_전환_빙과블프_혜택강조형__.배너_라라스윗최초.블랙프라이데이특가.프리미엄원재료.고급젤라또그자체.__고가영_260911_빙과_김민우,36,0,782,0,0,전환
2026-09-14,120252294106950659,[빙과_파인트_블프] 26.09_빙과블프_수동_전환_image_전체타겟,260911_빙과전제품,[26.09]F_I_혼합_전환_빙과블프_혜택강조형__.배너_사과문.성원보답최초블랙프라이데이.__고가영_260911_빙과_김민우,5747,102,66269,3,0,전환
2026-09-14,120252294109160659,[빙과_파인트_블프] 26.09_빙과블프_수동_전환_image_전체타겟,260911_빙과전제품,[26.09]F_I_혼합_전환_빙과블프_혜택강조형__.배너_안사고버티신분들.저희가졌습니다.블랙프라이데이.__고가영_260911_빙과_김민우,1230,27,23007,0,0,전환
2026-09-14,120252294111780659,[빙과_파인트_블프] 26.09_빙과블프_수동_전환_image_전체타겟,260911_파인트전제품,[26.09]F_I_P혼_전환_빙과블프_혜택강조형__.배너_안사고버티신분들.저희가졌습니다.블랙프라이데이.__고가영_260911_빙과_김민우,917,40,23961,1,0,전환
2026-09-14,120252294119100659,[빙과_파인트_블프] 26.09_빙과블프_수동_전환_image_전체타겟,260911_파인트전제품,[26.09]F_I_P혼_전환_빙과블프_혜택강조형__.배너_프리미엄원재료만사용해.쫀득함이젤라또그자체.다음주부터즉시종료.__고가영_260911_빙과_김민우,649,17,17862,2,0,전환
2026-09-14,120252294122020659,[빙과_파인트_블프] 26.09_빙과블프_수동_전환_image_전체타겟,260911_파인트전제품,[26.09]F_I_P혼_전환_빙과블프_혜택강조형__.배너_한달동안젤라또무한제공이.늘좋은원재료.아낌없이.1년중딱지금뿐인기회.__고가영_260911_빙과_김민우,621,17,8662,0,0,전환
2026-09-14,120252294126430659,[빙과_파인트_블프] 26.09_빙과블프_수동_전환_image_전체타겟,260911_빙과전제품,[26.09]F_I_혼합_전환_빙과블프_혜택강조형__.배너_지금아니면1년기다려야돼요.블프기념.사상최초블랙프라이데이.__고가영_260911_빙과_김민우,34,1,439,0,0,전환
2026-09-14,120252294134000659,[빙과_파인트_블프] 26.09_빙과블프_수동_전환_image_전체타겟,260911_빙과전제품,[26.09]F_I_혼합_전환_빙과블프_혜택강조형__.배너_한달동안아이스크림무한제공이.늘좋은원재료.아낌없이.1년중딱지금뿐인기회.__고가영_260911_빙과_김민우,580,12,11247,0,0,전환
2026-09-14,120252294818210659,[빙과_초코바_블프] 26.09_빙과블프_수동_전환_image_전체타겟,260911_C혼_공지문,[26.09]F_I_C혼_전환_빙과블프_직원설득형__.배너_내부공지.가격실수.현장감.라라스윗초코바권위.저당권위.대기업카피캣.__김유진_2609011_빙과_이채윤,1717,43,23720,0,0,전환
2026-09-14,120252294825940659,[빙과_초코바_블프] 26.09_빙과블프_수동_전환_image_전체타겟,260911_C혼_공지문,[26.09]F_I_C혼_전환_빙과블프_직원설득형__.배너_내부공지.가격실수.현장감.페인포인트해소.상황.당떨어질때한입.급속충전.__김유진_2609011_빙과_이채윤,662,18,8599,0,0,전환
2026-09-14,120252294828960659,[빙과_초코바_블프] 26.09_빙과블프_수동_전환_image_전체타겟,260911_C혼_공지문,[26.09]F_I_C혼_전환_빙과블프_직원설득형__.배너_내부공지.가격실수.현장감.페인포인트해소.저당.몰X져스말먹급콰작.__김유진_2609011_빙과_이채윤,101,1,917,0,0,전환
2026-09-14,120252294834560659,[빙과_초코바_블프] 26.09_빙과블프_수동_전환_image_전체타겟,260911_C혼_공지문,[26.09]F_I_C혼_전환_빙과블프_직원설득형__.배너_내부공지.가격실수.현장감.페인포인트해소.저당.초코테린느.__김유진_2609011_빙과_이채윤,1281,26,14715,1,0,전환
2026-09-14,120252294918750659,[빙과_초코바_블프] 26.09_빙과블프_수동_전환_image_전체타겟,260911_C혼_기타,[26.09]F_I_C혼_전환_빙과블프_혜택강조형__.배너_역대급당충전하세요.무제한초코먹방.초코파인트.초코바떼샷.__김유진_2609011_빙과_이채윤,949,14,14047,0,0,전환
2026-09-14,120252294923860659,[빙과_초코바_블프] 26.09_빙과블프_수동_전환_image_전체타겟,260911_C혼_기타,[26.09]F_I_C혼_전환_빙과블프_혜택강조형__.배너_역대급프로모션.떼샷.박스샷.초코파인트.초코바.__김유진_2609011_빙과_이채윤,1403,40,33921,3,0,전환
2026-09-14,120252295025940659,[빙과_초코바_블프] 26.09_빙과블프_수동_전환_image_전체타겟,260911_C혼_혜택,[26.09]F_I_C혼_전환_빙과블프_제품강조형__.배너_혜택.비주얼.기대요소극대화.다시는없습니다.초코홍수.초코범벅.__김유진_2609011_빙과_이채윤,31,1,569,0,0,전환
2026-09-14,120252295031290659,[빙과_초코바_블프] 26.09_빙과블프_수동_전환_image_전체타겟,260911_C혼_혜택,[26.09]F_I_C혼_전환_빙과블프_제품강조형__.배너_혜택.비주얼.페인포인트해소.가격.다시는없습니다.50만원.루X비통.__김유진_2609011_빙과_이채윤,465,10,9904,0,0,전환
2026-09-14,120252295038030659,[빙과_초코바_블프] 26.09_빙과블프_수동_전환_image_전체타겟,260911_C혼_혜택,[26.09]F_I_C혼_전환_빙과블프_제품강조형__.배너_혜택.비주얼.페인포인트해소.가격.다시는없습니다.로X스초콜릿.__김유진_2609011_빙과_이채윤,1164,29,24914,0,0,전환
2026-09-15,120252293970490659,[빙과_파인트_블프] 26.09_빙과블프_수동_전환_image_전체타겟,260911_파인트전제품,[26.09]F_I_P혼_전환_빙과블프_혜택강조형__.배너_영상.다신없을무제한100원.프리미엄원재료.__고가영_260911_빙과_김민우,6763,79,87511,3,131,전환
2026-09-15,120252293978450659,[빙과_파인트_블프] 26.09_빙과블프_수동_전환_image_전체타겟,260911_파인트전제품,[26.09]F_I_P혼_전환_빙과블프_혜택강조형__.배너_물량.대세감.글로벌프리미엄브랜드이기고1위기념.이벤트끝나면정상가.__고가영_260911_빙과_이채윤,797,18,17031,2,0,전환
2026-09-15,120252294106950659,[빙과_파인트_블프] 26.09_빙과블프_수동_전환_image_전체타겟,260911_빙과전제품,[26.09]F_I_혼합_전환_빙과블프_혜택강조형__.배너_사과문.성원보답최초블랙프라이데이.__고가영_260911_빙과_김민우,1893,30,24416,2,0,전환
2026-09-15,120252294109160659,[빙과_파인트_블프] 26.09_빙과블프_수동_전환_image_전체타겟,260911_빙과전제품,[26.09]F_I_혼합_전환_빙과블프_혜택강조형__.배너_안사고버티신분들.저희가졌습니다.블랙프라이데이.__고가영_260911_빙과_김민우,1023,35,27327,1,0,전환
2026-09-15,120252294814430659,[빙과_초코바_블프] 26.09_빙과블프_수동_전환_image_전체타겟,260911_C혼_공지문,[26.09]F_I_C혼_전환_빙과블프_직원설득형__.배너_내부공지.가격실수.현장감.기대요소극대화.초코홍수.초코범벅.__김유진_2609011_빙과_이채윤,23,3,283,0,0,전환
2026-09-15,120252294824390659,[빙과_초코바_블프] 26.09_빙과블프_수동_전환_image_전체타겟,260911_C혼_공지문,[26.09]F_I_C혼_전환_빙과블프_직원설득형__.배너_내부공지.가격실수.현장감.페인포인트해소.가격.고X바급.아할점급혜자가격.__김유진_2609011_빙과_이채윤,1,1,34,0,0,전환
2026-09-15,120252294828960659,[빙과_초코바_블프] 26.09_빙과블프_수동_전환_image_전체타겟,260911_C혼_공지문,[26.09]F_I_C혼_전환_빙과블프_직원설득형__.배너_내부공지.가격실수.현장감.페인포인트해소.저당.몰X져스말먹급콰작.__김유진_2609011_빙과_이채윤,5,0,25,0,0,전환
2026-09-15,120252294834560659,[빙과_초코바_블프] 26.09_빙과블프_수동_전환_image_전체타겟,260911_C혼_공지문,[26.09]F_I_C혼_전환_빙과블프_직원설득형__.배너_내부공지.가격실수.현장감.페인포인트해소.저당.초코테린느.__김유진_2609011_빙과_이채윤,106,3,1830,0,0,전환
2026-09-15,120252295031290659,[빙과_초코바_블프] 26.09_빙과블프_수동_전환_image_전체타겟,260911_C혼_혜택,[26.09]F_I_C혼_전환_빙과블프_제품강조형__.배너_혜택.비주얼.페인포인트해소.가격.다시는없습니다.50만원.루X비통.__김유진_2609011_빙과_이채윤,31,1,1398,0,0,전환
2026-09-15,120252295034620659,[빙과_초코바_블프] 26.09_빙과블프_수동_전환_image_전체타겟,260911_C혼_혜택,[26.09]F_I_C혼_전환_빙과블프_제품강조형__.배너_혜택.비주얼.페인포인트해소.가격.다시는없습니다.고X바급.__김유진_2609011_빙과_이채윤,42,4,1987,0,0,전환
2026-09-16,120252293970490659,[빙과_파인트_블프] 26.09_빙과블프_수동_전환_image_전체타겟,260911_파인트전제품,[26.09]F_I_P혼_전환_빙과블프_혜택강조형__.배너_영상.다신없을무제한100원.프리미엄원재료.__고가영_260911_빙과_김민우,501,7,6977,0,8,전환
2026-09-16,120252293978450659,[빙과_파인트_블프] 26.09_빙과블프_수동_전환_image_전체타겟,260911_파인트전제품,[26.09]F_I_P혼_전환_빙과블프_혜택강조형__.배너_물량.대세감.글로벌프리미엄브랜드이기고1위기념.이벤트끝나면정상가.__고가영_260911_빙과_이채윤,8199,130,132570,9,0,전환
2026-09-16,120252294106950659,[빙과_파인트_블프] 26.09_빙과블프_수동_전환_image_전체타겟,260911_빙과전제품,[26.09]F_I_혼합_전환_빙과블프_혜택강조형__.배너_사과문.성원보답최초블랙프라이데이.__고가영_260911_빙과_김민우,2179,31,29517,0,0,전환
2026-09-16,120252294109160659,[빙과_파인트_블프] 26.09_빙과블프_수동_전환_image_전체타겟,260911_빙과전제품,[26.09]F_I_혼합_전환_빙과블프_혜택강조형__.배너_안사고버티신분들.저희가졌습니다.블랙프라이데이.__고가영_260911_빙과_김민우,249,8,7632,0,0,전환
2026-09-16,120252294119100659,[빙과_파인트_블프] 26.09_빙과블프_수동_전환_image_전체타겟,260911_파인트전제품,[26.09]F_I_P혼_전환_빙과블프_혜택강조형__.배너_프리미엄원재료만사용해.쫀득함이젤라또그자체.다음주부터즉시종료.__고가영_260911_빙과_김민우,1083,13,24154,1,0,전환
2026-09-16,120252294134000659,[빙과_파인트_블프] 26.09_빙과블프_수동_전환_image_전체타겟,260911_빙과전제품,[26.09]F_I_혼합_전환_빙과블프_혜택강조형__.배너_한달동안아이스크림무한제공이.늘좋은원재료.아낌없이.1년중딱지금뿐인기회.__고가영_260911_빙과_김민우,2,1,110,0,0,전환
2026-09-16,120252294913720659,[빙과_초코바_블프] 26.09_빙과블프_ASC_전환_image_전체타겟_혜택+기타,[빙과_초코바_블프] 26.09_빙과블프_ASC_전환_image_전체타겟,[26.09]F_I_C혼_전환_빙과블프_제품강조형__.배너_영상.페인포인트해소.상황.초코홍수습퐁듀.블프.__김유진_2609011_빙과_이채윤,10,1,174,0,3,전환
2026-09-16,120252294923860659,[빙과_초코바_블프] 26.09_빙과블프_수동_전환_image_전체타겟,260911_C혼_기타,[26.09]F_I_C혼_전환_빙과블프_혜택강조형__.배너_역대급프로모션.떼샷.박스샷.초코파인트.초코바.__김유진_2609011_빙과_이채윤,727,25,17708,0,0,전환
2026-09-17,120252293970490659,[빙과_파인트_블프] 26.09_빙과블프_수동_전환_image_전체타겟,260911_파인트전제품,[26.09]F_I_P혼_전환_빙과블프_혜택강조형__.배너_영상.다신없을무제한100원.프리미엄원재료.__고가영_260911_빙과_김민우,16087,147,217443,8,306,전환
2026-09-17,120252293974500659,[빙과_파인트_블프] 26.09_빙과블프_수동_전환_image_전체타겟,260911_파인트전제품,[26.09]F_I_P혼_전환_빙과블프_혜택강조형__.배너_라라스윗최초시즌오프.1년중다신없을최저가.__고가영_260911_빙과_김민우,64,0,1057,0,0,전환
2026-09-17,120252293978450659,[빙과_파인트_블프] 26.09_빙과블프_수동_전환_image_전체타겟,260911_파인트전제품,[26.09]F_I_P혼_전환_빙과블프_혜택강조형__.배너_물량.대세감.글로벌프리미엄브랜드이기고1위기념.이벤트끝나면정상가.__고가영_260911_빙과_이채윤,26248,340,364122,21,0,전환
2026-09-17,120252294106950659,[빙과_파인트_블프] 26.09_빙과블프_수동_전환_image_전체타겟,260911_빙과전제품,[26.09]F_I_혼합_전환_빙과블프_혜택강조형__.배너_사과문.성원보답최초블랙프라이데이.__고가영_260911_빙과_김민우,1478,29,24186,0,0,전환
2026-09-17,120252294119100659,[빙과_파인트_블프] 26.09_빙과블프_수동_전환_image_전체타겟,260911_파인트전제품,[26.09]F_I_P혼_전환_빙과블프_혜택강조형__.배너_프리미엄원재료만사용해.쫀득함이젤라또그자체.다음주부터즉시종료.__고가영_260911_빙과_김민우,8528,128,140348,8,0,전환
2026-09-17,120252294126430659,[빙과_파인트_블프] 26.09_빙과블프_수동_전환_image_전체타겟,260911_빙과전제품,[26.09]F_I_혼합_전환_빙과블프_혜택강조형__.배너_지금아니면1년기다려야돼요.블프기념.사상최초블랙프라이데이.__고가영_260911_빙과_김민우,14,0,252,0,0,전환
2026-09-17,120252294134000659,[빙과_파인트_블프] 26.09_빙과블프_수동_전환_image_전체타겟,260911_빙과전제품,[26.09]F_I_혼합_전환_빙과블프_혜택강조형__.배너_한달동안아이스크림무한제공이.늘좋은원재료.아낌없이.1년중딱지금뿐인기회.__고가영_260911_빙과_김민우,59,1,959,0,0,전환
2026-09-17,120252294818210659,[빙과_초코바_블프] 26.09_빙과블프_수동_전환_image_전체타겟,260911_C혼_공지문,[26.09]F_I_C혼_전환_빙과블프_직원설득형__.배너_내부공지.가격실수.현장감.라라스윗초코바권위.저당권위.대기업카피캣.__김유진_2609011_빙과_이채윤,4791,111,55999,1,0,전환
2026-09-17,120252294828960659,[빙과_초코바_블프] 26.09_빙과블프_수동_전환_image_전체타겟,260911_C혼_공지문,[26.09]F_I_C혼_전환_빙과블프_직원설득형__.배너_내부공지.가격실수.현장감.페인포인트해소.저당.몰X져스말먹급콰작.__김유진_2609011_빙과_이채윤,11,1,89,0,0,전환
2026-09-17,120252294913720659,[빙과_초코바_블프] 26.09_빙과블프_ASC_전환_image_전체타겟_혜택+기타,[빙과_초코바_블프] 26.09_빙과블프_ASC_전환_image_전체타겟,[26.09]F_I_C혼_전환_빙과블프_제품강조형__.배너_영상.페인포인트해소.상황.초코홍수습퐁듀.블프.__김유진_2609011_빙과_이채윤,2534,29,53060,2,236,전환
2026-09-17,120252294923860659,[빙과_초코바_블프] 26.09_빙과블프_수동_전환_image_전체타겟,260911_C혼_기타,[26.09]F_I_C혼_전환_빙과블프_혜택강조형__.배너_역대급프로모션.떼샷.박스샷.초코파인트.초코바.__김유진_2609011_빙과_이채윤,6,0,134,0,0,전환
2026-09-18,120252293970490659,[빙과_파인트_블프] 26.09_빙과블프_수동_전환_image_전체타겟,260911_파인트전제품,[26.09]F_I_P혼_전환_빙과블프_혜택강조형__.배너_영상.다신없을무제한100원.프리미엄원재료.__고가영_260911_빙과_김민우,49307,547,657519,36,806,전환
2026-09-18,120252293972400659,[빙과_파인트_블프] 26.09_빙과블프_수동_전환_image_전체타겟,260911_파인트전제품,[26.09]F_I_P혼_전환_빙과블프_혜택강조형__.배너_라라스윗최초.블랙프라이데이특가.프리미엄원재료.고급젤라또그자체.__고가영_260911_빙과_김민우,20224,267,272723,19,0,전환
2026-09-18,120252293978450659,[빙과_파인트_블프] 26.09_빙과블프_수동_전환_image_전체타겟,260911_파인트전제품,[26.09]F_I_P혼_전환_빙과블프_혜택강조형__.배너_물량.대세감.글로벌프리미엄브랜드이기고1위기념.이벤트끝나면정상가.__고가영_260911_빙과_이채윤,71188,757,833654,53,0,전환
2026-09-18,120252293979420659,[빙과_파인트_블프] 26.09_빙과블프_수동_전환_image_전체타겟,260911_파인트전제품,[26.09]F_I_P혼_전환_빙과블프_혜택강조형__.배너_미리구매하신분들죄송합니다.최초블프.다음주부터는비싸집니다.__고가영_260911_빙과_김민우,1170,17,22149,1,0,전환
2026-09-18,120252294102170659,[빙과_파인트_블프] 26.09_빙과블프_수동_전환_image_전체타겟,260911_빙과전제품,[26.09]F_I_혼합_전환_빙과블프_혜택강조형__.배너_라라스윗최초.블랙프라이데이특가.프리미엄원재료.고급젤라또그자체.__고가영_260911_빙과_김민우,38,0,566,0,0,전환
2026-09-18,120252294104900659,[빙과_파인트_블프] 26.09_빙과블프_수동_전환_image_전체타겟,260911_빙과전제품,[26.09]F_I_혼합_전환_빙과블프_혜택강조형__.배너_라라스윗최초시즌오프.1년중다신없을최저가.__고가영_260911_빙과_김민우,47,0,1627,0,0,전환
2026-09-18,120252294106950659,[빙과_파인트_블프] 26.09_빙과블프_수동_전환_image_전체타겟,260911_빙과전제품,[26.09]F_I_혼합_전환_빙과블프_혜택강조형__.배너_사과문.성원보답최초블랙프라이데이.__고가영_260911_빙과_김민우,1413,23,28065,2,0,전환
2026-09-18,120252294119100659,[빙과_파인트_블프] 26.09_빙과블프_수동_전환_image_전체타겟,260911_파인트전제품,[26.09]F_I_P혼_전환_빙과블프_혜택강조형__.배너_프리미엄원재료만사용해.쫀득함이젤라또그자체.다음주부터즉시종료.__고가영_260911_빙과_김민우,5414,73,104642,5,0,전환
2026-09-18,120252294122020659,[빙과_파인트_블프] 26.09_빙과블프_수동_전환_image_전체타겟,260911_파인트전제품,[26.09]F_I_P혼_전환_빙과블프_혜택강조형__.배너_한달동안젤라또무한제공이.늘좋은원재료.아낌없이.1년중딱지금뿐인기회.__고가영_260911_빙과_김민우,1773,29,29397,0,0,전환
2026-09-18,120252294128790659,[빙과_파인트_블프] 26.09_빙과블프_수동_전환_image_전체타겟,260911_빙과전제품,[26.09]F_I_혼합_전환_빙과블프_혜택강조형__.배너_프리미엄원재료만사용해.쫀득함이젤라또그자체.다음주부터즉시종료.__고가영_260911_빙과_김민우,9,0,135,0,0,전환
2026-09-18,120252294134000659,[빙과_파인트_블프] 26.09_빙과블프_수동_전환_image_전체타겟,260911_빙과전제품,[26.09]F_I_혼합_전환_빙과블프_혜택강조형__.배너_한달동안아이스크림무한제공이.늘좋은원재료.아낌없이.1년중딱지금뿐인기회.__고가영_260911_빙과_김민우,1000,24,22547,4,0,전환
2026-09-18,120252294326140659,[빙과_파인트_블프] 26.09_빙과블프_수동_전환_image_전체타겟,260911_빙과전제품,[26.09]F_I_혼합_전환_빙과블프_혜택강조형__.배너_미리구매하신분들죄송합니다.최초블프.다음주부터는비싸집니다.__고가영_260911_빙과_김민우,3,0,27,0,0,전환
2026-09-19,120252293978450659,[빙과_파인트_블프] 26.09_빙과블프_수동_전환_image_전체타겟,260911_파인트전제품,[26.09]F_I_P혼_전환_빙과블프_혜택강조형__.배너_물량.대세감.글로벌프리미엄브랜드이기고1위기념.이벤트끝나면정상가.__고가영_260911_빙과_이채윤,23512,317,298133,16,0,전환
2026-09-19,120252294102170659,[빙과_파인트_블프] 26.09_빙과블프_수동_전환_image_전체타겟,260911_빙과전제품,[26.09]F_I_혼합_전환_빙과블프_혜택강조형__.배너_라라스윗최초.블랙프라이데이특가.프리미엄원재료.고급젤라또그자체.__고가영_260911_빙과_김민우,5,0,60,0,0,전환
2026-09-19,120252294104900659,[빙과_파인트_블프] 26.09_빙과블프_수동_전환_image_전체타겟,260911_빙과전제품,[26.09]F_I_혼합_전환_빙과블프_혜택강조형__.배너_라라스윗최초시즌오프.1년중다신없을최저가.__고가영_260911_빙과_김민우,23,0,377,0,0,전환
2026-09-19,120252294109160659,[빙과_파인트_블프] 26.09_빙과블프_수동_전환_image_전체타겟,260911_빙과전제품,[26.09]F_I_혼합_전환_빙과블프_혜택강조형__.배너_안사고버티신분들.저희가졌습니다.블랙프라이데이.__고가영_260911_빙과_김민우,1492,37,34145,0,0,전환
2026-09-19,120252294126430659,[빙과_파인트_블프] 26.09_빙과블프_수동_전환_image_전체타겟,260911_빙과전제품,[26.09]F_I_혼합_전환_빙과블프_혜택강조형__.배너_지금아니면1년기다려야돼요.블프기념.사상최초블랙프라이데이.__고가영_260911_빙과_김민우,20,0,92,0,0,전환
2026-09-19,120252294134000659,[빙과_파인트_블프] 26.09_빙과블프_수동_전환_image_전체타겟,260911_빙과전제품,[26.09]F_I_혼합_전환_빙과블프_혜택강조형__.배너_한달동안아이스크림무한제공이.늘좋은원재료.아낌없이.1년중딱지금뿐인기회.__고가영_260911_빙과_김민우,378,6,6402,0,0,전환
2026-09-20,120252293970490659,[빙과_파인트_블프] 26.09_빙과블프_수동_전환_image_전체타겟,260911_파인트전제품,[26.09]F_I_P혼_전환_빙과블프_혜택강조형__.배너_영상.다신없을무제한100원.프리미엄원재료.__고가영_260911_빙과_김민우,5659,70,72302,4,86,전환
2026-09-20,120252293972400659,[빙과_파인트_블프] 26.09_빙과블프_수동_전환_image_전체타겟,260911_파인트전제품,[26.09]F_I_P혼_전환_빙과블프_혜택강조형__.배너_라라스윗최초.블랙프라이데이특가.프리미엄원재료.고급젤라또그자체.__고가영_260911_빙과_김민우,174,2,3544,0,0,전환
2026-09-20,120252293974500659,[빙과_파인트_블프] 26.09_빙과블프_수동_전환_image_전체타겟,260911_파인트전제품,[26.09]F_I_P혼_전환_빙과블프_혜택강조형__.배너_라라스윗최초시즌오프.1년중다신없을최저가.__고가영_260911_빙과_김민우,18,0,396,0,0,전환
2026-09-20,120252293978450659,[빙과_파인트_블프] 26.09_빙과블프_수동_전환_image_전체타겟,260911_파인트전제품,[26.09]F_I_P혼_전환_빙과블프_혜택강조형__.배너_물량.대세감.글로벌프리미엄브랜드이기고1위기념.이벤트끝나면정상가.__고가영_260911_빙과_이채윤,20040,254,277244,16,0,전환
2026-09-20,120252294102170659,[빙과_파인트_블프] 26.09_빙과블프_수동_전환_image_전체타겟,260911_빙과전제품,[26.09]F_I_혼합_전환_빙과블프_혜택강조형__.배너_라라스윗최초.블랙프라이데이특가.프리미엄원재료.고급젤라또그자체.__고가영_260911_빙과_김민우,7,0,139,0,0,전환
2026-09-20,120252294104900659,[빙과_파인트_블프] 26.09_빙과블프_수동_전환_image_전체타겟,260911_빙과전제품,[26.09]F_I_혼합_전환_빙과블프_혜택강조형__.배너_라라스윗최초시즌오프.1년중다신없을최저가.__고가영_260911_빙과_김민우,2,0,75,0,0,전환
2026-09-20,120252294109160659,[빙과_파인트_블프] 26.09_빙과블프_수동_전환_image_전체타겟,260911_빙과전제품,[26.09]F_I_혼합_전환_빙과블프_혜택강조형__.배너_안사고버티신분들.저희가졌습니다.블랙프라이데이.__고가영_260911_빙과_김민우,563,23,13571,1,0,전환
2026-09-20,120252294126430659,[빙과_파인트_블프] 26.09_빙과블프_수동_전환_image_전체타겟,260911_빙과전제품,[26.09]F_I_혼합_전환_빙과블프_혜택강조형__.배너_지금아니면1년기다려야돼요.블프기념.사상최초블랙프라이데이.__고가영_260911_빙과_김민우,1,0,113,0,0,전환
2026-09-20,120252294128790659,[빙과_파인트_블프] 26.09_빙과블프_수동_전환_image_전체타겟,260911_빙과전제품,[26.09]F_I_혼합_전환_빙과블프_혜택강조형__.배너_프리미엄원재료만사용해.쫀득함이젤라또그자체.다음주부터즉시종료.__고가영_260911_빙과_김민우,1,0,29,0,0,전환
2026-09-20,120252294134000659,[빙과_파인트_블프] 26.09_빙과블프_수동_전환_image_전체타겟,260911_빙과전제품,[26.09]F_I_혼합_전환_빙과블프_혜택강조형__.배너_한달동안아이스크림무한제공이.늘좋은원재료.아낌없이.1년중딱지금뿐인기회.__고가영_260911_빙과_김민우,500,10,8911,0,0,전환
2026-09-20,120252294326140659,[빙과_파인트_블프] 26.09_빙과블프_수동_전환_image_전체타겟,260911_빙과전제품,[26.09]F_I_혼합_전환_빙과블프_혜택강조형__.배너_미리구매하신분들죄송합니다.최초블프.다음주부터는비싸집니다.__고가영_260911_빙과_김민우,2,0,32,0,0,전환
2026-09-11,120252295094460659,[빙과_초코바_블프] 26.09_빙과블프_ASC_전환_image_전체타겟_공지문,[빙과_초코바_블프] 26.09_빙과블프_ASC_전환_image_전체타겟,[26.09]F_I_C혼_전환_빙과블프_직원설득형__.배너_내부공지.가격실수.현장감.페인포인트해소.저당.초코테린느.__김유진_2609011_빙과_이채윤,1,0,10,0,0,전환
2026-09-11,120252295094500659,[빙과_초코바_블프] 26.09_빙과블프_ASC_전환_image_전체타겟_공지문,[빙과_초코바_블프] 26.09_빙과블프_ASC_전환_image_전체타겟,[26.09]F_I_C혼_전환_빙과블프_직원설득형__.배너_내부공지.가격실수.현장감.페인포인트해소.가격.고X바급.아할점급혜자가격.__김유진_2609011_빙과_이채윤,1,0,100,0,0,전환
2026-09-11,120252295094510659,[빙과_초코바_블프] 26.09_빙과블프_ASC_전환_image_전체타겟_공지문,[빙과_초코바_블프] 26.09_빙과블프_ASC_전환_image_전체타겟,[26.09]F_I_C혼_전환_빙과블프_직원설득형__.배너_내부공지.가격실수.현장감.페인포인트해소.가격.50만원.루X비통.아할점급혜자가격.__김유진_2609011_빙과_이채윤,13,0,131,0,0,전환
2026-09-11,120252295094540659,[빙과_초코바_블프] 26.09_빙과블프_ASC_전환_image_전체타겟_공지문,[빙과_초코바_블프] 26.09_빙과블프_ASC_전환_image_전체타겟,[26.09]F_I_C혼_전환_빙과블프_직원설득형__.배너_내부공지.가격실수.현장감.페인포인트해소.상황.당떨어질때한입.급속충전.__김유진_2609011_빙과_이채윤,9,0,126,0,0,전환
2026-09-11,120252295094550659,[빙과_초코바_블프] 26.09_빙과블프_ASC_전환_image_전체타겟_공지문,[빙과_초코바_블프] 26.09_빙과블프_ASC_전환_image_전체타겟,[26.09]F_I_C혼_전환_빙과블프_직원설득형__.배너_내부공지.가격실수.현장감.라라스윗초코바권위.저당권위.대기업카피캣.__김유진_2609011_빙과_이채윤,86,2,1038,0,0,전환
2026-09-11,120252295094560659,[빙과_초코바_블프] 26.09_빙과블프_ASC_전환_image_전체타겟_공지문,[빙과_초코바_블프] 26.09_빙과블프_ASC_전환_image_전체타겟,[26.09]F_I_C혼_전환_빙과블프_직원설득형__.배너_내부공지.가격실수.현장감.기대요소극대화.초코홍수.초코범벅.__김유진_2609011_빙과_이채윤,16,0,458,0,0,전환
2026-09-11,120252295094580659,[빙과_초코바_블프] 26.09_빙과블프_ASC_전환_image_전체타겟_공지문,[빙과_초코바_블프] 26.09_빙과블프_ASC_전환_image_전체타겟,[26.09]F_I_C혼_전환_빙과블프_직원설득형__.배너_내부공지.가격실수.현장감.페인포인트해소.저당.님S초코컵.__김유진_2609011_빙과_이채윤,7,0,32,0,0,전환
2026-09-11,120252295094590659,[빙과_초코바_블프] 26.09_빙과블프_ASC_전환_image_전체타겟_공지문,[빙과_초코바_블프] 26.09_빙과블프_ASC_전환_image_전체타겟,[26.09]F_I_C혼_전환_빙과블프_직원설득형__.배너_내부공지.가격실수.현장감.라라스윗초코바권위.품귀.__김유진_2609011_빙과_이채윤,1,0,5,0,0,전환
2026-09-11,120252295094600659,[빙과_초코바_블프] 26.09_빙과블프_ASC_전환_image_전체타겟_공지문,[빙과_초코바_블프] 26.09_빙과블프_ASC_전환_image_전체타겟,[26.09]F_I_C혼_전환_빙과블프_직원설득형__.배너_내부공지.가격실수.현장감.페인포인트해소.저당.몰X져스말먹급콰작.__김유진_2609011_빙과_이채윤,11,1,154,0,0,전환
2026-09-11,120252295094610659,[빙과_초코바_블프] 26.09_빙과블프_ASC_전환_image_전체타겟_공지문,[빙과_초코바_블프] 26.09_빙과블프_ASC_전환_image_전체타겟,[26.09]F_I_C혼_전환_빙과블프_직원설득형__.배너_내부공지.가격실수.현장감.라라스윗초코바권위.판매량.편의점1등.__김유진_2609011_빙과_이채윤,13,0,378,0,0,전환
2026-09-11,120252295094620659,[빙과_초코바_블프] 26.09_빙과블프_ASC_전환_image_전체타겟_공지문,[빙과_초코바_블프] 26.09_빙과블프_ASC_전환_image_전체타겟,[26.09]F_I_C혼_전환_빙과블프_직원설득형__.배너_내부공지.가격실수.현장감.라라스윗초코바권위.업그레이드.앞두고.__김유진_2609011_빙과_이채윤,9,0,73,0,0,전환
2026-09-11,120252295239170659,[빙과_파인트_블프] 26.09_빙과블프_수동_전환_image_전체타겟,260911_후기다발,[26.09]F_I_P초_전환_빙과블프_혜택강조형__.릴스_영상.후기다발.고D바급찐한맛그대로인데당은98%낮췄다.1위.__고가영_260911_빙과_김민우,12,3,312,0,0,전환
2026-09-11,120252295273590659,[빙과_파인트_블프] 26.09_빙과블프_수동_전환_image_전체타겟,260911_후기다발,[26.09]F_I_P초_전환_빙과블프_혜택강조형__.릴스_영상.후기다발.글로벌프리미엄브랜드제치고1등한그아이스크림.__고가영_260911_빙과_김민우,600,6,7345,0,6,전환
2026-09-11,120252295282420659,[빙과_초코바_블프] 26.09_빙과블프_수동_전환_image_전체타겟,260911_C혼_혜택,[26.09]F_I_C혼_전환_빙과블프_제품강조형__.배너_혜택.비주얼.페인포인트해소.저당.다시는없습니다.님S초코컵.__김유진_2609011_빙과_이채윤,1,1,175,0,0,전환
2026-09-11,120252295306840659,[빙과_초코바_블프] 26.09_빙과블프_ASC_전환_image_전체타겟_혜택+기타,[빙과_초코바_블프] 26.09_빙과블프_ASC_전환_image_전체타겟,[26.09]F_I_C혼_전환_빙과블프_제품강조형__.배너_혜택.비주얼.페인포인트해소.저당.다시는없습니다.몰X져스.__김유진_2609011_빙과_이채윤,2,0,56,0,0,전환
2026-09-11,120252295310250659,[빙과_초코바_블프] 26.09_빙과블프_ASC_전환_image_전체타겟_혜택+기타,[빙과_초코바_블프] 26.09_빙과블프_ASC_전환_image_전체타겟,[26.09]F_I_C혼_전환_빙과블프_제품강조형__.배너_혜택.비주얼.페인포인트해소.저당.다시는없습니다.초코테린느.__김유진_2609011_빙과_이채윤,32,4,508,0,0,전환
2026-09-11,120252295329530659,[빙과_파인트_블프] 26.09_빙과블프_수동_전환_image_전체타겟,260911_후기다발,[26.09]F_I_P초_전환_빙과블프_혜택강조형__.릴스_영상.후기다발.네고형.고D바급으로찐한데.당98%낮춰.제치고1등한그아이스크림.__고가영_260911_빙과_김민우,351,1,4998,0,4,전환
2026-09-11,120252296114880659,[빙과_스틱바_복숭아쫀득] 26.09_쫀득바출시_ASC_전환_image_전체타겟,[복숭아쫀득바] 26.09_복쫀바출시_ASC_전환_image_전체타겟_AI,[26.09]F_I_JD혼_전환_상시_혜택강조형__.릴스_시즌한정성.멜쫀X.__이재원_260911_빙과_함주현,7,0,115,0,0,전환
2026-09-11,120252296116190659,[빙과_스틱바_복숭아쫀득] 26.09_쫀득바출시_ASC_전환_image_전체타겟,[복숭아쫀득바] 26.09_복쫀바출시_ASC_전환_image_전체타겟_AI,[26.09]F_I_JD혼_전환_상시_혜택강조형__.릴스_시즌한정성.멜쫀X.__이재원_260911_빙과_함주현,13,0,221,0,0,전환
2026-09-11,120252296330220659,[빙과_스틱바_복숭아쫀득] 26.09_쫀득바출시_ASC_전환_image_전체타겟,[복숭아쫀득바] 26.09_복쫀바출시_ASC_전환_image_전체타겟_AI,[26.09]F_I_JD혼_전환_상시_혜택강조형__.릴스_그릭요거트.멜쫀X.__이재원_260911_빙과_함주현,8,0,130,0,0,전환
2026-09-11,120252296330610659,[빙과_스틱바_복숭아쫀득] 26.09_쫀득바출시_ASC_전환_image_전체타겟,[복숭아쫀득바] 26.09_복쫀바출시_ASC_전환_image_전체타겟_AI,[26.09]F_I_JD혼_전환_상시_혜택강조형__.릴스_그릭요거트.멜쫀X.__이재원_260911_빙과_함주현,3,0,288,0,0,전환
2026-09-11,120252296363210659,[빙과_스틱바_복숭아쫀득] 26.09_쫀득바출시_ASC_전환_image_전체타겟,[복숭아쫀득바] 26.09_복쫀바출시_ASC_전환_image_전체타겟_AI,[26.09]F_I_JD혼_전환_상시_혜택강조형__.릴스_수량한정성.멜쫀O.__이재원_260911_빙과_함주현,49,0,902,0,1,전환
2026-09-11,120252296372530659,[빙과_스틱바_복숭아쫀득] 26.09_쫀득바출시_ASC_전환_image_전체타겟,[복숭아쫀득바] 26.09_복쫀바출시_ASC_전환_image_전체타겟_AI,[26.09]F_I_JD혼_전환_상시_혜택강조형__.릴스_수량한정성.멜쫀X.__이재원_260911_빙과_함주현,16,0,317,0,0,전환
2026-09-11,120252296445950659,[빙과_스틱바_복숭아쫀득] 26.09_쫀득바출시_ASC_전환_image_전체타겟,[복숭아쫀득바] 26.09_복쫀바출시_ASC_전환_image_전체타겟_AI,[26.09]F_I_JD혼_전환_상시_혜택강조형__.릴스_시즌한정성.멜쫀X.__이재원_260911_빙과_함주현,1,0,3,0,0,전환
2026-09-11,120252296446390659,[빙과_스틱바_복숭아쫀득] 26.09_쫀득바출시_ASC_전환_image_전체타겟,[복숭아쫀득바] 26.09_복쫀바출시_ASC_전환_image_전체타겟_AI,[26.09]F_I_JD혼_전환_상시_혜택강조형__.릴스_시즌한정성.멜쫀X.__이재원_260911_빙과_함주현,2,0,18,0,0,전환
2026-09-11,120252296521170659,[빙과_스틱바_복숭아쫀득] 26.09_쫀득바출시_ASC_전환_image_전체타겟,[복숭아쫀득바] 26.09_복쫀바출시_ASC_전환_image_전체타겟_AI,[26.09]F_I_JD혼_전환_상시_혜택강조형__.릴스_수량한정성.멜쫀O.__이재원_260911_빙과_함주현,7,0,144,0,0,전환
2026-09-11,120252296535090659,[빙과_스틱바_복숭아쫀득] 26.09_쫀득바출시_ASC_전환_image_전체타겟,[복숭아쫀득바] 26.09_복쫀바출시_ASC_전환_image_전체타겟_AI,[26.09]F_I_JD혼_전환_상시_혜택강조형__.릴스_수량한정성.멜쫀X.__이재원_260911_빙과_함주현,4,0,132,0,0,전환
2026-09-11,120252296537370659,[빙과_스틱바_복숭아쫀득] 26.09_쫀득바출시_ASC_전환_image_전체타겟,[복숭아쫀득바] 26.09_복쫀바출시_ASC_전환_image_전체타겟_AI,[26.09]F_I_JD혼_전환_상시_혜택강조형__.릴스_수량한정성.멜쫀X.__이재원_260911_빙과_함주현,1,0,25,0,0,전환
2026-09-11,120252296597140659,[빙과_스틱바_복숭아쫀득] 26.09_쫀득바출시_ASC_전환_image_전체타겟,[복숭아쫀득바] 26.09_복쫀바출시_ASC_전환_image_전체타겟_AI,[26.09]F_I_JD혼_전환_상시_혜택강조형__.릴스_그릭요거트.멜쫀X.__이재원_260911_빙과_함주현,1,0,35,0,0,전환
2026-09-11,120252297183310659,[빙과_스틱바_복숭아쫀득] 26.09_쫀득바출시_ASC_전환_image_전체타겟,[복숭아쫀득바] 26.09_복쫀바출시_ASC_전환_image_전체타겟_AI,[26.09]F_I_JD혼_전환_상시_혜택강조형__.릴스_그릭요거트.멜쫀X.__이재원_260911_빙과_함주현,57,0,998,0,2,전환
2026-09-11,120252297519640659,[빙과_스틱바_복숭아쫀득] 26.09_쫀득바출시_ASC_전환_image_전체타겟,[복숭아쫀득바] 26.09_복쫀바출시_ASC_전환_image_전체타겟_AI,[26.09]F_I_JD혼_전환_상시_혜택강조형__.릴스_수량한정성.멜쫀O.__이재원_260911_빙과_함주현,86,2,1360,0,0,전환
2026-09-11,120252297524290659,[빙과_스틱바_복숭아쫀득] 26.09_쫀득바출시_ASC_전환_image_전체타겟,[복숭아쫀득바] 26.09_복쫀바출시_ASC_전환_image_전체타겟_AI,[26.09]F_I_JD혼_전환_상시_혜택강조형__.릴스_수량한정성.멜쫀X.__이재원_260911_빙과_함주현,149,3,2990,0,4,전환
2026-09-11,120252297552340659,[빙과_스틱바_복숭아쫀득] 26.09_쫀득바출시_ASC_전환_image_전체타겟,[복숭아쫀득바] 26.09_복쫀바출시_ASC_전환_image_전체타겟_AI,[26.09]F_I_JD혼_전환_상시_혜택강조형__.릴스_시즌한정성.멜쫀X.__이재원_260911_빙과_함주현,137,5,2465,0,3,전환
2026-09-12,120252295094460659,[빙과_초코바_블프] 26.09_빙과블프_ASC_전환_image_전체타겟_공지문,[빙과_초코바_블프] 26.09_빙과블프_ASC_전환_image_전체타겟,[26.09]F_I_C혼_전환_빙과블프_직원설득형__.배너_내부공지.가격실수.현장감.페인포인트해소.저당.초코테린느.__김유진_2609011_빙과_이채윤,272,6,4548,0,0,전환
2026-09-12,120252295094500659,[빙과_초코바_블프] 26.09_빙과블프_ASC_전환_image_전체타겟_공지문,[빙과_초코바_블프] 26.09_빙과블프_ASC_전환_image_전체타겟,[26.09]F_I_C혼_전환_빙과블프_직원설득형__.배너_내부공지.가격실수.현장감.페인포인트해소.가격.고X바급.아할점급혜자가격.__김유진_2609011_빙과_이채윤,86,3,1503,0,0,전환
2026-09-12,120252295094510659,[빙과_초코바_블프] 26.09_빙과블프_ASC_전환_image_전체타겟_공지문,[빙과_초코바_블프] 26.09_빙과블프_ASC_전환_image_전체타겟,[26.09]F_I_C혼_전환_빙과블프_직원설득형__.배너_내부공지.가격실수.현장감.페인포인트해소.가격.50만원.루X비통.아할점급혜자가격.__김유진_2609011_빙과_이채윤,97,3,1479,0,0,전환
2026-09-12,120252295094540659,[빙과_초코바_블프] 26.09_빙과블프_ASC_전환_image_전체타겟_공지문,[빙과_초코바_블프] 26.09_빙과블프_ASC_전환_image_전체타겟,[26.09]F_I_C혼_전환_빙과블프_직원설득형__.배너_내부공지.가격실수.현장감.페인포인트해소.상황.당떨어질때한입.급속충전.__김유진_2609011_빙과_이채윤,30,0,424,0,0,전환
2026-09-12,120252295094550659,[빙과_초코바_블프] 26.09_빙과블프_ASC_전환_image_전체타겟_공지문,[빙과_초코바_블프] 26.09_빙과블프_ASC_전환_image_전체타겟,[26.09]F_I_C혼_전환_빙과블프_직원설득형__.배너_내부공지.가격실수.현장감.라라스윗초코바권위.저당권위.대기업카피캣.__김유진_2609011_빙과_이채윤,153,1,2183,0,0,전환
2026-09-12,120252295094560659,[빙과_초코바_블프] 26.09_빙과블프_ASC_전환_image_전체타겟_공지문,[빙과_초코바_블프] 26.09_빙과블프_ASC_전환_image_전체타겟,[26.09]F_I_C혼_전환_빙과블프_직원설득형__.배너_내부공지.가격실수.현장감.기대요소극대화.초코홍수.초코범벅.__김유진_2609011_빙과_이채윤,394,12,5244,0,0,전환
2026-09-12,120252295094580659,[빙과_초코바_블프] 26.09_빙과블프_ASC_전환_image_전체타겟_공지문,[빙과_초코바_블프] 26.09_빙과블프_ASC_전환_image_전체타겟,[26.09]F_I_C혼_전환_빙과블프_직원설득형__.배너_내부공지.가격실수.현장감.페인포인트해소.저당.님S초코컵.__김유진_2609011_빙과_이채윤,117,2,2079,0,0,전환
2026-09-12,120252295094590659,[빙과_초코바_블프] 26.09_빙과블프_ASC_전환_image_전체타겟_공지문,[빙과_초코바_블프] 26.09_빙과블프_ASC_전환_image_전체타겟,[26.09]F_I_C혼_전환_빙과블프_직원설득형__.배너_내부공지.가격실수.현장감.라라스윗초코바권위.품귀.__김유진_2609011_빙과_이채윤,240,3,3176,0,0,전환
2026-09-12,120252295094600659,[빙과_초코바_블프] 26.09_빙과블프_ASC_전환_image_전체타겟_공지문,[빙과_초코바_블프] 26.09_빙과블프_ASC_전환_image_전체타겟,[26.09]F_I_C혼_전환_빙과블프_직원설득형__.배너_내부공지.가격실수.현장감.페인포인트해소.저당.몰X져스말먹급콰작.__김유진_2609011_빙과_이채윤,555,17,7771,0,0,전환
2026-09-12,120252295094610659,[빙과_초코바_블프] 26.09_빙과블프_ASC_전환_image_전체타겟_공지문,[빙과_초코바_블프] 26.09_빙과블프_ASC_전환_image_전체타겟,[26.09]F_I_C혼_전환_빙과블프_직원설득형__.배너_내부공지.가격실수.현장감.라라스윗초코바권위.판매량.편의점1등.__김유진_2609011_빙과_이채윤,2143,62,24588,1,0,전환
2026-09-12,120252295094620659,[빙과_초코바_블프] 26.09_빙과블프_ASC_전환_image_전체타겟_공지문,[빙과_초코바_블프] 26.09_빙과블프_ASC_전환_image_전체타겟,[26.09]F_I_C혼_전환_빙과블프_직원설득형__.배너_내부공지.가격실수.현장감.라라스윗초코바권위.업그레이드.앞두고.__김유진_2609011_빙과_이채윤,57,1,981,0,0,전환
2026-09-12,120252295239170659,[빙과_파인트_블프] 26.09_빙과블프_수동_전환_image_전체타겟,260911_후기다발,[26.09]F_I_P초_전환_빙과블프_혜택강조형__.릴스_영상.후기다발.고D바급찐한맛그대로인데당은98%낮췄다.1위.__고가영_260911_빙과_김민우,220,5,5307,0,3,전환
2026-09-12,120252295273590659,[빙과_파인트_블프] 26.09_빙과블프_수동_전환_image_전체타겟,260911_후기다발,[26.09]F_I_P초_전환_빙과블프_혜택강조형__.릴스_영상.후기다발.글로벌프리미엄브랜드제치고1등한그아이스크림.__고가영_260911_빙과_김민우,14390,148,179587,10,214,전환
2026-09-12,120252295282420659,[빙과_초코바_블프] 26.09_빙과블프_수동_전환_image_전체타겟,260911_C혼_혜택,[26.09]F_I_C혼_전환_빙과블프_제품강조형__.배너_혜택.비주얼.페인포인트해소.저당.다시는없습니다.님S초코컵.__김유진_2609011_빙과_이채윤,28,3,724,0,0,전환
2026-09-12,120252295306840659,[빙과_초코바_블프] 26.09_빙과블프_ASC_전환_image_전체타겟_혜택+기타,[빙과_초코바_블프] 26.09_빙과블프_ASC_전환_image_전체타겟,[26.09]F_I_C혼_전환_빙과블프_제품강조형__.배너_혜택.비주얼.페인포인트해소.저당.다시는없습니다.몰X져스.__김유진_2609011_빙과_이채윤,295,6,5232,1,0,전환
2026-09-12,120252295310250659,[빙과_초코바_블프] 26.09_빙과블프_ASC_전환_image_전체타겟_혜택+기타,[빙과_초코바_블프] 26.09_빙과블프_ASC_전환_image_전체타겟,[26.09]F_I_C혼_전환_빙과블프_제품강조형__.배너_혜택.비주얼.페인포인트해소.저당.다시는없습니다.초코테린느.__김유진_2609011_빙과_이채윤,1444,40,29810,1,0,전환
2026-09-12,120252295329530659,[빙과_파인트_블프] 26.09_빙과블프_수동_전환_image_전체타겟,260911_후기다발,[26.09]F_I_P초_전환_빙과블프_혜택강조형__.릴스_영상.후기다발.네고형.고D바급으로찐한데.당98%낮춰.제치고1등한그아이스크림.__고가영_260911_빙과_김민우,204,4,3268,0,5,전환
2026-09-12,120252297183310659,[빙과_스틱바_복숭아쫀득] 26.09_쫀득바출시_ASC_전환_image_전체타겟,[복숭아쫀득바] 26.09_복쫀바출시_ASC_전환_image_전체타겟_AI,[26.09]F_I_JD혼_전환_상시_혜택강조형__.릴스_그릭요거트.멜쫀X.__이재원_260911_빙과_함주현,35,1,554,0,0,전환
2026-09-12,120252297519640659,[빙과_스틱바_복숭아쫀득] 26.09_쫀득바출시_ASC_전환_image_전체타겟,[복숭아쫀득바] 26.09_복쫀바출시_ASC_전환_image_전체타겟_AI,[26.09]F_I_JD혼_전환_상시_혜택강조형__.릴스_수량한정성.멜쫀O.__이재원_260911_빙과_함주현,235,5,4345,3,3,전환
2026-09-12,120252297524290659,[빙과_스틱바_복숭아쫀득] 26.09_쫀득바출시_ASC_전환_image_전체타겟,[복숭아쫀득바] 26.09_복쫀바출시_ASC_전환_image_전체타겟_AI,[26.09]F_I_JD혼_전환_상시_혜택강조형__.릴스_수량한정성.멜쫀X.__이재원_260911_빙과_함주현,628,13,15243,2,9,전환
2026-09-12,120252297552340659,[빙과_스틱바_복숭아쫀득] 26.09_쫀득바출시_ASC_전환_image_전체타겟,[복숭아쫀득바] 26.09_복쫀바출시_ASC_전환_image_전체타겟_AI,[26.09]F_I_JD혼_전환_상시_혜택강조형__.릴스_시즌한정성.멜쫀X.__이재원_260911_빙과_함주현,345,8,8384,0,3,전환
2026-09-13,120252295094460659,[빙과_초코바_블프] 26.09_빙과블프_ASC_전환_image_전체타겟_공지문,[빙과_초코바_블프] 26.09_빙과블프_ASC_전환_image_전체타겟,[26.09]F_I_C혼_전환_빙과블프_직원설득형__.배너_내부공지.가격실수.현장감.페인포인트해소.저당.초코테린느.__김유진_2609011_빙과_이채윤,237,2,3357,0,0,전환
2026-09-13,120252295094500659,[빙과_초코바_블프] 26.09_빙과블프_ASC_전환_image_전체타겟_공지문,[빙과_초코바_블프] 26.09_빙과블프_ASC_전환_image_전체타겟,[26.09]F_I_C혼_전환_빙과블프_직원설득형__.배너_내부공지.가격실수.현장감.페인포인트해소.가격.고X바급.아할점급혜자가격.__김유진_2609011_빙과_이채윤,372,10,6822,0,0,전환
2026-09-13,120252295094510659,[빙과_초코바_블프] 26.09_빙과블프_ASC_전환_image_전체타겟_공지문,[빙과_초코바_블프] 26.09_빙과블프_ASC_전환_image_전체타겟,[26.09]F_I_C혼_전환_빙과블프_직원설득형__.배너_내부공지.가격실수.현장감.페인포인트해소.가격.50만원.루X비통.아할점급혜자가격.__김유진_2609011_빙과_이채윤,77,1,1589,0,0,전환
2026-09-13,120252295094540659,[빙과_초코바_블프] 26.09_빙과블프_ASC_전환_image_전체타겟_공지문,[빙과_초코바_블프] 26.09_빙과블프_ASC_전환_image_전체타겟,[26.09]F_I_C혼_전환_빙과블프_직원설득형__.배너_내부공지.가격실수.현장감.페인포인트해소.상황.당떨어질때한입.급속충전.__김유진_2609011_빙과_이채윤,38,2,441,0,0,전환
2026-09-13,120252295094550659,[빙과_초코바_블프] 26.09_빙과블프_ASC_전환_image_전체타겟_공지문,[빙과_초코바_블프] 26.09_빙과블프_ASC_전환_image_전체타겟,[26.09]F_I_C혼_전환_빙과블프_직원설득형__.배너_내부공지.가격실수.현장감.라라스윗초코바권위.저당권위.대기업카피캣.__김유진_2609011_빙과_이채윤,30,2,465,0,0,전환
2026-09-13,120252295094560659,[빙과_초코바_블프] 26.09_빙과블프_ASC_전환_image_전체타겟_공지문,[빙과_초코바_블프] 26.09_빙과블프_ASC_전환_image_전체타겟,[26.09]F_I_C혼_전환_빙과블프_직원설득형__.배너_내부공지.가격실수.현장감.기대요소극대화.초코홍수.초코범벅.__김유진_2609011_빙과_이채윤,1919,49,21746,1,0,전환
2026-09-13,120252295094580659,[빙과_초코바_블프] 26.09_빙과블프_ASC_전환_image_전체타겟_공지문,[빙과_초코바_블프] 26.09_빙과블프_ASC_전환_image_전체타겟,[26.09]F_I_C혼_전환_빙과블프_직원설득형__.배너_내부공지.가격실수.현장감.페인포인트해소.저당.님S초코컵.__김유진_2609011_빙과_이채윤,154,4,3117,0,0,전환
2026-09-13,120252295094590659,[빙과_초코바_블프] 26.09_빙과블프_ASC_전환_image_전체타겟_공지문,[빙과_초코바_블프] 26.09_빙과블프_ASC_전환_image_전체타겟,[26.09]F_I_C혼_전환_빙과블프_직원설득형__.배너_내부공지.가격실수.현장감.라라스윗초코바권위.품귀.__김유진_2609011_빙과_이채윤,9,0,224,0,0,전환
2026-09-13,120252295094600659,[빙과_초코바_블프] 26.09_빙과블프_ASC_전환_image_전체타겟_공지문,[빙과_초코바_블프] 26.09_빙과블프_ASC_전환_image_전체타겟,[26.09]F_I_C혼_전환_빙과블프_직원설득형__.배너_내부공지.가격실수.현장감.페인포인트해소.저당.몰X져스말먹급콰작.__김유진_2609011_빙과_이채윤,2042,58,22567,1,0,전환
2026-09-13,120252295094620659,[빙과_초코바_블프] 26.09_빙과블프_ASC_전환_image_전체타겟_공지문,[빙과_초코바_블프] 26.09_빙과블프_ASC_전환_image_전체타겟,[26.09]F_I_C혼_전환_빙과블프_직원설득형__.배너_내부공지.가격실수.현장감.라라스윗초코바권위.업그레이드.앞두고.__김유진_2609011_빙과_이채윤,90,4,1269,0,0,전환
2026-09-13,120252295239170659,[빙과_파인트_블프] 26.09_빙과블프_수동_전환_image_전체타겟,260911_후기다발,[26.09]F_I_P초_전환_빙과블프_혜택강조형__.릴스_영상.후기다발.고D바급찐한맛그대로인데당은98%낮췄다.1위.__고가영_260911_빙과_김민우,55,1,1134,0,0,전환
2026-09-13,120252295273590659,[빙과_파인트_블프] 26.09_빙과블프_수동_전환_image_전체타겟,260911_후기다발,[26.09]F_I_P초_전환_빙과블프_혜택강조형__.릴스_영상.후기다발.글로벌프리미엄브랜드제치고1등한그아이스크림.__고가영_260911_빙과_김민우,8738,97,136060,9,162,전환
2026-09-13,120252295306840659,[빙과_초코바_블프] 26.09_빙과블프_ASC_전환_image_전체타겟_혜택+기타,[빙과_초코바_블프] 26.09_빙과블프_ASC_전환_image_전체타겟,[26.09]F_I_C혼_전환_빙과블프_제품강조형__.배너_혜택.비주얼.페인포인트해소.저당.다시는없습니다.몰X져스.__김유진_2609011_빙과_이채윤,2469,49,47655,2,0,전환
2026-09-13,120252295329530659,[빙과_파인트_블프] 26.09_빙과블프_수동_전환_image_전체타겟,260911_후기다발,[26.09]F_I_P초_전환_빙과블프_혜택강조형__.릴스_영상.후기다발.네고형.고D바급으로찐한데.당98%낮춰.제치고1등한그아이스크림.__고가영_260911_빙과_김민우,121,3,3044,0,7,전환
2026-09-13,120252297183310659,[빙과_스틱바_복숭아쫀득] 26.09_쫀득바출시_ASC_전환_image_전체타겟,[복숭아쫀득바] 26.09_복쫀바출시_ASC_전환_image_전체타겟_AI,[26.09]F_I_JD혼_전환_상시_혜택강조형__.릴스_그릭요거트.멜쫀X.__이재원_260911_빙과_함주현,29,2,1407,0,1,전환
2026-09-13,120252297519640659,[빙과_스틱바_복숭아쫀득] 26.09_쫀득바출시_ASC_전환_image_전체타겟,[복숭아쫀득바] 26.09_복쫀바출시_ASC_전환_image_전체타겟_AI,[26.09]F_I_JD혼_전환_상시_혜택강조형__.릴스_수량한정성.멜쫀O.__이재원_260911_빙과_함주현,9,0,145,0,0,전환
2026-09-13,120252297524290659,[빙과_스틱바_복숭아쫀득] 26.09_쫀득바출시_ASC_전환_image_전체타겟,[복숭아쫀득바] 26.09_복쫀바출시_ASC_전환_image_전체타겟_AI,[26.09]F_I_JD혼_전환_상시_혜택강조형__.릴스_수량한정성.멜쫀X.__이재원_260911_빙과_함주현,58,0,1489,0,1,전환
2026-09-13,120252297552340659,[빙과_스틱바_복숭아쫀득] 26.09_쫀득바출시_ASC_전환_image_전체타겟,[복숭아쫀득바] 26.09_복쫀바출시_ASC_전환_image_전체타겟_AI,[26.09]F_I_JD혼_전환_상시_혜택강조형__.릴스_시즌한정성.멜쫀X.__이재원_260911_빙과_함주현,34,0,920,1,0,전환
2026-09-14,120252295094460659,[빙과_초코바_블프] 26.09_빙과블프_ASC_전환_image_전체타겟_공지문,[빙과_초코바_블프] 26.09_빙과블프_ASC_전환_image_전체타겟,[26.09]F_I_C혼_전환_빙과블프_직원설득형__.배너_내부공지.가격실수.현장감.페인포인트해소.저당.초코테린느.__김유진_2609011_빙과_이채윤,1855,54,23104,1,0,전환
2026-09-14,120252295094500659,[빙과_초코바_블프] 26.09_빙과블프_ASC_전환_image_전체타겟_공지문,[빙과_초코바_블프] 26.09_빙과블프_ASC_전환_image_전체타겟,[26.09]F_I_C혼_전환_빙과블프_직원설득형__.배너_내부공지.가격실수.현장감.페인포인트해소.가격.고X바급.아할점급혜자가격.__김유진_2609011_빙과_이채윤,3198,81,46630,2,0,전환
2026-09-14,120252295094510659,[빙과_초코바_블프] 26.09_빙과블프_ASC_전환_image_전체타겟_공지문,[빙과_초코바_블프] 26.09_빙과블프_ASC_전환_image_전체타겟,[26.09]F_I_C혼_전환_빙과블프_직원설득형__.배너_내부공지.가격실수.현장감.페인포인트해소.가격.50만원.루X비통.아할점급혜자가격.__김유진_2609011_빙과_이채윤,252,7,2994,0,0,전환
2026-09-14,120252295094540659,[빙과_초코바_블프] 26.09_빙과블프_ASC_전환_image_전체타겟_공지문,[빙과_초코바_블프] 26.09_빙과블프_ASC_전환_image_전체타겟,[26.09]F_I_C혼_전환_빙과블프_직원설득형__.배너_내부공지.가격실수.현장감.페인포인트해소.상황.당떨어질때한입.급속충전.__김유진_2609011_빙과_이채윤,94,2,941,0,0,전환
2026-09-14,120252295094550659,[빙과_초코바_블프] 26.09_빙과블프_ASC_전환_image_전체타겟_공지문,[빙과_초코바_블프] 26.09_빙과블프_ASC_전환_image_전체타겟,[26.09]F_I_C혼_전환_빙과블프_직원설득형__.배너_내부공지.가격실수.현장감.라라스윗초코바권위.저당권위.대기업카피캣.__김유진_2609011_빙과_이채윤,52,1,493,0,0,전환
2026-09-14,120252295094580659,[빙과_초코바_블프] 26.09_빙과블프_ASC_전환_image_전체타겟_공지문,[빙과_초코바_블프] 26.09_빙과블프_ASC_전환_image_전체타겟,[26.09]F_I_C혼_전환_빙과블프_직원설득형__.배너_내부공지.가격실수.현장감.페인포인트해소.저당.님S초코컵.__김유진_2609011_빙과_이채윤,2523,60,31966,1,0,전환
2026-09-14,120252295094590659,[빙과_초코바_블프] 26.09_빙과블프_ASC_전환_image_전체타겟_공지문,[빙과_초코바_블프] 26.09_빙과블프_ASC_전환_image_전체타겟,[26.09]F_I_C혼_전환_빙과블프_직원설득형__.배너_내부공지.가격실수.현장감.라라스윗초코바권위.품귀.__김유진_2609011_빙과_이채윤,16,3,275,0,0,전환
2026-09-14,120252295094620659,[빙과_초코바_블프] 26.09_빙과블프_ASC_전환_image_전체타겟_공지문,[빙과_초코바_블프] 26.09_빙과블프_ASC_전환_image_전체타겟,[26.09]F_I_C혼_전환_빙과블프_직원설득형__.배너_내부공지.가격실수.현장감.라라스윗초코바권위.업그레이드.앞두고.__김유진_2609011_빙과_이채윤,959,23,11045,1,0,전환
2026-09-14,120252295239170659,[빙과_파인트_블프] 26.09_빙과블프_수동_전환_image_전체타겟,260911_후기다발,[26.09]F_I_P초_전환_빙과블프_혜택강조형__.릴스_영상.후기다발.고D바급찐한맛그대로인데당은98%낮췄다.1위.__고가영_260911_빙과_김민우,41,0,1157,0,0,전환
2026-09-14,120252295273590659,[빙과_파인트_블프] 26.09_빙과블프_수동_전환_image_전체타겟,260911_후기다발,[26.09]F_I_P초_전환_빙과블프_혜택강조형__.릴스_영상.후기다발.글로벌프리미엄브랜드제치고1등한그아이스크림.__고가영_260911_빙과_김민우,17845,204,277134,16,316,전환
2026-09-14,120252295282420659,[빙과_초코바_블프] 26.09_빙과블프_수동_전환_image_전체타겟,260911_C혼_혜택,[26.09]F_I_C혼_전환_빙과블프_제품강조형__.배너_혜택.비주얼.페인포인트해소.저당.다시는없습니다.님S초코컵.__김유진_2609011_빙과_이채윤,6,0,128,0,0,전환
2026-09-14,120252295310250659,[빙과_초코바_블프] 26.09_빙과블프_ASC_전환_image_전체타겟_혜택+기타,[빙과_초코바_블프] 26.09_빙과블프_ASC_전환_image_전체타겟,[26.09]F_I_C혼_전환_빙과블프_제품강조형__.배너_혜택.비주얼.페인포인트해소.저당.다시는없습니다.초코테린느.__김유진_2609011_빙과_이채윤,1424,31,28525,0,0,전환
2026-09-14,120252295329530659,[빙과_파인트_블프] 26.09_빙과블프_수동_전환_image_전체타겟,260911_후기다발,[26.09]F_I_P초_전환_빙과블프_혜택강조형__.릴스_영상.후기다발.네고형.고D바급으로찐한데.당98%낮춰.제치고1등한그아이스크림.__고가영_260911_빙과_김민우,172,3,2763,0,5,전환
2026-09-14,120252297519640659,[빙과_스틱바_복숭아쫀득] 26.09_쫀득바출시_ASC_전환_image_전체타겟,[복숭아쫀득바] 26.09_복쫀바출시_ASC_전환_image_전체타겟_AI,[26.09]F_I_JD혼_전환_상시_혜택강조형__.릴스_수량한정성.멜쫀O.__이재원_260911_빙과_함주현,2,0,45,0,0,전환
2026-09-14,120252297524290659,[빙과_스틱바_복숭아쫀득] 26.09_쫀득바출시_ASC_전환_image_전체타겟,[복숭아쫀득바] 26.09_복쫀바출시_ASC_전환_image_전체타겟_AI,[26.09]F_I_JD혼_전환_상시_혜택강조형__.릴스_수량한정성.멜쫀X.__이재원_260911_빙과_함주현,1113,14,26288,4,11,전환
2026-09-14,120252297552340659,[빙과_스틱바_복숭아쫀득] 26.09_쫀득바출시_ASC_전환_image_전체타겟,[복숭아쫀득바] 26.09_복쫀바출시_ASC_전환_image_전체타겟_AI,[26.09]F_I_JD혼_전환_상시_혜택강조형__.릴스_시즌한정성.멜쫀X.__이재원_260911_빙과_함주현,688,5,14308,1,7,전환
2026-09-15,120252295094510659,[빙과_초코바_블프] 26.09_빙과블프_ASC_전환_image_전체타겟_공지문,[빙과_초코바_블프] 26.09_빙과블프_ASC_전환_image_전체타겟,[26.09]F_I_C혼_전환_빙과블프_직원설득형__.배너_내부공지.가격실수.현장감.페인포인트해소.가격.50만원.루X비통.아할점급혜자가격.__김유진_2609011_빙과_이채윤,203,5,4663,0,0,전환
2026-09-15,120252295094540659,[빙과_초코바_블프] 26.09_빙과블프_ASC_전환_image_전체타겟_공지문,[빙과_초코바_블프] 26.09_빙과블프_ASC_전환_image_전체타겟,[26.09]F_I_C혼_전환_빙과블프_직원설득형__.배너_내부공지.가격실수.현장감.페인포인트해소.상황.당떨어질때한입.급속충전.__김유진_2609011_빙과_이채윤,293,9,4631,0,0,전환
2026-09-15,120252295094550659,[빙과_초코바_블프] 26.09_빙과블프_ASC_전환_image_전체타겟_공지문,[빙과_초코바_블프] 26.09_빙과블프_ASC_전환_image_전체타겟,[26.09]F_I_C혼_전환_빙과블프_직원설득형__.배너_내부공지.가격실수.현장감.라라스윗초코바권위.저당권위.대기업카피캣.__김유진_2609011_빙과_이채윤,37,3,793,0,0,전환
2026-09-15,120252295094590659,[빙과_초코바_블프] 26.09_빙과블프_ASC_전환_image_전체타겟_공지문,[빙과_초코바_블프] 26.09_빙과블프_ASC_전환_image_전체타겟,[26.09]F_I_C혼_전환_빙과블프_직원설득형__.배너_내부공지.가격실수.현장감.라라스윗초코바권위.품귀.__김유진_2609011_빙과_이채윤,78,3,1744,0,0,전환
2026-09-15,120252295094610659,[빙과_초코바_블프] 26.09_빙과블프_ASC_전환_image_전체타겟_공지문,[빙과_초코바_블프] 26.09_빙과블프_ASC_전환_image_전체타겟,[26.09]F_I_C혼_전환_빙과블프_직원설득형__.배너_내부공지.가격실수.현장감.라라스윗초코바권위.판매량.편의점1등.__김유진_2609011_빙과_이채윤,681,27,12354,1,0,전환
2026-09-15,120252295094620659,[빙과_초코바_블프] 26.09_빙과블프_ASC_전환_image_전체타겟_공지문,[빙과_초코바_블프] 26.09_빙과블프_ASC_전환_image_전체타겟,[26.09]F_I_C혼_전환_빙과블프_직원설득형__.배너_내부공지.가격실수.현장감.라라스윗초코바권위.업그레이드.앞두고.__김유진_2609011_빙과_이채윤,1277,29,20863,0,0,전환
2026-09-15,120252295273590659,[빙과_파인트_블프] 26.09_빙과블프_수동_전환_image_전체타겟,260911_후기다발,[26.09]F_I_P초_전환_빙과블프_혜택강조형__.릴스_영상.후기다발.글로벌프리미엄브랜드제치고1등한그아이스크림.__고가영_260911_빙과_김민우,1407,22,26722,1,35,전환
2026-09-16,120252295273590659,[빙과_파인트_블프] 26.09_빙과블프_수동_전환_image_전체타겟,260911_후기다발,[26.09]F_I_P초_전환_빙과블프_혜택강조형__.릴스_영상.후기다발.글로벌프리미엄브랜드제치고1등한그아이스크림.__고가영_260911_빙과_김민우,24233,264,381739,21,502,전환
2026-09-16,120252297524290659,[빙과_스틱바_복숭아쫀득] 26.09_쫀득바출시_ASC_전환_image_전체타겟,[복숭아쫀득바] 26.09_복쫀바출시_ASC_전환_image_전체타겟_AI,[26.09]F_I_JD혼_전환_상시_혜택강조형__.릴스_수량한정성.멜쫀X.__이재원_260911_빙과_함주현,1,0,1,0,0,전환
2026-09-17,120252295094610659,[빙과_초코바_블프] 26.09_빙과블프_ASC_전환_image_전체타겟_공지문,[빙과_초코바_블프] 26.09_빙과블프_ASC_전환_image_전체타겟,[26.09]F_I_C혼_전환_빙과블프_직원설득형__.배너_내부공지.가격실수.현장감.라라스윗초코바권위.판매량.편의점1등.__김유진_2609011_빙과_이채윤,1085,17,17143,0,0,전환
2026-09-17,120252295273590659,[빙과_파인트_블프] 26.09_빙과블프_수동_전환_image_전체타겟,260911_후기다발,[26.09]F_I_P초_전환_빙과블프_혜택강조형__.릴스_영상.후기다발.글로벌프리미엄브랜드제치고1등한그아이스크림.__고가영_260911_빙과_김민우,2844,26,51728,2,47,전환
2026-09-17,120252297183310659,[빙과_스틱바_복숭아쫀득] 26.09_쫀득바출시_ASC_전환_image_전체타겟,[복숭아쫀득바] 26.09_복쫀바출시_ASC_전환_image_전체타겟_AI,[26.09]F_I_JD혼_전환_상시_혜택강조형__.릴스_그릭요거트.멜쫀X.__이재원_260911_빙과_함주현,5,0,66,0,1,전환
2026-09-17,120252297524290659,[빙과_스틱바_복숭아쫀득] 26.09_쫀득바출시_ASC_전환_image_전체타겟,[복숭아쫀득바] 26.09_복쫀바출시_ASC_전환_image_전체타겟_AI,[26.09]F_I_JD혼_전환_상시_혜택강조형__.릴스_수량한정성.멜쫀X.__이재원_260911_빙과_함주현,4,0,16,0,1,전환
2026-09-17,120252297552340659,[빙과_스틱바_복숭아쫀득] 26.09_쫀득바출시_ASC_전환_image_전체타겟,[복숭아쫀득바] 26.09_복쫀바출시_ASC_전환_image_전체타겟_AI,[26.09]F_I_JD혼_전환_상시_혜택강조형__.릴스_시즌한정성.멜쫀X.__이재원_260911_빙과_함주현,1,0,1,0,0,전환
2026-09-18,120252295239170659,[빙과_파인트_블프] 26.09_빙과블프_수동_전환_image_전체타겟,260911_후기다발,[26.09]F_I_P초_전환_빙과블프_혜택강조형__.릴스_영상.후기다발.고D바급찐한맛그대로인데당은98%낮췄다.1위.__고가영_260911_빙과_김민우,197,3,3753,2,4,전환
2026-09-18,120252295273590659,[빙과_파인트_블프] 26.09_빙과블프_수동_전환_image_전체타겟,260911_후기다발,[26.09]F_I_P초_전환_빙과블프_혜택강조형__.릴스_영상.후기다발.글로벌프리미엄브랜드제치고1등한그아이스크림.__고가영_260911_빙과_김민우,2326,38,41754,3,36,전환
2026-09-18,120252295329530659,[빙과_파인트_블프] 26.09_빙과블프_수동_전환_image_전체타겟,260911_후기다발,[26.09]F_I_P초_전환_빙과블프_혜택강조형__.릴스_영상.후기다발.네고형.고D바급으로찐한데.당98%낮춰.제치고1등한그아이스크림.__고가영_260911_빙과_김민우,140,2,2087,1,5,전환
2026-09-18,120252297183310659,[빙과_스틱바_복숭아쫀득] 26.09_쫀득바출시_ASC_전환_image_전체타겟,[복숭아쫀득바] 26.09_복쫀바출시_ASC_전환_image_전체타겟_AI,[26.09]F_I_JD혼_전환_상시_혜택강조형__.릴스_그릭요거트.멜쫀X.__이재원_260911_빙과_함주현,5,0,87,0,0,전환
2026-09-18,120252297524290659,[빙과_스틱바_복숭아쫀득] 26.09_쫀득바출시_ASC_전환_image_전체타겟,[복숭아쫀득바] 26.09_복쫀바출시_ASC_전환_image_전체타겟_AI,[26.09]F_I_JD혼_전환_상시_혜택강조형__.릴스_수량한정성.멜쫀X.__이재원_260911_빙과_함주현,5,1,127,0,1,전환
2026-09-18,120252297552340659,[빙과_스틱바_복숭아쫀득] 26.09_쫀득바출시_ASC_전환_image_전체타겟,[복숭아쫀득바] 26.09_복쫀바출시_ASC_전환_image_전체타겟_AI,[26.09]F_I_JD혼_전환_상시_혜택강조형__.릴스_시즌한정성.멜쫀X.__이재원_260911_빙과_함주현,1,0,8,0,0,전환
2026-09-20,120252295273590659,[빙과_파인트_블프] 26.09_빙과블프_수동_전환_image_전체타겟,260911_후기다발,[26.09]F_I_P초_전환_빙과블프_혜택강조형__.릴스_영상.후기다발.글로벌프리미엄브랜드제치고1등한그아이스크림.__고가영_260911_빙과_김민우,1,0,13,0,0,전환
2026-09-12,120252292187880659,[빙과_파인트_골키파] 26.07_골키파출시_수동_전환_video_전체타겟,9월 2주차_인물리뷰형_P말,[26.09]F_V_P말_전환_골키파출시_인물리뷰형_무산김BP_main.릴스_롱.하겐다즈.9월.수민PJ_파인트P_고가영_260911_빙과_정하얀,27,0,400,0,1,전환
2026-09-12,120252292188860659,[빙과_파인트_골키파] 26.09_골키파출시_ASC_전환_video_전체타겟_9월 2주차_인물리뷰형/올록담BP,[빙과_파인트_골키파] 26.09_골키파출시_ASC_전환_video_전체타겟_9월 2주차_인물리뷰형/올록담BP,[26.09]F_V_P말_전환_골키파출시_인물리뷰형_무산김BP_main.릴스_롱.하겐다즈.9월.수민PJ_파인트P_고가영_260911_빙과_정하얀,143,0,1902,0,3,전환
2026-09-12,120252292199330659,[빙과_파인트_골키파] 26.07_골키파출시_수동_전환_video_전체타겟,9월 2주차_인물리뷰형_P말,[26.09]F_V_P말_전환_골키파출시_인물리뷰형_무산김BP_var1.릴스_숏.공통부터.9월.수민PJ_파인트P_고가영_260911_빙과_정하얀,313,4,7194,1,19,전환
2026-09-12,120252292200870659,[빙과_파인트_골키파] 26.09_골키파출시_ASC_전환_video_전체타겟_9월 2주차_인물리뷰형/올록담BP,[빙과_파인트_골키파] 26.09_골키파출시_ASC_전환_video_전체타겟_9월 2주차_인물리뷰형/올록담BP,[26.09]F_V_P말_전환_골키파출시_인물리뷰형_무산김BP_var1.릴스_숏.공통부터.9월.수민PJ_파인트P_고가영_260911_빙과_정하얀,94,0,1555,0,2,전환
2026-09-12,120252292217330659,[빙과_파인트_골키파] 26.07_골키파출시_수동_전환_video_전체타겟,9월 2주차_올록담BP_P초,[26.09]F_V_P초_전환_골키파출시_신규BP_올록담BP_main.릴스_공통.9월.수민PJ_파인트P_고가영_260911_빙과_이수민,110,3,3737,0,12,전환
2026-09-12,120252292218710659,[빙과_파인트_골키파] 26.09_골키파출시_ASC_전환_video_전체타겟_9월 2주차_인물리뷰형/올록담BP,[빙과_파인트_골키파] 26.09_골키파출시_ASC_전환_video_전체타겟_9월 2주차_인물리뷰형/올록담BP,[26.09]F_V_P초_전환_골키파출시_신규BP_올록담BP_main.릴스_공통.9월.수민PJ_파인트P_고가영_260911_빙과_이수민,46,0,1291,0,4,전환
2026-09-12,120252292233590659,[빙과_파인트_골키파] 26.07_골키파출시_수동_전환_video_전체타겟,9월 2주차_올록담BP_P초,[26.09]F_V_P초_전환_골키파출시_신규BP_올록담BP_var1.릴스_남편.뱃살.9월.수민PJ_파인트P_고가영_260911_빙과_이수민,1859,24,35362,2,107,전환
2026-09-12,120252292234850659,[빙과_파인트_골키파] 26.09_골키파출시_ASC_전환_video_전체타겟_9월 2주차_인물리뷰형/올록담BP,[빙과_파인트_골키파] 26.09_골키파출시_ASC_전환_video_전체타겟_9월 2주차_인물리뷰형/올록담BP,[26.09]F_V_P초_전환_골키파출시_신규BP_올록담BP_var1.릴스_남편.뱃살.9월.수민PJ_파인트P_고가영_260911_빙과_이수민,581,4,10816,0,44,전환
2026-09-12,120252292247110659,[빙과_파인트_골키파] 26.07_골키파출시_수동_전환_video_전체타겟,9월 2주차_인물리뷰형_P말,[26.09]F_V_P말_전환_골키파출시_인물리뷰형_무산김BP_var2.릴스_간식추천.9월.수민PJ_파인트P_고가영_260911_빙과_정하얀,93,2,1730,0,7,전환
2026-09-12,120252292248440659,[빙과_파인트_골키파] 26.09_골키파출시_ASC_전환_video_전체타겟_9월 2주차_인물리뷰형/올록담BP,[빙과_파인트_골키파] 26.09_골키파출시_ASC_전환_video_전체타겟_9월 2주차_인물리뷰형/올록담BP,[26.09]F_V_P말_전환_골키파출시_인물리뷰형_무산김BP_var2.릴스_간식추천.9월.수민PJ_파인트P_고가영_260911_빙과_정하얀,26,0,219,0,0,전환
2026-09-12,120252292262820659,[빙과_파인트_골키파] 26.07_골키파출시_수동_전환_video_전체타겟,9월 2주차_인물리뷰형_P말,[26.09]F_V_P말_전환_골키파출시_인물리뷰형_무산김BP_var3.릴스_쫀득.9월.수민PJ_파인트P_고가영_260911_빙과_정하얀,1892,25,32766,2,83,전환
2026-09-12,120252292263230659,[빙과_파인트_골키파] 26.09_골키파출시_ASC_전환_video_전체타겟_9월 2주차_인물리뷰형/올록담BP,[빙과_파인트_골키파] 26.09_골키파출시_ASC_전환_video_전체타겟_9월 2주차_인물리뷰형/올록담BP,[26.09]F_V_P말_전환_골키파출시_인물리뷰형_무산김BP_var3.릴스_쫀득.9월.수민PJ_파인트P_고가영_260911_빙과_정하얀,1972,14,26255,0,77,전환
2026-09-12,120252292270650659,[빙과_파인트_골키파] 26.07_골키파출시_수동_전환_video_전체타겟,9월 2주차_올록담BP_P초,[26.09]F_V_P초_전환_골키파출시_신규BP_올록담BP_var2.릴스_남편.당뇨관리.9월.수민PJ_파인트P_고가영_260911_빙과_이수민,1475,11,21428,0,113,전환
2026-09-12,120252292271140659,[빙과_파인트_골키파] 26.09_골키파출시_ASC_전환_video_전체타겟_9월 2주차_인물리뷰형/올록담BP,[빙과_파인트_골키파] 26.09_골키파출시_ASC_전환_video_전체타겟_9월 2주차_인물리뷰형/올록담BP,[26.09]F_V_P초_전환_골키파출시_신규BP_올록담BP_var2.릴스_남편.당뇨관리.9월.수민PJ_파인트P_고가영_260911_빙과_이수민,658,3,10031,0,44,전환
2026-09-12,120252292282710659,[빙과_파인트_골키파] 26.07_골키파출시_수동_전환_video_전체타겟,9월 2주차_올록담BP_P초,[26.09]F_V_P초_전환_골키파출시_신규BP_올록담BP_var3.릴스_남편.라라스윗.9월.수민PJ_파인트P_고가영_260911_빙과_이수민,451,4,10307,0,53,전환
2026-09-12,120252292283510659,[빙과_파인트_골키파] 26.09_골키파출시_ASC_전환_video_전체타겟_9월 2주차_인물리뷰형/올록담BP,[빙과_파인트_골키파] 26.09_골키파출시_ASC_전환_video_전체타겟_9월 2주차_인물리뷰형/올록담BP,[26.09]F_V_P초_전환_골키파출시_신규BP_올록담BP_var3.릴스_남편.라라스윗.9월.수민PJ_파인트P_고가영_260911_빙과_이수민,182,4,3845,0,22,전환
2026-09-12,120252292291070659,[빙과_파인트_골키파] 26.07_골키파출시_수동_전환_video_전체타겟,9월 2주차_인물리뷰형_P말,[26.09]F_V_P말_전환_골키파출시_인물리뷰형_무산김BP_var4.릴스_주지말라니까.9월.수민PJ_파인트P_고가영_260911_빙과_정하얀,2619,39,60541,3,263,전환
2026-09-12,120252292292850659,[빙과_파인트_골키파] 26.09_골키파출시_ASC_전환_video_전체타겟_9월 2주차_인물리뷰형/올록담BP,[빙과_파인트_골키파] 26.09_골키파출시_ASC_전환_video_전체타겟_9월 2주차_인물리뷰형/올록담BP,[26.09]F_V_P말_전환_골키파출시_인물리뷰형_무산김BP_var4.릴스_주지말라니까.9월.수민PJ_파인트P_고가영_260911_빙과_정하얀,931,8,19999,1,76,전환
2026-09-12,120252292317450659,[빙과_파인트_골키파] 26.07_골키파출시_수동_전환_video_전체타겟,9월 2주차_올록담BP_P초,[26.09]F_V_P초_전환_골키파출시_신규BP_올록담BP_var4.릴스_공통.숏.9월.수민PJ_파인트P_고가영_260911_빙과_이수민,51,0,1585,0,1,전환
2026-09-12,120252292318450659,[빙과_파인트_골키파] 26.09_골키파출시_ASC_전환_video_전체타겟_9월 2주차_인물리뷰형/올록담BP,[빙과_파인트_골키파] 26.09_골키파출시_ASC_전환_video_전체타겟_9월 2주차_인물리뷰형/올록담BP,[26.09]F_V_P초_전환_골키파출시_신규BP_올록담BP_var4.릴스_공통.숏.9월.수민PJ_파인트P_고가영_260911_빙과_이수민,53,0,1667,0,0,전환
2026-09-12,120252293434240659,[빙과_스틱바_복숭아쫀득] 26.09_쫀득바출시_수동_전환_video_전체타겟,[복숭아] 09.11 복숭아쫀득바_백정BP_렉카변환_정요한,[26.09]F_V_JD복_전환_복쫀바출시_신규BP_백정BP_var6.렉카_납작복숭아.렉카변환.유럽차원달라.X_스틱바P_황경원_260911_빙과_정요한,56,1,1294,0,6,전환
2026-09-12,120252293457720659,[빙과_스틱바_복숭아쫀득] 26.09_쫀득바출시_수동_전환_video_전체타겟,[복숭아] 09.11  복숭아쫀득바_써우리BP_렉카변환_정요한,[26.09]F_V_JD복_전환_복쫀바출시_인물리뷰형_써우리BP_var10.렉카_편의점.렉카변환.유럽차원달라.X_스틱바P_황경원_260911_빙과_정요한,144,2,2626,0,14,전환
2026-09-12,120252293611010659,[빙과_스틱바_복숭아쫀득] 26.09_쫀득바출시_수동_전환_video_전체타겟,[복숭아] 09.11  복숭아쫀득바_써우리BP_렉카변환_정요한,[26.09]F_V_JD복_전환_복쫀바출시_인물리뷰형_써우리BP_var8.렉카_편의점.렉카변환.당3g.X_스틱바P_황경원_260911_빙과_정요한,310,7,8357,0,28,전환
2026-09-12,120252293624190659,[빙과_스틱바_복숭아쫀득] 26.09_쫀득바출시_수동_전환_video_전체타겟,[복숭아] 09.11  복숭아쫀득바_써우리BP_렉카변환_정요한,[26.09]F_V_JD복_전환_복쫀바출시_인물리뷰형_써우리BP_var9.렉카_편의점.렉카변환.슈기샤라웃.X_스틱바P_황경원_260911_빙과_정요한,125,1,2747,0,12,전환
2026-09-12,120252294820330659,[빙과_초코바_블프] 26.09_빙과블프_수동_전환_image_전체타겟,260911_C혼_공지문,[26.09]F_I_C혼_전환_빙과블프_직원설득형__.배너_내부공지.가격실수.현장감.라라스윗초코바권위.판매량.편의점1등.__김유진_2609011_빙과_이채윤,180,4,4016,0,0,전환
2026-09-12,120252294831850659,[빙과_초코바_블프] 26.09_빙과블프_수동_전환_image_전체타겟,260911_C혼_공지문,[26.09]F_I_C혼_전환_빙과블프_직원설득형__.배너_내부공지.가격실수.현장감.라라스윗초코바권위.품귀.__김유진_2609011_빙과_이채윤,169,3,2597,0,0,전환
2026-09-12,120252294907800659,[빙과_초코바_블프] 26.09_빙과블프_수동_전환_image_전체타겟,260911_C혼_기타,[26.09]F_I_C혼_전환_빙과블프_제품강조형__.배너_영상.기대요소극대화.규모감.비주얼.안다르.초코홍수급퐁듀.__김유진_2609011_빙과_이채윤,996,18,20897,0,101,전환
2026-09-13,120252292187880659,[빙과_파인트_골키파] 26.07_골키파출시_수동_전환_video_전체타겟,9월 2주차_인물리뷰형_P말,[26.09]F_V_P말_전환_골키파출시_인물리뷰형_무산김BP_main.릴스_롱.하겐다즈.9월.수민PJ_파인트P_고가영_260911_빙과_정하얀,12,0,213,0,0,전환
2026-09-13,120252292188860659,[빙과_파인트_골키파] 26.09_골키파출시_ASC_전환_video_전체타겟_9월 2주차_인물리뷰형/올록담BP,[빙과_파인트_골키파] 26.09_골키파출시_ASC_전환_video_전체타겟_9월 2주차_인물리뷰형/올록담BP,[26.09]F_V_P말_전환_골키파출시_인물리뷰형_무산김BP_main.릴스_롱.하겐다즈.9월.수민PJ_파인트P_고가영_260911_빙과_정하얀,112,2,1576,0,3,전환
2026-09-13,120252292199330659,[빙과_파인트_골키파] 26.07_골키파출시_수동_전환_video_전체타겟,9월 2주차_인물리뷰형_P말,[26.09]F_V_P말_전환_골키파출시_인물리뷰형_무산김BP_var1.릴스_숏.공통부터.9월.수민PJ_파인트P_고가영_260911_빙과_정하얀,225,4,5480,0,19,전환
2026-09-13,120252292200870659,[빙과_파인트_골키파] 26.09_골키파출시_ASC_전환_video_전체타겟_9월 2주차_인물리뷰형/올록담BP,[빙과_파인트_골키파] 26.09_골키파출시_ASC_전환_video_전체타겟_9월 2주차_인물리뷰형/올록담BP,[26.09]F_V_P말_전환_골키파출시_인물리뷰형_무산김BP_var1.릴스_숏.공통부터.9월.수민PJ_파인트P_고가영_260911_빙과_정하얀,440,0,8263,1,26,전환
2026-09-13,120252292217330659,[빙과_파인트_골키파] 26.07_골키파출시_수동_전환_video_전체타겟,9월 2주차_올록담BP_P초,[26.09]F_V_P초_전환_골키파출시_신규BP_올록담BP_main.릴스_공통.9월.수민PJ_파인트P_고가영_260911_빙과_이수민,777,19,25067,0,61,전환
2026-09-13,120252292218710659,[빙과_파인트_골키파] 26.09_골키파출시_ASC_전환_video_전체타겟_9월 2주차_인물리뷰형/올록담BP,[빙과_파인트_골키파] 26.09_골키파출시_ASC_전환_video_전체타겟_9월 2주차_인물리뷰형/올록담BP,[26.09]F_V_P초_전환_골키파출시_신규BP_올록담BP_main.릴스_공통.9월.수민PJ_파인트P_고가영_260911_빙과_이수민,285,4,7131,0,5,전환
2026-09-13,120252292233590659,[빙과_파인트_골키파] 26.07_골키파출시_수동_전환_video_전체타겟,9월 2주차_올록담BP_P초,[26.09]F_V_P초_전환_골키파출시_신규BP_올록담BP_var1.릴스_남편.뱃살.9월.수민PJ_파인트P_고가영_260911_빙과_이수민,10,1,227,0,1,전환
2026-09-13,120252292234850659,[빙과_파인트_골키파] 26.09_골키파출시_ASC_전환_video_전체타겟_9월 2주차_인물리뷰형/올록담BP,[빙과_파인트_골키파] 26.09_골키파출시_ASC_전환_video_전체타겟_9월 2주차_인물리뷰형/올록담BP,[26.09]F_V_P초_전환_골키파출시_신규BP_올록담BP_var1.릴스_남편.뱃살.9월.수민PJ_파인트P_고가영_260911_빙과_이수민,1508,20,29363,3,77,전환
2026-09-13,120252292247110659,[빙과_파인트_골키파] 26.07_골키파출시_수동_전환_video_전체타겟,9월 2주차_인물리뷰형_P말,[26.09]F_V_P말_전환_골키파출시_인물리뷰형_무산김BP_var2.릴스_간식추천.9월.수민PJ_파인트P_고가영_260911_빙과_정하얀,69,0,2486,1,7,전환
2026-09-13,120252292248440659,[빙과_파인트_골키파] 26.09_골키파출시_ASC_전환_video_전체타겟_9월 2주차_인물리뷰형/올록담BP,[빙과_파인트_골키파] 26.09_골키파출시_ASC_전환_video_전체타겟_9월 2주차_인물리뷰형/올록담BP,[26.09]F_V_P말_전환_골키파출시_인물리뷰형_무산김BP_var2.릴스_간식추천.9월.수민PJ_파인트P_고가영_260911_빙과_정하얀,70,1,610,1,3,전환
2026-09-13,120252292262820659,[빙과_파인트_골키파] 26.07_골키파출시_수동_전환_video_전체타겟,9월 2주차_인물리뷰형_P말,[26.09]F_V_P말_전환_골키파출시_인물리뷰형_무산김BP_var3.릴스_쫀득.9월.수민PJ_파인트P_고가영_260911_빙과_정하얀,9206,112,167173,6,470,전환
2026-09-13,120252292271140659,[빙과_파인트_골키파] 26.09_골키파출시_ASC_전환_video_전체타겟_9월 2주차_인물리뷰형/올록담BP,[빙과_파인트_골키파] 26.09_골키파출시_ASC_전환_video_전체타겟_9월 2주차_인물리뷰형/올록담BP,[26.09]F_V_P초_전환_골키파출시_신규BP_올록담BP_var2.릴스_남편.당뇨관리.9월.수민PJ_파인트P_고가영_260911_빙과_이수민,1352,11,22333,0,85,전환
2026-09-13,120252292282710659,[빙과_파인트_골키파] 26.07_골키파출시_수동_전환_video_전체타겟,9월 2주차_올록담BP_P초,[26.09]F_V_P초_전환_골키파출시_신규BP_올록담BP_var3.릴스_남편.라라스윗.9월.수민PJ_파인트P_고가영_260911_빙과_이수민,945,11,22501,0,96,전환
2026-09-13,120252292283510659,[빙과_파인트_골키파] 26.09_골키파출시_ASC_전환_video_전체타겟_9월 2주차_인물리뷰형/올록담BP,[빙과_파인트_골키파] 26.09_골키파출시_ASC_전환_video_전체타겟_9월 2주차_인물리뷰형/올록담BP,[26.09]F_V_P초_전환_골키파출시_신규BP_올록담BP_var3.릴스_남편.라라스윗.9월.수민PJ_파인트P_고가영_260911_빙과_이수민,1109,19,21485,0,139,전환
2026-09-13,120252292291070659,[빙과_파인트_골키파] 26.07_골키파출시_수동_전환_video_전체타겟,9월 2주차_인물리뷰형_P말,[26.09]F_V_P말_전환_골키파출시_인물리뷰형_무산김BP_var4.릴스_주지말라니까.9월.수민PJ_파인트P_고가영_260911_빙과_정하얀,271,2,5138,0,27,전환
2026-09-13,120252292292850659,[빙과_파인트_골키파] 26.09_골키파출시_ASC_전환_video_전체타겟_9월 2주차_인물리뷰형/올록담BP,[빙과_파인트_골키파] 26.09_골키파출시_ASC_전환_video_전체타겟_9월 2주차_인물리뷰형/올록담BP,[26.09]F_V_P말_전환_골키파출시_인물리뷰형_무산김BP_var4.릴스_주지말라니까.9월.수민PJ_파인트P_고가영_260911_빙과_정하얀,3,0,46,0,0,전환
2026-09-13,120252292317450659,[빙과_파인트_골키파] 26.07_골키파출시_수동_전환_video_전체타겟,9월 2주차_올록담BP_P초,[26.09]F_V_P초_전환_골키파출시_신규BP_올록담BP_var4.릴스_공통.숏.9월.수민PJ_파인트P_고가영_260911_빙과_이수민,751,21,22866,0,50,전환
2026-09-13,120252292318450659,[빙과_파인트_골키파] 26.09_골키파출시_ASC_전환_video_전체타겟_9월 2주차_인물리뷰형/올록담BP,[빙과_파인트_골키파] 26.09_골키파출시_ASC_전환_video_전체타겟_9월 2주차_인물리뷰형/올록담BP,[26.09]F_V_P초_전환_골키파출시_신규BP_올록담BP_var4.릴스_공통.숏.9월.수민PJ_파인트P_고가영_260911_빙과_이수민,170,2,3986,1,5,전환
2026-09-13,120252293434240659,[빙과_스틱바_복숭아쫀득] 26.09_쫀득바출시_수동_전환_video_전체타겟,[복숭아] 09.11 복숭아쫀득바_백정BP_렉카변환_정요한,[26.09]F_V_JD복_전환_복쫀바출시_신규BP_백정BP_var6.렉카_납작복숭아.렉카변환.유럽차원달라.X_스틱바P_황경원_260911_빙과_정요한,203,5,4579,0,14,전환
2026-09-13,120252293457720659,[빙과_스틱바_복숭아쫀득] 26.09_쫀득바출시_수동_전환_video_전체타겟,[복숭아] 09.11  복숭아쫀득바_써우리BP_렉카변환_정요한,[26.09]F_V_JD복_전환_복쫀바출시_인물리뷰형_써우리BP_var10.렉카_편의점.렉카변환.유럽차원달라.X_스틱바P_황경원_260911_빙과_정요한,323,6,7621,0,31,전환
2026-09-13,120252293611010659,[빙과_스틱바_복숭아쫀득] 26.09_쫀득바출시_수동_전환_video_전체타겟,[복숭아] 09.11  복숭아쫀득바_써우리BP_렉카변환_정요한,[26.09]F_V_JD복_전환_복쫀바출시_인물리뷰형_써우리BP_var8.렉카_편의점.렉카변환.당3g.X_스틱바P_황경원_260911_빙과_정요한,146,0,3531,1,10,전환
2026-09-13,120252293624190659,[빙과_스틱바_복숭아쫀득] 26.09_쫀득바출시_수동_전환_video_전체타겟,[복숭아] 09.11  복숭아쫀득바_써우리BP_렉카변환_정요한,[26.09]F_V_JD복_전환_복쫀바출시_인물리뷰형_써우리BP_var9.렉카_편의점.렉카변환.슈기샤라웃.X_스틱바P_황경원_260911_빙과_정요한,326,10,8894,0,28,전환
2026-09-13,120252294820330659,[빙과_초코바_블프] 26.09_빙과블프_수동_전환_image_전체타겟,260911_C혼_공지문,[26.09]F_I_C혼_전환_빙과블프_직원설득형__.배너_내부공지.가격실수.현장감.라라스윗초코바권위.판매량.편의점1등.__김유진_2609011_빙과_이채윤,169,5,2692,0,0,전환
2026-09-13,120252294831850659,[빙과_초코바_블프] 26.09_빙과블프_수동_전환_image_전체타겟,260911_C혼_공지문,[26.09]F_I_C혼_전환_빙과블프_직원설득형__.배너_내부공지.가격실수.현장감.라라스윗초코바권위.품귀.__김유진_2609011_빙과_이채윤,111,3,1468,0,0,전환
2026-09-14,120252292187880659,[빙과_파인트_골키파] 26.07_골키파출시_수동_전환_video_전체타겟,9월 2주차_인물리뷰형_P말,[26.09]F_V_P말_전환_골키파출시_인물리뷰형_무산김BP_main.릴스_롱.하겐다즈.9월.수민PJ_파인트P_고가영_260911_빙과_정하얀,32,0,846,0,5,전환
2026-09-14,120252292188860659,[빙과_파인트_골키파] 26.09_골키파출시_ASC_전환_video_전체타겟_9월 2주차_인물리뷰형/올록담BP,[빙과_파인트_골키파] 26.09_골키파출시_ASC_전환_video_전체타겟_9월 2주차_인물리뷰형/올록담BP,[26.09]F_V_P말_전환_골키파출시_인물리뷰형_무산김BP_main.릴스_롱.하겐다즈.9월.수민PJ_파인트P_고가영_260911_빙과_정하얀,85,0,1165,0,6,전환
2026-09-14,120252292199330659,[빙과_파인트_골키파] 26.07_골키파출시_수동_전환_video_전체타겟,9월 2주차_인물리뷰형_P말,[26.09]F_V_P말_전환_골키파출시_인물리뷰형_무산김BP_var1.릴스_숏.공통부터.9월.수민PJ_파인트P_고가영_260911_빙과_정하얀,1079,17,27098,0,86,전환
2026-09-14,120252292200870659,[빙과_파인트_골키파] 26.09_골키파출시_ASC_전환_video_전체타겟_9월 2주차_인물리뷰형/올록담BP,[빙과_파인트_골키파] 26.09_골키파출시_ASC_전환_video_전체타겟_9월 2주차_인물리뷰형/올록담BP,[26.09]F_V_P말_전환_골키파출시_인물리뷰형_무산김BP_var1.릴스_숏.공통부터.9월.수민PJ_파인트P_고가영_260911_빙과_정하얀,1611,14,21359,0,76,전환
2026-09-14,120252292218710659,[빙과_파인트_골키파] 26.09_골키파출시_ASC_전환_video_전체타겟_9월 2주차_인물리뷰형/올록담BP,[빙과_파인트_골키파] 26.09_골키파출시_ASC_전환_video_전체타겟_9월 2주차_인물리뷰형/올록담BP,[26.09]F_V_P초_전환_골키파출시_신규BP_올록담BP_main.릴스_공통.9월.수민PJ_파인트P_고가영_260911_빙과_이수민,674,11,13374,1,30,전환
2026-09-14,120252292234850659,[빙과_파인트_골키파] 26.09_골키파출시_ASC_전환_video_전체타겟_9월 2주차_인물리뷰형/올록담BP,[빙과_파인트_골키파] 26.09_골키파출시_ASC_전환_video_전체타겟_9월 2주차_인물리뷰형/올록담BP,[26.09]F_V_P초_전환_골키파출시_신규BP_올록담BP_var1.릴스_남편.뱃살.9월.수민PJ_파인트P_고가영_260911_빙과_이수민,1163,8,20648,0,54,전환
2026-09-14,120252292247110659,[빙과_파인트_골키파] 26.07_골키파출시_수동_전환_video_전체타겟,9월 2주차_인물리뷰형_P말,[26.09]F_V_P말_전환_골키파출시_인물리뷰형_무산김BP_var2.릴스_간식추천.9월.수민PJ_파인트P_고가영_260911_빙과_정하얀,8820,174,178574,13,553,전환
2026-09-14,120252292248440659,[빙과_파인트_골키파] 26.09_골키파출시_ASC_전환_video_전체타겟_9월 2주차_인물리뷰형/올록담BP,[빙과_파인트_골키파] 26.09_골키파출시_ASC_전환_video_전체타겟_9월 2주차_인물리뷰형/올록담BP,[26.09]F_V_P말_전환_골키파출시_인물리뷰형_무산김BP_var2.릴스_간식추천.9월.수민PJ_파인트P_고가영_260911_빙과_정하얀,3,0,12,0,0,전환
2026-09-14,120252292318450659,[빙과_파인트_골키파] 26.09_골키파출시_ASC_전환_video_전체타겟_9월 2주차_인물리뷰형/올록담BP,[빙과_파인트_골키파] 26.09_골키파출시_ASC_전환_video_전체타겟_9월 2주차_인물리뷰형/올록담BP,[26.09]F_V_P초_전환_골키파출시_신규BP_올록담BP_var4.릴스_공통.숏.9월.수민PJ_파인트P_고가영_260911_빙과_이수민,512,7,11886,1,28,전환
2026-09-14,120252293434240659,[빙과_스틱바_복숭아쫀득] 26.09_쫀득바출시_수동_전환_video_전체타겟,[복숭아] 09.11 복숭아쫀득바_백정BP_렉카변환_정요한,[26.09]F_V_JD복_전환_복쫀바출시_신규BP_백정BP_var6.렉카_납작복숭아.렉카변환.유럽차원달라.X_스틱바P_황경원_260911_빙과_정요한,174,1,5451,0,19,전환
2026-09-14,120252293611010659,[빙과_스틱바_복숭아쫀득] 26.09_쫀득바출시_수동_전환_video_전체타겟,[복숭아] 09.11  복숭아쫀득바_써우리BP_렉카변환_정요한,[26.09]F_V_JD복_전환_복쫀바출시_인물리뷰형_써우리BP_var8.렉카_편의점.렉카변환.당3g.X_스틱바P_황경원_260911_빙과_정요한,902,21,21697,0,79,전환
2026-09-14,120252293624190659,[빙과_스틱바_복숭아쫀득] 26.09_쫀득바출시_수동_전환_video_전체타겟,[복숭아] 09.11  복숭아쫀득바_써우리BP_렉카변환_정요한,[26.09]F_V_JD복_전환_복쫀바출시_인물리뷰형_써우리BP_var9.렉카_편의점.렉카변환.슈기샤라웃.X_스틱바P_황경원_260911_빙과_정요한,9,0,126,0,1,전환
2026-09-14,120252294820330659,[빙과_초코바_블프] 26.09_빙과블프_수동_전환_image_전체타겟,260911_C혼_공지문,[26.09]F_I_C혼_전환_빙과블프_직원설득형__.배너_내부공지.가격실수.현장감.라라스윗초코바권위.판매량.편의점1등.__김유진_2609011_빙과_이채윤,1183,34,13011,0,0,전환
2026-09-14,120252294831850659,[빙과_초코바_블프] 26.09_빙과블프_수동_전환_image_전체타겟,260911_C혼_공지문,[26.09]F_I_C혼_전환_빙과블프_직원설득형__.배너_내부공지.가격실수.현장감.라라스윗초코바권위.품귀.__김유진_2609011_빙과_이채윤,735,18,7901,1,0,전환
2026-09-15,120252292247110659,[빙과_파인트_골키파] 26.07_골키파출시_수동_전환_video_전체타겟,9월 2주차_인물리뷰형_P말,[26.09]F_V_P말_전환_골키파출시_인물리뷰형_무산김BP_var2.릴스_간식추천.9월.수민PJ_파인트P_고가영_260911_빙과_정하얀,2129,45,60671,2,169,전환
2026-09-15,120252293457720659,[빙과_스틱바_복숭아쫀득] 26.09_쫀득바출시_수동_전환_video_전체타겟,[복숭아] 09.11  복숭아쫀득바_써우리BP_렉카변환_정요한,[26.09]F_V_JD복_전환_복쫀바출시_인물리뷰형_써우리BP_var10.렉카_편의점.렉카변환.유럽차원달라.X_스틱바P_황경원_260911_빙과_정요한,165,3,4040,0,7,전환
2026-09-15,120252293624190659,[빙과_스틱바_복숭아쫀득] 26.09_쫀득바출시_수동_전환_video_전체타겟,[복숭아] 09.11  복숭아쫀득바_써우리BP_렉카변환_정요한,[26.09]F_V_JD복_전환_복쫀바출시_인물리뷰형_써우리BP_var9.렉카_편의점.렉카변환.슈기샤라웃.X_스틱바P_황경원_260911_빙과_정요한,4236,54,90463,3,324,전환
2026-09-15,120252294820330659,[빙과_초코바_블프] 26.09_빙과블프_수동_전환_image_전체타겟,260911_C혼_공지문,[26.09]F_I_C혼_전환_빙과블프_직원설득형__.배너_내부공지.가격실수.현장감.라라스윗초코바권위.판매량.편의점1등.__김유진_2609011_빙과_이채윤,94,3,1651,0,0,전환
2026-09-15,120252294831850659,[빙과_초코바_블프] 26.09_빙과블프_수동_전환_image_전체타겟,260911_C혼_공지문,[26.09]F_I_C혼_전환_빙과블프_직원설득형__.배너_내부공지.가격실수.현장감.라라스윗초코바권위.품귀.__김유진_2609011_빙과_이채윤,213,7,3329,0,0,전환
2026-09-17,120252292218710659,[빙과_파인트_골키파] 26.09_골키파출시_ASC_전환_video_전체타겟_9월 2주차_인물리뷰형/올록담BP,[빙과_파인트_골키파] 26.09_골키파출시_ASC_전환_video_전체타겟_9월 2주차_인물리뷰형/올록담BP,[26.09]F_V_P초_전환_골키파출시_신규BP_올록담BP_main.릴스_공통.9월.수민PJ_파인트P_고가영_260911_빙과_이수민,41,1,967,0,2,전환
2026-09-17,120252292247110659,[빙과_파인트_골키파] 26.07_골키파출시_수동_전환_video_전체타겟,9월 2주차_인물리뷰형_P말,[26.09]F_V_P말_전환_골키파출시_인물리뷰형_무산김BP_var2.릴스_간식추천.9월.수민PJ_파인트P_고가영_260911_빙과_정하얀,937,32,32556,1,84,전환
2026-09-17,120252292248440659,[빙과_파인트_골키파] 26.09_골키파출시_ASC_전환_video_전체타겟_9월 2주차_인물리뷰형/올록담BP,[빙과_파인트_골키파] 26.09_골키파출시_ASC_전환_video_전체타겟_9월 2주차_인물리뷰형/올록담BP,[26.09]F_V_P말_전환_골키파출시_인물리뷰형_무산김BP_var2.릴스_간식추천.9월.수민PJ_파인트P_고가영_260911_빙과_정하얀,1175,7,21915,0,48,전환
2026-09-17,120252292318450659,[빙과_파인트_골키파] 26.09_골키파출시_ASC_전환_video_전체타겟_9월 2주차_인물리뷰형/올록담BP,[빙과_파인트_골키파] 26.09_골키파출시_ASC_전환_video_전체타겟_9월 2주차_인물리뷰형/올록담BP,[26.09]F_V_P초_전환_골키파출시_신규BP_올록담BP_var4.릴스_공통.숏.9월.수민PJ_파인트P_고가영_260911_빙과_이수민,26,0,403,0,1,전환
2026-09-17,120252294831850659,[빙과_초코바_블프] 26.09_빙과블프_수동_전환_image_전체타겟,260911_C혼_공지문,[26.09]F_I_C혼_전환_빙과블프_직원설득형__.배너_내부공지.가격실수.현장감.라라스윗초코바권위.품귀.__김유진_2609011_빙과_이채윤,174,5,2170,1,0,전환
2026-09-18,120252292187880659,[빙과_파인트_골키파] 26.07_골키파출시_수동_전환_video_전체타겟,9월 2주차_인물리뷰형_P말,[26.09]F_V_P말_전환_골키파출시_인물리뷰형_무산김BP_main.릴스_롱.하겐다즈.9월.수민PJ_파인트P_고가영_260911_빙과_정하얀,24,0,466,0,0,전환
2026-09-18,120252292188860659,[빙과_파인트_골키파] 26.09_골키파출시_ASC_전환_video_전체타겟_9월 2주차_인물리뷰형/올록담BP,[빙과_파인트_골키파] 26.09_골키파출시_ASC_전환_video_전체타겟_9월 2주차_인물리뷰형/올록담BP,[26.09]F_V_P말_전환_골키파출시_인물리뷰형_무산김BP_main.릴스_롱.하겐다즈.9월.수민PJ_파인트P_고가영_260911_빙과_정하얀,81,0,793,0,1,전환
2026-09-18,120252292199330659,[빙과_파인트_골키파] 26.07_골키파출시_수동_전환_video_전체타겟,9월 2주차_인물리뷰형_P말,[26.09]F_V_P말_전환_골키파출시_인물리뷰형_무산김BP_var1.릴스_숏.공통부터.9월.수민PJ_파인트P_고가영_260911_빙과_정하얀,52,1,2321,0,2,전환
2026-09-18,120252292200870659,[빙과_파인트_골키파] 26.09_골키파출시_ASC_전환_video_전체타겟_9월 2주차_인물리뷰형/올록담BP,[빙과_파인트_골키파] 26.09_골키파출시_ASC_전환_video_전체타겟_9월 2주차_인물리뷰형/올록담BP,[26.09]F_V_P말_전환_골키파출시_인물리뷰형_무산김BP_var1.릴스_숏.공통부터.9월.수민PJ_파인트P_고가영_260911_빙과_정하얀,8,0,101,0,1,전환
2026-09-18,120252292218710659,[빙과_파인트_골키파] 26.09_골키파출시_ASC_전환_video_전체타겟_9월 2주차_인물리뷰형/올록담BP,[빙과_파인트_골키파] 26.09_골키파출시_ASC_전환_video_전체타겟_9월 2주차_인물리뷰형/올록담BP,[26.09]F_V_P초_전환_골키파출시_신규BP_올록담BP_main.릴스_공통.9월.수민PJ_파인트P_고가영_260911_빙과_이수민,13,1,179,0,0,전환
2026-09-18,120252292234850659,[빙과_파인트_골키파] 26.09_골키파출시_ASC_전환_video_전체타겟_9월 2주차_인물리뷰형/올록담BP,[빙과_파인트_골키파] 26.09_골키파출시_ASC_전환_video_전체타겟_9월 2주차_인물리뷰형/올록담BP,[26.09]F_V_P초_전환_골키파출시_신규BP_올록담BP_var1.릴스_남편.뱃살.9월.수민PJ_파인트P_고가영_260911_빙과_이수민,766,7,12498,0,33,전환
2026-09-18,120252292247110659,[빙과_파인트_골키파] 26.07_골키파출시_수동_전환_video_전체타겟,9월 2주차_인물리뷰형_P말,[26.09]F_V_P말_전환_골키파출시_인물리뷰형_무산김BP_var2.릴스_간식추천.9월.수민PJ_파인트P_고가영_260911_빙과_정하얀,313,3,15841,0,38,전환
2026-09-18,120252292291070659,[빙과_파인트_골키파] 26.07_골키파출시_수동_전환_video_전체타겟,9월 2주차_인물리뷰형_P말,[26.09]F_V_P말_전환_골키파출시_인물리뷰형_무산김BP_var4.릴스_주지말라니까.9월.수민PJ_파인트P_고가영_260911_빙과_정하얀,1510,15,32230,0,120,전환
2026-09-18,120252292292850659,[빙과_파인트_골키파] 26.09_골키파출시_ASC_전환_video_전체타겟_9월 2주차_인물리뷰형/올록담BP,[빙과_파인트_골키파] 26.09_골키파출시_ASC_전환_video_전체타겟_9월 2주차_인물리뷰형/올록담BP,[26.09]F_V_P말_전환_골키파출시_인물리뷰형_무산김BP_var4.릴스_주지말라니까.9월.수민PJ_파인트P_고가영_260911_빙과_정하얀,441,3,9076,0,33,전환
2026-09-18,120252292318450659,[빙과_파인트_골키파] 26.09_골키파출시_ASC_전환_video_전체타겟_9월 2주차_인물리뷰형/올록담BP,[빙과_파인트_골키파] 26.09_골키파출시_ASC_전환_video_전체타겟_9월 2주차_인물리뷰형/올록담BP,[26.09]F_V_P초_전환_골키파출시_신규BP_올록담BP_var4.릴스_공통.숏.9월.수민PJ_파인트P_고가영_260911_빙과_이수민,10,0,171,0,0,전환
2026-09-19,120252292188860659,[빙과_파인트_골키파] 26.09_골키파출시_ASC_전환_video_전체타겟_9월 2주차_인물리뷰형/올록담BP,[빙과_파인트_골키파] 26.09_골키파출시_ASC_전환_video_전체타겟_9월 2주차_인물리뷰형/올록담BP,[26.09]F_V_P말_전환_골키파출시_인물리뷰형_무산김BP_main.릴스_롱.하겐다즈.9월.수민PJ_파인트P_고가영_260911_빙과_정하얀,13,0,83,0,0,전환
2026-09-19,120252292200870659,[빙과_파인트_골키파] 26.09_골키파출시_ASC_전환_video_전체타겟_9월 2주차_인물리뷰형/올록담BP,[빙과_파인트_골키파] 26.09_골키파출시_ASC_전환_video_전체타겟_9월 2주차_인물리뷰형/올록담BP,[26.09]F_V_P말_전환_골키파출시_인물리뷰형_무산김BP_var1.릴스_숏.공통부터.9월.수민PJ_파인트P_고가영_260911_빙과_정하얀,7,0,167,1,1,전환
2026-09-19,120252292218710659,[빙과_파인트_골키파] 26.09_골키파출시_ASC_전환_video_전체타겟_9월 2주차_인물리뷰형/올록담BP,[빙과_파인트_골키파] 26.09_골키파출시_ASC_전환_video_전체타겟_9월 2주차_인물리뷰형/올록담BP,[26.09]F_V_P초_전환_골키파출시_신규BP_올록담BP_main.릴스_공통.9월.수민PJ_파인트P_고가영_260911_빙과_이수민,27,0,1059,0,2,전환
2026-09-19,120252292263230659,[빙과_파인트_골키파] 26.09_골키파출시_ASC_전환_video_전체타겟_9월 2주차_인물리뷰형/올록담BP,[빙과_파인트_골키파] 26.09_골키파출시_ASC_전환_video_전체타겟_9월 2주차_인물리뷰형/올록담BP,[26.09]F_V_P말_전환_골키파출시_인물리뷰형_무산김BP_var3.릴스_쫀득.9월.수민PJ_파인트P_고가영_260911_빙과_정하얀,811,12,15452,1,27,전환
2026-09-19,120252292271140659,[빙과_파인트_골키파] 26.09_골키파출시_ASC_전환_video_전체타겟_9월 2주차_인물리뷰형/올록담BP,[빙과_파인트_골키파] 26.09_골키파출시_ASC_전환_video_전체타겟_9월 2주차_인물리뷰형/올록담BP,[26.09]F_V_P초_전환_골키파출시_신규BP_올록담BP_var2.릴스_남편.당뇨관리.9월.수민PJ_파인트P_고가영_260911_빙과_이수민,169,2,3539,0,8,전환
2026-09-19,120252292283510659,[빙과_파인트_골키파] 26.09_골키파출시_ASC_전환_video_전체타겟_9월 2주차_인물리뷰형/올록담BP,[빙과_파인트_골키파] 26.09_골키파출시_ASC_전환_video_전체타겟_9월 2주차_인물리뷰형/올록담BP,[26.09]F_V_P초_전환_골키파출시_신규BP_올록담BP_var3.릴스_남편.라라스윗.9월.수민PJ_파인트P_고가영_260911_빙과_이수민,317,2,7578,0,38,전환
2026-09-19,120252292292850659,[빙과_파인트_골키파] 26.09_골키파출시_ASC_전환_video_전체타겟_9월 2주차_인물리뷰형/올록담BP,[빙과_파인트_골키파] 26.09_골키파출시_ASC_전환_video_전체타겟_9월 2주차_인물리뷰형/올록담BP,[26.09]F_V_P말_전환_골키파출시_인물리뷰형_무산김BP_var4.릴스_주지말라니까.9월.수민PJ_파인트P_고가영_260911_빙과_정하얀,795,3,12208,0,45,전환
2026-09-19,120252292318450659,[빙과_파인트_골키파] 26.09_골키파출시_ASC_전환_video_전체타겟_9월 2주차_인물리뷰형/올록담BP,[빙과_파인트_골키파] 26.09_골키파출시_ASC_전환_video_전체타겟_9월 2주차_인물리뷰형/올록담BP,[26.09]F_V_P초_전환_골키파출시_신규BP_올록담BP_var4.릴스_공통.숏.9월.수민PJ_파인트P_고가영_260911_빙과_이수민,18,1,247,0,3,전환
2026-09-12,120252294912870659,[빙과_초코바_블프] 26.09_빙과블프_수동_전환_image_전체타겟,260911_C혼_기타,[26.09]F_I_C혼_전환_빙과블프_제품강조형__.배너_영상.페인포인트해소.상황.초코홍수습퐁듀.블프.__김유진_2609011_빙과_이채윤,312,7,8241,1,37,전환
2026-09-12,120252294917530659,[빙과_초코바_블프] 26.09_빙과블프_ASC_전환_image_전체타겟_혜택+기타,[빙과_초코바_블프] 26.09_빙과블프_ASC_전환_image_전체타겟,[26.09]F_I_C혼_전환_빙과블프_혜택강조형__.배너_역대급당충전하세요.무제한초코먹방.단면떼샷.__김유진_2609011_빙과_이채윤,1545,33,26371,0,0,전환
2026-09-12,120252294919250659,[빙과_초코바_블프] 26.09_빙과블프_ASC_전환_image_전체타겟_혜택+기타,[빙과_초코바_블프] 26.09_빙과블프_ASC_전환_image_전체타겟,[26.09]F_I_C혼_전환_빙과블프_혜택강조형__.배너_역대급당충전하세요.무제한초코먹방.초코파인트.초코바떼샷.__김유진_2609011_빙과_이채윤,165,1,2698,0,0,전환
2026-09-12,120252294921970659,[빙과_초코바_블프] 26.09_빙과블프_수동_전환_image_전체타겟,260911_C혼_기타,[26.09]F_I_C혼_전환_빙과블프_혜택강조형__.배너_역대급프로모션.떼샷.박스샷.초코바.__김유진_2609011_빙과_이채윤,1189,61,31568,2,0,전환
2026-09-12,120252294922550659,[빙과_초코바_블프] 26.09_빙과블프_ASC_전환_image_전체타겟_혜택+기타,[빙과_초코바_블프] 26.09_빙과블프_ASC_전환_image_전체타겟,[26.09]F_I_C혼_전환_빙과블프_혜택강조형__.배너_역대급프로모션.떼샷.박스샷.초코바.__김유진_2609011_빙과_이채윤,4858,184,107480,5,0,전환
2026-09-12,120252294924040659,[빙과_초코바_블프] 26.09_빙과블프_ASC_전환_image_전체타겟_혜택+기타,[빙과_초코바_블프] 26.09_빙과블프_ASC_전환_image_전체타겟,[26.09]F_I_C혼_전환_빙과블프_혜택강조형__.배너_역대급프로모션.떼샷.박스샷.초코파인트.초코바.__김유진_2609011_빙과_이채윤,63,2,1407,0,0,전환
2026-09-12,120252295026740659,[빙과_초코바_블프] 26.09_빙과블프_ASC_전환_image_전체타겟_혜택+기타,[빙과_초코바_블프] 26.09_빙과블프_ASC_전환_image_전체타겟,[26.09]F_I_C혼_전환_빙과블프_제품강조형__.배너_혜택.비주얼.기대요소극대화.다시는없습니다.초코홍수.초코범벅.__김유진_2609011_빙과_이채윤,225,1,3214,0,0,전환
2026-09-12,120252295029340659,[빙과_초코바_블프] 26.09_빙과블프_ASC_전환_image_전체타겟_혜택+기타,[빙과_초코바_블프] 26.09_빙과블프_ASC_전환_image_전체타겟,[26.09]F_I_C혼_전환_빙과블프_제품강조형__.배너_혜택.비주얼.기대요소극대화.다시는없습니다.크루아상.초코바조합.__김유진_2609011_빙과_이채윤,2624,78,34998,0,0,전환
2026-09-12,120252295031840659,[빙과_초코바_블프] 26.09_빙과블프_ASC_전환_image_전체타겟_혜택+기타,[빙과_초코바_블프] 26.09_빙과블프_ASC_전환_image_전체타겟,[26.09]F_I_C혼_전환_빙과블프_제품강조형__.배너_혜택.비주얼.페인포인트해소.가격.다시는없습니다.50만원.루X비통.__김유진_2609011_빙과_이채윤,216,4,4383,0,0,전환
2026-09-12,120252295035160659,[빙과_초코바_블프] 26.09_빙과블프_ASC_전환_image_전체타겟_혜택+기타,[빙과_초코바_블프] 26.09_빙과블프_ASC_전환_image_전체타겟,[26.09]F_I_C혼_전환_빙과블프_제품강조형__.배너_혜택.비주얼.페인포인트해소.가격.다시는없습니다.고X바급.__김유진_2609011_빙과_이채윤,8076,194,167667,9,0,전환
2026-09-12,120252295038830659,[빙과_초코바_블프] 26.09_빙과블프_ASC_전환_image_전체타겟_혜택+기타,[빙과_초코바_블프] 26.09_빙과블프_ASC_전환_image_전체타겟,[26.09]F_I_C혼_전환_빙과블프_제품강조형__.배너_혜택.비주얼.페인포인트해소.가격.다시는없습니다.로X스초콜릿.__김유진_2609011_빙과_이채윤,122,3,2904,0,0,전환
2026-09-12,120252295238060659,[빙과_파인트] 26.09_파트너십광고_수동_전환_video_전체타겟,9월 2주차_파트너십_P초_4,[26.09]F_V_P초_전환_골키파출시_파트너십_jgawon,1129,15,21411,0,41,전환
2026-09-12,120252295270680659,[빙과_파인트] 26.09_파트너십광고_수동_전환_video_전체타겟,9월 2주차_파트너십_P초_4,[26.09]F_V_P초_전환_골키파출시_파트너십__minna_el_,1860,12,22608,0,49,전환
2026-09-12,120252295288470659,[빙과_초코바_블프] 26.09_빙과블프_ASC_전환_image_전체타겟_혜택+기타,[빙과_초코바_블프] 26.09_빙과블프_ASC_전환_image_전체타겟,[26.09]F_I_C혼_전환_빙과블프_제품강조형__.배너_혜택.비주얼.페인포인트해소.저당.다시는없습니다.님S초코컵.__김유진_2609011_빙과_이채윤,49,0,1377,0,0,전환
2026-09-12,120252295305790659,[빙과_초코바_블프] 26.09_빙과블프_수동_전환_image_전체타겟,260911_C혼_혜택,[26.09]F_I_C혼_전환_빙과블프_제품강조형__.배너_혜택.비주얼.페인포인트해소.저당.다시는없습니다.몰X져스.__김유진_2609011_빙과_이채윤,98,1,1814,0,0,전환
2026-09-12,120252295309220659,[빙과_초코바_블프] 26.09_빙과블프_수동_전환_image_전체타겟,260911_C혼_혜택,[26.09]F_I_C혼_전환_빙과블프_제품강조형__.배너_혜택.비주얼.페인포인트해소.저당.다시는없습니다.초코테린느.__김유진_2609011_빙과_이채윤,149,7,3095,0,0,전환
2026-09-12,120252297568410659,[빙과_스틱바_복숭아쫀득] 26.09_쫀득바출시_수동_전환_image_전체타겟,[복숭아쫀득바] 26.09_복쫀바출시_전환_image_전체타겟_AI,[26.09]F_I_JD혼_전환_상시_혜택강조형__.릴스_그릭요거트.멜쫀X.__이재원_260911_빙과_함주현,8,1,118,0,0,전환
2026-09-12,120252297568420659,[빙과_스틱바_복숭아쫀득] 26.09_쫀득바출시_수동_전환_image_전체타겟,[복숭아쫀득바] 26.09_복쫀바출시_전환_image_전체타겟_AI,[26.09]F_I_JD혼_전환_상시_혜택강조형__.릴스_시즌한정성.멜쫀X.__이재원_260911_빙과_함주현,707,6,15851,0,11,전환
2026-09-12,120252297568430659,[빙과_스틱바_복숭아쫀득] 26.09_쫀득바출시_수동_전환_image_전체타겟,[복숭아쫀득바] 26.09_복쫀바출시_전환_image_전체타겟_AI,[26.09]F_I_JD혼_전환_상시_혜택강조형__.릴스_수량한정성.멜쫀O.__이재원_260911_빙과_함주현,831,11,18309,0,21,전환
2026-09-12,120252297568440659,[빙과_스틱바_복숭아쫀득] 26.09_쫀득바출시_수동_전환_image_전체타겟,[복숭아쫀득바] 26.09_복쫀바출시_전환_image_전체타겟_AI,[26.09]F_I_JD혼_전환_상시_혜택강조형__.릴스_수량한정성.멜쫀X.__이재원_260911_빙과_함주현,115,4,2880,0,1,전환
2026-09-12,120252305759720659,[빙과_파인트] 26.09_파트너십광고_ASC_전환_video_전체타겟_9월 2주차,[빙과_파인트] 26.09_파트너십광고_ASC_전환_video_전체타겟_9월 2주차_1,[26.09]F_V_P초_전환_골키파출시_파트너십_jgawon,1669,21,20572,1,50,전환
2026-09-12,120252305759730659,[빙과_파인트] 26.09_파트너십광고_ASC_전환_video_전체타겟_9월 2주차,[빙과_파인트] 26.09_파트너십광고_ASC_전환_video_전체타겟_9월 2주차_1,[26.09]F_V_P초_전환_골키파출시_파트너십__minna_el_,2168,26,21324,0,60,전환
2026-09-13,120252257531120659,[빙과_스틱바_복숭아쫀득] 26.09_쫀득바출시_수동_전환_image_전체타겟,[복숭아쫀득바] 26.09_복쫀바출시_전환_image_전체타겟_AI,[26.09]F_I_JD복_전환_복쫀바출시_혜택강조형__.릴스_AI.복쫀이.지금이젤싸요.안사고버티신분들.유럽납작복숭아.__황경원_260909_빙과_김민우,221,3,6283,0,5,전환
2026-09-13,120252257531160659,[빙과_스틱바_복숭아쫀득] 26.09_쫀득바출시_수동_전환_image_전체타겟,[복숭아쫀득바] 26.09_복쫀바출시_전환_image_전체타겟_AI,[26.09]F_I_JD복_전환_복쫀바출시_혜택강조형__.릴스_AI.복쫀이.남들보다싸게샀어요.출시특가.최저가할인.유럽납작복숭아.__황경원_260909_빙과_김민우,129,2,2542,0,1,전환
2026-09-13,120252294912870659,[빙과_초코바_블프] 26.09_빙과블프_수동_전환_image_전체타겟,260911_C혼_기타,[26.09]F_I_C혼_전환_빙과블프_제품강조형__.배너_영상.페인포인트해소.상황.초코홍수습퐁듀.블프.__김유진_2609011_빙과_이채윤,3,0,260,0,0,전환
2026-09-13,120252294919250659,[빙과_초코바_블프] 26.09_빙과블프_ASC_전환_image_전체타겟_혜택+기타,[빙과_초코바_블프] 26.09_빙과블프_ASC_전환_image_전체타겟,[26.09]F_I_C혼_전환_빙과블프_혜택강조형__.배너_역대급당충전하세요.무제한초코먹방.초코파인트.초코바떼샷.__김유진_2609011_빙과_이채윤,115,1,1735,0,0,전환
2026-09-13,120252294921970659,[빙과_초코바_블프] 26.09_빙과블프_수동_전환_image_전체타겟,260911_C혼_기타,[26.09]F_I_C혼_전환_빙과블프_혜택강조형__.배너_역대급프로모션.떼샷.박스샷.초코바.__김유진_2609011_빙과_이채윤,1418,46,33515,1,0,전환
2026-09-13,120252294924040659,[빙과_초코바_블프] 26.09_빙과블프_ASC_전환_image_전체타겟_혜택+기타,[빙과_초코바_블프] 26.09_빙과블프_ASC_전환_image_전체타겟,[26.09]F_I_C혼_전환_빙과블프_혜택강조형__.배너_역대급프로모션.떼샷.박스샷.초코파인트.초코바.__김유진_2609011_빙과_이채윤,1064,29,21443,1,0,전환
2026-09-13,120252295026740659,[빙과_초코바_블프] 26.09_빙과블프_ASC_전환_image_전체타겟_혜택+기타,[빙과_초코바_블프] 26.09_빙과블프_ASC_전환_image_전체타겟,[26.09]F_I_C혼_전환_빙과블프_제품강조형__.배너_혜택.비주얼.기대요소극대화.다시는없습니다.초코홍수.초코범벅.__김유진_2609011_빙과_이채윤,1603,52,29378,2,0,전환
2026-09-13,120252295031840659,[빙과_초코바_블프] 26.09_빙과블프_ASC_전환_image_전체타겟_혜택+기타,[빙과_초코바_블프] 26.09_빙과블프_ASC_전환_image_전체타겟,[26.09]F_I_C혼_전환_빙과블프_제품강조형__.배너_혜택.비주얼.페인포인트해소.가격.다시는없습니다.50만원.루X비통.__김유진_2609011_빙과_이채윤,314,9,7746,0,0,전환
2026-09-13,120252295035160659,[빙과_초코바_블프] 26.09_빙과블프_ASC_전환_image_전체타겟_혜택+기타,[빙과_초코바_블프] 26.09_빙과블프_ASC_전환_image_전체타겟,[26.09]F_I_C혼_전환_빙과블프_제품강조형__.배너_혜택.비주얼.페인포인트해소.가격.다시는없습니다.고X바급.__김유진_2609011_빙과_이채윤,2174,50,47325,2,0,전환
2026-09-13,120252295038830659,[빙과_초코바_블프] 26.09_빙과블프_ASC_전환_image_전체타겟_혜택+기타,[빙과_초코바_블프] 26.09_빙과블프_ASC_전환_image_전체타겟,[26.09]F_I_C혼_전환_빙과블프_제품강조형__.배너_혜택.비주얼.페인포인트해소.가격.다시는없습니다.로X스초콜릿.__김유진_2609011_빙과_이채윤,131,3,3782,1,0,전환
2026-09-13,120252295288470659,[빙과_초코바_블프] 26.09_빙과블프_ASC_전환_image_전체타겟_혜택+기타,[빙과_초코바_블프] 26.09_빙과블프_ASC_전환_image_전체타겟,[26.09]F_I_C혼_전환_빙과블프_제품강조형__.배너_혜택.비주얼.페인포인트해소.저당.다시는없습니다.님S초코컵.__김유진_2609011_빙과_이채윤,668,14,14235,0,0,전환
2026-09-13,120252297568410659,[빙과_스틱바_복숭아쫀득] 26.09_쫀득바출시_수동_전환_image_전체타겟,[복숭아쫀득바] 26.09_복쫀바출시_전환_image_전체타겟_AI,[26.09]F_I_JD혼_전환_상시_혜택강조형__.릴스_그릭요거트.멜쫀X.__이재원_260911_빙과_함주현,103,7,3843,1,2,전환
2026-09-13,120252297568440659,[빙과_스틱바_복숭아쫀득] 26.09_쫀득바출시_수동_전환_image_전체타겟,[복숭아쫀득바] 26.09_복쫀바출시_전환_image_전체타겟_AI,[26.09]F_I_JD혼_전환_상시_혜택강조형__.릴스_수량한정성.멜쫀X.__이재원_260911_빙과_함주현,254,6,8913,0,4,전환
2026-09-14,120252257531120659,[빙과_스틱바_복숭아쫀득] 26.09_쫀득바출시_수동_전환_image_전체타겟,[복숭아쫀득바] 26.09_복쫀바출시_전환_image_전체타겟_AI,[26.09]F_I_JD복_전환_복쫀바출시_혜택강조형__.릴스_AI.복쫀이.지금이젤싸요.안사고버티신분들.유럽납작복숭아.__황경원_260909_빙과_김민우,13,0,336,0,0,전환
2026-09-14,120252257531130659,[빙과_스틱바_복숭아쫀득] 26.09_쫀득바출시_수동_전환_image_전체타겟,[복숭아쫀득바] 26.09_복쫀바출시_전환_image_전체타겟_AI,[26.09]F_I_JD복_전환_복쫀바출시_혜택강조형__.릴스_AI.복쫀이.지금이기회에요.올여름품절대란.첫물량.유럽납작복숭아.__황경원_260909_빙과_김민우,152,2,3287,0,1,전환
2026-09-14,120252294912870659,[빙과_초코바_블프] 26.09_빙과블프_수동_전환_image_전체타겟,260911_C혼_기타,[26.09]F_I_C혼_전환_빙과블프_제품강조형__.배너_영상.페인포인트해소.상황.초코홍수습퐁듀.블프.__김유진_2609011_빙과_이채윤,858,19,22210,2,74,전환
2026-09-14,120252294919250659,[빙과_초코바_블프] 26.09_빙과블프_ASC_전환_image_전체타겟_혜택+기타,[빙과_초코바_블프] 26.09_빙과블프_ASC_전환_image_전체타겟,[26.09]F_I_C혼_전환_빙과블프_혜택강조형__.배너_역대급당충전하세요.무제한초코먹방.초코파인트.초코바떼샷.__김유진_2609011_빙과_이채윤,1992,38,24900,4,0,전환
2026-09-14,120252295026740659,[빙과_초코바_블프] 26.09_빙과블프_ASC_전환_image_전체타겟_혜택+기타,[빙과_초코바_블프] 26.09_빙과블프_ASC_전환_image_전체타겟,[26.09]F_I_C혼_전환_빙과블프_제품강조형__.배너_혜택.비주얼.기대요소극대화.다시는없습니다.초코홍수.초코범벅.__김유진_2609011_빙과_이채윤,10231,157,128657,8,0,전환
2026-09-14,120252295035160659,[빙과_초코바_블프] 26.09_빙과블프_ASC_전환_image_전체타겟_혜택+기타,[빙과_초코바_블프] 26.09_빙과블프_ASC_전환_image_전체타겟,[26.09]F_I_C혼_전환_빙과블프_제품강조형__.배너_혜택.비주얼.페인포인트해소.가격.다시는없습니다.고X바급.__김유진_2609011_빙과_이채윤,8776,145,123423,7,0,전환
2026-09-14,120252295038830659,[빙과_초코바_블프] 26.09_빙과블프_ASC_전환_image_전체타겟_혜택+기타,[빙과_초코바_블프] 26.09_빙과블프_ASC_전환_image_전체타겟,[26.09]F_I_C혼_전환_빙과블프_제품강조형__.배너_혜택.비주얼.페인포인트해소.가격.다시는없습니다.로X스초콜릿.__김유진_2609011_빙과_이채윤,4955,95,82724,6,0,전환
2026-09-14,120252295305790659,[빙과_초코바_블프] 26.09_빙과블프_수동_전환_image_전체타겟,260911_C혼_혜택,[26.09]F_I_C혼_전환_빙과블프_제품강조형__.배너_혜택.비주얼.페인포인트해소.저당.다시는없습니다.몰X져스.__김유진_2609011_빙과_이채윤,719,15,14465,0,0,전환
2026-09-14,120252295309220659,[빙과_초코바_블프] 26.09_빙과블프_수동_전환_image_전체타겟,260911_C혼_혜택,[26.09]F_I_C혼_전환_빙과블프_제품강조형__.배너_혜택.비주얼.페인포인트해소.저당.다시는없습니다.초코테린느.__김유진_2609011_빙과_이채윤,1280,26,22673,3,0,전환
2026-09-14,120252297568410659,[빙과_스틱바_복숭아쫀득] 26.09_쫀득바출시_수동_전환_image_전체타겟,[복숭아쫀득바] 26.09_복쫀바출시_전환_image_전체타겟_AI,[26.09]F_I_JD혼_전환_상시_혜택강조형__.릴스_그릭요거트.멜쫀X.__이재원_260911_빙과_함주현,19,0,540,0,0,전환
2026-09-14,120252297568440659,[빙과_스틱바_복숭아쫀득] 26.09_쫀득바출시_수동_전환_image_전체타겟,[복숭아쫀득바] 26.09_복쫀바출시_전환_image_전체타겟_AI,[26.09]F_I_JD혼_전환_상시_혜택강조형__.릴스_수량한정성.멜쫀X.__이재원_260911_빙과_함주현,26,1,1052,0,0,전환
2026-09-14,120252335053010659,[빙과_파인트_블프] 26.09_빙과블프_수동_전환_video_전체타겟,9월 3주차_마미케어BP_P혼,[26.09]F_V_P혼_전환_빙과블프_숏츠형_마미케어BP_main.릴스_담아도담아도100원.9월.수민PJ_파인트P_고가영_260914_빙과_김지연,1861,32,24699,1,48,전환
2026-09-14,120252335053820659,[빙과_파인트_블프] 26.09_빙과블프_ASC_전환_video_전체타겟_9월 2주차,[빙과_파인트_블프] 26.09_빙과블프_ASC_전환_video_전체타겟_9월 2주차,(운영X) [26.09]F_V_P혼_전환_빙과블프_숏츠형_마미케어BP_main.릴스_담아도담아도100원.9월.수민PJ_파인트P_고가영_260914_빙과_김지연,26987,402,300788,19,662,전환
2026-09-14,120252335058840659,[빙과_파인트_블프] 26.09_빙과블프_수동_전환_video_전체타겟,9월 3주차_마미케어BP_P혼,[26.09]F_V_P혼_전환_빙과블프_숏츠형_마미케어BP_var1.릴스_라라스윗최초블프.9월.수민PJ_파인트P_고가영_260914_빙과_김지연,183,1,2673,0,7,전환
2026-09-14,120252335060420659,[빙과_파인트_블프] 26.09_빙과블프_ASC_전환_video_전체타겟_9월 2주차,[빙과_파인트_블프] 26.09_빙과블프_ASC_전환_video_전체타겟_9월 2주차,(운영X) [26.09]F_V_P혼_전환_빙과블프_숏츠형_마미케어BP_var1.릴스_라라스윗최초블프.9월.수민PJ_파인트P_고가영_260914_빙과_김지연,5200,88,85570,7,137,전환
2026-09-15,120252257531120659,[빙과_스틱바_복숭아쫀득] 26.09_쫀득바출시_수동_전환_image_전체타겟,[복숭아쫀득바] 26.09_복쫀바출시_전환_image_전체타겟_AI,[26.09]F_I_JD복_전환_복쫀바출시_혜택강조형__.릴스_AI.복쫀이.지금이젤싸요.안사고버티신분들.유럽납작복숭아.__황경원_260909_빙과_김민우,232,2,5811,0,10,전환
2026-09-15,120252257531130659,[빙과_스틱바_복숭아쫀득] 26.09_쫀득바출시_수동_전환_image_전체타겟,[복숭아쫀득바] 26.09_복쫀바출시_전환_image_전체타겟_AI,[26.09]F_I_JD복_전환_복쫀바출시_혜택강조형__.릴스_AI.복쫀이.지금이기회에요.올여름품절대란.첫물량.유럽납작복숭아.__황경원_260909_빙과_김민우,721,10,17032,0,22,전환
2026-09-15,120252257531160659,[빙과_스틱바_복숭아쫀득] 26.09_쫀득바출시_수동_전환_image_전체타겟,[복숭아쫀득바] 26.09_복쫀바출시_전환_image_전체타겟_AI,[26.09]F_I_JD복_전환_복쫀바출시_혜택강조형__.릴스_AI.복쫀이.남들보다싸게샀어요.출시특가.최저가할인.유럽납작복숭아.__황경원_260909_빙과_김민우,18,0,888,0,0,전환
2026-09-15,120252294912870659,[빙과_초코바_블프] 26.09_빙과블프_수동_전환_image_전체타겟,260911_C혼_기타,[26.09]F_I_C혼_전환_빙과블프_제품강조형__.배너_영상.페인포인트해소.상황.초코홍수습퐁듀.블프.__김유진_2609011_빙과_이채윤,1640,28,39611,1,260,전환
2026-09-15,120252294919250659,[빙과_초코바_블프] 26.09_빙과블프_ASC_전환_image_전체타겟_혜택+기타,[빙과_초코바_블프] 26.09_빙과블프_ASC_전환_image_전체타겟,[26.09]F_I_C혼_전환_빙과블프_혜택강조형__.배너_역대급당충전하세요.무제한초코먹방.초코파인트.초코바떼샷.__김유진_2609011_빙과_이채윤,3324,45,46839,2,0,전환
2026-09-15,120252295031840659,[빙과_초코바_블프] 26.09_빙과블프_ASC_전환_image_전체타겟_혜택+기타,[빙과_초코바_블프] 26.09_빙과블프_ASC_전환_image_전체타겟,[26.09]F_I_C혼_전환_빙과블프_제품강조형__.배너_혜택.비주얼.페인포인트해소.가격.다시는없습니다.50만원.루X비통.__김유진_2609011_빙과_이채윤,2881,47,39106,1,0,전환
2026-09-15,120252295038830659,[빙과_초코바_블프] 26.09_빙과블프_ASC_전환_image_전체타겟_혜택+기타,[빙과_초코바_블프] 26.09_빙과블프_ASC_전환_image_전체타겟,[26.09]F_I_C혼_전환_빙과블프_제품강조형__.배너_혜택.비주얼.페인포인트해소.가격.다시는없습니다.로X스초콜릿.__김유진_2609011_빙과_이채윤,14479,351,316122,13,0,전환
2026-09-15,120252295288470659,[빙과_초코바_블프] 26.09_빙과블프_ASC_전환_image_전체타겟_혜택+기타,[빙과_초코바_블프] 26.09_빙과블프_ASC_전환_image_전체타겟,[26.09]F_I_C혼_전환_빙과블프_제품강조형__.배너_혜택.비주얼.페인포인트해소.저당.다시는없습니다.님S초코컵.__김유진_2609011_빙과_이채윤,17911,360,330293,18,0,전환
2026-09-15,120252295305790659,[빙과_초코바_블프] 26.09_빙과블프_수동_전환_image_전체타겟,260911_C혼_혜택,[26.09]F_I_C혼_전환_빙과블프_제품강조형__.배너_혜택.비주얼.페인포인트해소.저당.다시는없습니다.몰X져스.__김유진_2609011_빙과_이채윤,8,0,150,0,0,전환
2026-09-15,120252295309220659,[빙과_초코바_블프] 26.09_빙과블프_수동_전환_image_전체타겟,260911_C혼_혜택,[26.09]F_I_C혼_전환_빙과블프_제품강조형__.배너_혜택.비주얼.페인포인트해소.저당.다시는없습니다.초코테린느.__김유진_2609011_빙과_이채윤,116,3,2935,0,0,전환
2026-09-15,120252297568410659,[빙과_스틱바_복숭아쫀득] 26.09_쫀득바출시_수동_전환_image_전체타겟,[복숭아쫀득바] 26.09_복쫀바출시_전환_image_전체타겟_AI,[26.09]F_I_JD혼_전환_상시_혜택강조형__.릴스_그릭요거트.멜쫀X.__이재원_260911_빙과_함주현,36,2,1907,0,0,전환
2026-09-15,120252297568440659,[빙과_스틱바_복숭아쫀득] 26.09_쫀득바출시_수동_전환_image_전체타겟,[복숭아쫀득바] 26.09_복쫀바출시_전환_image_전체타겟_AI,[26.09]F_I_JD혼_전환_상시_혜택강조형__.릴스_수량한정성.멜쫀X.__이재원_260911_빙과_함주현,34,1,1083,0,1,전환
2026-09-15,120252305759730659,[빙과_파인트] 26.09_파트너십광고_ASC_전환_video_전체타겟_9월 2주차,[빙과_파인트] 26.09_파트너십광고_ASC_전환_video_전체타겟_9월 2주차_1,[26.09]F_V_P초_전환_골키파출시_파트너십__minna_el_,2105,24,23061,0,52,전환
2026-09-15,120252335053010659,[빙과_파인트_블프] 26.09_빙과블프_수동_전환_video_전체타겟,9월 3주차_마미케어BP_P혼,[26.09]F_V_P혼_전환_빙과블프_숏츠형_마미케어BP_main.릴스_담아도담아도100원.9월.수민PJ_파인트P_고가영_260914_빙과_김지연,9760,145,113507,5,249,전환
2026-09-15,120252335053820659,[빙과_파인트_블프] 26.09_빙과블프_ASC_전환_video_전체타겟_9월 2주차,[빙과_파인트_블프] 26.09_빙과블프_ASC_전환_video_전체타겟_9월 2주차,(운영X) [26.09]F_V_P혼_전환_빙과블프_숏츠형_마미케어BP_main.릴스_담아도담아도100원.9월.수민PJ_파인트P_고가영_260914_빙과_김지연,3064,43,27833,3,109,전환
2026-09-15,120252335058840659,[빙과_파인트_블프] 26.09_빙과블프_수동_전환_video_전체타겟,9월 3주차_마미케어BP_P혼,[26.09]F_V_P혼_전환_빙과블프_숏츠형_마미케어BP_var1.릴스_라라스윗최초블프.9월.수민PJ_파인트P_고가영_260914_빙과_김지연,2577,57,50796,2,101,전환
2026-09-15,120252335060420659,[빙과_파인트_블프] 26.09_빙과블프_ASC_전환_video_전체타겟_9월 2주차,[빙과_파인트_블프] 26.09_빙과블프_ASC_전환_video_전체타겟_9월 2주차,(운영X) [26.09]F_V_P혼_전환_빙과블프_숏츠형_마미케어BP_var1.릴스_라라스윗최초블프.9월.수민PJ_파인트P_고가영_260914_빙과_김지연,300,3,3975,1,3,전환
2026-09-16,120252294919250659,[빙과_초코바_블프] 26.09_빙과블프_ASC_전환_image_전체타겟_혜택+기타,[빙과_초코바_블프] 26.09_빙과블프_ASC_전환_image_전체타겟,[26.09]F_I_C혼_전환_빙과블프_혜택강조형__.배너_역대급당충전하세요.무제한초코먹방.초코파인트.초코바떼샷.__김유진_2609011_빙과_이채윤,2640,46,46940,0,0,전환
2026-09-16,120252294921970659,[빙과_초코바_블프] 26.09_빙과블프_수동_전환_image_전체타겟,260911_C혼_기타,[26.09]F_I_C혼_전환_빙과블프_혜택강조형__.배너_역대급프로모션.떼샷.박스샷.초코바.__김유진_2609011_빙과_이채윤,7091,211,161777,13,0,전환
2026-09-16,120252295026740659,[빙과_초코바_블프] 26.09_빙과블프_ASC_전환_image_전체타겟_혜택+기타,[빙과_초코바_블프] 26.09_빙과블프_ASC_전환_image_전체타겟,[26.09]F_I_C혼_전환_빙과블프_제품강조형__.배너_혜택.비주얼.기대요소극대화.다시는없습니다.초코홍수.초코범벅.__김유진_2609011_빙과_이채윤,2248,40,44784,1,0,전환
2026-09-16,120252295035160659,[빙과_초코바_블프] 26.09_빙과블프_ASC_전환_image_전체타겟_혜택+기타,[빙과_초코바_블프] 26.09_빙과블프_ASC_전환_image_전체타겟,[26.09]F_I_C혼_전환_빙과블프_제품강조형__.배너_혜택.비주얼.페인포인트해소.가격.다시는없습니다.고X바급.__김유진_2609011_빙과_이채윤,1351,33,30663,3,0,전환
2026-09-16,120252295238060659,[빙과_파인트] 26.09_파트너십광고_수동_전환_video_전체타겟,9월 2주차_파트너십_P초_4,[26.09]F_V_P초_전환_골키파출시_파트너십_jgawon,3,0,57,0,0,전환
2026-09-16,120252305759720659,[빙과_파인트] 26.09_파트너십광고_ASC_전환_video_전체타겟_9월 2주차,[빙과_파인트] 26.09_파트너십광고_ASC_전환_video_전체타겟_9월 2주차_1,[26.09]F_V_P초_전환_골키파출시_파트너십_jgawon,1536,12,23858,1,45,전환
2026-09-16,120252335053010659,[빙과_파인트_블프] 26.09_빙과블프_수동_전환_video_전체타겟,9월 3주차_마미케어BP_P혼,[26.09]F_V_P혼_전환_빙과블프_숏츠형_마미케어BP_main.릴스_담아도담아도100원.9월.수민PJ_파인트P_고가영_260914_빙과_김지연,6021,95,55929,3,161,전환
2026-09-16,120252335058840659,[빙과_파인트_블프] 26.09_빙과블프_수동_전환_video_전체타겟,9월 3주차_마미케어BP_P혼,[26.09]F_V_P혼_전환_빙과블프_숏츠형_마미케어BP_var1.릴스_라라스윗최초블프.9월.수민PJ_파인트P_고가영_260914_빙과_김지연,104,0,2076,0,6,전환
2026-09-17,120252294921970659,[빙과_초코바_블프] 26.09_빙과블프_수동_전환_image_전체타겟,260911_C혼_기타,[26.09]F_I_C혼_전환_빙과블프_혜택강조형__.배너_역대급프로모션.떼샷.박스샷.초코바.__김유진_2609011_빙과_이채윤,4457,127,80265,8,0,전환
2026-09-17,120252295035160659,[빙과_초코바_블프] 26.09_빙과블프_ASC_전환_image_전체타겟_혜택+기타,[빙과_초코바_블프] 26.09_빙과블프_ASC_전환_image_전체타겟,[26.09]F_I_C혼_전환_빙과블프_제품강조형__.배너_혜택.비주얼.페인포인트해소.가격.다시는없습니다.고X바급.__김유진_2609011_빙과_이채윤,6560,111,135994,5,0,전환
2026-09-17,120252295309220659,[빙과_초코바_블프] 26.09_빙과블프_수동_전환_image_전체타겟,260911_C혼_혜택,[26.09]F_I_C혼_전환_빙과블프_제품강조형__.배너_혜택.비주얼.페인포인트해소.저당.다시는없습니다.초코테린느.__김유진_2609011_빙과_이채윤,3198,57,60707,2,0,전환
2026-09-17,120252305759720659,[빙과_파인트] 26.09_파트너십광고_ASC_전환_video_전체타겟_9월 2주차,[빙과_파인트] 26.09_파트너십광고_ASC_전환_video_전체타겟_9월 2주차_1,[26.09]F_V_P초_전환_골키파출시_파트너십_jgawon,3361,32,42553,0,106,전환
2026-09-17,120252335053820659,[빙과_파인트_블프] 26.09_빙과블프_ASC_전환_video_전체타겟_9월 2주차,[빙과_파인트_블프] 26.09_빙과블프_ASC_전환_video_전체타겟_9월 2주차,(운영X) [26.09]F_V_P혼_전환_빙과블프_숏츠형_마미케어BP_main.릴스_담아도담아도100원.9월.수민PJ_파인트P_고가영_260914_빙과_김지연,14642,184,108480,5,383,전환
2026-09-17,120252335060420659,[빙과_파인트_블프] 26.09_빙과블프_ASC_전환_video_전체타겟_9월 2주차,[빙과_파인트_블프] 26.09_빙과블프_ASC_전환_video_전체타겟_9월 2주차,(운영X) [26.09]F_V_P혼_전환_빙과블프_숏츠형_마미케어BP_var1.릴스_라라스윗최초블프.9월.수민PJ_파인트P_고가영_260914_빙과_김지연,133,1,3757,0,4,전환
2026-09-18,120252257531130659,[빙과_스틱바_복숭아쫀득] 26.09_쫀득바출시_수동_전환_image_전체타겟,[복숭아쫀득바] 26.09_복쫀바출시_전환_image_전체타겟_AI,[26.09]F_I_JD복_전환_복쫀바출시_혜택강조형__.릴스_AI.복쫀이.지금이기회에요.올여름품절대란.첫물량.유럽납작복숭아.__황경원_260909_빙과_김민우,316,3,7713,0,8,전환
2026-09-18,120252257531160659,[빙과_스틱바_복숭아쫀득] 26.09_쫀득바출시_수동_전환_image_전체타겟,[복숭아쫀득바] 26.09_복쫀바출시_전환_image_전체타겟_AI,[26.09]F_I_JD복_전환_복쫀바출시_혜택강조형__.릴스_AI.복쫀이.남들보다싸게샀어요.출시특가.최저가할인.유럽납작복숭아.__황경원_260909_빙과_김민우,1,0,34,0,0,전환
2026-09-18,120252295270680659,[빙과_파인트] 26.09_파트너십광고_수동_전환_video_전체타겟,9월 2주차_파트너십_P초_4,[26.09]F_V_P초_전환_골키파출시_파트너십__minna_el_,801,32,10962,0,19,전환
2026-09-18,120252297568410659,[빙과_스틱바_복숭아쫀득] 26.09_쫀득바출시_수동_전환_image_전체타겟,[복숭아쫀득바] 26.09_복쫀바출시_전환_image_전체타겟_AI,[26.09]F_I_JD혼_전환_상시_혜택강조형__.릴스_그릭요거트.멜쫀X.__이재원_260911_빙과_함주현,57,1,1789,0,0,전환
2026-09-18,120252305759720659,[빙과_파인트] 26.09_파트너십광고_ASC_전환_video_전체타겟_9월 2주차,[빙과_파인트] 26.09_파트너십광고_ASC_전환_video_전체타겟_9월 2주차_1,[26.09]F_V_P초_전환_골키파출시_파트너십_jgawon,268,2,3337,0,12,전환
2026-09-18,120252305759730659,[빙과_파인트] 26.09_파트너십광고_ASC_전환_video_전체타겟_9월 2주차,[빙과_파인트] 26.09_파트너십광고_ASC_전환_video_전체타겟_9월 2주차_1,[26.09]F_V_P초_전환_골키파출시_파트너십__minna_el_,2196,37,24717,0,69,전환
2026-09-18,120252335053820659,[빙과_파인트_블프] 26.09_빙과블프_ASC_전환_video_전체타겟_9월 2주차,[빙과_파인트_블프] 26.09_빙과블프_ASC_전환_video_전체타겟_9월 2주차,(운영X) [26.09]F_V_P혼_전환_빙과블프_숏츠형_마미케어BP_main.릴스_담아도담아도100원.9월.수민PJ_파인트P_고가영_260914_빙과_김지연,125095,1330,779478,36,3752,전환
2026-09-18,120252335060420659,[빙과_파인트_블프] 26.09_빙과블프_ASC_전환_video_전체타겟_9월 2주차,[빙과_파인트_블프] 26.09_빙과블프_ASC_전환_video_전체타겟_9월 2주차,(운영X) [26.09]F_V_P혼_전환_빙과블프_숏츠형_마미케어BP_var1.릴스_라라스윗최초블프.9월.수민PJ_파인트P_고가영_260914_빙과_김지연,600,14,8429,0,13,전환
2026-09-19,120252335053820659,[빙과_파인트_블프] 26.09_빙과블프_ASC_전환_video_전체타겟_9월 2주차,[빙과_파인트_블프] 26.09_빙과블프_ASC_전환_video_전체타겟_9월 2주차,(운영X) [26.09]F_V_P혼_전환_빙과블프_숏츠형_마미케어BP_main.릴스_담아도담아도100원.9월.수민PJ_파인트P_고가영_260914_빙과_김지연,1878,20,11684,4,66,전환
2026-09-20,120252257531120659,[빙과_스틱바_복숭아쫀득] 26.09_쫀득바출시_수동_전환_image_전체타겟,[복숭아쫀득바] 26.09_복쫀바출시_전환_image_전체타겟_AI,[26.09]F_I_JD복_전환_복쫀바출시_혜택강조형__.릴스_AI.복쫀이.지금이젤싸요.안사고버티신분들.유럽납작복숭아.__황경원_260909_빙과_김민우,77,1,1732,0,2,전환
2026-09-20,120252257531160659,[빙과_스틱바_복숭아쫀득] 26.09_쫀득바출시_수동_전환_image_전체타겟,[복숭아쫀득바] 26.09_복쫀바출시_전환_image_전체타겟_AI,[26.09]F_I_JD복_전환_복쫀바출시_혜택강조형__.릴스_AI.복쫀이.남들보다싸게샀어요.출시특가.최저가할인.유럽납작복숭아.__황경원_260909_빙과_김민우,118,2,3667,0,3,전환
2026-09-15,120252350178630659,[빙과_파인트_블프] 26.09_빙과블프_ASC_전환_image/video_전체타겟_9월 3주차,[빙과_파인트_블프] 26.09_빙과블프_ASC_전환_image/video_전체타겟_9월 3주차,[26.09]F_V_P혼_전환_빙과블프_숏츠형_마미케어BP_var1.릴스_라라스윗최초블프.9월.수민PJ_파인트P_고가영_260914_빙과_김지연,174,1,3808,0,4,전환
2026-09-15,120252350178640659,[빙과_파인트_블프] 26.09_빙과블프_ASC_전환_image/video_전체타겟_9월 3주차,[빙과_파인트_블프] 26.09_빙과블프_ASC_전환_image/video_전체타겟_9월 3주차,[26.09]F_V_P혼_전환_빙과블프_숏츠형_마미케어BP_main.릴스_담아도담아도100원.9월.수민PJ_파인트P_고가영_260914_빙과_김지연,2456,31,28373,2,70,전환
2026-09-15,120252350356790659,[빙과_파인트_블프] 26.09_빙과블프_ASC_전환_image/video_전체타겟_9월 3주차,[빙과_파인트_블프] 26.09_빙과블프_ASC_전환_image/video_전체타겟_9월 3주차,[26.09]F_I_P초_전환_빙과블프_혜택강조형__.릴스_영상.후기다발.글로벌프리미엄브랜드제치고1등한그아이스크림.__고가영_260911_빙과_김민우,65,1,905,0,3,전환
2026-09-15,120252350356800659,[빙과_파인트_블프] 26.09_빙과블프_ASC_전환_image/video_전체타겟_9월 3주차,[빙과_파인트_블프] 26.09_빙과블프_ASC_전환_image/video_전체타겟_9월 3주차,[26.09]F_I_P혼_전환_빙과블프_혜택강조형__.배너_물량.대세감.매거진형.글로벌프리미엄브랜드제치고1위한.SNS핫템.__고가영_260911_빙과_이채윤,23,1,483,0,0,전환
2026-09-15,120252350356810659,[빙과_파인트_블프] 26.09_빙과블프_ASC_전환_image/video_전체타겟_9월 3주차,[빙과_파인트_블프] 26.09_빙과블프_ASC_전환_image/video_전체타겟_9월 3주차,[26.09]F_I_혼합_전환_빙과블프_혜택강조형__.배너_사과문.성원보답최초블랙프라이데이.__고가영_260911_빙과_김민우,337,8,6941,0,0,전환
2026-09-15,120252350356820659,[빙과_파인트_블프] 26.09_빙과블프_ASC_전환_image/video_전체타겟_9월 3주차,[빙과_파인트_블프] 26.09_빙과블프_ASC_전환_image/video_전체타겟_9월 3주차,[26.09]F_I_P혼_전환_빙과블프_혜택강조형__.배너_권위자.성분.약사도픽한저당이라믿고쟁였어요.__고가영_260911_빙과_이채윤,5,1,274,0,0,전환
2026-09-15,120252350356830659,[빙과_파인트_블프] 26.09_빙과블프_ASC_전환_image/video_전체타겟_9월 3주차,[빙과_파인트_블프] 26.09_빙과블프_ASC_전환_image/video_전체타겟_9월 3주차,[26.09]F_I_P혼_전환_빙과블프_혜택강조형__.배너_권위자.성분.그래프.약사헬스트레이너픽저당파인트.__고가영_260911_빙과_이채윤,23,1,1181,1,0,전환
2026-09-15,120252350356840659,[빙과_파인트_블프] 26.09_빙과블프_ASC_전환_image/video_전체타겟_9월 3주차,[빙과_파인트_블프] 26.09_빙과블프_ASC_전환_image/video_전체타겟_9월 3주차,[26.09]F_I_P혼_전환_빙과블프_혜택강조형__.배너_물량.대세감.사과문.저희도죄송스럽습니다.품절전지금쟁이세요.__고가영_260911_빙과_이채윤,157,2,2027,0,0,전환
2026-09-15,120252350356850659,[빙과_파인트_블프] 26.09_빙과블프_ASC_전환_image/video_전체타겟_9월 3주차,[빙과_파인트_블프] 26.09_빙과블프_ASC_전환_image/video_전체타겟_9월 3주차,[26.09]F_I_혼합_전환_빙과블프_혜택강조형__.배너_안사고버티신분들.저희가졌습니다.블랙프라이데이.__고가영_260911_빙과_김민우,6,0,135,0,0,전환
2026-09-15,120252350356860659,[빙과_파인트_블프] 26.09_빙과블프_ASC_전환_image/video_전체타겟_9월 3주차,[빙과_파인트_블프] 26.09_빙과블프_ASC_전환_image/video_전체타겟_9월 3주차,[26.09]F_I_P혼_전환_빙과블프_혜택강조형__.배너_1위강조.공지형.내부공지.현장감.가격실수안내.직원실수.__고가영_260911_빙과_이채윤,41699,780,442489,33,0,전환
2026-09-15,120252350356870659,[빙과_파인트_블프] 26.09_빙과블프_ASC_전환_image/video_전체타겟_9월 3주차,[빙과_파인트_블프] 26.09_빙과블프_ASC_전환_image/video_전체타겟_9월 3주차,[26.09]F_I_P혼_전환_빙과블프_혜택강조형__.배너_영상.다신없을무제한100원.프리미엄원재료.__고가영_260911_빙과_김민우,15,1,125,0,1,전환
2026-09-15,120252350356880659,[빙과_파인트_블프] 26.09_빙과블프_ASC_전환_image/video_전체타겟_9월 3주차,[빙과_파인트_블프] 26.09_빙과블프_ASC_전환_image/video_전체타겟_9월 3주차,[26.09]F_I_P혼_전환_빙과블프_혜택강조형__.배너_물량.대세감.글로벌프리미엄브랜드이기고1위기념.이벤트끝나면정상가.__고가영_260911_빙과_이채윤,52,4,1620,0,0,전환
2026-09-15,120252350356890659,[빙과_파인트_블프] 26.09_빙과블프_ASC_전환_image/video_전체타겟_9월 3주차,[빙과_파인트_블프] 26.09_빙과블프_ASC_전환_image/video_전체타겟_9월 3주차,[26.09]F_I_P혼_전환_빙과블프_혜택강조형__.배너_사과문.성원보답최초블랙프라이데이.__고가영_260911_빙과_김민우,479,20,9468,2,0,전환
2026-09-15,120252350356900659,[빙과_파인트_블프] 26.09_빙과블프_ASC_전환_image/video_전체타겟_9월 3주차,[빙과_파인트_블프] 26.09_빙과블프_ASC_전환_image/video_전체타겟_9월 3주차,[26.09]F_I_P혼_전환_빙과블프_혜택강조형__.배너_대세감.이제다시는없어요.지금쟁이세요.박스샷.__고가영_260911_빙과_이채윤,25,3,373,0,0,전환
2026-09-15,120252350356910659,[빙과_파인트_블프] 26.09_빙과블프_ASC_전환_image/video_전체타겟_9월 3주차,[빙과_파인트_블프] 26.09_빙과블프_ASC_전환_image/video_전체타겟_9월 3주차,[26.09]F_I_P혼_전환_빙과블프_혜택강조형__.배너_지금아니면1년기다려야돼요.블프기념.사상최초블랙프라이데이.__고가영_260911_빙과_김민우,295,16,8721,1,0,전환
2026-09-15,120252350356920659,[빙과_파인트_블프] 26.09_빙과블프_ASC_전환_image/video_전체타겟_9월 3주차,[빙과_파인트_블프] 26.09_빙과블프_ASC_전환_image/video_전체타겟_9월 3주차,[26.09]F_I_P혼_전환_빙과블프_혜택강조형__.배너_물량.대세감.글로벌프리미엄아이스크림제친.1위저당파인트.__고가영_260911_빙과_이채윤,10,1,175,0,0,전환
2026-09-15,120252350356930659,[빙과_파인트_블프] 26.09_빙과블프_ASC_전환_image/video_전체타겟_9월 3주차,[빙과_파인트_블프] 26.09_빙과블프_ASC_전환_image/video_전체타겟_9월 3주차,[26.09]F_I_P혼_전환_빙과블프_혜택강조형__.배너_권위자.성분.약사도인정한믿고먹는저당템.타사대비98%낮아.마음껏.__고가영_260911_빙과_이채윤,1,0,24,0,0,전환
2026-09-15,120252357002220659,[빙과_초코바_블프] 26.09_빙과블프_ASC_전환_image_전체타겟_확장,[빙과_초코바_블프] 26.09_빙과블프_ASC_전환_image_전체타겟_확장,[26.09]F_I_C말_전환_빙과블프_혜택강조형__.배너_가격페인포인트.말차.다시는없습니다.제주첫물말차.__김유진_260915_빙과_이채윤,175,2,3273,0,0,전환
2026-09-15,120252357007430659,[빙과_초코바_블프] 26.09_빙과블프_ASC_전환_image_전체타겟_확장,[빙과_초코바_블프] 26.09_빙과블프_ASC_전환_image_전체타겟_확장,[26.09]F_I_C쿠_전환_빙과블프_제품강조형__.배너_식감페인포인트.쿠앤크.네고형.이초코바는먹어도먹어도쿠키가씹혀요.__김유진_260915_빙과_이채윤,63,1,1577,0,0,전환
2026-09-15,120252357011020659,[빙과_초코바_블프] 26.09_빙과블프_ASC_전환_image_전체타겟_확장,[빙과_초코바_블프] 26.09_빙과블프_ASC_전환_image_전체타겟_확장,[26.09]F_I_C쿠_전환_빙과블프_제품강조형__.배너_식감페인포인트.쿠앤크.몰티져스.때려부은급.ㄷㄷ.__김유진_260915_빙과_이채윤,206,11,5036,1,0,전환
2026-09-15,120252357016470659,[빙과_초코바_블프] 26.09_빙과블프_ASC_전환_image_전체타겟_확장,[빙과_초코바_블프] 26.09_빙과블프_ASC_전환_image_전체타겟_확장,[26.09]F_I_C쿠_전환_빙과블프_제품강조형__.배너_식감페인포인트.쿠앤크.사과문.크루아상.__김유진_260915_빙과_이채윤,57,2,1434,0,0,전환
2026-09-15,120252357023440659,[빙과_초코바_블프] 26.09_빙과블프_ASC_전환_image_전체타겟_확장,[빙과_초코바_블프] 26.09_빙과블프_ASC_전환_image_전체타겟_확장,[26.09]F_I_C쿠_전환_빙과블프_제품강조형__.배너_식감페인포인트.쿠앤크.오레오.3봉지.ㅇㅇ.__김유진_260915_빙과_이채윤,29,1,570,0,0,전환
2026-09-15,120252357028840659,[빙과_초코바_블프] 26.09_빙과블프_ASC_전환_image_전체타겟_확장,[빙과_초코바_블프] 26.09_빙과블프_ASC_전환_image_전체타겟_확장,[26.09]F_I_C혼_전환_빙과블프_제품강조형__.배너_저당페인포인트.고디바급.다시는없습니다.__김유진_260915_빙과_이채윤,9,0,242,0,0,전환
2026-09-15,120252357031440659,[빙과_초코바_블프] 26.09_빙과블프_ASC_전환_image_전체타겟_확장,[빙과_초코바_블프] 26.09_빙과블프_ASC_전환_image_전체타겟_확장,[26.09]F_I_C혼_전환_빙과블프_제품강조형__.배너_저당페인포인트.저희도죄송스럽습니다.몰티져스.__김유진_260915_빙과_이채윤,487,17,12706,0,0,전환
2026-09-16,120252350178630659,[빙과_파인트_블프] 26.09_빙과블프_ASC_전환_image/video_전체타겟_9월 3주차,[빙과_파인트_블프] 26.09_빙과블프_ASC_전환_image/video_전체타겟_9월 3주차,[26.09]F_V_P혼_전환_빙과블프_숏츠형_마미케어BP_var1.릴스_라라스윗최초블프.9월.수민PJ_파인트P_고가영_260914_빙과_김지연,26,2,436,0,1,전환
2026-09-16,120252350178640659,[빙과_파인트_블프] 26.09_빙과블프_ASC_전환_image/video_전체타겟_9월 3주차,[빙과_파인트_블프] 26.09_빙과블프_ASC_전환_image/video_전체타겟_9월 3주차,[26.09]F_V_P혼_전환_빙과블프_숏츠형_마미케어BP_main.릴스_담아도담아도100원.9월.수민PJ_파인트P_고가영_260914_빙과_김지연,397,7,3271,0,12,전환
2026-09-16,120252350356790659,[빙과_파인트_블프] 26.09_빙과블프_ASC_전환_image/video_전체타겟_9월 3주차,[빙과_파인트_블프] 26.09_빙과블프_ASC_전환_image/video_전체타겟_9월 3주차,[26.09]F_I_P초_전환_빙과블프_혜택강조형__.릴스_영상.후기다발.글로벌프리미엄브랜드제치고1등한그아이스크림.__고가영_260911_빙과_김민우,1,0,34,0,0,전환
2026-09-16,120252350356810659,[빙과_파인트_블프] 26.09_빙과블프_ASC_전환_image/video_전체타겟_9월 3주차,[빙과_파인트_블프] 26.09_빙과블프_ASC_전환_image/video_전체타겟_9월 3주차,[26.09]F_I_혼합_전환_빙과블프_혜택강조형__.배너_사과문.성원보답최초블랙프라이데이.__고가영_260911_빙과_김민우,91,3,1454,0,0,전환
2026-09-16,120252350356860659,[빙과_파인트_블프] 26.09_빙과블프_ASC_전환_image/video_전체타겟_9월 3주차,[빙과_파인트_블프] 26.09_빙과블프_ASC_전환_image/video_전체타겟_9월 3주차,[26.09]F_I_P혼_전환_빙과블프_혜택강조형__.배너_1위강조.공지형.내부공지.현장감.가격실수안내.직원실수.__고가영_260911_빙과_이채윤,6679,140,84730,4,0,전환
2026-09-16,120252350356880659,[빙과_파인트_블프] 26.09_빙과블프_ASC_전환_image/video_전체타겟_9월 3주차,[빙과_파인트_블프] 26.09_빙과블프_ASC_전환_image/video_전체타겟_9월 3주차,[26.09]F_I_P혼_전환_빙과블프_혜택강조형__.배너_물량.대세감.글로벌프리미엄브랜드이기고1위기념.이벤트끝나면정상가.__고가영_260911_빙과_이채윤,2,1,30,0,0,전환
2026-09-16,120252350356890659,[빙과_파인트_블프] 26.09_빙과블프_ASC_전환_image/video_전체타겟_9월 3주차,[빙과_파인트_블프] 26.09_빙과블프_ASC_전환_image/video_전체타겟_9월 3주차,[26.09]F_I_P혼_전환_빙과블프_혜택강조형__.배너_사과문.성원보답최초블랙프라이데이.__고가영_260911_빙과_김민우,115,3,2820,0,0,전환
2026-09-16,120252350356910659,[빙과_파인트_블프] 26.09_빙과블프_ASC_전환_image/video_전체타겟_9월 3주차,[빙과_파인트_블프] 26.09_빙과블프_ASC_전환_image/video_전체타겟_9월 3주차,[26.09]F_I_P혼_전환_빙과블프_혜택강조형__.배너_지금아니면1년기다려야돼요.블프기념.사상최초블랙프라이데이.__고가영_260911_빙과_김민우,80,2,1308,0,0,전환
2026-09-16,120252357002220659,[빙과_초코바_블프] 26.09_빙과블프_ASC_전환_image_전체타겟_확장,[빙과_초코바_블프] 26.09_빙과블프_ASC_전환_image_전체타겟_확장,[26.09]F_I_C말_전환_빙과블프_혜택강조형__.배너_가격페인포인트.말차.다시는없습니다.제주첫물말차.__김유진_260915_빙과_이채윤,14,0,543,0,0,전환
2026-09-16,120252357007430659,[빙과_초코바_블프] 26.09_빙과블프_ASC_전환_image_전체타겟_확장,[빙과_초코바_블프] 26.09_빙과블프_ASC_전환_image_전체타겟_확장,[26.09]F_I_C쿠_전환_빙과블프_제품강조형__.배너_식감페인포인트.쿠앤크.네고형.이초코바는먹어도먹어도쿠키가씹혀요.__김유진_260915_빙과_이채윤,3,0,33,0,0,전환
2026-09-16,120252357011020659,[빙과_초코바_블프] 26.09_빙과블프_ASC_전환_image_전체타겟_확장,[빙과_초코바_블프] 26.09_빙과블프_ASC_전환_image_전체타겟_확장,[26.09]F_I_C쿠_전환_빙과블프_제품강조형__.배너_식감페인포인트.쿠앤크.몰티져스.때려부은급.ㄷㄷ.__김유진_260915_빙과_이채윤,1125,29,18804,1,0,전환
2026-09-16,120252357016470659,[빙과_초코바_블프] 26.09_빙과블프_ASC_전환_image_전체타겟_확장,[빙과_초코바_블프] 26.09_빙과블프_ASC_전환_image_전체타겟_확장,[26.09]F_I_C쿠_전환_빙과블프_제품강조형__.배너_식감페인포인트.쿠앤크.사과문.크루아상.__김유진_260915_빙과_이채윤,31,0,517,0,0,전환
2026-09-16,120252357023440659,[빙과_초코바_블프] 26.09_빙과블프_ASC_전환_image_전체타겟_확장,[빙과_초코바_블프] 26.09_빙과블프_ASC_전환_image_전체타겟_확장,[26.09]F_I_C쿠_전환_빙과블프_제품강조형__.배너_식감페인포인트.쿠앤크.오레오.3봉지.ㅇㅇ.__김유진_260915_빙과_이채윤,15,0,286,0,0,전환
2026-09-16,120252357028840659,[빙과_초코바_블프] 26.09_빙과블프_ASC_전환_image_전체타겟_확장,[빙과_초코바_블프] 26.09_빙과블프_ASC_전환_image_전체타겟_확장,[26.09]F_I_C혼_전환_빙과블프_제품강조형__.배너_저당페인포인트.고디바급.다시는없습니다.__김유진_260915_빙과_이채윤,7,0,548,0,0,전환
2026-09-16,120252357031440659,[빙과_초코바_블프] 26.09_빙과블프_ASC_전환_image_전체타겟_확장,[빙과_초코바_블프] 26.09_빙과블프_ASC_전환_image_전체타겟_확장,[26.09]F_I_C혼_전환_빙과블프_제품강조형__.배너_저당페인포인트.저희도죄송스럽습니다.몰티져스.__김유진_260915_빙과_이채윤,364,9,10706,0,0,전환
2026-09-17,120252350178630659,[빙과_파인트_블프] 26.09_빙과블프_ASC_전환_image/video_전체타겟_9월 3주차,[빙과_파인트_블프] 26.09_빙과블프_ASC_전환_image/video_전체타겟_9월 3주차,[26.09]F_V_P혼_전환_빙과블프_숏츠형_마미케어BP_var1.릴스_라라스윗최초블프.9월.수민PJ_파인트P_고가영_260914_빙과_김지연,35,0,394,0,0,전환
2026-09-17,120252350178640659,[빙과_파인트_블프] 26.09_빙과블프_ASC_전환_image/video_전체타겟_9월 3주차,[빙과_파인트_블프] 26.09_빙과블프_ASC_전환_image/video_전체타겟_9월 3주차,[26.09]F_V_P혼_전환_빙과블프_숏츠형_마미케어BP_main.릴스_담아도담아도100원.9월.수민PJ_파인트P_고가영_260914_빙과_김지연,12498,159,90702,4,377,전환
2026-09-17,120252350356790659,[빙과_파인트_블프] 26.09_빙과블프_ASC_전환_image/video_전체타겟_9월 3주차,[빙과_파인트_블프] 26.09_빙과블프_ASC_전환_image/video_전체타겟_9월 3주차,[26.09]F_I_P초_전환_빙과블프_혜택강조형__.릴스_영상.후기다발.글로벌프리미엄브랜드제치고1등한그아이스크림.__고가영_260911_빙과_김민우,19,0,239,0,0,전환
2026-09-17,120252350356810659,[빙과_파인트_블프] 26.09_빙과블프_ASC_전환_image/video_전체타겟_9월 3주차,[빙과_파인트_블프] 26.09_빙과블프_ASC_전환_image/video_전체타겟_9월 3주차,[26.09]F_I_혼합_전환_빙과블프_혜택강조형__.배너_사과문.성원보답최초블랙프라이데이.__고가영_260911_빙과_김민우,295,6,3983,1,0,전환
2026-09-17,120252350356830659,[빙과_파인트_블프] 26.09_빙과블프_ASC_전환_image/video_전체타겟_9월 3주차,[빙과_파인트_블프] 26.09_빙과블프_ASC_전환_image/video_전체타겟_9월 3주차,[26.09]F_I_P혼_전환_빙과블프_혜택강조형__.배너_권위자.성분.그래프.약사헬스트레이너픽저당파인트.__고가영_260911_빙과_이채윤,1,0,33,0,0,전환
2026-09-17,120252350356860659,[빙과_파인트_블프] 26.09_빙과블프_ASC_전환_image/video_전체타겟_9월 3주차,[빙과_파인트_블프] 26.09_빙과블프_ASC_전환_image/video_전체타겟_9월 3주차,[26.09]F_I_P혼_전환_빙과블프_혜택강조형__.배너_1위강조.공지형.내부공지.현장감.가격실수안내.직원실수.__고가영_260911_빙과_이채윤,2044,50,23101,1,0,전환
2026-09-17,120252350356870659,[빙과_파인트_블프] 26.09_빙과블프_ASC_전환_image/video_전체타겟_9월 3주차,[빙과_파인트_블프] 26.09_빙과블프_ASC_전환_image/video_전체타겟_9월 3주차,[26.09]F_I_P혼_전환_빙과블프_혜택강조형__.배너_영상.다신없을무제한100원.프리미엄원재료.__고가영_260911_빙과_김민우,2,0,15,0,0,전환
2026-09-17,120252350356880659,[빙과_파인트_블프] 26.09_빙과블프_ASC_전환_image/video_전체타겟_9월 3주차,[빙과_파인트_블프] 26.09_빙과블프_ASC_전환_image/video_전체타겟_9월 3주차,[26.09]F_I_P혼_전환_빙과블프_혜택강조형__.배너_물량.대세감.글로벌프리미엄브랜드이기고1위기념.이벤트끝나면정상가.__고가영_260911_빙과_이채윤,5,0,318,0,0,전환
2026-09-17,120252350356890659,[빙과_파인트_블프] 26.09_빙과블프_ASC_전환_image/video_전체타겟_9월 3주차,[빙과_파인트_블프] 26.09_빙과블프_ASC_전환_image/video_전체타겟_9월 3주차,[26.09]F_I_P혼_전환_빙과블프_혜택강조형__.배너_사과문.성원보답최초블랙프라이데이.__고가영_260911_빙과_김민우,2463,24,24820,0,0,전환
2026-09-17,120252350356900659,[빙과_파인트_블프] 26.09_빙과블프_ASC_전환_image/video_전체타겟_9월 3주차,[빙과_파인트_블프] 26.09_빙과블프_ASC_전환_image/video_전체타겟_9월 3주차,[26.09]F_I_P혼_전환_빙과블프_혜택강조형__.배너_대세감.이제다시는없어요.지금쟁이세요.박스샷.__고가영_260911_빙과_이채윤,1,0,16,0,0,전환
2026-09-17,120252350356910659,[빙과_파인트_블프] 26.09_빙과블프_ASC_전환_image/video_전체타겟_9월 3주차,[빙과_파인트_블프] 26.09_빙과블프_ASC_전환_image/video_전체타겟_9월 3주차,[26.09]F_I_P혼_전환_빙과블프_혜택강조형__.배너_지금아니면1년기다려야돼요.블프기념.사상최초블랙프라이데이.__고가영_260911_빙과_김민우,112,7,2264,1,0,전환
2026-09-17,120252350356920659,[빙과_파인트_블프] 26.09_빙과블프_ASC_전환_image/video_전체타겟_9월 3주차,[빙과_파인트_블프] 26.09_빙과블프_ASC_전환_image/video_전체타겟_9월 3주차,[26.09]F_I_P혼_전환_빙과블프_혜택강조형__.배너_물량.대세감.글로벌프리미엄아이스크림제친.1위저당파인트.__고가영_260911_빙과_이채윤,2,0,5,0,0,전환
2026-09-17,120252357002220659,[빙과_초코바_블프] 26.09_빙과블프_ASC_전환_image_전체타겟_확장,[빙과_초코바_블프] 26.09_빙과블프_ASC_전환_image_전체타겟_확장,[26.09]F_I_C말_전환_빙과블프_혜택강조형__.배너_가격페인포인트.말차.다시는없습니다.제주첫물말차.__김유진_260915_빙과_이채윤,15,0,247,0,0,전환
2026-09-17,120252357007430659,[빙과_초코바_블프] 26.09_빙과블프_ASC_전환_image_전체타겟_확장,[빙과_초코바_블프] 26.09_빙과블프_ASC_전환_image_전체타겟_확장,[26.09]F_I_C쿠_전환_빙과블프_제품강조형__.배너_식감페인포인트.쿠앤크.네고형.이초코바는먹어도먹어도쿠키가씹혀요.__김유진_260915_빙과_이채윤,42,2,731,0,0,전환
2026-09-17,120252357011020659,[빙과_초코바_블프] 26.09_빙과블프_ASC_전환_image_전체타겟_확장,[빙과_초코바_블프] 26.09_빙과블프_ASC_전환_image_전체타겟_확장,[26.09]F_I_C쿠_전환_빙과블프_제품강조형__.배너_식감페인포인트.쿠앤크.몰티져스.때려부은급.ㄷㄷ.__김유진_260915_빙과_이채윤,1396,26,22398,0,0,전환
2026-09-17,120252357016470659,[빙과_초코바_블프] 26.09_빙과블프_ASC_전환_image_전체타겟_확장,[빙과_초코바_블프] 26.09_빙과블프_ASC_전환_image_전체타겟_확장,[26.09]F_I_C쿠_전환_빙과블프_제품강조형__.배너_식감페인포인트.쿠앤크.사과문.크루아상.__김유진_260915_빙과_이채윤,318,6,5651,0,0,전환
2026-09-17,120252357023440659,[빙과_초코바_블프] 26.09_빙과블프_ASC_전환_image_전체타겟_확장,[빙과_초코바_블프] 26.09_빙과블프_ASC_전환_image_전체타겟_확장,[26.09]F_I_C쿠_전환_빙과블프_제품강조형__.배너_식감페인포인트.쿠앤크.오레오.3봉지.ㅇㅇ.__김유진_260915_빙과_이채윤,113,3,2344,0,0,전환
2026-09-17,120252357028840659,[빙과_초코바_블프] 26.09_빙과블프_ASC_전환_image_전체타겟_확장,[빙과_초코바_블프] 26.09_빙과블프_ASC_전환_image_전체타겟_확장,[26.09]F_I_C혼_전환_빙과블프_제품강조형__.배너_저당페인포인트.고디바급.다시는없습니다.__김유진_260915_빙과_이채윤,12,0,415,0,0,전환
2026-09-18,120252350178630659,[빙과_파인트_블프] 26.09_빙과블프_ASC_전환_image/video_전체타겟_9월 3주차,[빙과_파인트_블프] 26.09_빙과블프_ASC_전환_image/video_전체타겟_9월 3주차,[26.09]F_V_P혼_전환_빙과블프_숏츠형_마미케어BP_var1.릴스_라라스윗최초블프.9월.수민PJ_파인트P_고가영_260914_빙과_김지연,140,3,2013,0,4,전환
2026-09-18,120252350178640659,[빙과_파인트_블프] 26.09_빙과블프_ASC_전환_image/video_전체타겟_9월 3주차,[빙과_파인트_블프] 26.09_빙과블프_ASC_전환_image/video_전체타겟_9월 3주차,[26.09]F_V_P혼_전환_빙과블프_숏츠형_마미케어BP_main.릴스_담아도담아도100원.9월.수민PJ_파인트P_고가영_260914_빙과_김지연,7665,84,53520,5,182,전환
2026-09-18,120252350356790659,[빙과_파인트_블프] 26.09_빙과블프_ASC_전환_image/video_전체타겟_9월 3주차,[빙과_파인트_블프] 26.09_빙과블프_ASC_전환_image/video_전체타겟_9월 3주차,[26.09]F_I_P초_전환_빙과블프_혜택강조형__.릴스_영상.후기다발.글로벌프리미엄브랜드제치고1등한그아이스크림.__고가영_260911_빙과_김민우,12,0,100,0,0,전환
2026-09-18,120252350356810659,[빙과_파인트_블프] 26.09_빙과블프_ASC_전환_image/video_전체타겟_9월 3주차,[빙과_파인트_블프] 26.09_빙과블프_ASC_전환_image/video_전체타겟_9월 3주차,[26.09]F_I_혼합_전환_빙과블프_혜택강조형__.배너_사과문.성원보답최초블랙프라이데이.__고가영_260911_빙과_김민우,818,9,10618,1,0,전환
2026-09-18,120252350356860659,[빙과_파인트_블프] 26.09_빙과블프_ASC_전환_image/video_전체타겟_9월 3주차,[빙과_파인트_블프] 26.09_빙과블프_ASC_전환_image/video_전체타겟_9월 3주차,[26.09]F_I_P혼_전환_빙과블프_혜택강조형__.배너_1위강조.공지형.내부공지.현장감.가격실수안내.직원실수.__고가영_260911_빙과_이채윤,5563,117,72032,3,0,전환
2026-09-18,120252350356910659,[빙과_파인트_블프] 26.09_빙과블프_ASC_전환_image/video_전체타겟_9월 3주차,[빙과_파인트_블프] 26.09_빙과블프_ASC_전환_image/video_전체타겟_9월 3주차,[26.09]F_I_P혼_전환_빙과블프_혜택강조형__.배너_지금아니면1년기다려야돼요.블프기념.사상최초블랙프라이데이.__고가영_260911_빙과_김민우,251,3,4531,1,0,전환
2026-09-19,120252350178640659,[빙과_파인트_블프] 26.09_빙과블프_ASC_전환_image/video_전체타겟_9월 3주차,[빙과_파인트_블프] 26.09_빙과블프_ASC_전환_image/video_전체타겟_9월 3주차,[26.09]F_V_P혼_전환_빙과블프_숏츠형_마미케어BP_main.릴스_담아도담아도100원.9월.수민PJ_파인트P_고가영_260914_빙과_김지연,14163,178,101166,7,607,전환
2026-09-19,120252350356800659,[빙과_파인트_블프] 26.09_빙과블프_ASC_전환_image/video_전체타겟_9월 3주차,[빙과_파인트_블프] 26.09_빙과블프_ASC_전환_image/video_전체타겟_9월 3주차,[26.09]F_I_P혼_전환_빙과블프_혜택강조형__.배너_물량.대세감.매거진형.글로벌프리미엄브랜드제치고1위한.SNS핫템.__고가영_260911_빙과_이채윤,1,0,10,0,0,전환
2026-09-19,120252350356810659,[빙과_파인트_블프] 26.09_빙과블프_ASC_전환_image/video_전체타겟_9월 3주차,[빙과_파인트_블프] 26.09_빙과블프_ASC_전환_image/video_전체타겟_9월 3주차,[26.09]F_I_혼합_전환_빙과블프_혜택강조형__.배너_사과문.성원보답최초블랙프라이데이.__고가영_260911_빙과_김민우,110,1,1516,0,0,전환
2026-09-19,120252350356860659,[빙과_파인트_블프] 26.09_빙과블프_ASC_전환_image/video_전체타겟_9월 3주차,[빙과_파인트_블프] 26.09_빙과블프_ASC_전환_image/video_전체타겟_9월 3주차,[26.09]F_I_P혼_전환_빙과블프_혜택강조형__.배너_1위강조.공지형.내부공지.현장감.가격실수안내.직원실수.__고가영_260911_빙과_이채윤,2437,58,37936,1,0,전환
2026-09-19,120252350356910659,[빙과_파인트_블프] 26.09_빙과블프_ASC_전환_image/video_전체타겟_9월 3주차,[빙과_파인트_블프] 26.09_빙과블프_ASC_전환_image/video_전체타겟_9월 3주차,[26.09]F_I_P혼_전환_빙과블프_혜택강조형__.배너_지금아니면1년기다려야돼요.블프기념.사상최초블랙프라이데이.__고가영_260911_빙과_김민우,30,0,735,0,0,전환
2026-09-20,120252350178630659,[빙과_파인트_블프] 26.09_빙과블프_ASC_전환_image/video_전체타겟_9월 3주차,[빙과_파인트_블프] 26.09_빙과블프_ASC_전환_image/video_전체타겟_9월 3주차,[26.09]F_V_P혼_전환_빙과블프_숏츠형_마미케어BP_var1.릴스_라라스윗최초블프.9월.수민PJ_파인트P_고가영_260914_빙과_김지연,39,1,400,0,1,전환
2026-09-20,120252350178640659,[빙과_파인트_블프] 26.09_빙과블프_ASC_전환_image/video_전체타겟_9월 3주차,[빙과_파인트_블프] 26.09_빙과블프_ASC_전환_image/video_전체타겟_9월 3주차,[26.09]F_V_P혼_전환_빙과블프_숏츠형_마미케어BP_main.릴스_담아도담아도100원.9월.수민PJ_파인트P_고가영_260914_빙과_김지연,12693,154,108689,5,465,전환
2026-09-20,120252350356810659,[빙과_파인트_블프] 26.09_빙과블프_ASC_전환_image/video_전체타겟_9월 3주차,[빙과_파인트_블프] 26.09_빙과블프_ASC_전환_image/video_전체타겟_9월 3주차,[26.09]F_I_혼합_전환_빙과블프_혜택강조형__.배너_사과문.성원보답최초블랙프라이데이.__고가영_260911_빙과_김민우,7,0,108,0,0,전환
2026-09-20,120252350356860659,[빙과_파인트_블프] 26.09_빙과블프_ASC_전환_image/video_전체타겟_9월 3주차,[빙과_파인트_블프] 26.09_빙과블프_ASC_전환_image/video_전체타겟_9월 3주차,[26.09]F_I_P혼_전환_빙과블프_혜택강조형__.배너_1위강조.공지형.내부공지.현장감.가격실수안내.직원실수.__고가영_260911_빙과_이채윤,1574,46,27912,1,0,전환
2026-09-20,120252350356870659,[빙과_파인트_블프] 26.09_빙과블프_ASC_전환_image/video_전체타겟_9월 3주차,[빙과_파인트_블프] 26.09_빙과블프_ASC_전환_image/video_전체타겟_9월 3주차,[26.09]F_I_P혼_전환_빙과블프_혜택강조형__.배너_영상.다신없을무제한100원.프리미엄원재료.__고가영_260911_빙과_김민우,2,0,49,0,0,전환
2026-09-20,120252350356910659,[빙과_파인트_블프] 26.09_빙과블프_ASC_전환_image/video_전체타겟_9월 3주차,[빙과_파인트_블프] 26.09_빙과블프_ASC_전환_image/video_전체타겟_9월 3주차,[26.09]F_I_P혼_전환_빙과블프_혜택강조형__.배너_지금아니면1년기다려야돼요.블프기념.사상최초블랙프라이데이.__고가영_260911_빙과_김민우,1,0,21,0,0,전환
2026-09-15,120252357036420659,[빙과_초코바_블프] 26.09_빙과블프_ASC_전환_image_전체타겟_확장,[빙과_초코바_블프] 26.09_빙과블프_ASC_전환_image_전체타겟_확장,[26.09]F_I_C혼_전환_빙과블프_혜택강조형__.배너_가격페인포인트.고디바급.네고형.고다바급찐한저당초코바역대최저가에요.__김유진_260915_빙과_이채윤,35,1,678,0,0,전환
2026-09-15,120252357040620659,[빙과_초코바_블프] 26.09_빙과블프_ASC_전환_image_전체타겟_확장,[빙과_초코바_블프] 26.09_빙과블프_ASC_전환_image_전체타겟_확장,[26.09]F_I_C혼_전환_빙과블프_혜택강조형__.배너_가격페인포인트.고디바급.안사고버티신분들저희가졌습니다.__김유진_260915_빙과_이채윤,203,11,5311,1,0,전환
2026-09-15,120252357047060659,[빙과_초코바_블프] 26.09_빙과블프_ASC_전환_image_전체타겟_확장,[빙과_초코바_블프] 26.09_빙과블프_ASC_전환_image_전체타겟_확장,[26.09]F_I_C혼_전환_빙과블프_혜택강조형__.배너_가격페인포인트.고디바급.역대급최저가라무제한100원에잔뜩쟁였어요.__김유진_260915_빙과_이채윤,4,0,57,0,0,전환
2026-09-15,120252357051300659,[빙과_초코바_블프] 26.09_빙과블프_ASC_전환_image_전체타겟_확장,[빙과_초코바_블프] 26.09_빙과블프_ASC_전환_image_전체타겟_확장,[26.09]F_I_C혼_전환_빙과블프_혜택강조형__.배너_가격페인포인트.고디바급.죄송합니다.__김유진_260915_빙과_이채윤,33,0,857,0,0,전환
2026-09-15,120252357079390659,[빙과_파인트] 26.09_파트너십광고_수동_전환_video_전체타겟,9월 3주차_파트너십_P말_1,[26.09]F_V_P말_전환_골키파출시_파트너십_yeon._0125,140,3,2412,0,6,전환
2026-09-15,120252357079400659,[빙과_파인트] 26.09_파트너십광고_수동_전환_video_전체타겟,9월 3주차_파트너십_P말_1,[26.09]F_V_P말_전환_골키파출시_파트너십_muk_zz6,25,0,565,0,0,전환
2026-09-15,120252357079410659,[빙과_파인트] 26.09_파트너십광고_수동_전환_video_전체타겟,9월 3주차_파트너십_P말_1,[26.09]F_V_P말_전환_골키파출시_파트너십_wonty_me,46,1,765,0,1,전환
2026-09-15,120252357079420659,[빙과_파인트] 26.09_파트너십광고_수동_전환_video_전체타겟,9월 3주차_파트너십_P말_1,[26.09]F_V_P말_전환_골키파출시_파트너십_hi_panana,42,0,687,0,0,전환
2026-09-15,120252357151580659,[빙과_파인트] 26.09_파트너십광고_수동_전환_video_전체타겟,9월 3주차_파트너십_P말_2,[26.09]F_V_P말_전환_골키파출시_파트너십_miming.room,143,1,2419,0,4,전환
2026-09-15,120252357151610659,[빙과_파인트] 26.09_파트너십광고_수동_전환_video_전체타겟,9월 3주차_파트너십_P말_2,[26.09]F_V_P말_전환_골키파출시_파트너십_yamziniy,30,0,423,0,3,전환
2026-09-15,120252357151620659,[빙과_파인트] 26.09_파트너십광고_수동_전환_video_전체타겟,9월 3주차_파트너십_P말_2,[26.09]F_V_P말_전환_골키파출시_파트너십_6_u_ha,11,0,178,0,0,전환
2026-09-15,120252357273560659,[빙과_파인트] 26.09_파트너십광고_ASC_전환_video_전체타겟_9월 3주차,[빙과_파인트] 26.09_파트너십광고_ASC_전환_video_전체타겟_9월 3주차,[26.09]F_V_P말_전환_골키파출시_파트너십_h_jni___,5,0,58,0,0,전환
2026-09-15,120252357273570659,[빙과_파인트] 26.09_파트너십광고_ASC_전환_video_전체타겟_9월 3주차,[빙과_파인트] 26.09_파트너십광고_ASC_전환_video_전체타겟_9월 3주차,[26.09]F_V_P말_전환_골키파출시_파트너십_miming.room,2,0,13,0,0,전환
2026-09-15,120252357273580659,[빙과_파인트] 26.09_파트너십광고_ASC_전환_video_전체타겟_9월 3주차,[빙과_파인트] 26.09_파트너십광고_ASC_전환_video_전체타겟_9월 3주차,[26.09]F_V_P말_전환_골키파출시_파트너십_yeon._0125,8,0,55,0,0,전환
2026-09-15,120252357273590659,[빙과_파인트] 26.09_파트너십광고_ASC_전환_video_전체타겟_9월 3주차,[빙과_파인트] 26.09_파트너십광고_ASC_전환_video_전체타겟_9월 3주차,[26.09]F_V_P말_전환_골키파출시_파트너십_wonty_me,109,2,1195,0,4,전환
2026-09-15,120252357273600659,[빙과_파인트] 26.09_파트너십광고_ASC_전환_video_전체타겟_9월 3주차,[빙과_파인트] 26.09_파트너십광고_ASC_전환_video_전체타겟_9월 3주차,[26.09]F_V_P말_전환_골키파출시_파트너십_muk_zz6,1,0,17,0,0,전환
2026-09-15,120252357273610659,[빙과_파인트] 26.09_파트너십광고_ASC_전환_video_전체타겟_9월 3주차,[빙과_파인트] 26.09_파트너십광고_ASC_전환_video_전체타겟_9월 3주차,[26.09]F_V_P말_전환_골키파출시_파트너십_siseo_day,9,1,117,0,0,전환
2026-09-15,120252357273620659,[빙과_파인트] 26.09_파트너십광고_ASC_전환_video_전체타겟_9월 3주차,[빙과_파인트] 26.09_파트너십광고_ASC_전환_video_전체타겟_9월 3주차,[26.09]F_V_P말_전환_골키파출시_파트너십_6_u_ha,53,0,671,0,3,전환
2026-09-15,120252357273630659,[빙과_파인트] 26.09_파트너십광고_ASC_전환_video_전체타겟_9월 3주차,[빙과_파인트] 26.09_파트너십광고_ASC_전환_video_전체타겟_9월 3주차,[26.09]F_V_P말_전환_골키파출시_파트너십_seserororo,80,0,704,0,1,전환
2026-09-15,120252357273640659,[빙과_파인트] 26.09_파트너십광고_ASC_전환_video_전체타겟_9월 3주차,[빙과_파인트] 26.09_파트너십광고_ASC_전환_video_전체타겟_9월 3주차,[26.09]F_V_P말_전환_골키파출시_파트너십_hi_panana,120,1,1829,0,1,전환
2026-09-15,120252357273650659,[빙과_파인트] 26.09_파트너십광고_ASC_전환_video_전체타겟_9월 3주차,[빙과_파인트] 26.09_파트너십광고_ASC_전환_video_전체타겟_9월 3주차,[26.09]F_V_P말_전환_골키파출시_파트너십_yamziniy,105,3,1185,0,6,전환
2026-09-16,120252357036420659,[빙과_초코바_블프] 26.09_빙과블프_ASC_전환_image_전체타겟_확장,[빙과_초코바_블프] 26.09_빙과블프_ASC_전환_image_전체타겟_확장,[26.09]F_I_C혼_전환_빙과블프_혜택강조형__.배너_가격페인포인트.고디바급.네고형.고다바급찐한저당초코바역대최저가에요.__김유진_260915_빙과_이채윤,6,0,187,0,0,전환
2026-09-16,120252357040620659,[빙과_초코바_블프] 26.09_빙과블프_ASC_전환_image_전체타겟_확장,[빙과_초코바_블프] 26.09_빙과블프_ASC_전환_image_전체타겟_확장,[26.09]F_I_C혼_전환_빙과블프_혜택강조형__.배너_가격페인포인트.고디바급.안사고버티신분들저희가졌습니다.__김유진_260915_빙과_이채윤,120,1,2660,0,0,전환
2026-09-16,120252357047060659,[빙과_초코바_블프] 26.09_빙과블프_ASC_전환_image_전체타겟_확장,[빙과_초코바_블프] 26.09_빙과블프_ASC_전환_image_전체타겟_확장,[26.09]F_I_C혼_전환_빙과블프_혜택강조형__.배너_가격페인포인트.고디바급.역대급최저가라무제한100원에잔뜩쟁였어요.__김유진_260915_빙과_이채윤,9,0,104,0,0,전환
2026-09-16,120252357051300659,[빙과_초코바_블프] 26.09_빙과블프_ASC_전환_image_전체타겟_확장,[빙과_초코바_블프] 26.09_빙과블프_ASC_전환_image_전체타겟_확장,[26.09]F_I_C혼_전환_빙과블프_혜택강조형__.배너_가격페인포인트.고디바급.죄송합니다.__김유진_260915_빙과_이채윤,8,0,236,0,0,전환
2026-09-16,120252357079390659,[빙과_파인트] 26.09_파트너십광고_수동_전환_video_전체타겟,9월 3주차_파트너십_P말_1,[26.09]F_V_P말_전환_골키파출시_파트너십_yeon._0125,1173,14,20119,0,39,전환
2026-09-16,120252357079400659,[빙과_파인트] 26.09_파트너십광고_수동_전환_video_전체타겟,9월 3주차_파트너십_P말_1,[26.09]F_V_P말_전환_골키파출시_파트너십_muk_zz6,253,5,7191,0,12,전환
2026-09-16,120252357079410659,[빙과_파인트] 26.09_파트너십광고_수동_전환_video_전체타겟,9월 3주차_파트너십_P말_1,[26.09]F_V_P말_전환_골키파출시_파트너십_wonty_me,670,4,9377,0,7,전환
2026-09-16,120252357079420659,[빙과_파인트] 26.09_파트너십광고_수동_전환_video_전체타겟,9월 3주차_파트너십_P말_1,[26.09]F_V_P말_전환_골키파출시_파트너십_hi_panana,821,3,12295,1,10,전환
2026-09-16,120252357151580659,[빙과_파인트] 26.09_파트너십광고_수동_전환_video_전체타겟,9월 3주차_파트너십_P말_2,[26.09]F_V_P말_전환_골키파출시_파트너십_miming.room,1111,20,21320,1,21,전환
2026-09-16,120252357151610659,[빙과_파인트] 26.09_파트너십광고_수동_전환_video_전체타겟,9월 3주차_파트너십_P말_2,[26.09]F_V_P말_전환_골키파출시_파트너십_yamziniy,544,8,8983,0,16,전환
2026-09-16,120252357151620659,[빙과_파인트] 26.09_파트너십광고_수동_전환_video_전체타겟,9월 3주차_파트너십_P말_2,[26.09]F_V_P말_전환_골키파출시_파트너십_6_u_ha,65,1,974,0,1,전환
2026-09-16,120252357273560659,[빙과_파인트] 26.09_파트너십광고_ASC_전환_video_전체타겟_9월 3주차,[빙과_파인트] 26.09_파트너십광고_ASC_전환_video_전체타겟_9월 3주차,[26.09]F_V_P말_전환_골키파출시_파트너십_h_jni___,359,3,5060,0,7,전환
2026-09-16,120252357273570659,[빙과_파인트] 26.09_파트너십광고_ASC_전환_video_전체타겟_9월 3주차,[빙과_파인트] 26.09_파트너십광고_ASC_전환_video_전체타겟_9월 3주차,[26.09]F_V_P말_전환_골키파출시_파트너십_miming.room,1531,10,24878,2,30,전환
2026-09-16,120252357273580659,[빙과_파인트] 26.09_파트너십광고_ASC_전환_video_전체타겟_9월 3주차,[빙과_파인트] 26.09_파트너십광고_ASC_전환_video_전체타겟_9월 3주차,[26.09]F_V_P말_전환_골키파출시_파트너십_yeon._0125,1811,8,22647,1,43,전환
2026-09-16,120252357273590659,[빙과_파인트] 26.09_파트너십광고_ASC_전환_video_전체타겟_9월 3주차,[빙과_파인트] 26.09_파트너십광고_ASC_전환_video_전체타겟_9월 3주차,[26.09]F_V_P말_전환_골키파출시_파트너십_wonty_me,1204,11,13748,3,33,전환
2026-09-16,120252357273600659,[빙과_파인트] 26.09_파트너십광고_ASC_전환_video_전체타겟_9월 3주차,[빙과_파인트] 26.09_파트너십광고_ASC_전환_video_전체타겟_9월 3주차,[26.09]F_V_P말_전환_골키파출시_파트너십_muk_zz6,382,6,7459,0,17,전환
2026-09-16,120252357273610659,[빙과_파인트] 26.09_파트너십광고_ASC_전환_video_전체타겟_9월 3주차,[빙과_파인트] 26.09_파트너십광고_ASC_전환_video_전체타겟_9월 3주차,[26.09]F_V_P말_전환_골키파출시_파트너십_siseo_day,2515,10,26691,3,121,전환
2026-09-16,120252357273620659,[빙과_파인트] 26.09_파트너십광고_ASC_전환_video_전체타겟_9월 3주차,[빙과_파인트] 26.09_파트너십광고_ASC_전환_video_전체타겟_9월 3주차,[26.09]F_V_P말_전환_골키파출시_파트너십_6_u_ha,814,3,10945,1,15,전환
2026-09-16,120252357273630659,[빙과_파인트] 26.09_파트너십광고_ASC_전환_video_전체타겟_9월 3주차,[빙과_파인트] 26.09_파트너십광고_ASC_전환_video_전체타겟_9월 3주차,[26.09]F_V_P말_전환_골키파출시_파트너십_seserororo,1235,12,12740,1,25,전환
2026-09-16,120252357273640659,[빙과_파인트] 26.09_파트너십광고_ASC_전환_video_전체타겟_9월 3주차,[빙과_파인트] 26.09_파트너십광고_ASC_전환_video_전체타겟_9월 3주차,[26.09]F_V_P말_전환_골키파출시_파트너십_hi_panana,620,5,7185,1,9,전환
2026-09-16,120252357273650659,[빙과_파인트] 26.09_파트너십광고_ASC_전환_video_전체타겟_9월 3주차,[빙과_파인트] 26.09_파트너십광고_ASC_전환_video_전체타겟_9월 3주차,[26.09]F_V_P말_전환_골키파출시_파트너십_yamziniy,2981,22,35688,2,78,전환
2026-09-16,120252359455990659,[빙과_초코바_블프] 26.09_빙과블프_수동_전환_image_전체타겟,260915_C혼_확장_재생성2,[26.09]F_I_C쿠_전환_빙과블프_제품강조형__.배너_식감페인포인트.쿠앤크.네고형.이초코바는먹어도먹어도쿠키가씹혀요.__김유진_260915_빙과_이채윤,1341,45,22863,0,0,전환
2026-09-17,120252357036420659,[빙과_초코바_블프] 26.09_빙과블프_ASC_전환_image_전체타겟_확장,[빙과_초코바_블프] 26.09_빙과블프_ASC_전환_image_전체타겟_확장,[26.09]F_I_C혼_전환_빙과블프_혜택강조형__.배너_가격페인포인트.고디바급.네고형.고다바급찐한저당초코바역대최저가에요.__김유진_260915_빙과_이채윤,2,0,28,0,0,전환
2026-09-17,120252357040620659,[빙과_초코바_블프] 26.09_빙과블프_ASC_전환_image_전체타겟_확장,[빙과_초코바_블프] 26.09_빙과블프_ASC_전환_image_전체타겟_확장,[26.09]F_I_C혼_전환_빙과블프_혜택강조형__.배너_가격페인포인트.고디바급.안사고버티신분들저희가졌습니다.__김유진_260915_빙과_이채윤,1115,25,22885,1,0,전환
2026-09-17,120252357047060659,[빙과_초코바_블프] 26.09_빙과블프_ASC_전환_image_전체타겟_확장,[빙과_초코바_블프] 26.09_빙과블프_ASC_전환_image_전체타겟_확장,[26.09]F_I_C혼_전환_빙과블프_혜택강조형__.배너_가격페인포인트.고디바급.역대급최저가라무제한100원에잔뜩쟁였어요.__김유진_260915_빙과_이채윤,7,0,165,0,0,전환
2026-09-17,120252357051300659,[빙과_초코바_블프] 26.09_빙과블프_ASC_전환_image_전체타겟_확장,[빙과_초코바_블프] 26.09_빙과블프_ASC_전환_image_전체타겟_확장,[26.09]F_I_C혼_전환_빙과블프_혜택강조형__.배너_가격페인포인트.고디바급.죄송합니다.__김유진_260915_빙과_이채윤,4,1,82,0,0,전환
2026-09-17,120252357079420659,[빙과_파인트] 26.09_파트너십광고_수동_전환_video_전체타겟,9월 3주차_파트너십_P말_1,[26.09]F_V_P말_전환_골키파출시_파트너십_hi_panana,1910,39,27229,0,91,전환
2026-09-17,120252357273560659,[빙과_파인트] 26.09_파트너십광고_ASC_전환_video_전체타겟_9월 3주차,[빙과_파인트] 26.09_파트너십광고_ASC_전환_video_전체타겟_9월 3주차,[26.09]F_V_P말_전환_골키파출시_파트너십_h_jni___,819,6,9731,3,14,전환
2026-09-17,120252357273570659,[빙과_파인트] 26.09_파트너십광고_ASC_전환_video_전체타겟_9월 3주차,[빙과_파인트] 26.09_파트너십광고_ASC_전환_video_전체타겟_9월 3주차,[26.09]F_V_P말_전환_골키파출시_파트너십_miming.room,5670,40,67666,8,93,전환
2026-09-17,120252357273580659,[빙과_파인트] 26.09_파트너십광고_ASC_전환_video_전체타겟_9월 3주차,[빙과_파인트] 26.09_파트너십광고_ASC_전환_video_전체타겟_9월 3주차,[26.09]F_V_P말_전환_골키파출시_파트너십_yeon._0125,53,0,762,0,2,전환
2026-09-17,120252357273590659,[빙과_파인트] 26.09_파트너십광고_ASC_전환_video_전체타겟_9월 3주차,[빙과_파인트] 26.09_파트너십광고_ASC_전환_video_전체타겟_9월 3주차,[26.09]F_V_P말_전환_골키파출시_파트너십_wonty_me,1344,11,16288,0,37,전환
2026-09-17,120252357273600659,[빙과_파인트] 26.09_파트너십광고_ASC_전환_video_전체타겟_9월 3주차,[빙과_파인트] 26.09_파트너십광고_ASC_전환_video_전체타겟_9월 3주차,[26.09]F_V_P말_전환_골키파출시_파트너십_muk_zz6,1668,6,28387,2,37,전환
2026-09-17,120252357273610659,[빙과_파인트] 26.09_파트너십광고_ASC_전환_video_전체타겟_9월 3주차,[빙과_파인트] 26.09_파트너십광고_ASC_전환_video_전체타겟_9월 3주차,[26.09]F_V_P말_전환_골키파출시_파트너십_siseo_day,1942,15,21728,0,90,전환
2026-09-17,120252357273620659,[빙과_파인트] 26.09_파트너십광고_ASC_전환_video_전체타겟_9월 3주차,[빙과_파인트] 26.09_파트너십광고_ASC_전환_video_전체타겟_9월 3주차,[26.09]F_V_P말_전환_골키파출시_파트너십_6_u_ha,3972,27,35460,2,63,전환
2026-09-17,120252357273630659,[빙과_파인트] 26.09_파트너십광고_ASC_전환_video_전체타겟_9월 3주차,[빙과_파인트] 26.09_파트너십광고_ASC_전환_video_전체타겟_9월 3주차,[26.09]F_V_P말_전환_골키파출시_파트너십_seserororo,865,7,8949,1,15,전환
2026-09-17,120252357273640659,[빙과_파인트] 26.09_파트너십광고_ASC_전환_video_전체타겟_9월 3주차,[빙과_파인트] 26.09_파트너십광고_ASC_전환_video_전체타겟_9월 3주차,[26.09]F_V_P말_전환_골키파출시_파트너십_hi_panana,4870,50,62331,2,77,전환
2026-09-17,120252357273650659,[빙과_파인트] 26.09_파트너십광고_ASC_전환_video_전체타겟_9월 3주차,[빙과_파인트] 26.09_파트너십광고_ASC_전환_video_전체타겟_9월 3주차,[26.09]F_V_P말_전환_골키파출시_파트너십_yamziniy,2858,19,32278,1,69,전환
2026-09-18,120252257531150659,[빙과_스틱바_복숭아쫀득] 26.09_쫀득바출시_수동_전환_image_전체타겟,[복숭아쫀득바] 26.09_복쫀바출시_전환_image_전체타겟_AI,[26.09]F_I_JD복_전환_복쫀바출시_혜택강조형__.릴스_AI.복쫀이.놓치지마세요.품절.시간문제.유럽납작복숭아.__황경원_260909_빙과_김민우,56,0,1340,0,2,전환
2026-09-18,120252357273560659,[빙과_파인트] 26.09_파트너십광고_ASC_전환_video_전체타겟_9월 3주차,[빙과_파인트] 26.09_파트너십광고_ASC_전환_video_전체타겟_9월 3주차,[26.09]F_V_P말_전환_골키파출시_파트너십_h_jni___,960,2,12233,0,19,전환
2026-09-18,120252357273570659,[빙과_파인트] 26.09_파트너십광고_ASC_전환_video_전체타겟_9월 3주차,[빙과_파인트] 26.09_파트너십광고_ASC_전환_video_전체타겟_9월 3주차,[26.09]F_V_P말_전환_골키파출시_파트너십_miming.room,5465,31,82077,6,101,전환
2026-09-18,120252357273590659,[빙과_파인트] 26.09_파트너십광고_ASC_전환_video_전체타겟_9월 3주차,[빙과_파인트] 26.09_파트너십광고_ASC_전환_video_전체타겟_9월 3주차,[26.09]F_V_P말_전환_골키파출시_파트너십_wonty_me,1221,9,21624,0,26,전환
2026-09-18,120252357273610659,[빙과_파인트] 26.09_파트너십광고_ASC_전환_video_전체타겟_9월 3주차,[빙과_파인트] 26.09_파트너십광고_ASC_전환_video_전체타겟_9월 3주차,[26.09]F_V_P말_전환_골키파출시_파트너십_siseo_day,2442,46,26527,2,118,전환
2026-09-18,120252357273620659,[빙과_파인트] 26.09_파트너십광고_ASC_전환_video_전체타겟_9월 3주차,[빙과_파인트] 26.09_파트너십광고_ASC_전환_video_전체타겟_9월 3주차,[26.09]F_V_P말_전환_골키파출시_파트너십_6_u_ha,2902,38,36163,3,64,전환
2026-09-18,120252357273630659,[빙과_파인트] 26.09_파트너십광고_ASC_전환_video_전체타겟_9월 3주차,[빙과_파인트] 26.09_파트너십광고_ASC_전환_video_전체타겟_9월 3주차,[26.09]F_V_P말_전환_골키파출시_파트너십_seserororo,496,5,4873,0,6,전환
2026-09-18,120252409107610659,[빙과_크런치봉봉] 26.09_크봉출시_ASC_전환_video_전체타겟_9월 3주차_전화네고형,[빙과_크봉] 26.09_크봉출시_ASC_전환_video_전체타겟_9월 3주차_2,[26.09]F_V_CB바_전환_크봉출시_네고형_전화네고_var2.릴스_몰티져스.X_스틱바P_김유진_260918_빙과_노현경,6,0,60,0,0,전환
2026-09-19,120252357079400659,[빙과_파인트] 26.09_파트너십광고_수동_전환_video_전체타겟,9월 3주차_파트너십_P말_1,[26.09]F_V_P말_전환_골키파출시_파트너십_muk_zz6,1469,7,35866,0,27,전환
2026-09-19,120252357079410659,[빙과_파인트] 26.09_파트너십광고_수동_전환_video_전체타겟,9월 3주차_파트너십_P말_1,[26.09]F_V_P말_전환_골키파출시_파트너십_wonty_me,41,0,878,0,3,전환
2026-09-19,120252357151580659,[빙과_파인트] 26.09_파트너십광고_수동_전환_video_전체타겟,9월 3주차_파트너십_P말_2,[26.09]F_V_P말_전환_골키파출시_파트너십_miming.room,633,7,17434,1,18,전환
2026-09-19,120252357273560659,[빙과_파인트] 26.09_파트너십광고_ASC_전환_video_전체타겟_9월 3주차,[빙과_파인트] 26.09_파트너십광고_ASC_전환_video_전체타겟_9월 3주차,[26.09]F_V_P말_전환_골키파출시_파트너십_h_jni___,59,0,453,0,2,전환
2026-09-19,120252357273570659,[빙과_파인트] 26.09_파트너십광고_ASC_전환_video_전체타겟_9월 3주차,[빙과_파인트] 26.09_파트너십광고_ASC_전환_video_전체타겟_9월 3주차,[26.09]F_V_P말_전환_골키파출시_파트너십_miming.room,4787,35,67258,4,85,전환
2026-09-19,120252357273590659,[빙과_파인트] 26.09_파트너십광고_ASC_전환_video_전체타겟_9월 3주차,[빙과_파인트] 26.09_파트너십광고_ASC_전환_video_전체타겟_9월 3주차,[26.09]F_V_P말_전환_골키파출시_파트너십_wonty_me,115,1,1443,0,8,전환
2026-09-19,120252357273600659,[빙과_파인트] 26.09_파트너십광고_ASC_전환_video_전체타겟_9월 3주차,[빙과_파인트] 26.09_파트너십광고_ASC_전환_video_전체타겟_9월 3주차,[26.09]F_V_P말_전환_골키파출시_파트너십_muk_zz6,30,1,721,0,2,전환
2026-09-19,120252357273610659,[빙과_파인트] 26.09_파트너십광고_ASC_전환_video_전체타겟_9월 3주차,[빙과_파인트] 26.09_파트너십광고_ASC_전환_video_전체타겟_9월 3주차,[26.09]F_V_P말_전환_골키파출시_파트너십_siseo_day,965,43,9717,0,53,전환
2026-09-19,120252357273620659,[빙과_파인트] 26.09_파트너십광고_ASC_전환_video_전체타겟_9월 3주차,[빙과_파인트] 26.09_파트너십광고_ASC_전환_video_전체타겟_9월 3주차,[26.09]F_V_P말_전환_골키파출시_파트너십_6_u_ha,1018,24,10409,0,32,전환
2026-09-19,120252357273630659,[빙과_파인트] 26.09_파트너십광고_ASC_전환_video_전체타겟_9월 3주차,[빙과_파인트] 26.09_파트너십광고_ASC_전환_video_전체타겟_9월 3주차,[26.09]F_V_P말_전환_골키파출시_파트너십_seserororo,15,0,115,0,1,전환
2026-09-19,120252357273650659,[빙과_파인트] 26.09_파트너십광고_ASC_전환_video_전체타겟_9월 3주차,[빙과_파인트] 26.09_파트너십광고_ASC_전환_video_전체타겟_9월 3주차,[26.09]F_V_P말_전환_골키파출시_파트너십_yamziniy,2611,25,33093,1,86,전환
2026-09-19,120252405235340659,[빙과_파인트_골키파] 26.07_골키파출시_수동_전환_video_전체타겟,9월 3주차_인덕션BP_P말,[26.09]F_V_P말_전환_골키파출시_신규BP_인덕션BP_var2.릴스_주변반응.9월.수민PJ_파인트P_고가영_260918_빙과_정하얀,963,16,21971,0,66,전환
2026-09-19,120252406692090659,[빙과_파인트_골키파] 26.09_골키파출시_ASC_전환_video_전체타겟_9월 3주차_인덕션BP/역네고형,[빙과_파인트_골키파] 26.09_골키파출시_ASC_전환_video_전체타겟_9월 3주차_인덕션BP/기본네고,[26.09]F_V_P혼_전환_골키파출시_네고형_역네고_main.릴스_공통.9월.수민PJ_파인트P_고가영_260918_빙과_김지연,1510,34,27778,0,94,전환
2026-09-19,120252408788550659,[빙과_파인트] 26.09_재집행_수동_전환_video_전체타겟,8월 2주차_재집행_P초_2,[26.02]F_V_P초_전환_복요파출시_네고형_책상네고형_main.릴스_기본.03_08_문선정_260220_1T_이미진,133,1,2021,0,3,전환
2026-09-19,120252409107610659,[빙과_크런치봉봉] 26.09_크봉출시_ASC_전환_video_전체타겟_9월 3주차_전화네고형,[빙과_크봉] 26.09_크봉출시_ASC_전환_video_전체타겟_9월 3주차_2,[26.09]F_V_CB바_전환_크봉출시_네고형_전화네고_var2.릴스_몰티져스.X_스틱바P_김유진_260918_빙과_노현경,3,0,41,0,0,전환
2026-09-19,120252409522950659,[빙과_파인트_블프] 26.09_빙과블프_수동_전환_image_전체타겟,260918_P혼_(2),[26.09]F_I_P혼_전환_빙과블프_혜택강조형__.릴스_고효율.최초강조.매직네고형.공지문.현장감.이번주까지만드립니다.__고가영_260918_빙과_김민우,29,0,352,0,0,전환
2026-09-19,120252409977570659,[빙과_파인트_블프] 26.09_빙과블프_수동_전환_image_전체타겟,260918_추석_(2),[26.09]F_I_P혼_전환_빙과블프_혜택강조형__.배너_추석맞이.고효율.공지문.사과문.미리구매해주신분들.죄송합니다.__고가영_260918_빙과_김민우,55,2,1284,0,0,전환
2026-09-19,120252409979750659,[빙과_파인트_블프] 26.09_빙과블프_수동_전환_image_전체타겟,260918_추석_(2),[26.09]F_I_P혼_전환_빙과블프_혜택강조형__.배너_추석맞이.고효율.공지문.사과문.수량제한.__고가영_260918_빙과_김민우,3,0,7,0,0,전환
2026-09-19,120252409980930659,[빙과_파인트_블프] 26.09_빙과블프_수동_전환_image_전체타겟,260918_추석_(2),[26.09]F_I_P혼_전환_빙과블프_혜택강조형__.배너_추석맞이.고효율.공지문.사과문.풍성한명절보내시라고.__고가영_260918_빙과_김민우,4,0,46,0,0,전환
2026-09-19,120252409984100659,[빙과_파인트_블프] 26.09_빙과블프_수동_전환_image_전체타겟,260918_추석_(2),[26.09]F_I_P혼_전환_빙과블프_혜택강조형__.배너_추석맞이.고효율.공지문.현장감.시즌오프안내.셔벗3종.__고가영_260918_빙과_김민우,2,0,50,0,0,전환
2026-09-20,120252257531150659,[빙과_스틱바_복숭아쫀득] 26.09_쫀득바출시_수동_전환_image_전체타겟,[복숭아쫀득바] 26.09_복쫀바출시_전환_image_전체타겟_AI,[26.09]F_I_JD복_전환_복쫀바출시_혜택강조형__.릴스_AI.복쫀이.놓치지마세요.품절.시간문제.유럽납작복숭아.__황경원_260909_빙과_김민우,92,2,1820,0,2,전환
2026-09-20,120252357273560659,[빙과_파인트] 26.09_파트너십광고_ASC_전환_video_전체타겟_9월 3주차,[빙과_파인트] 26.09_파트너십광고_ASC_전환_video_전체타겟_9월 3주차,[26.09]F_V_P말_전환_골키파출시_파트너십_h_jni___,68,0,1017,0,2,전환
2026-09-20,120252357273570659,[빙과_파인트] 26.09_파트너십광고_ASC_전환_video_전체타겟_9월 3주차,[빙과_파인트] 26.09_파트너십광고_ASC_전환_video_전체타겟_9월 3주차,[26.09]F_V_P말_전환_골키파출시_파트너십_miming.room,1361,12,24923,0,36,전환
2026-09-20,120252357273610659,[빙과_파인트] 26.09_파트너십광고_ASC_전환_video_전체타겟_9월 3주차,[빙과_파인트] 26.09_파트너십광고_ASC_전환_video_전체타겟_9월 3주차,[26.09]F_V_P말_전환_골키파출시_파트너십_siseo_day,533,12,5995,1,35,전환
2026-09-20,120252357273620659,[빙과_파인트] 26.09_파트너십광고_ASC_전환_video_전체타겟_9월 3주차,[빙과_파인트] 26.09_파트너십광고_ASC_전환_video_전체타겟_9월 3주차,[26.09]F_V_P말_전환_골키파출시_파트너십_6_u_ha,536,10,6314,0,6,전환
2026-09-20,120252357273630659,[빙과_파인트] 26.09_파트너십광고_ASC_전환_video_전체타겟_9월 3주차,[빙과_파인트] 26.09_파트너십광고_ASC_전환_video_전체타겟_9월 3주차,[26.09]F_V_P말_전환_골키파출시_파트너십_seserororo,85,1,635,0,1,전환
2026-09-20,120252409107610659,[빙과_크런치봉봉] 26.09_크봉출시_ASC_전환_video_전체타겟_9월 3주차_전화네고형,[빙과_크봉] 26.09_크봉출시_ASC_전환_video_전체타겟_9월 3주차_2,[26.09]F_V_CB바_전환_크봉출시_네고형_전화네고_var2.릴스_몰티져스.X_스틱바P_김유진_260918_빙과_노현경,39,0,762,0,1,전환
2026-09-20,120252409522950659,[빙과_파인트_블프] 26.09_빙과블프_수동_전환_image_전체타겟,260918_P혼_(2),[26.09]F_I_P혼_전환_빙과블프_혜택강조형__.릴스_고효율.최초강조.매직네고형.공지문.현장감.이번주까지만드립니다.__고가영_260918_빙과_김민우,10,0,100,0,0,전환
2026-09-20,120252409977570659,[빙과_파인트_블프] 26.09_빙과블프_수동_전환_image_전체타겟,260918_추석_(2),[26.09]F_I_P혼_전환_빙과블프_혜택강조형__.배너_추석맞이.고효율.공지문.사과문.미리구매해주신분들.죄송합니다.__고가영_260918_빙과_김민우,10,1,326,1,0,전환
2026-09-20,120252409979750659,[빙과_파인트_블프] 26.09_빙과블프_수동_전환_image_전체타겟,260918_추석_(2),[26.09]F_I_P혼_전환_빙과블프_혜택강조형__.배너_추석맞이.고효율.공지문.사과문.수량제한.__고가영_260918_빙과_김민우,23,0,531,0,0,전환
2026-09-20,120252409980930659,[빙과_파인트_블프] 26.09_빙과블프_수동_전환_image_전체타겟,260918_추석_(2),[26.09]F_I_P혼_전환_빙과블프_혜택강조형__.배너_추석맞이.고효율.공지문.사과문.풍성한명절보내시라고.__고가영_260918_빙과_김민우,38,0,482,0,0,전환
2026-09-20,120252409984100659,[빙과_파인트_블프] 26.09_빙과블프_수동_전환_image_전체타겟,260918_추석_(2),[26.09]F_I_P혼_전환_빙과블프_혜택강조형__.배너_추석맞이.고효율.공지문.현장감.시즌오프안내.셔벗3종.__고가영_260918_빙과_김민우,17,0,306,0,0,전환
2026-09-17,120252374084000659,[빙과_파인트_블프] 26.09_빙과블프_수동_전환_image_전체타겟,260916_P혼_소비자리뷰다발,[26.09]F_I_혼합_전환_빙과블프_혜택강조형__.릴스_소비자리뷰.후기다발.최초강조.밈형.혜택덕분에.냉동실채웠어요.__고가영_260916_빙과_김민우,2151,47,34433,1,49,전환
2026-09-17,120252374094870659,[빙과_파인트_블프] 26.09_빙과블프_수동_전환_image_전체타겟,260916_P혼_소비자리뷰다발,[26.09]F_I_혼합_전환_빙과블프_혜택강조형__.릴스_소비자리뷰.후기다발.최초강조.이번주까지.드려요.__고가영_260916_빙과_김민우,1144,17,25922,0,28,전환
2026-09-17,120252374104610659,[빙과_파인트_블프] 26.09_빙과블프_수동_전환_image_전체타겟,260916_P혼_고효율 (1),[26.09]F_I_혼합_전환_빙과블프_혜택강조형__.배너_고효율.최초강조.1등기념으로.사상첫.이번주까지만드려요.__고가영_260916_빙과_김민우,2076,23,32152,0,0,전환
2026-09-17,120252374105720659,[빙과_파인트_블프] 26.09_빙과블프_수동_전환_image_전체타겟,260916_P혼_고효율 (1),[26.09]F_I_혼합_전환_빙과블프_혜택강조형__.배너_고효율.최초강조.1등기념으로.이번주까지만드려요.셔벗3종.여름과일그자체.__고가영_260916_빙과_김민우,2063,34,31630,1,0,전환
2026-09-17,120252374107860659,[빙과_파인트_블프] 26.09_빙과블프_수동_전환_image_전체타겟,260916_P혼_고효율 (1),[26.09]F_I_혼합_전환_빙과블프_혜택강조형__.배너_고효율.최초강조.시즌오프라.마지막.쟁이시라고.준비했습니다.__고가영_260916_빙과_김민우,4970,67,75750,4,0,전환
2026-09-17,120252374188080659,[빙과_파인트_블프] 26.09_빙과블프_수동_전환_image_전체타겟,260916_P혼_고효율 (2),[26.09]F_I_혼합_전환_빙과블프_혜택강조형__.배너_고효율.최초강조.네고형.다시는없어요.마진도안남는.첫블프라.__고가영_260916_빙과_김민우,4625,83,89207,3,0,전환
2026-09-18,120252374084000659,[빙과_파인트_블프] 26.09_빙과블프_수동_전환_image_전체타겟,260916_P혼_소비자리뷰다발,[26.09]F_I_혼합_전환_빙과블프_혜택강조형__.릴스_소비자리뷰.후기다발.최초강조.밈형.혜택덕분에.냉동실채웠어요.__고가영_260916_빙과_김민우,4498,68,46432,0,68,전환
2026-09-18,120252374105720659,[빙과_파인트_블프] 26.09_빙과블프_수동_전환_image_전체타겟,260916_P혼_고효율 (1),[26.09]F_I_혼합_전환_빙과블프_혜택강조형__.배너_고효율.최초강조.1등기념으로.이번주까지만드려요.셔벗3종.여름과일그자체.__고가영_260916_빙과_김민우,1972,27,22788,2,0,전환
2026-09-18,120252374107860659,[빙과_파인트_블프] 26.09_빙과블프_수동_전환_image_전체타겟,260916_P혼_고효율 (1),[26.09]F_I_혼합_전환_빙과블프_혜택강조형__.배너_고효율.최초강조.시즌오프라.마지막.쟁이시라고.준비했습니다.__고가영_260916_빙과_김민우,80,1,748,0,0,전환
2026-09-18,120252374188080659,[빙과_파인트_블프] 26.09_빙과블프_수동_전환_image_전체타겟,260916_P혼_고효율 (2),[26.09]F_I_혼합_전환_빙과블프_혜택강조형__.배너_고효율.최초강조.네고형.다시는없어요.마진도안남는.첫블프라.__고가영_260916_빙과_김민우,553,16,11673,0,0,전환
2026-09-18,120252408931310659,[빙과_크런치봉봉] 26.09_크봉출시_수동_전환_video_전체타겟,[09.18] 크런치봉봉_전화네고형_노현경,[26.09]F_V_CB바_전환_크봉출시_네고형_전화네고_var2.릴스_몰티져스.X_스틱바P_김유진_260918_빙과_노현경,21,0,210,0,1,전환
2026-09-18,120252408970640659,[빙과_크런치봉봉] 26.09_크봉출시_수동_전환_image_전체타겟,0918_크봉_고효율(2),[26.09]F_I_CB바_전환_크봉출시_혜택강조형__.배너_고효율베리.1박스0원.__문선정_260918_빙과_이채윤,1322,55,23231,2,0,전환
2026-09-18,120252408971600659,[빙과_크런치봉봉] 26.09_크봉출시_ASC_전환_image_전체타겟_9월 3주차,[빙과_크봉] 26.09_크봉출시_ASC_전환_image_전체타겟_9월 3주차,[26.09]F_I_CB바_전환_크봉출시_혜택강조형__.배너_고효율베리.1박스0원.__문선정_260918_빙과_이채윤,16,2,162,0,0,전환
2026-09-18,120252408973640659,[빙과_크런치봉봉] 26.09_크봉출시_수동_전환_image_전체타겟,0918_크봉_고효율(2),[26.09]F_I_CB바_전환_크봉출시_혜택강조형__.배너_고효율베리.1박스0원에쟁였어요.__문선정_260918_빙과_이채윤,6,0,86,0,0,전환
2026-09-18,120252408974510659,[빙과_크런치봉봉] 26.09_크봉출시_ASC_전환_image_전체타겟_9월 3주차,[빙과_크봉] 26.09_크봉출시_ASC_전환_image_전체타겟_9월 3주차,[26.09]F_I_CB바_전환_크봉출시_혜택강조형__.배너_고효율베리.1박스0원에쟁였어요.__문선정_260918_빙과_이채윤,2,0,61,0,0,전환
2026-09-18,120252409001670659,[빙과_크런치봉봉] 26.09_크봉출시_ASC_전환_image_전체타겟_9월 3주차,[빙과_크봉] 26.09_크봉출시_ASC_전환_image_전체타겟_9월 3주차,[26.09]F_I_CB바_전환_크봉출시_혜택강조형__.배너_고효율베리.저희가졌습니다.__문선정_260918_빙과_이채윤,1,1,13,0,0,전환
2026-09-18,120252409126960659,[빙과_크런치봉봉] 26.09_크봉출시_ASC_전환_image_전체타겟_9월 3주차,[빙과_크봉] 26.09_크봉출시_ASC_전환_image_전체타겟_9월 3주차,[26.09]F_I_CB바_전환_크봉출시_제품강조형__.배너_테스트.라라스윗권위.품귀.__문선정_260918_빙과_이채윤,1,0,5,0,0,전환
2026-09-18,120252409343250659,[빙과_크런치봉봉] 26.09_크봉출시_수동_전환_image_전체타겟,0918_크봉_통초코볼+코팅,[26.09]F_I_CB바_전환_크봉출시_제품강조형__.배너_테스트.통초코볼강조.엄마는외계인.__문선정_260918_빙과_이채윤,23,0,984,0,0,전환
2026-09-19,120252405233030659,[빙과_파인트_골키파] 26.09_골키파출시_ASC_전환_video_전체타겟_9월 3주차_인덕션BP/역네고형,[빙과_파인트_골키파] 26.09_골키파출시_ASC_전환_video_전체타겟_9월 3주차_인덕션BP/기본네고,[26.09]F_V_P말_전환_골키파출시_신규BP_인덕션BP_var1.릴스_1등강조.9월.수민PJ_파인트P_고가영_260918_빙과_정하얀,5,0,102,0,0,전환
2026-09-19,120252408909030659,[빙과_파인트_블프] 26.09_빙과블프_수동_전환_video_전체타겟,9월 3주차_CS전화네고형_P혼,[26.09]F_V_P혼_전환_빙과블프_네고형_전화네고형_main.릴스_공통.9월.수민PJ_파인트P_고가영_260918_빙과_이수민,8,0,137,0,0,전환
2026-09-19,120252408931310659,[빙과_크런치봉봉] 26.09_크봉출시_수동_전환_video_전체타겟,[09.18] 크런치봉봉_전화네고형_노현경,[26.09]F_V_CB바_전환_크봉출시_네고형_전화네고_var2.릴스_몰티져스.X_스틱바P_김유진_260918_빙과_노현경,308,5,7963,1,35,전환
2026-09-19,120252408970640659,[빙과_크런치봉봉] 26.09_크봉출시_수동_전환_image_전체타겟,0918_크봉_고효율(2),[26.09]F_I_CB바_전환_크봉출시_혜택강조형__.배너_고효율베리.1박스0원.__문선정_260918_빙과_이채윤,1371,57,22689,1,0,전환
2026-09-19,120252408971600659,[빙과_크런치봉봉] 26.09_크봉출시_ASC_전환_image_전체타겟_9월 3주차,[빙과_크봉] 26.09_크봉출시_ASC_전환_image_전체타겟_9월 3주차,[26.09]F_I_CB바_전환_크봉출시_혜택강조형__.배너_고효율베리.1박스0원.__문선정_260918_빙과_이채윤,5205,110,77240,4,0,전환
2026-09-19,120252408973640659,[빙과_크런치봉봉] 26.09_크봉출시_수동_전환_image_전체타겟,0918_크봉_고효율(2),[26.09]F_I_CB바_전환_크봉출시_혜택강조형__.배너_고효율베리.1박스0원에쟁였어요.__문선정_260918_빙과_이채윤,15,0,409,0,0,전환
2026-09-19,120252408974510659,[빙과_크런치봉봉] 26.09_크봉출시_ASC_전환_image_전체타겟_9월 3주차,[빙과_크봉] 26.09_크봉출시_ASC_전환_image_전체타겟_9월 3주차,[26.09]F_I_CB바_전환_크봉출시_혜택강조형__.배너_고효율베리.1박스0원에쟁였어요.__문선정_260918_빙과_이채윤,37,2,861,0,0,전환
2026-09-19,120252409001670659,[빙과_크런치봉봉] 26.09_크봉출시_ASC_전환_image_전체타겟_9월 3주차,[빙과_크봉] 26.09_크봉출시_ASC_전환_image_전체타겟_9월 3주차,[26.09]F_I_CB바_전환_크봉출시_혜택강조형__.배너_고효율베리.저희가졌습니다.__문선정_260918_빙과_이채윤,351,6,7495,0,0,전환
2026-09-19,120252409126960659,[빙과_크런치봉봉] 26.09_크봉출시_ASC_전환_image_전체타겟_9월 3주차,[빙과_크봉] 26.09_크봉출시_ASC_전환_image_전체타겟_9월 3주차,[26.09]F_I_CB바_전환_크봉출시_제품강조형__.배너_테스트.라라스윗권위.품귀.__문선정_260918_빙과_이채윤,118,4,1701,0,0,전환
2026-09-19,120252409343250659,[빙과_크런치봉봉] 26.09_크봉출시_수동_전환_image_전체타겟,0918_크봉_통초코볼+코팅,[26.09]F_I_CB바_전환_크봉출시_제품강조형__.배너_테스트.통초코볼강조.엄마는외계인.__문선정_260918_빙과_이채윤,32,0,1069,0,0,전환
2026-09-19,120252409535610659,[빙과_파인트_블프] 26.09_빙과블프_수동_전환_image_전체타겟,260918_P혼_(2),[26.09]F_I_P혼_전환_빙과블프_혜택강조형__.배너_고효율.최초강조.공지문.사과문.미리구매해주신분들.죄송합니다.__고가영_260918_빙과_김민우,55,2,1385,0,0,전환
2026-09-19,120252409538860659,[빙과_파인트_블프] 26.09_빙과블프_수동_전환_image_전체타겟,260918_P혼_(2),[26.09]F_I_P혼_전환_빙과블프_혜택강조형__.배너_고효율.최초강조.공지문.사과문.수량제한.__고가영_260918_빙과_김민우,55,2,916,0,0,전환
2026-09-20,120252374104610659,[빙과_파인트_블프] 26.09_빙과블프_수동_전환_image_전체타겟,260916_P혼_고효율 (1),[26.09]F_I_혼합_전환_빙과블프_혜택강조형__.배너_고효율.최초강조.1등기념으로.사상첫.이번주까지만드려요.__고가영_260916_빙과_김민우,140,0,2374,0,0,전환
2026-09-20,120252405233030659,[빙과_파인트_골키파] 26.09_골키파출시_ASC_전환_video_전체타겟_9월 3주차_인덕션BP/역네고형,[빙과_파인트_골키파] 26.09_골키파출시_ASC_전환_video_전체타겟_9월 3주차_인덕션BP/기본네고,[26.09]F_V_P말_전환_골키파출시_신규BP_인덕션BP_var1.릴스_1등강조.9월.수민PJ_파인트P_고가영_260918_빙과_정하얀,8,1,80,0,2,전환
2026-09-20,120252408909030659,[빙과_파인트_블프] 26.09_빙과블프_수동_전환_video_전체타겟,9월 3주차_CS전화네고형_P혼,[26.09]F_V_P혼_전환_빙과블프_네고형_전화네고형_main.릴스_공통.9월.수민PJ_파인트P_고가영_260918_빙과_이수민,2,0,11,0,0,전환
2026-09-20,120252408931310659,[빙과_크런치봉봉] 26.09_크봉출시_수동_전환_video_전체타겟,[09.18] 크런치봉봉_전화네고형_노현경,[26.09]F_V_CB바_전환_크봉출시_네고형_전화네고_var2.릴스_몰티져스.X_스틱바P_김유진_260918_빙과_노현경,129,2,2850,2,8,전환
2026-09-20,120252408970640659,[빙과_크런치봉봉] 26.09_크봉출시_수동_전환_image_전체타겟,0918_크봉_고효율(2),[26.09]F_I_CB바_전환_크봉출시_혜택강조형__.배너_고효율베리.1박스0원.__문선정_260918_빙과_이채윤,1629,53,26285,1,0,전환
2026-09-20,120252408971600659,[빙과_크런치봉봉] 26.09_크봉출시_ASC_전환_image_전체타겟_9월 3주차,[빙과_크봉] 26.09_크봉출시_ASC_전환_image_전체타겟_9월 3주차,[26.09]F_I_CB바_전환_크봉출시_혜택강조형__.배너_고효율베리.1박스0원.__문선정_260918_빙과_이채윤,11933,248,216590,15,0,전환
2026-09-20,120252408973640659,[빙과_크런치봉봉] 26.09_크봉출시_수동_전환_image_전체타겟,0918_크봉_고효율(2),[26.09]F_I_CB바_전환_크봉출시_혜택강조형__.배너_고효율베리.1박스0원에쟁였어요.__문선정_260918_빙과_이채윤,1,0,3,0,0,전환
2026-09-20,120252408974510659,[빙과_크런치봉봉] 26.09_크봉출시_ASC_전환_image_전체타겟_9월 3주차,[빙과_크봉] 26.09_크봉출시_ASC_전환_image_전체타겟_9월 3주차,[26.09]F_I_CB바_전환_크봉출시_혜택강조형__.배너_고효율베리.1박스0원에쟁였어요.__문선정_260918_빙과_이채윤,75,1,1267,0,0,전환
2026-09-20,120252409001670659,[빙과_크런치봉봉] 26.09_크봉출시_ASC_전환_image_전체타겟_9월 3주차,[빙과_크봉] 26.09_크봉출시_ASC_전환_image_전체타겟_9월 3주차,[26.09]F_I_CB바_전환_크봉출시_혜택강조형__.배너_고효율베리.저희가졌습니다.__문선정_260918_빙과_이채윤,134,4,2928,0,0,전환
2026-09-20,120252409126960659,[빙과_크런치봉봉] 26.09_크봉출시_ASC_전환_image_전체타겟_9월 3주차,[빙과_크봉] 26.09_크봉출시_ASC_전환_image_전체타겟_9월 3주차,[26.09]F_I_CB바_전환_크봉출시_제품강조형__.배너_테스트.라라스윗권위.품귀.__문선정_260918_빙과_이채윤,193,6,3711,2,0,전환
2026-09-20,120252409343250659,[빙과_크런치봉봉] 26.09_크봉출시_수동_전환_image_전체타겟,0918_크봉_통초코볼+코팅,[26.09]F_I_CB바_전환_크봉출시_제품강조형__.배너_테스트.통초코볼강조.엄마는외계인.__문선정_260918_빙과_이채윤,12,2,283,0,0,전환
2026-09-20,120252409535610659,[빙과_파인트_블프] 26.09_빙과블프_수동_전환_image_전체타겟,260918_P혼_(2),[26.09]F_I_P혼_전환_빙과블프_혜택강조형__.배너_고효율.최초강조.공지문.사과문.미리구매해주신분들.죄송합니다.__고가영_260918_빙과_김민우,2,0,62,0,0,전환
2026-09-20,120252409538860659,[빙과_파인트_블프] 26.09_빙과블프_수동_전환_image_전체타겟,260918_P혼_(2),[26.09]F_I_P혼_전환_빙과블프_혜택강조형__.배너_고효율.최초강조.공지문.사과문.수량제한.__고가영_260918_빙과_김민우,47,3,562,0,0,전환
2026-09-16,120252357809620659,[빙과_파인트_블프] 26.09_빙과블프_수동_전환_image_전체타겟,260915_P혼,[26.09]F_I_혼합_전환_빙과블프_혜택강조형__.배너_소비자리뷰.후기다발.4분할.이번주까지만.쟁일수있어요.__고가영_260915_빙과_김민우,242,8,6727,1,0,전환
2026-09-16,120252359454720659,[빙과_초코바_블프] 26.09_빙과블프_수동_전환_image_전체타겟,260915_C혼_확장_재생성2,[26.09]F_I_C말_전환_빙과블프_혜택강조형__.배너_가격페인포인트.말차.다시는없습니다.제주첫물말차.__김유진_260915_빙과_이채윤,254,11,7181,0,0,전환
2026-09-16,120252359457810659,[빙과_초코바_블프] 26.09_빙과블프_수동_전환_image_전체타겟,260915_C혼_확장_재생성2,[26.09]F_I_C쿠_전환_빙과블프_제품강조형__.배너_식감페인포인트.쿠앤크.몰티져스.때려부은급.ㄷㄷ.__김유진_260915_빙과_이채윤,390,10,7621,0,0,전환
2026-09-16,120252359459450659,[빙과_초코바_블프] 26.09_빙과블프_수동_전환_image_전체타겟,260915_C혼_확장_재생성2,[26.09]F_I_C쿠_전환_빙과블프_제품강조형__.배너_식감페인포인트.쿠앤크.사과문.크루아상.__김유진_260915_빙과_이채윤,385,3,7194,0,0,전환
2026-09-16,120252359462990659,[빙과_초코바_블프] 26.09_빙과블프_수동_전환_image_전체타겟,260915_C혼_확장_재생성2,[26.09]F_I_C쿠_전환_빙과블프_제품강조형__.배너_식감페인포인트.쿠앤크.오레오.3봉지.ㅇㅇ.__김유진_260915_빙과_이채윤,456,6,8329,0,0,전환
2026-09-16,120252359465300659,[빙과_초코바_블프] 26.09_빙과블프_수동_전환_image_전체타겟,260915_C혼_확장_재생성2,[26.09]F_I_C혼_전환_빙과블프_제품강조형__.배너_저당페인포인트.고디바급.다시는없습니다.__김유진_260915_빙과_이채윤,573,11,12819,1,0,전환
2026-09-16,120252359467580659,[빙과_초코바_블프] 26.09_빙과블프_수동_전환_image_전체타겟,260915_C혼_확장_재생성2,[26.09]F_I_C혼_전환_빙과블프_제품강조형__.배너_저당페인포인트.저희도죄송스럽습니다.몰티져스.__김유진_260915_빙과_이채윤,144,7,5050,2,0,전환
2026-09-16,120252359470360659,[빙과_초코바_블프] 26.09_빙과블프_수동_전환_image_전체타겟,260915_C혼_확장_재생성2,[26.09]F_I_C혼_전환_빙과블프_혜택강조형__.배너_가격페인포인트.고디바급.네고형.고다바급찐한저당초코바역대최저가에요.__김유진_260915_빙과_이채윤,49,1,1411,0,0,전환
2026-09-16,120252359471340659,[빙과_초코바_블프] 26.09_빙과블프_수동_전환_image_전체타겟,260915_C혼_확장_재생성2,[26.09]F_I_C혼_전환_빙과블프_혜택강조형__.배너_가격페인포인트.고디바급.안사고버티신분들저희가졌습니다.__김유진_260915_빙과_이채윤,149,3,4000,0,0,전환
2026-09-16,120252359472340659,[빙과_초코바_블프] 26.09_빙과블프_수동_전환_image_전체타겟,260915_C혼_확장_재생성2,[26.09]F_I_C혼_전환_빙과블프_혜택강조형__.배너_가격페인포인트.고디바급.역대급최저가라무제한100원에잔뜩쟁였어요.__김유진_260915_빙과_이채윤,287,9,7421,0,0,전환
2026-09-16,120252359475760659,[빙과_초코바_블프] 26.09_빙과블프_수동_전환_image_전체타겟,260915_C혼_확장_재생성2,[26.09]F_I_C혼_전환_빙과블프_혜택강조형__.배너_가격페인포인트.고디바급.죄송합니다.__김유진_260915_빙과_이채윤,240,5,6155,0,0,전환
2026-09-17,120252357809620659,[빙과_파인트_블프] 26.09_빙과블프_수동_전환_image_전체타겟,260915_P혼,[26.09]F_I_혼합_전환_빙과블프_혜택강조형__.배너_소비자리뷰.후기다발.4분할.이번주까지만.쟁일수있어요.__고가영_260915_빙과_김민우,1297,21,27647,0,0,전환
2026-09-17,120252359454720659,[빙과_초코바_블프] 26.09_빙과블프_수동_전환_image_전체타겟,260915_C혼_확장_재생성2,[26.09]F_I_C말_전환_빙과블프_혜택강조형__.배너_가격페인포인트.말차.다시는없습니다.제주첫물말차.__김유진_260915_빙과_이채윤,234,6,4571,0,0,전환
2026-09-17,120252359457810659,[빙과_초코바_블프] 26.09_빙과블프_수동_전환_image_전체타겟,260915_C혼_확장_재생성2,[26.09]F_I_C쿠_전환_빙과블프_제품강조형__.배너_식감페인포인트.쿠앤크.몰티져스.때려부은급.ㄷㄷ.__김유진_260915_빙과_이채윤,1289,32,28069,1,0,전환
2026-09-17,120252359459450659,[빙과_초코바_블프] 26.09_빙과블프_수동_전환_image_전체타겟,260915_C혼_확장_재생성2,[26.09]F_I_C쿠_전환_빙과블프_제품강조형__.배너_식감페인포인트.쿠앤크.사과문.크루아상.__김유진_260915_빙과_이채윤,213,4,4640,0,0,전환
2026-09-17,120252359462990659,[빙과_초코바_블프] 26.09_빙과블프_수동_전환_image_전체타겟,260915_C혼_확장_재생성2,[26.09]F_I_C쿠_전환_빙과블프_제품강조형__.배너_식감페인포인트.쿠앤크.오레오.3봉지.ㅇㅇ.__김유진_260915_빙과_이채윤,699,10,12584,0,0,전환
2026-09-17,120252359465300659,[빙과_초코바_블프] 26.09_빙과블프_수동_전환_image_전체타겟,260915_C혼_확장_재생성2,[26.09]F_I_C혼_전환_빙과블프_제품강조형__.배너_저당페인포인트.고디바급.다시는없습니다.__김유진_260915_빙과_이채윤,858,18,17304,1,0,전환
2026-09-17,120252359467580659,[빙과_초코바_블프] 26.09_빙과블프_수동_전환_image_전체타겟,260915_C혼_확장_재생성2,[26.09]F_I_C혼_전환_빙과블프_제품강조형__.배너_저당페인포인트.저희도죄송스럽습니다.몰티져스.__김유진_260915_빙과_이채윤,32,1,849,0,0,전환
2026-09-17,120252359470360659,[빙과_초코바_블프] 26.09_빙과블프_수동_전환_image_전체타겟,260915_C혼_확장_재생성2,[26.09]F_I_C혼_전환_빙과블프_혜택강조형__.배너_가격페인포인트.고디바급.네고형.고다바급찐한저당초코바역대최저가에요.__김유진_260915_빙과_이채윤,15,0,320,0,0,전환
2026-09-17,120252359471340659,[빙과_초코바_블프] 26.09_빙과블프_수동_전환_image_전체타겟,260915_C혼_확장_재생성2,[26.09]F_I_C혼_전환_빙과블프_혜택강조형__.배너_가격페인포인트.고디바급.안사고버티신분들저희가졌습니다.__김유진_260915_빙과_이채윤,97,3,1933,0,0,전환
2026-09-17,120252359472340659,[빙과_초코바_블프] 26.09_빙과블프_수동_전환_image_전체타겟,260915_C혼_확장_재생성2,[26.09]F_I_C혼_전환_빙과블프_혜택강조형__.배너_가격페인포인트.고디바급.역대급최저가라무제한100원에잔뜩쟁였어요.__김유진_260915_빙과_이채윤,411,6,9677,0,0,전환
2026-09-17,120252359475760659,[빙과_초코바_블프] 26.09_빙과블프_수동_전환_image_전체타겟,260915_C혼_확장_재생성2,[26.09]F_I_C혼_전환_빙과블프_혜택강조형__.배너_가격페인포인트.고디바급.죄송합니다.__김유진_260915_빙과_이채윤,195,6,4567,0,0,전환
2026-09-19,120252405224860659,[빙과_파인트_골키파] 26.07_골키파출시_수동_전환_video_전체타겟,9월 3주차_인덕션BP_P말,[26.09]F_V_P말_전환_골키파출시_신규BP_도마BP_var5.릴스_도마쩜오건.9월.수민PJ_파인트P_고가영_260918_빙과_정하얀,484,9,11497,2,50,전환
2026-09-19,120252405227540659,[빙과_파인트_골키파] 26.07_골키파출시_수동_전환_video_전체타겟,9월 3주차_인덕션BP_P말,[26.09]F_V_P말_전환_골키파출시_신규BP_인덕션BP_main.릴스_공통부터.9월.수민PJ_파인트P_고가영_260918_빙과_정하얀,109,1,2923,1,9,전환
2026-09-19,120252405241330659,[빙과_파인트_골키파] 26.07_골키파출시_수동_전환_video_전체타겟,9월 3주차_인덕션BP_P말,[26.09]F_V_P말_전환_골키파출시_신규BP_인덕션BP_var3.릴스_맛충동.9월.수민PJ_파인트P_고가영_260918_빙과_정하얀,448,6,7354,0,9,전환
2026-09-19,120252405246340659,[빙과_파인트_골키파] 26.07_골키파출시_수동_전환_video_전체타겟,9월 3주차_인덕션BP_P말,[26.09]F_V_P말_전환_골키파출시_신규BP_인덕션BP_var4.릴스_궁금증유발.9월.수민PJ_파인트P_고가영_260918_빙과_정하얀,250,6,7441,1,23,전환
2026-09-19,120252406691490659,[빙과_파인트_골키파] 26.07_골키파출시_수동_전환_video_전체타겟,9월 3주차_역네고형_P혼,[26.09]F_V_P혼_전환_골키파출시_네고형_역네고_main.릴스_공통.9월.수민PJ_파인트P_고가영_260918_빙과_김지연,8118,214,123269,13,597,전환
2026-09-19,120252406702050659,[빙과_파인트_골키파] 26.07_골키파출시_수동_전환_video_전체타겟,9월 3주차_역네고형_P혼,[26.09]F_V_P혼_전환_골키파출시_네고형_역네고_var1.릴스_스브스뉴스.9월.수민PJ_파인트P_고가영_260918_빙과_김지연,13,0,247,0,0,전환
2026-09-19,120252406712920659,[빙과_파인트_골키파] 26.07_골키파출시_수동_전환_video_전체타겟,9월 3주차_역네고형_P혼,[26.09]F_V_P혼_전환_골키파출시_네고형_역네고_var2.릴스_pov.취식.9월.수민PJ_파인트P_고가영_260918_빙과_김지연,187,3,2510,1,13,전환
2026-09-19,120252406721180659,[빙과_파인트_골키파] 26.07_골키파출시_수동_전환_video_전체타겟,9월 3주차_역네고형_P혼,[26.09]F_V_P혼_전환_골키파출시_네고형_역네고_var3.릴스_할인강조.9월.수민PJ_파인트P_고가영_260918_빙과_김지연,186,6,3157,0,7,전환
2026-09-19,120252408909000659,[빙과_파인트_블프] 26.09_빙과블프_수동_전환_video_전체타겟,9월 3주차_책상네고형_P혼,[26.09]F_V_P혼_전환_빙과블프_네고형_책상네고형_var1.릴스_쾅쾅쾅어그로.9월.수민PJ_파인트P_고가영_260918_빙과_이수민,3206,35,38509,1,151,전환
2026-09-19,120252408909010659,[빙과_파인트_블프] 26.09_빙과블프_수동_전환_video_전체타겟,9월 3주차_CS전화네고형_P혼,[26.09]F_V_P혼_전환_빙과블프_네고형_전화네고형_var4.릴스_상황강조.9월.수민PJ_파인트P_고가영_260918_빙과_이수민,488,7,5019,0,50,전환
2026-09-19,120252408909020659,[빙과_파인트_블프] 26.09_빙과블프_수동_전환_video_전체타겟,9월 3주차_CS전화네고형_P혼,[26.09]F_V_P혼_전환_빙과블프_네고형_전화네고형_var1.릴스_취식1.9월.수민PJ_파인트P_고가영_260918_빙과_이수민,153421,2904,1353432,102,15314,전환
2026-09-19,120252408909050659,[빙과_파인트_블프] 26.09_빙과블프_수동_전환_video_전체타겟,9월 3주차_CS전화네고형_P혼,[26.09]F_V_P혼_전환_빙과블프_네고형_전화네고형_var3.릴스_블프강조.9월.수민PJ_파인트P_고가영_260918_빙과_이수민,82,1,1152,0,3,전환
2026-09-19,120252408909060659,[빙과_파인트_블프] 26.09_빙과블프_수동_전환_video_전체타겟,9월 3주차_CS전화네고형_P혼,[26.09]F_V_P혼_전환_빙과블프_네고형_전화네고형_var2.릴스_취식2.9월.수민PJ_파인트P_고가영_260918_빙과_이수민,125,2,2109,0,7,전환
2026-09-19,120252409058380659,[빙과_파인트] 26.09_파트너십광고_수동_전환_video_전체타겟,9월 3주차_파트너십_P말_3,[26.09]F_V_P말_전환_골키파출시_파트너십_godtan0923,1574,10,23671,0,20,전환
2026-09-19,120252409058390659,[빙과_파인트] 26.09_파트너십광고_수동_전환_video_전체타겟,9월 3주차_파트너십_P말_3,[26.09]F_V_P말_전환_골키파출시_파트너십_loe_mood_beauty,228,0,5054,0,3,전환
2026-09-19,120252409058410659,[빙과_파인트] 26.09_파트너십광고_수동_전환_video_전체타겟,9월 3주차_파트너십_P말_3,[26.09]F_V_P말_전환_골키파출시_파트너십_kukeereo,2027,22,36200,0,44,전환
2026-09-19,120252409097750659,[빙과_파인트] 26.09_파트너십광고_수동_전환_video_전체타겟,9월 3주차_파트너십_P말_3,[26.09]F_V_P말_전환_골키파출시_파트너십_sj.uju,1020,3,12932,0,20,전환
2026-09-19,120252409129160659,[빙과_파인트] 26.09_파트너십광고_수동_전환_video_전체타겟,9월 3주차_파트너십_P말_4,[26.09]F_V_P말_전환_골키파출시_파트너십_i_am_bbangda,1351,17,18146,1,30,전환
2026-09-19,120252409129170659,[빙과_파인트] 26.09_파트너십광고_수동_전환_video_전체타겟,9월 3주차_파트너십_P말_4,[26.09]F_V_P말_전환_골키파출시_파트너십_gentlenomad_e,2136,13,25914,0,40,전환
2026-09-19,120252409129180659,[빙과_파인트] 26.09_파트너십광고_수동_전환_video_전체타겟,9월 3주차_파트너십_P말_4,[26.09]F_V_P말_전환_골키파출시_파트너십_bobin_fit,1196,32,25820,0,133,전환
2026-09-19,120252409129190659,[빙과_파인트] 26.09_파트너십광고_수동_전환_video_전체타겟,9월 3주차_파트너십_P말_4,[26.09]F_V_P말_전환_골키파출시_파트너십_maneulparents,311,2,5472,1,8,전환
2026-09-19,120252409129210659,[빙과_파인트] 26.09_파트너십광고_수동_전환_video_전체타겟,9월 3주차_파트너십_P말_4,[26.09]F_V_P말_전환_골키파출시_파트너십_choocosmetic_,406,6,8514,1,17,전환
2026-09-19,120252409129220659,[빙과_파인트] 26.09_파트너십광고_수동_전환_video_전체타겟,9월 3주차_파트너십_P말_4,[26.09]F_V_P말_전환_골키파출시_파트너십_tarimi_home,207,2,2574,0,3,전환
2026-09-19,120252409494140659,[빙과_파인트_블프] 26.09_빙과블프_수동_전환_image_전체타겟,260918_P혼_(1),[26.09]F_I_P혼_전환_빙과블프_혜택강조형__.배너_고효율.최초강조.네고형.미리구매하신분들 죄송합니다.__고가영_260918_빙과_김민우,1737,47,25833,1,0,전환
2026-09-19,120252409499420659,[빙과_파인트_블프] 26.09_빙과블프_수동_전환_image_전체타겟,260918_P혼_(1),[26.09]F_I_P혼_전환_빙과블프_혜택강조형__.배너_고효율.최초강조.미리사신분들.죄송합니다.구매시.무조건드려요.__고가영_260918_빙과_김민우,27,1,754,0,0,전환
2026-09-19,120252409502050659,[빙과_파인트_블프] 26.09_빙과블프_수동_전환_image_전체타겟,260918_P혼_(1),[26.09]F_I_P혼_전환_빙과블프_혜택강조형__.배너_고효율.최초강조.미리사신분들.죄송합니다.한달내내.젤라또.무제한드림.__고가영_260918_빙과_김민우,1301,37,27908,0,0,전환
2026-09-19,120252409507880659,[빙과_파인트_블프] 26.09_빙과블프_수동_전환_image_전체타겟,260918_P혼_(1),[26.09]F_I_P혼_전환_빙과블프_혜택강조형__.배너_소비자후기.트위터.지금SNS난리난.젤라또급파인트.무제한100원.__고가영_260918_빙과_김민우,188,0,2369,0,0,전환
2026-09-19,120252409531220659,[빙과_파인트_블프] 26.09_빙과블프_수동_전환_image_전체타겟,260918_P혼_(2),[26.09]F_I_P혼_전환_빙과블프_혜택강조형__.배너_고효율.최초강조.공지문.사과문.글로벌제치고.1위.__고가영_260918_빙과_김민우,154,1,2232,0,0,전환
2026-09-19,120252409542010659,[빙과_파인트_블프] 26.09_빙과블프_수동_전환_image_전체타겟,260918_P혼_(2),[26.09]F_I_P혼_전환_빙과블프_혜택강조형__.배너_고효율.최초강조.공지문.현장감.가격실수안내.직원실수.__고가영_260918_빙과_김민우,20224,506,205291,13,0,전환
2026-09-19,120252409986260659,[빙과_파인트_블프] 26.09_빙과블프_수동_전환_image_전체타겟,260918_P혼_(1),[26.09]F_I_P혼_전환_빙과블프_혜택강조형__.배너_소비자후기.트위터.지금SNS난리난.젤라또급파인트.최초블프.__고가영_260918_빙과_김민우,236,2,2156,0,0,전환
2026-09-20,120252405224860659,[빙과_파인트_골키파] 26.07_골키파출시_수동_전환_video_전체타겟,9월 3주차_인덕션BP_P말,[26.09]F_V_P말_전환_골키파출시_신규BP_도마BP_var5.릴스_도마쩜오건.9월.수민PJ_파인트P_고가영_260918_빙과_정하얀,115,1,3474,0,7,전환
2026-09-20,120252405227540659,[빙과_파인트_골키파] 26.07_골키파출시_수동_전환_video_전체타겟,9월 3주차_인덕션BP_P말,[26.09]F_V_P말_전환_골키파출시_신규BP_인덕션BP_main.릴스_공통부터.9월.수민PJ_파인트P_고가영_260918_빙과_정하얀,46,0,1725,0,3,전환
2026-09-20,120252405241330659,[빙과_파인트_골키파] 26.07_골키파출시_수동_전환_video_전체타겟,9월 3주차_인덕션BP_P말,[26.09]F_V_P말_전환_골키파출시_신규BP_인덕션BP_var3.릴스_맛충동.9월.수민PJ_파인트P_고가영_260918_빙과_정하얀,789,10,17672,0,30,전환
2026-09-20,120252405246340659,[빙과_파인트_골키파] 26.07_골키파출시_수동_전환_video_전체타겟,9월 3주차_인덕션BP_P말,[26.09]F_V_P말_전환_골키파출시_신규BP_인덕션BP_var4.릴스_궁금증유발.9월.수민PJ_파인트P_고가영_260918_빙과_정하얀,38,1,1517,0,2,전환
2026-09-20,120252406691490659,[빙과_파인트_골키파] 26.07_골키파출시_수동_전환_video_전체타겟,9월 3주차_역네고형_P혼,[26.09]F_V_P혼_전환_골키파출시_네고형_역네고_main.릴스_공통.9월.수민PJ_파인트P_고가영_260918_빙과_김지연,1471,75,26184,1,118,전환
2026-09-20,120252406702050659,[빙과_파인트_골키파] 26.07_골키파출시_수동_전환_video_전체타겟,9월 3주차_역네고형_P혼,[26.09]F_V_P혼_전환_골키파출시_네고형_역네고_var1.릴스_스브스뉴스.9월.수민PJ_파인트P_고가영_260918_빙과_김지연,5,0,52,0,0,전환
2026-09-20,120252406712920659,[빙과_파인트_골키파] 26.07_골키파출시_수동_전환_video_전체타겟,9월 3주차_역네고형_P혼,[26.09]F_V_P혼_전환_골키파출시_네고형_역네고_var2.릴스_pov.취식.9월.수민PJ_파인트P_고가영_260918_빙과_김지연,7,0,61,0,0,전환
2026-09-20,120252406721180659,[빙과_파인트_골키파] 26.07_골키파출시_수동_전환_video_전체타겟,9월 3주차_역네고형_P혼,[26.09]F_V_P혼_전환_골키파출시_네고형_역네고_var3.릴스_할인강조.9월.수민PJ_파인트P_고가영_260918_빙과_김지연,9,1,143,0,3,전환
2026-09-20,120252408909000659,[빙과_파인트_블프] 26.09_빙과블프_수동_전환_video_전체타겟,9월 3주차_책상네고형_P혼,[26.09]F_V_P혼_전환_빙과블프_네고형_책상네고형_var1.릴스_쾅쾅쾅어그로.9월.수민PJ_파인트P_고가영_260918_빙과_이수민,38,1,520,0,0,전환
2026-09-20,120252408909010659,[빙과_파인트_블프] 26.09_빙과블프_수동_전환_video_전체타겟,9월 3주차_CS전화네고형_P혼,[26.09]F_V_P혼_전환_빙과블프_네고형_전화네고형_var4.릴스_상황강조.9월.수민PJ_파인트P_고가영_260918_빙과_이수민,1,0,7,0,1,전환
2026-09-20,120252408909020659,[빙과_파인트_블프] 26.09_빙과블프_수동_전환_video_전체타겟,9월 3주차_CS전화네고형_P혼,[26.09]F_V_P혼_전환_빙과블프_네고형_전화네고형_var1.릴스_취식1.9월.수민PJ_파인트P_고가영_260918_빙과_이수민,56604,1338,540909,41,6781,전환
2026-09-20,120252408909050659,[빙과_파인트_블프] 26.09_빙과블프_수동_전환_video_전체타겟,9월 3주차_CS전화네고형_P혼,[26.09]F_V_P혼_전환_빙과블프_네고형_전화네고형_var3.릴스_블프강조.9월.수민PJ_파인트P_고가영_260918_빙과_이수민,8,1,74,0,0,전환
2026-09-20,120252408909060659,[빙과_파인트_블프] 26.09_빙과블프_수동_전환_video_전체타겟,9월 3주차_CS전화네고형_P혼,[26.09]F_V_P혼_전환_빙과블프_네고형_전화네고형_var2.릴스_취식2.9월.수민PJ_파인트P_고가영_260918_빙과_이수민,2,0,6,0,0,전환
2026-09-20,120252409058390659,[빙과_파인트] 26.09_파트너십광고_수동_전환_video_전체타겟,9월 3주차_파트너십_P말_3,[26.09]F_V_P말_전환_골키파출시_파트너십_loe_mood_beauty,50,2,780,0,0,전환
2026-09-20,120252409097750659,[빙과_파인트] 26.09_파트너십광고_수동_전환_video_전체타겟,9월 3주차_파트너십_P말_3,[26.09]F_V_P말_전환_골키파출시_파트너십_sj.uju,186,4,3013,0,6,전환
2026-09-20,120252409129160659,[빙과_파인트] 26.09_파트너십광고_수동_전환_video_전체타겟,9월 3주차_파트너십_P말_4,[26.09]F_V_P말_전환_골키파출시_파트너십_i_am_bbangda,270,4,4845,0,13,전환
2026-09-20,120252409129210659,[빙과_파인트] 26.09_파트너십광고_수동_전환_video_전체타겟,9월 3주차_파트너십_P말_4,[26.09]F_V_P말_전환_골키파출시_파트너십_choocosmetic_,83,3,1960,0,5,전환
2026-09-20,120252409494140659,[빙과_파인트_블프] 26.09_빙과블프_수동_전환_image_전체타겟,260918_P혼_(1),[26.09]F_I_P혼_전환_빙과블프_혜택강조형__.배너_고효율.최초강조.네고형.미리구매하신분들 죄송합니다.__고가영_260918_빙과_김민우,8487,105,108144,4,0,전환
2026-09-20,120252409499420659,[빙과_파인트_블프] 26.09_빙과블프_수동_전환_image_전체타겟,260918_P혼_(1),[26.09]F_I_P혼_전환_빙과블프_혜택강조형__.배너_고효율.최초강조.미리사신분들.죄송합니다.구매시.무조건드려요.__고가영_260918_빙과_김민우,163,1,2416,0,0,전환
2026-09-20,120252409507880659,[빙과_파인트_블프] 26.09_빙과블프_수동_전환_image_전체타겟,260918_P혼_(1),[26.09]F_I_P혼_전환_빙과블프_혜택강조형__.배너_소비자후기.트위터.지금SNS난리난.젤라또급파인트.무제한100원.__고가영_260918_빙과_김민우,121,1,1452,0,0,전환
2026-09-20,120252409542010659,[빙과_파인트_블프] 26.09_빙과블프_수동_전환_image_전체타겟,260918_P혼_(2),[26.09]F_I_P혼_전환_빙과블프_혜택강조형__.배너_고효율.최초강조.공지문.현장감.가격실수안내.직원실수.__고가영_260918_빙과_김민우,34820,751,448517,23,0,전환
2026-09-20,120252409986260659,[빙과_파인트_블프] 26.09_빙과블프_수동_전환_image_전체타겟,260918_P혼_(1),[26.09]F_I_P혼_전환_빙과블프_혜택강조형__.배너_소비자후기.트위터.지금SNS난리난.젤라또급파인트.최초블프.__고가영_260918_빙과_김민우,414,4,7731,0,0,전환
2026-09-18,120252408124230659,[빙과_크런치봉봉] 26.09_크봉출시_수동_전환_video_전체타겟,[09.18] 크런치봉봉_명가BP_정요한,[26.09]F_V_CB바_전환_크봉출시_맛인지형_명가BP_var1.릴스_초코바대세감.X_스틱바P_김유진_260918_빙과_정요한,1437,34,23847,1,89,전환
2026-09-18,120252408157720659,[빙과_크런치봉봉] 26.09_크봉출시_수동_전환_video_전체타겟,[09.18] 크런치봉봉_명가BP_정요한,[26.09]F_V_CB바_전환_크봉출시_맛인지형_명가BP_var2.릴스_몰티져스.X_스틱바P_김유진_260918_빙과_정요한,40,2,619,0,3,전환
2026-09-18,120252408166660659,[빙과_크런치봉봉] 26.09_크봉출시_수동_전환_video_전체타겟,[09.18] 크런치봉봉_명가BP_정요한,[26.09]F_V_CB바_전환_크봉출시_맛인지형_명가BP_var3.릴스_초코코팅.X_스틱바P_김유진_260918_빙과_정요한,381,8,7007,0,21,전환
2026-09-18,120252408540930659,[빙과_크런치봉봉] 26.09_크봉출시_수동_전환_video_전체타겟,[09.18] 크런치봉봉_인플루언서형_노현경,[26.09]F_V_CB바_전환_크봉출시_인플루언서형_인플루언서형_main.릴스_혈스.X_스틱바P_김유진_260918_빙과_노현경,522,10,7926,0,43,전환
2026-09-18,120252408565320659,[빙과_크런치봉봉] 26.09_크봉출시_수동_전환_video_전체타겟,[09.18] 크런치봉봉_인플루언서형_노현경,[26.09]F_V_CB바_전환_크봉출시_인플루언서형_인플루언서형_var1.릴스_고능한맛.X_스틱바P_김유진_260918_빙과_노현경,1426,30,23749,1,65,전환
2026-09-18,120252408588230659,[빙과_크런치봉봉] 26.09_크봉출시_수동_전환_video_전체타겟,[09.18] 크런치봉봉_전화네고형_노현경,[26.09]F_V_CB바_전환_크봉출시_네고형_전화네고_main.릴스_취식.X_스틱바P_김유진_260918_빙과_노현경,34,2,1204,0,7,전환
2026-09-18,120252408596250659,[빙과_크런치봉봉] 26.09_크봉출시_수동_전환_video_전체타겟,[09.18] 크런치봉봉_전화네고형_노현경,[26.09]F_V_CB바_전환_크봉출시_네고형_전화네고_var1.릴스_고디바.X_스틱바P_김유진_260918_빙과_노현경,859,8,11771,0,65,전환
2026-09-18,120252408611770659,[빙과_크런치봉봉] 26.09_크봉출시_수동_전환_video_전체타겟,[09.18] 크런치봉봉_인플루언서형_노현경,[26.09]F_V_CB바_전환_크봉출시_인플루언서형_인플루언서형_var2.릴스_크로아상조합.X_스틱바P_김유진_260918_빙과_노현경,304,8,5485,0,29,전환
2026-09-18,120252408940130659,[빙과_크런치봉봉] 26.09_크봉출시_수동_전환_video_전체타겟,[09.18] 크런치봉봉_전화네고형_노현경,[26.09]F_V_CB바_전환_크봉출시_네고형_전화네고_var3.릴스_통초코볼.X_스틱바P_김유진_260918_빙과_노현경,95,1,1059,0,17,전환
2026-09-18,120252408963610659,[빙과_크런치봉봉] 26.09_크봉출시_ASC_전환_video_전체타겟_9월 3주차_명가BP/인플루언서형,[빙과_크봉] 26.09_크봉출시_ASC_전환_video_전체타겟_9월 3주차_1,[26.09]F_V_CB바_전환_크봉출시_인플루언서형_인플루언서형_main.릴스_혈스.X_스틱바P_김유진_260918_빙과_노현경,605,11,8552,1,40,전환
2026-09-18,120252408963620659,[빙과_크런치봉봉] 26.09_크봉출시_ASC_전환_video_전체타겟_9월 3주차_명가BP/인플루언서형,[빙과_크봉] 26.09_크봉출시_ASC_전환_video_전체타겟_9월 3주차_1,[26.09]F_V_CB바_전환_크봉출시_인플루언서형_인플루언서형_var1.릴스_고능한맛.X_스틱바P_김유진_260918_빙과_노현경,1466,37,21804,1,99,전환
2026-09-18,120252408963630659,[빙과_크런치봉봉] 26.09_크봉출시_ASC_전환_video_전체타겟_9월 3주차_명가BP/인플루언서형,[빙과_크봉] 26.09_크봉출시_ASC_전환_video_전체타겟_9월 3주차_1,[26.09]F_V_CB바_전환_크봉출시_인플루언서형_인플루언서형_var2.릴스_크로아상조합.X_스틱바P_김유진_260918_빙과_노현경,57,2,834,0,3,전환
2026-09-18,120252408973080659,[빙과_크런치봉봉] 26.09_크봉출시_ASC_전환_video_전체타겟_9월 3주차_명가BP/인플루언서형,[빙과_크봉] 26.09_크봉출시_ASC_전환_video_전체타겟_9월 3주차_1,[26.09]F_V_CB바_전환_크봉출시_맛인지형_명가BP_main.릴스_공통.X_스틱바P_김유진_260918_빙과_정요한,347,5,4291,1,27,전환
2026-09-18,120252408973090659,[빙과_크런치봉봉] 26.09_크봉출시_ASC_전환_video_전체타겟_9월 3주차_명가BP/인플루언서형,[빙과_크봉] 26.09_크봉출시_ASC_전환_video_전체타겟_9월 3주차_1,[26.09]F_V_CB바_전환_크봉출시_맛인지형_명가BP_var1.릴스_초코바대세감.X_스틱바P_김유진_260918_빙과_정요한,194,4,2918,1,16,전환
2026-09-18,120252408973100659,[빙과_크런치봉봉] 26.09_크봉출시_ASC_전환_video_전체타겟_9월 3주차_명가BP/인플루언서형,[빙과_크봉] 26.09_크봉출시_ASC_전환_video_전체타겟_9월 3주차_1,[26.09]F_V_CB바_전환_크봉출시_맛인지형_명가BP_var2.릴스_몰티져스.X_스틱바P_김유진_260918_빙과_정요한,459,16,7284,0,45,전환
2026-09-18,120252408973110659,[빙과_크런치봉봉] 26.09_크봉출시_ASC_전환_video_전체타겟_9월 3주차_명가BP/인플루언서형,[빙과_크봉] 26.09_크봉출시_ASC_전환_video_전체타겟_9월 3주차_1,[26.09]F_V_CB바_전환_크봉출시_맛인지형_명가BP_var3.릴스_초코코팅.X_스틱바P_김유진_260918_빙과_정요한,123,4,1910,1,11,전환
2026-09-18,120252408982240659,[빙과_크런치봉봉] 26.09_크봉출시_ASC_전환_image_전체타겟_9월 3주차,[빙과_크봉] 26.09_크봉출시_ASC_전환_image_전체타겟_9월 3주차,[26.09]F_I_CB바_전환_크봉출시_혜택강조형__.배너_고효율베리.곧정상가적용.__문선정_260918_빙과_이채윤,34,1,662,0,0,전환
2026-09-18,120252409107620659,[빙과_크런치봉봉] 26.09_크봉출시_ASC_전환_video_전체타겟_9월 3주차_전화네고형,[빙과_크봉] 26.09_크봉출시_ASC_전환_video_전체타겟_9월 3주차_2,[26.09]F_V_CB바_전환_크봉출시_네고형_전화네고_var1.릴스_고디바.X_스틱바P_김유진_260918_빙과_노현경,3251,74,40388,5,319,전환
2026-09-18,120252409237600659,[빙과_파인트] 26.09_파트너십광고_ASC_전환_video_전체타겟_9월 3주차,[빙과_파인트] 26.09_파트너십광고_ASC_전환_video_전체타겟_9월 3주차,[26.09]F_V_P말_전환_골키파출시_파트너십_maneulparents,486,4,5296,0,5,전환
2026-09-18,120252409237610659,[빙과_파인트] 26.09_파트너십광고_ASC_전환_video_전체타겟_9월 3주차,[빙과_파인트] 26.09_파트너십광고_ASC_전환_video_전체타겟_9월 3주차,[26.09]F_V_P말_전환_골키파출시_파트너십_gentlenomad_e,321,2,3868,0,2,전환
2026-09-18,120252409237620659,[빙과_파인트] 26.09_파트너십광고_ASC_전환_video_전체타겟_9월 3주차,[빙과_파인트] 26.09_파트너십광고_ASC_전환_video_전체타겟_9월 3주차,[26.09]F_V_P말_전환_골키파출시_파트너십_bobin_fit,202,4,3259,0,23,전환
2026-09-18,120252409237630659,[빙과_파인트] 26.09_파트너십광고_ASC_전환_video_전체타겟_9월 3주차,[빙과_파인트] 26.09_파트너십광고_ASC_전환_video_전체타겟_9월 3주차,[26.09]F_V_P말_전환_골키파출시_파트너십_choocosmetic_,213,1,2914,0,3,전환
2026-09-18,120252409243210659,[빙과_파인트] 26.09_파트너십광고_ASC_전환_video_전체타겟_9월 3주차,[빙과_파인트] 26.09_파트너십광고_ASC_전환_video_전체타겟_9월 3주차,[26.09]F_V_P말_전환_골키파출시_파트너십_kukeereo,457,2,6578,0,2,전환
2026-09-18,120252409243220659,[빙과_파인트] 26.09_파트너십광고_ASC_전환_video_전체타겟_9월 3주차,[빙과_파인트] 26.09_파트너십광고_ASC_전환_video_전체타겟_9월 3주차,[26.09]F_V_P말_전환_골키파출시_파트너십_sj.uju,431,3,5214,0,4,전환
2026-09-18,120252409243230659,[빙과_파인트] 26.09_파트너십광고_ASC_전환_video_전체타겟_9월 3주차,[빙과_파인트] 26.09_파트너십광고_ASC_전환_video_전체타겟_9월 3주차,[26.09]F_V_P말_전환_골키파출시_파트너십_loe_mood_beauty,129,0,2094,0,2,전환
2026-09-19,120252405235770659,[빙과_파인트_골키파] 26.09_골키파출시_ASC_전환_video_전체타겟_9월 3주차_인덕션BP/역네고형,[빙과_파인트_골키파] 26.09_골키파출시_ASC_전환_video_전체타겟_9월 3주차_인덕션BP/기본네고,[26.09]F_V_P말_전환_골키파출시_신규BP_인덕션BP_var2.릴스_주변반응.9월.수민PJ_파인트P_고가영_260918_빙과_정하얀,133,3,2448,0,2,전환
2026-09-19,120252406713490659,[빙과_파인트_골키파] 26.09_골키파출시_ASC_전환_video_전체타겟_9월 3주차_인덕션BP/역네고형,[빙과_파인트_골키파] 26.09_골키파출시_ASC_전환_video_전체타겟_9월 3주차_인덕션BP/기본네고,[26.09]F_V_P혼_전환_골키파출시_네고형_역네고_var2.릴스_pov.취식.9월.수민PJ_파인트P_고가영_260918_빙과_김지연,1830,21,20189,0,99,전환
2026-09-19,120252406722050659,[빙과_파인트_골키파] 26.09_골키파출시_ASC_전환_video_전체타겟_9월 3주차_인덕션BP/역네고형,[빙과_파인트_골키파] 26.09_골키파출시_ASC_전환_video_전체타겟_9월 3주차_인덕션BP/기본네고,[26.09]F_V_P혼_전환_골키파출시_네고형_역네고_var3.릴스_할인강조.9월.수민PJ_파인트P_고가영_260918_빙과_김지연,1423,34,22697,1,85,전환
2026-09-19,120252408124230659,[빙과_크런치봉봉] 26.09_크봉출시_수동_전환_video_전체타겟,[09.18] 크런치봉봉_명가BP_정요한,[26.09]F_V_CB바_전환_크봉출시_맛인지형_명가BP_var1.릴스_초코바대세감.X_스틱바P_김유진_260918_빙과_정요한,16888,299,266174,23,782,전환
2026-09-19,120252408157720659,[빙과_크런치봉봉] 26.09_크봉출시_수동_전환_video_전체타겟,[09.18] 크런치봉봉_명가BP_정요한,[26.09]F_V_CB바_전환_크봉출시_맛인지형_명가BP_var2.릴스_몰티져스.X_스틱바P_김유진_260918_빙과_정요한,1201,23,24193,0,76,전환
2026-09-19,120252408166660659,[빙과_크런치봉봉] 26.09_크봉출시_수동_전환_video_전체타겟,[09.18] 크런치봉봉_명가BP_정요한,[26.09]F_V_CB바_전환_크봉출시_맛인지형_명가BP_var3.릴스_초코코팅.X_스틱바P_김유진_260918_빙과_정요한,1435,13,21112,2,90,전환
2026-09-19,120252408540930659,[빙과_크런치봉봉] 26.09_크봉출시_수동_전환_video_전체타겟,[09.18] 크런치봉봉_인플루언서형_노현경,[26.09]F_V_CB바_전환_크봉출시_인플루언서형_인플루언서형_main.릴스_혈스.X_스틱바P_김유진_260918_빙과_노현경,466,7,7361,1,39,전환
2026-09-19,120252408565320659,[빙과_크런치봉봉] 26.09_크봉출시_수동_전환_video_전체타겟,[09.18] 크런치봉봉_인플루언서형_노현경,[26.09]F_V_CB바_전환_크봉출시_인플루언서형_인플루언서형_var1.릴스_고능한맛.X_스틱바P_김유진_260918_빙과_노현경,5363,95,83214,5,240,전환
2026-09-19,120252408588230659,[빙과_크런치봉봉] 26.09_크봉출시_수동_전환_video_전체타겟,[09.18] 크런치봉봉_전화네고형_노현경,[26.09]F_V_CB바_전환_크봉출시_네고형_전화네고_main.릴스_취식.X_스틱바P_김유진_260918_빙과_노현경,239,7,5842,1,20,전환
2026-09-19,120252408596250659,[빙과_크런치봉봉] 26.09_크봉출시_수동_전환_video_전체타겟,[09.18] 크런치봉봉_전화네고형_노현경,[26.09]F_V_CB바_전환_크봉출시_네고형_전화네고_var1.릴스_고디바.X_스틱바P_김유진_260918_빙과_노현경,3022,39,39085,2,235,전환
2026-09-19,120252408611770659,[빙과_크런치봉봉] 26.09_크봉출시_수동_전환_video_전체타겟,[09.18] 크런치봉봉_인플루언서형_노현경,[26.09]F_V_CB바_전환_크봉출시_인플루언서형_인플루언서형_var2.릴스_크로아상조합.X_스틱바P_김유진_260918_빙과_노현경,350,9,6925,0,25,전환
2026-09-19,120252408940130659,[빙과_크런치봉봉] 26.09_크봉출시_수동_전환_video_전체타겟,[09.18] 크런치봉봉_전화네고형_노현경,[26.09]F_V_CB바_전환_크봉출시_네고형_전화네고_var3.릴스_통초코볼.X_스틱바P_김유진_260918_빙과_노현경,3599,46,49917,3,297,전환
2026-09-19,120252408963610659,[빙과_크런치봉봉] 26.09_크봉출시_ASC_전환_video_전체타겟_9월 3주차_명가BP/인플루언서형,[빙과_크봉] 26.09_크봉출시_ASC_전환_video_전체타겟_9월 3주차_1,[26.09]F_V_CB바_전환_크봉출시_인플루언서형_인플루언서형_main.릴스_혈스.X_스틱바P_김유진_260918_빙과_노현경,178,1,3215,0,12,전환
2026-09-19,120252408963620659,[빙과_크런치봉봉] 26.09_크봉출시_ASC_전환_video_전체타겟_9월 3주차_명가BP/인플루언서형,[빙과_크봉] 26.09_크봉출시_ASC_전환_video_전체타겟_9월 3주차_1,[26.09]F_V_CB바_전환_크봉출시_인플루언서형_인플루언서형_var1.릴스_고능한맛.X_스틱바P_김유진_260918_빙과_노현경,9703,207,133307,10,511,전환
2026-09-19,120252408963630659,[빙과_크런치봉봉] 26.09_크봉출시_ASC_전환_video_전체타겟_9월 3주차_명가BP/인플루언서형,[빙과_크봉] 26.09_크봉출시_ASC_전환_video_전체타겟_9월 3주차_1,[26.09]F_V_CB바_전환_크봉출시_인플루언서형_인플루언서형_var2.릴스_크로아상조합.X_스틱바P_김유진_260918_빙과_노현경,318,8,4864,1,22,전환
2026-09-19,120252408973080659,[빙과_크런치봉봉] 26.09_크봉출시_ASC_전환_video_전체타겟_9월 3주차_명가BP/인플루언서형,[빙과_크봉] 26.09_크봉출시_ASC_전환_video_전체타겟_9월 3주차_1,[26.09]F_V_CB바_전환_크봉출시_맛인지형_명가BP_main.릴스_공통.X_스틱바P_김유진_260918_빙과_정요한,52,1,799,0,4,전환
2026-09-19,120252408973090659,[빙과_크런치봉봉] 26.09_크봉출시_ASC_전환_video_전체타겟_9월 3주차_명가BP/인플루언서형,[빙과_크봉] 26.09_크봉출시_ASC_전환_video_전체타겟_9월 3주차_1,[26.09]F_V_CB바_전환_크봉출시_맛인지형_명가BP_var1.릴스_초코바대세감.X_스틱바P_김유진_260918_빙과_정요한,393,4,5363,0,23,전환
2026-09-19,120252408973100659,[빙과_크런치봉봉] 26.09_크봉출시_ASC_전환_video_전체타겟_9월 3주차_명가BP/인플루언서형,[빙과_크봉] 26.09_크봉출시_ASC_전환_video_전체타겟_9월 3주차_1,[26.09]F_V_CB바_전환_크봉출시_맛인지형_명가BP_var2.릴스_몰티져스.X_스틱바P_김유진_260918_빙과_정요한,2664,63,41029,3,199,전환
2026-09-19,120252408973110659,[빙과_크런치봉봉] 26.09_크봉출시_ASC_전환_video_전체타겟_9월 3주차_명가BP/인플루언서형,[빙과_크봉] 26.09_크봉출시_ASC_전환_video_전체타겟_9월 3주차_1,[26.09]F_V_CB바_전환_크봉출시_맛인지형_명가BP_var3.릴스_초코코팅.X_스틱바P_김유진_260918_빙과_정요한,182,1,2219,0,13,전환
2026-09-19,120252408982240659,[빙과_크런치봉봉] 26.09_크봉출시_ASC_전환_image_전체타겟_9월 3주차,[빙과_크봉] 26.09_크봉출시_ASC_전환_image_전체타겟_9월 3주차,[26.09]F_I_CB바_전환_크봉출시_혜택강조형__.배너_고효율베리.곧정상가적용.__문선정_260918_빙과_이채윤,29,0,513,0,0,전환
2026-09-19,120252409107620659,[빙과_크런치봉봉] 26.09_크봉출시_ASC_전환_video_전체타겟_9월 3주차_전화네고형,[빙과_크봉] 26.09_크봉출시_ASC_전환_video_전체타겟_9월 3주차_2,[26.09]F_V_CB바_전환_크봉출시_네고형_전화네고_var1.릴스_고디바.X_스틱바P_김유진_260918_빙과_노현경,7509,149,91264,7,718,전환
2026-09-19,120252409237600659,[빙과_파인트] 26.09_파트너십광고_ASC_전환_video_전체타겟_9월 3주차,[빙과_파인트] 26.09_파트너십광고_ASC_전환_video_전체타겟_9월 3주차,[26.09]F_V_P말_전환_골키파출시_파트너십_maneulparents,352,1,3680,0,9,전환
2026-09-19,120252409237610659,[빙과_파인트] 26.09_파트너십광고_ASC_전환_video_전체타겟_9월 3주차,[빙과_파인트] 26.09_파트너십광고_ASC_전환_video_전체타겟_9월 3주차,[26.09]F_V_P말_전환_골키파출시_파트너십_gentlenomad_e,499,3,5654,0,8,전환
2026-09-19,120252409237620659,[빙과_파인트] 26.09_파트너십광고_ASC_전환_video_전체타겟_9월 3주차,[빙과_파인트] 26.09_파트너십광고_ASC_전환_video_전체타겟_9월 3주차,[26.09]F_V_P말_전환_골키파출시_파트너십_bobin_fit,936,13,13818,2,80,전환
2026-09-19,120252409237630659,[빙과_파인트] 26.09_파트너십광고_ASC_전환_video_전체타겟_9월 3주차,[빙과_파인트] 26.09_파트너십광고_ASC_전환_video_전체타겟_9월 3주차,[26.09]F_V_P말_전환_골키파출시_파트너십_choocosmetic_,598,15,8876,0,25,전환
2026-09-19,120252409237640659,[빙과_파인트] 26.09_파트너십광고_ASC_전환_video_전체타겟_9월 3주차,[빙과_파인트] 26.09_파트너십광고_ASC_전환_video_전체타겟_9월 3주차,[26.09]F_V_P말_전환_골키파출시_파트너십_i_am_bbangda,149,2,1690,0,2,전환
2026-09-19,120252409237650659,[빙과_파인트] 26.09_파트너십광고_ASC_전환_video_전체타겟_9월 3주차,[빙과_파인트] 26.09_파트너십광고_ASC_전환_video_전체타겟_9월 3주차,[26.09]F_V_P말_전환_골키파출시_파트너십_tarimi_home,271,2,2418,0,7,전환
2026-09-19,120252409243210659,[빙과_파인트] 26.09_파트너십광고_ASC_전환_video_전체타겟_9월 3주차,[빙과_파인트] 26.09_파트너십광고_ASC_전환_video_전체타겟_9월 3주차,[26.09]F_V_P말_전환_골키파출시_파트너십_kukeereo,479,2,8765,0,13,전환
2026-09-19,120252409243220659,[빙과_파인트] 26.09_파트너십광고_ASC_전환_video_전체타겟_9월 3주차,[빙과_파인트] 26.09_파트너십광고_ASC_전환_video_전체타겟_9월 3주차,[26.09]F_V_P말_전환_골키파출시_파트너십_sj.uju,2668,16,31993,0,52,전환
2026-09-19,120252409243230659,[빙과_파인트] 26.09_파트너십광고_ASC_전환_video_전체타겟_9월 3주차,[빙과_파인트] 26.09_파트너십광고_ASC_전환_video_전체타겟_9월 3주차,[26.09]F_V_P말_전환_골키파출시_파트너십_loe_mood_beauty,100,2,2455,0,1,전환
2026-09-19,120252409243240659,[빙과_파인트] 26.09_파트너십광고_ASC_전환_video_전체타겟_9월 3주차,[빙과_파인트] 26.09_파트너십광고_ASC_전환_video_전체타겟_9월 3주차,[26.09]F_V_P말_전환_골키파출시_파트너십_godtan0923,641,4,8102,2,5,전환
2026-09-19,120252409719430659,[빙과_파인트_블프] 26.09_빙과블프_수동_전환_image_전체타겟,260918_추석_(1),[26.09]F_I_P혼_전환_빙과블프_혜택강조형__.배너_추석맞이.고효율.곧종료됩니다.99%할인.__고가영_260918_빙과_김민우,6064,87,102110,9,0,전환
2026-09-19,120252409722260659,[빙과_파인트_블프] 26.09_빙과블프_수동_전환_image_전체타겟,260918_추석_(1),[26.09]F_I_P혼_전환_빙과블프_혜택강조형__.배너_추석맞이.고효율.네고형.미리구매하신분들 죄송합니다.__고가영_260918_빙과_김민우,908,35,16538,3,0,전환
2026-09-19,120252409724080659,[빙과_파인트_블프] 26.09_빙과블프_수동_전환_image_전체타겟,260918_추석_(1),[26.09]F_I_P혼_전환_빙과블프_혜택강조형__.배너_추석맞이.고효율.네고형.블랙프라이데이가.가장싼데.왜나중에사세요.__고가영_260918_빙과_김민우,800,18,13570,0,0,전환
2026-09-19,120252409726360659,[빙과_파인트_블프] 26.09_빙과블프_수동_전환_image_전체타겟,260918_추석_(1),[26.09]F_I_P혼_전환_빙과블프_혜택강조형__.배너_추석맞이.고효율.미리사신분들.죄송합니다.구매시.무조건드려요.__고가영_260918_빙과_김민우,80,4,2481,0,0,전환
2026-09-19,120252409728540659,[빙과_파인트_블프] 26.09_빙과블프_수동_전환_image_전체타겟,260918_추석_(1),[26.09]F_I_P혼_전환_빙과블프_혜택강조형__.배너_추석맞이.고효율.미리사신분들.죄송합니다.한달내내.젤라또.무제한드림.__고가영_260918_빙과_김민우,1257,21,21520,0,0,전환
2026-09-19,120252409982450659,[빙과_파인트_블프] 26.09_빙과블프_수동_전환_image_전체타겟,260918_추석_(2),[26.09]F_I_P혼_전환_빙과블프_혜택강조형__.배너_추석맞이.고효율.공지문.현장감.가격실수안내.직원실수.__고가영_260918_빙과_김민우,10132,295,95259,5,0,전환
2026-09-19,120252409989890659,[빙과_파인트_블프] 26.09_빙과블프_수동_전환_image_전체타겟,260918_추석_(1),[26.09]F_I_P혼_전환_빙과블프_혜택강조형__.배너_추석맞이.고효율.추석기념특가.이번연휴까지만.__고가영_260918_빙과_김민우,2941,58,61995,3,0,전환
2026-09-19,120252409991320659,[빙과_파인트_블프] 26.09_빙과블프_수동_전환_image_전체타겟,260918_추석_(1),[26.09]F_I_P혼_전환_빙과블프_혜택강조형__.배너_추석맞이.고효율.추석때쟁이세요.다신없을.연휴끝나면비싸집니다..__고가영_260918_빙과_김민우,1458,27,24036,1,0,전환
2026-09-19,120252409992370659,[빙과_파인트_블프] 26.09_빙과블프_수동_전환_image_전체타겟,260918_추석_(1),[26.09]F_I_P혼_전환_빙과블프_혜택강조형__.배너_추석맞이.고효율.추석때쟁이세요.다음주부터.정상가로.돌아갑니다..__고가영_260918_빙과_김민우,4297,100,78953,8,0,전환
2026-09-20,120252405235770659,[빙과_파인트_골키파] 26.09_골키파출시_ASC_전환_video_전체타겟_9월 3주차_인덕션BP/역네고형,[빙과_파인트_골키파] 26.09_골키파출시_ASC_전환_video_전체타겟_9월 3주차_인덕션BP/기본네고,[26.09]F_V_P말_전환_골키파출시_신규BP_인덕션BP_var2.릴스_주변반응.9월.수민PJ_파인트P_고가영_260918_빙과_정하얀,271,3,3941,0,16,전환
2026-09-20,120252406722050659,[빙과_파인트_골키파] 26.09_골키파출시_ASC_전환_video_전체타겟_9월 3주차_인덕션BP/역네고형,[빙과_파인트_골키파] 26.09_골키파출시_ASC_전환_video_전체타겟_9월 3주차_인덕션BP/기본네고,[26.09]F_V_P혼_전환_골키파출시_네고형_역네고_var3.릴스_할인강조.9월.수민PJ_파인트P_고가영_260918_빙과_김지연,2802,53,34068,2,162,전환
2026-09-20,120252408124230659,[빙과_크런치봉봉] 26.09_크봉출시_수동_전환_video_전체타겟,[09.18] 크런치봉봉_명가BP_정요한,[26.09]F_V_CB바_전환_크봉출시_맛인지형_명가BP_var1.릴스_초코바대세감.X_스틱바P_김유진_260918_빙과_정요한,12397,190,181481,11,657,전환
2026-09-20,120252408166660659,[빙과_크런치봉봉] 26.09_크봉출시_수동_전환_video_전체타겟,[09.18] 크런치봉봉_명가BP_정요한,[26.09]F_V_CB바_전환_크봉출시_맛인지형_명가BP_var3.릴스_초코코팅.X_스틱바P_김유진_260918_빙과_정요한,65,0,1052,0,2,전환
2026-09-20,120252408565320659,[빙과_크런치봉봉] 26.09_크봉출시_수동_전환_video_전체타겟,[09.18] 크런치봉봉_인플루언서형_노현경,[26.09]F_V_CB바_전환_크봉출시_인플루언서형_인플루언서형_var1.릴스_고능한맛.X_스틱바P_김유진_260918_빙과_노현경,1227,19,20375,1,50,전환
2026-09-20,120252408588230659,[빙과_크런치봉봉] 26.09_크봉출시_수동_전환_video_전체타겟,[09.18] 크런치봉봉_전화네고형_노현경,[26.09]F_V_CB바_전환_크봉출시_네고형_전화네고_main.릴스_취식.X_스틱바P_김유진_260918_빙과_노현경,11477,228,229108,17,894,전환
2026-09-20,120252408940130659,[빙과_크런치봉봉] 26.09_크봉출시_수동_전환_video_전체타겟,[09.18] 크런치봉봉_전화네고형_노현경,[26.09]F_V_CB바_전환_크봉출시_네고형_전화네고_var3.릴스_통초코볼.X_스틱바P_김유진_260918_빙과_노현경,4017,62,56594,2,401,전환
2026-09-20,120252408963610659,[빙과_크런치봉봉] 26.09_크봉출시_ASC_전환_video_전체타겟_9월 3주차_명가BP/인플루언서형,[빙과_크봉] 26.09_크봉출시_ASC_전환_video_전체타겟_9월 3주차_1,[26.09]F_V_CB바_전환_크봉출시_인플루언서형_인플루언서형_main.릴스_혈스.X_스틱바P_김유진_260918_빙과_노현경,126,4,2785,0,9,전환
2026-09-20,120252408963620659,[빙과_크런치봉봉] 26.09_크봉출시_ASC_전환_video_전체타겟_9월 3주차_명가BP/인플루언서형,[빙과_크봉] 26.09_크봉출시_ASC_전환_video_전체타겟_9월 3주차_1,[26.09]F_V_CB바_전환_크봉출시_인플루언서형_인플루언서형_var1.릴스_고능한맛.X_스틱바P_김유진_260918_빙과_노현경,1369,33,23397,0,65,전환
2026-09-20,120252408963630659,[빙과_크런치봉봉] 26.09_크봉출시_ASC_전환_video_전체타겟_9월 3주차_명가BP/인플루언서형,[빙과_크봉] 26.09_크봉출시_ASC_전환_video_전체타겟_9월 3주차_1,[26.09]F_V_CB바_전환_크봉출시_인플루언서형_인플루언서형_var2.릴스_크로아상조합.X_스틱바P_김유진_260918_빙과_노현경,310,6,6420,0,27,전환
2026-09-20,120252408973080659,[빙과_크런치봉봉] 26.09_크봉출시_ASC_전환_video_전체타겟_9월 3주차_명가BP/인플루언서형,[빙과_크봉] 26.09_크봉출시_ASC_전환_video_전체타겟_9월 3주차_1,[26.09]F_V_CB바_전환_크봉출시_맛인지형_명가BP_main.릴스_공통.X_스틱바P_김유진_260918_빙과_정요한,32,0,423,0,1,전환
2026-09-20,120252408973090659,[빙과_크런치봉봉] 26.09_크봉출시_ASC_전환_video_전체타겟_9월 3주차_명가BP/인플루언서형,[빙과_크봉] 26.09_크봉출시_ASC_전환_video_전체타겟_9월 3주차_1,[26.09]F_V_CB바_전환_크봉출시_맛인지형_명가BP_var1.릴스_초코바대세감.X_스틱바P_김유진_260918_빙과_정요한,375,9,5305,0,25,전환
2026-09-20,120252408973100659,[빙과_크런치봉봉] 26.09_크봉출시_ASC_전환_video_전체타겟_9월 3주차_명가BP/인플루언서형,[빙과_크봉] 26.09_크봉출시_ASC_전환_video_전체타겟_9월 3주차_1,[26.09]F_V_CB바_전환_크봉출시_맛인지형_명가BP_var2.릴스_몰티져스.X_스틱바P_김유진_260918_빙과_정요한,1002,21,14310,0,62,전환
2026-09-20,120252408973110659,[빙과_크런치봉봉] 26.09_크봉출시_ASC_전환_video_전체타겟_9월 3주차_명가BP/인플루언서형,[빙과_크봉] 26.09_크봉출시_ASC_전환_video_전체타겟_9월 3주차_1,[26.09]F_V_CB바_전환_크봉출시_맛인지형_명가BP_var3.릴스_초코코팅.X_스틱바P_김유진_260918_빙과_정요한,1,0,3,0,0,전환
2026-09-20,120252408982240659,[빙과_크런치봉봉] 26.09_크봉출시_ASC_전환_image_전체타겟_9월 3주차,[빙과_크봉] 26.09_크봉출시_ASC_전환_image_전체타겟_9월 3주차,[26.09]F_I_CB바_전환_크봉출시_혜택강조형__.배너_고효율베리.곧정상가적용.__문선정_260918_빙과_이채윤,15,0,454,0,0,전환
2026-09-20,120252409107620659,[빙과_크런치봉봉] 26.09_크봉출시_ASC_전환_video_전체타겟_9월 3주차_전화네고형,[빙과_크봉] 26.09_크봉출시_ASC_전환_video_전체타겟_9월 3주차_2,[26.09]F_V_CB바_전환_크봉출시_네고형_전화네고_var1.릴스_고디바.X_스틱바P_김유진_260918_빙과_노현경,2089,27,26964,1,169,전환
2026-09-20,120252409237600659,[빙과_파인트] 26.09_파트너십광고_ASC_전환_video_전체타겟_9월 3주차,[빙과_파인트] 26.09_파트너십광고_ASC_전환_video_전체타겟_9월 3주차,[26.09]F_V_P말_전환_골키파출시_파트너십_maneulparents,926,13,12979,0,25,전환
2026-09-20,120252409237610659,[빙과_파인트] 26.09_파트너십광고_ASC_전환_video_전체타겟_9월 3주차,[빙과_파인트] 26.09_파트너십광고_ASC_전환_video_전체타겟_9월 3주차,[26.09]F_V_P말_전환_골키파출시_파트너십_gentlenomad_e,987,13,11986,1,10,전환
2026-09-20,120252409237620659,[빙과_파인트] 26.09_파트너십광고_ASC_전환_video_전체타겟_9월 3주차,[빙과_파인트] 26.09_파트너십광고_ASC_전환_video_전체타겟_9월 3주차,[26.09]F_V_P말_전환_골키파출시_파트너십_bobin_fit,1325,27,20780,1,122,전환
2026-09-20,120252409237630659,[빙과_파인트] 26.09_파트너십광고_ASC_전환_video_전체타겟_9월 3주차,[빙과_파인트] 26.09_파트너십광고_ASC_전환_video_전체타겟_9월 3주차,[26.09]F_V_P말_전환_골키파출시_파트너십_choocosmetic_,1679,11,25859,1,58,전환
2026-09-20,120252409237640659,[빙과_파인트] 26.09_파트너십광고_ASC_전환_video_전체타겟_9월 3주차,[빙과_파인트] 26.09_파트너십광고_ASC_전환_video_전체타겟_9월 3주차,[26.09]F_V_P말_전환_골키파출시_파트너십_i_am_bbangda,1665,14,27992,1,48,전환
2026-09-20,120252409237650659,[빙과_파인트] 26.09_파트너십광고_ASC_전환_video_전체타겟_9월 3주차,[빙과_파인트] 26.09_파트너십광고_ASC_전환_video_전체타겟_9월 3주차,[26.09]F_V_P말_전환_골키파출시_파트너십_tarimi_home,301,3,2237,1,4,전환
2026-09-20,120252409243210659,[빙과_파인트] 26.09_파트너십광고_ASC_전환_video_전체타겟_9월 3주차,[빙과_파인트] 26.09_파트너십광고_ASC_전환_video_전체타겟_9월 3주차,[26.09]F_V_P말_전환_골키파출시_파트너십_kukeereo,541,11,9871,0,18,전환
2026-09-20,120252409243230659,[빙과_파인트] 26.09_파트너십광고_ASC_전환_video_전체타겟_9월 3주차,[빙과_파인트] 26.09_파트너십광고_ASC_전환_video_전체타겟_9월 3주차,[26.09]F_V_P말_전환_골키파출시_파트너십_loe_mood_beauty,278,0,3338,0,12,전환
2026-09-20,120252409243240659,[빙과_파인트] 26.09_파트너십광고_ASC_전환_video_전체타겟_9월 3주차,[빙과_파인트] 26.09_파트너십광고_ASC_전환_video_전체타겟_9월 3주차,[26.09]F_V_P말_전환_골키파출시_파트너십_godtan0923,533,2,6179,1,8,전환
2026-09-20,120252409719430659,[빙과_파인트_블프] 26.09_빙과블프_수동_전환_image_전체타겟,260918_추석_(1),[26.09]F_I_P혼_전환_빙과블프_혜택강조형__.배너_추석맞이.고효율.곧종료됩니다.99%할인.__고가영_260918_빙과_김민우,1015,13,12075,1,0,전환
2026-09-20,120252409722260659,[빙과_파인트_블프] 26.09_빙과블프_수동_전환_image_전체타겟,260918_추석_(1),[26.09]F_I_P혼_전환_빙과블프_혜택강조형__.배너_추석맞이.고효율.네고형.미리구매하신분들 죄송합니다.__고가영_260918_빙과_김민우,8168,132,118865,6,0,전환
2026-09-20,120252409724080659,[빙과_파인트_블프] 26.09_빙과블프_수동_전환_image_전체타겟,260918_추석_(1),[26.09]F_I_P혼_전환_빙과블프_혜택강조형__.배너_추석맞이.고효율.네고형.블랙프라이데이가.가장싼데.왜나중에사세요.__고가영_260918_빙과_김민우,119,6,2129,0,0,전환
2026-09-20,120252409726360659,[빙과_파인트_블프] 26.09_빙과블프_수동_전환_image_전체타겟,260918_추석_(1),[26.09]F_I_P혼_전환_빙과블프_혜택강조형__.배너_추석맞이.고효율.미리사신분들.죄송합니다.구매시.무조건드려요.__고가영_260918_빙과_김민우,50,0,1955,0,0,전환
2026-09-20,120252409982450659,[빙과_파인트_블프] 26.09_빙과블프_수동_전환_image_전체타겟,260918_추석_(2),[26.09]F_I_P혼_전환_빙과블프_혜택강조형__.배너_추석맞이.고효율.공지문.현장감.가격실수안내.직원실수.__고가영_260918_빙과_김민우,39542,771,398718,19,0,전환
2026-09-20,120252409989890659,[빙과_파인트_블프] 26.09_빙과블프_수동_전환_image_전체타겟,260918_추석_(1),[26.09]F_I_P혼_전환_빙과블프_혜택강조형__.배너_추석맞이.고효율.추석기념특가.이번연휴까지만.__고가영_260918_빙과_김민우,1232,37,20825,0,0,전환
2026-09-20,120252409991320659,[빙과_파인트_블프] 26.09_빙과블프_수동_전환_image_전체타겟,260918_추석_(1),[26.09]F_I_P혼_전환_빙과블프_혜택강조형__.배너_추석맞이.고효율.추석때쟁이세요.다신없을.연휴끝나면비싸집니다..__고가영_260918_빙과_김민우,7,0,111,0,0,전환
2026-09-20,120252409992370659,[빙과_파인트_블프] 26.09_빙과블프_수동_전환_image_전체타겟,260918_추석_(1),[26.09]F_I_P혼_전환_빙과블프_혜택강조형__.배너_추석맞이.고효율.추석때쟁이세요.다음주부터.정상가로.돌아갑니다..__고가영_260918_빙과_김민우,1855,51,37931,3,0,전환
2026-09-18,120252408985150659,[빙과_크런치봉봉] 26.09_크봉출시_수동_전환_image_전체타겟,0918_크봉_고효율(2),[26.09]F_I_CB바_전환_크봉출시_혜택강조형__.배너_고효율베리.몰티져스쏟아부은듯.4분할.__문선정_260918_빙과_이채윤,42,3,452,0,0,전환
2026-09-18,120252408990640659,[빙과_크런치봉봉] 26.09_크봉출시_수동_전환_image_전체타겟,0918_크봉_고효율(2),[26.09]F_I_CB바_전환_크봉출시_혜택강조형__.배너_고효율베리.반짝0원세일.__문선정_260918_빙과_이채윤,818,21,15274,3,0,전환
2026-09-18,120252408996140659,[빙과_크런치봉봉] 26.09_크봉출시_수동_전환_image_전체타겟,0918_크봉_고효율(2),[26.09]F_I_CB바_전환_크봉출시_혜택강조형__.배너_고효율베리.왜나중에사세요.__문선정_260918_빙과_이채윤,18,0,237,0,0,전환
2026-09-18,120252408996770659,[빙과_크런치봉봉] 26.09_크봉출시_ASC_전환_image_전체타겟_9월 3주차,[빙과_크봉] 26.09_크봉출시_ASC_전환_image_전체타겟_9월 3주차,[26.09]F_I_CB바_전환_크봉출시_혜택강조형__.배너_고효율베리.왜나중에사세요.__문선정_260918_빙과_이채윤,3,1,226,0,0,전환
2026-09-18,120252409000180659,[빙과_크런치봉봉] 26.09_크봉출시_수동_전환_image_전체타겟,0918_크봉_고효율(2),[26.09]F_I_CB바_전환_크봉출시_혜택강조형__.배너_고효율베리.저희가졌습니다.__문선정_260918_빙과_이채윤,36,2,815,0,0,전환
2026-09-18,120252409004520659,[빙과_크런치봉봉] 26.09_크봉출시_ASC_전환_image_전체타겟_9월 3주차,[빙과_크봉] 26.09_크봉출시_ASC_전환_image_전체타겟_9월 3주차,[26.09]F_I_CB바_전환_크봉출시_혜택강조형__.배너_고효율베리.저희도죄송스럽습니다.__문선정_260918_빙과_이채윤,23,4,420,0,0,전환
2026-09-18,120252409007270659,[빙과_크런치봉봉] 26.09_크봉출시_수동_전환_image_전체타겟,0918_크봉_고효율(2),[26.09]F_I_CB바_전환_크봉출시_혜택강조형__.배너_고효율베리.죄송합니다.__문선정_260918_빙과_이채윤,9,2,263,0,0,전환
2026-09-18,120252409117760659,[빙과_크런치봉봉] 26.09_크봉출시_수동_전환_image_전체타겟,0918_크봉_양+권위+고효율,[26.09]F_I_CB바_전환_크봉출시_제품강조형__.배너_테스트.라라스윗권위.크봉시리즈.__문선정_260918_빙과_이채윤,433,11,6366,1,0,전환
2026-09-18,120252409118380659,[빙과_크런치봉봉] 26.09_크봉출시_ASC_전환_image_전체타겟_9월 3주차,[빙과_크봉] 26.09_크봉출시_ASC_전환_image_전체타겟_9월 3주차,[26.09]F_I_CB바_전환_크봉출시_제품강조형__.배너_테스트.라라스윗권위.크봉시리즈.__문선정_260918_빙과_이채윤,13,0,179,0,0,전환
2026-09-18,120252409120250659,[빙과_크런치봉봉] 26.09_크봉출시_수동_전환_image_전체타겟,0918_크봉_양+권위+고효율,[26.09]F_I_CB바_전환_크봉출시_제품강조형__.배너_테스트.라라스윗권위.판매량.__문선정_260918_빙과_이채윤,65,1,1086,0,0,전환
2026-09-18,120252409126450659,[빙과_크런치봉봉] 26.09_크봉출시_수동_전환_image_전체타겟,0918_크봉_양+권위+고효율,[26.09]F_I_CB바_전환_크봉출시_제품강조형__.배너_테스트.라라스윗권위.품귀.__문선정_260918_빙과_이채윤,105,0,2348,0,0,전환
2026-09-18,120252409129330659,[빙과_크런치봉봉] 26.09_크봉출시_수동_전환_image_전체타겟,0918_크봉_양+권위+고효율,[26.09]F_I_CB바_전환_크봉출시_제품강조형__.배너_테스트.초코볼양강조.비교프레임.__문선정_260918_빙과_이채윤,10,1,490,0,0,전환
2026-09-18,120252409250400659,[빙과_크런치봉봉] 26.09_크봉출시_ASC_전환_image_전체타겟_9월 3주차,[빙과_크봉] 26.09_크봉출시_ASC_전환_image_전체타겟_9월 3주차,[26.09]F_I_CB바_전환_크봉출시_제품강조형__.배너_테스트.초코코팅강조.프리미엄.고디바.__문선정_260918_빙과_이채윤,7,0,184,0,0,전환
2026-09-18,120252409268390659,[빙과_크런치봉봉] 26.09_크봉출시_수동_전환_image_전체타겟,0918_크봉_통초코볼+코팅,[26.09]F_I_CB바_전환_크봉출시_제품강조형__.배너_테스트.초코코팅강조.화제성.초코테린느.__문선정_260918_빙과_이채윤,377,7,6066,0,0,전환
2026-09-18,120252409272290659,[빙과_크런치봉봉] 26.09_크봉출시_수동_전환_image_전체타겟,0918_크봉_통초코볼+코팅,[26.09]F_I_CB바_전환_크봉출시_제품강조형__.배너_테스트.초코코팅강조.화제성.초코홍수.__문선정_260918_빙과_이채윤,212,8,4181,1,0,전환
2026-09-18,120252409275850659,[빙과_크런치봉봉] 26.09_크봉출시_수동_전환_image_전체타겟,0918_크봉_통초코볼+코팅,[26.09]F_I_CB바_전환_크봉출시_제품강조형__.배너_테스트.통초코볼강조.맛조합.__문선정_260918_빙과_이채윤,214,6,6329,0,0,전환
2026-09-18,120252409287370659,[빙과_크런치봉봉] 26.09_크봉출시_수동_전환_image_전체타겟,0918_크봉_양+권위+고효율,[26.09]F_I_CB바_전환_크봉출시_제품강조형__.배너_테스트.초코볼양강조.수치활용.__문선정_260918_빙과_이채윤,466,6,7442,0,0,전환
2026-09-18,120252409294640659,[빙과_크런치봉봉] 26.09_크봉출시_수동_전환_image_전체타겟,0918_크봉_양+권위+고효율,[26.09]F_I_CB바_전환_크봉출시_혜택강조형__.배너_고효율베리.가격실수안내.공지문.__문선정_260918_빙과_이채윤,1065,14,12922,0,0,전환
2026-09-18,120252409296630659,[빙과_크런치봉봉] 26.09_크봉출시_ASC_전환_image_전체타겟_9월 3주차,[빙과_크봉] 26.09_크봉출시_ASC_전환_image_전체타겟_9월 3주차,[26.09]F_I_CB바_전환_크봉출시_혜택강조형__.배너_고효율베리.가격실수안내.공지문.__문선정_260918_빙과_이채윤,2789,70,34039,4,0,전환
2026-09-18,120252409299340659,[빙과_크런치봉봉] 26.09_크봉출시_수동_전환_image_전체타겟,0918_크봉_양+권위+고효율,[26.09]F_I_CB바_전환_크봉출시_혜택강조형__.배너_고효율베리.가격조정안내.공지문.__문선정_260918_빙과_이채윤,21,0,258,0,0,전환
2026-09-18,120252409299960659,[빙과_크런치봉봉] 26.09_크봉출시_ASC_전환_image_전체타겟_9월 3주차,[빙과_크봉] 26.09_크봉출시_ASC_전환_image_전체타겟_9월 3주차,[26.09]F_I_CB바_전환_크봉출시_혜택강조형__.배너_고효율베리.가격조정안내.공지문.__문선정_260918_빙과_이채윤,9,0,126,0,0,전환
2026-09-18,120252409303500659,[빙과_크런치봉봉] 26.09_크봉출시_수동_전환_image_전체타겟,0918_크봉_양+권위+고효율,[26.09]F_I_CB바_전환_크봉출시_혜택강조형__.배너_고효율베리.다시는없어요.__문선정_260918_빙과_이채윤,86,3,1681,0,0,전환
2026-09-18,120252409304970659,[빙과_크런치봉봉] 26.09_크봉출시_ASC_전환_image_전체타겟_9월 3주차,[빙과_크봉] 26.09_크봉출시_ASC_전환_image_전체타겟_9월 3주차,[26.09]F_I_CB바_전환_크봉출시_혜택강조형__.배너_고효율베리.다시는없어요.__문선정_260918_빙과_이채윤,6,0,116,0,0,전환
2026-09-18,120252409308450659,[빙과_크런치봉봉] 26.09_크봉출시_수동_전환_image_전체타겟,0918_크봉_양+권위+고효율,[26.09]F_I_CB바_전환_크봉출시_혜택강조형__.배너_고효율베리.사과문.공지문.__문선정_260918_빙과_이채윤,6,0,158,0,0,전환
2026-09-18,120252409308880659,[빙과_크런치봉봉] 26.09_크봉출시_ASC_전환_image_전체타겟_9월 3주차,[빙과_크봉] 26.09_크봉출시_ASC_전환_image_전체타겟_9월 3주차,[26.09]F_I_CB바_전환_크봉출시_혜택강조형__.배너_고효율베리.사과문.공지문.__문선정_260918_빙과_이채윤,2,0,44,0,0,전환
2026-09-18,120252409314210659,[빙과_크런치봉봉] 26.09_크봉출시_수동_전환_image_전체타겟,0918_크봉_통초코볼+코팅,[26.09]F_I_CB바_전환_크봉출시_제품강조형__.배너_테스트.통초코볼강조.몰티져스.양강조.__문선정_260918_빙과_이채윤,54,4,967,0,0,전환
2026-09-18,120252409316410659,[빙과_크런치봉봉] 26.09_크봉출시_ASC_전환_image_전체타겟_9월 3주차,[빙과_크봉] 26.09_크봉출시_ASC_전환_image_전체타겟_9월 3주차,[26.09]F_I_CB바_전환_크봉출시_제품강조형__.배너_테스트.통초코볼강조.몰티져스.양강조.__문선정_260918_빙과_이채윤,10,0,160,0,0,전환
2026-09-18,120252409319740659,[빙과_크런치봉봉] 26.09_크봉출시_수동_전환_image_전체타겟,0918_크봉_통초코볼+코팅,[26.09]F_I_CB바_전환_크봉출시_제품강조형__.배너_테스트.통초코볼강조.몰티져스.저당강조.__문선정_260918_빙과_이채윤,440,15,8875,0,0,전환
2026-09-18,120252409321150659,[빙과_크런치봉봉] 26.09_크봉출시_ASC_전환_image_전체타겟_9월 3주차,[빙과_크봉] 26.09_크봉출시_ASC_전환_image_전체타겟_9월 3주차,[26.09]F_I_CB바_전환_크봉출시_제품강조형__.배너_테스트.통초코볼강조.몰티져스.저당강조.__문선정_260918_빙과_이채윤,5,1,143,0,0,전환
2026-09-18,120252409326440659,[빙과_크런치봉봉] 26.09_크봉출시_수동_전환_image_전체타겟,0918_크봉_통초코볼+코팅,[26.09]F_I_CB바_전환_크봉출시_제품강조형__.배너_테스트.통초코볼강조.무제한엄외.__문선정_260918_빙과_이채윤,290,15,6329,3,0,전환
2026-09-18,120252409327120659,[빙과_크런치봉봉] 26.09_크봉출시_ASC_전환_image_전체타겟_9월 3주차,[빙과_크봉] 26.09_크봉출시_ASC_전환_image_전체타겟_9월 3주차,[26.09]F_I_CB바_전환_크봉출시_제품강조형__.배너_테스트.통초코볼강조.무제한엄외.__문선정_260918_빙과_이채윤,8,0,156,0,0,전환
2026-09-18,120252409334390659,[빙과_크런치봉봉] 26.09_크봉출시_수동_전환_image_전체타겟,0918_크봉_통초코볼+코팅,[26.09]F_I_CB바_전환_크봉출시_제품강조형__.배너_테스트.통초코볼강조.무제한초코볼파티.__문선정_260918_빙과_이채윤,435,10,9594,1,0,전환
2026-09-18,120252409335500659,[빙과_크런치봉봉] 26.09_크봉출시_ASC_전환_image_전체타겟_9월 3주차,[빙과_크봉] 26.09_크봉출시_ASC_전환_image_전체타겟_9월 3주차,[26.09]F_I_CB바_전환_크봉출시_제품강조형__.배너_테스트.통초코볼강조.무제한초코볼파티.__문선정_260918_빙과_이채윤,40,1,632,0,0,전환
2026-09-18,120252409338420659,[빙과_크런치봉봉] 26.09_크봉출시_수동_전환_image_전체타겟,0918_크봉_통초코볼+코팅,[26.09]F_I_CB바_전환_크봉출시_제품강조형__.배너_테스트.통초코볼강조.슈팅스타.__문선정_260918_빙과_이채윤,65,2,1226,0,0,전환
2026-09-19,120252408301910659,[빙과_파인트_블프] 26.09_빙과블프_ASC_전환_video_전체타겟_9월 3주차_CS전화네고/책상네고,[빙과_파인트_블프] 26.09_빙과블프_ASC_전환_video_전체타겟_9월 3주차_CS전화네고/책상네고,[26.09]F_V_P혼_전환_빙과블프_네고형_전화네고형_main.릴스_공통.9월.수민PJ_파인트P_고가영_260918_빙과_이수민,146,2,1841,0,13,전환
2026-09-19,120252408314950659,[빙과_파인트_블프] 26.09_빙과블프_ASC_전환_video_전체타겟_9월 3주차_CS전화네고/책상네고,[빙과_파인트_블프] 26.09_빙과블프_ASC_전환_video_전체타겟_9월 3주차_CS전화네고/책상네고,[26.09]F_V_P혼_전환_빙과블프_네고형_전화네고형_var1.릴스_취식1.9월.수민PJ_파인트P_고가영_260918_빙과_이수민,198782,3275,1781114,142,20458,전환
2026-09-19,120252408324550659,[빙과_파인트_블프] 26.09_빙과블프_ASC_전환_video_전체타겟_9월 3주차_CS전화네고/책상네고,[빙과_파인트_블프] 26.09_빙과블프_ASC_전환_video_전체타겟_9월 3주차_CS전화네고/책상네고,[26.09]F_V_P혼_전환_빙과블프_네고형_책상네고형_main.릴스_공통.9월.수민PJ_파인트P_고가영_260918_빙과_이수민,631,11,13552,1,49,전환
2026-09-19,120252408336490659,[빙과_파인트_블프] 26.09_빙과블프_ASC_전환_video_전체타겟_9월 3주차_CS전화네고/책상네고,[빙과_파인트_블프] 26.09_빙과블프_ASC_전환_video_전체타겟_9월 3주차_CS전화네고/책상네고,[26.09]F_V_P혼_전환_빙과블프_네고형_책상네고형_var1.릴스_쾅쾅쾅어그로.9월.수민PJ_파인트P_고가영_260918_빙과_이수민,157,1,2430,0,8,전환
2026-09-19,120252408353450659,[빙과_파인트_블프] 26.09_빙과블프_ASC_전환_video_전체타겟_9월 3주차_CS전화네고/책상네고,[빙과_파인트_블프] 26.09_빙과블프_ASC_전환_video_전체타겟_9월 3주차_CS전화네고/책상네고,[26.09]F_V_P혼_전환_빙과블프_네고형_전화네고형_var2.릴스_취식2.9월.수민PJ_파인트P_고가영_260918_빙과_이수민,181,2,2759,0,9,전환
2026-09-19,120252408985150659,[빙과_크런치봉봉] 26.09_크봉출시_수동_전환_image_전체타겟,0918_크봉_고효율(2),[26.09]F_I_CB바_전환_크봉출시_혜택강조형__.배너_고효율베리.몰티져스쏟아부은듯.4분할.__문선정_260918_빙과_이채윤,2868,58,39461,3,0,전환
2026-09-19,120252408990640659,[빙과_크런치봉봉] 26.09_크봉출시_수동_전환_image_전체타겟,0918_크봉_고효율(2),[26.09]F_I_CB바_전환_크봉출시_혜택강조형__.배너_고효율베리.반짝0원세일.__문선정_260918_빙과_이채윤,1725,31,28588,2,0,전환
2026-09-19,120252408996140659,[빙과_크런치봉봉] 26.09_크봉출시_수동_전환_image_전체타겟,0918_크봉_고효율(2),[26.09]F_I_CB바_전환_크봉출시_혜택강조형__.배너_고효율베리.왜나중에사세요.__문선정_260918_빙과_이채윤,1978,59,33599,4,0,전환
2026-09-19,120252408996770659,[빙과_크런치봉봉] 26.09_크봉출시_ASC_전환_image_전체타겟_9월 3주차,[빙과_크봉] 26.09_크봉출시_ASC_전환_image_전체타겟_9월 3주차,[26.09]F_I_CB바_전환_크봉출시_혜택강조형__.배너_고효율베리.왜나중에사세요.__문선정_260918_빙과_이채윤,248,6,5591,2,0,전환
2026-09-19,120252409000180659,[빙과_크런치봉봉] 26.09_크봉출시_수동_전환_image_전체타겟,0918_크봉_고효율(2),[26.09]F_I_CB바_전환_크봉출시_혜택강조형__.배너_고효율베리.저희가졌습니다.__문선정_260918_빙과_이채윤,166,1,2932,0,0,전환
2026-09-19,120252409004520659,[빙과_크런치봉봉] 26.09_크봉출시_ASC_전환_image_전체타겟_9월 3주차,[빙과_크봉] 26.09_크봉출시_ASC_전환_image_전체타겟_9월 3주차,[26.09]F_I_CB바_전환_크봉출시_혜택강조형__.배너_고효율베리.저희도죄송스럽습니다.__문선정_260918_빙과_이채윤,62,1,1662,0,0,전환
2026-09-19,120252409007270659,[빙과_크런치봉봉] 26.09_크봉출시_수동_전환_image_전체타겟,0918_크봉_고효율(2),[26.09]F_I_CB바_전환_크봉출시_혜택강조형__.배너_고효율베리.죄송합니다.__문선정_260918_빙과_이채윤,84,0,2815,0,0,전환
2026-09-19,120252409117760659,[빙과_크런치봉봉] 26.09_크봉출시_수동_전환_image_전체타겟,0918_크봉_양+권위+고효율,[26.09]F_I_CB바_전환_크봉출시_제품강조형__.배너_테스트.라라스윗권위.크봉시리즈.__문선정_260918_빙과_이채윤,1479,23,22929,0,0,전환
2026-09-19,120252409118380659,[빙과_크런치봉봉] 26.09_크봉출시_ASC_전환_image_전체타겟_9월 3주차,[빙과_크봉] 26.09_크봉출시_ASC_전환_image_전체타겟_9월 3주차,[26.09]F_I_CB바_전환_크봉출시_제품강조형__.배너_테스트.라라스윗권위.크봉시리즈.__문선정_260918_빙과_이채윤,729,6,12699,0,0,전환
2026-09-19,120252409120250659,[빙과_크런치봉봉] 26.09_크봉출시_수동_전환_image_전체타겟,0918_크봉_양+권위+고효율,[26.09]F_I_CB바_전환_크봉출시_제품강조형__.배너_테스트.라라스윗권위.판매량.__문선정_260918_빙과_이채윤,808,24,18669,2,0,전환
2026-09-19,120252409126450659,[빙과_크런치봉봉] 26.09_크봉출시_수동_전환_image_전체타겟,0918_크봉_양+권위+고효율,[26.09]F_I_CB바_전환_크봉출시_제품강조형__.배너_테스트.라라스윗권위.품귀.__문선정_260918_빙과_이채윤,91,3,2381,1,0,전환
2026-09-19,120252409129330659,[빙과_크런치봉봉] 26.09_크봉출시_수동_전환_image_전체타겟,0918_크봉_양+권위+고효율,[26.09]F_I_CB바_전환_크봉출시_제품강조형__.배너_테스트.초코볼양강조.비교프레임.__문선정_260918_빙과_이채윤,523,13,10801,2,0,전환
2026-09-19,120252409250400659,[빙과_크런치봉봉] 26.09_크봉출시_ASC_전환_image_전체타겟_9월 3주차,[빙과_크봉] 26.09_크봉출시_ASC_전환_image_전체타겟_9월 3주차,[26.09]F_I_CB바_전환_크봉출시_제품강조형__.배너_테스트.초코코팅강조.프리미엄.고디바.__문선정_260918_빙과_이채윤,116,4,2647,0,0,전환
2026-09-19,120252409254360659,[빙과_크런치봉봉] 26.09_크봉출시_ASC_전환_image_전체타겟_9월 3주차,[빙과_크봉] 26.09_크봉출시_ASC_전환_image_전체타겟_9월 3주차,[26.09]F_I_CB바_전환_크봉출시_제품강조형__.배너_테스트.초코코팅강조.프리미엄.로이스.__문선정_260918_빙과_이채윤,64,1,891,0,0,전환
2026-09-19,120252409268390659,[빙과_크런치봉봉] 26.09_크봉출시_수동_전환_image_전체타겟,0918_크봉_통초코볼+코팅,[26.09]F_I_CB바_전환_크봉출시_제품강조형__.배너_테스트.초코코팅강조.화제성.초코테린느.__문선정_260918_빙과_이채윤,204,3,3885,0,0,전환
2026-09-19,120252409272290659,[빙과_크런치봉봉] 26.09_크봉출시_수동_전환_image_전체타겟,0918_크봉_통초코볼+코팅,[26.09]F_I_CB바_전환_크봉출시_제품강조형__.배너_테스트.초코코팅강조.화제성.초코홍수.__문선정_260918_빙과_이채윤,173,6,3935,1,0,전환
2026-09-19,120252409275850659,[빙과_크런치봉봉] 26.09_크봉출시_수동_전환_image_전체타겟,0918_크봉_통초코볼+코팅,[26.09]F_I_CB바_전환_크봉출시_제품강조형__.배너_테스트.통초코볼강조.맛조합.__문선정_260918_빙과_이채윤,71,6,1905,0,0,전환
2026-09-19,120252409287370659,[빙과_크런치봉봉] 26.09_크봉출시_수동_전환_image_전체타겟,0918_크봉_양+권위+고효율,[26.09]F_I_CB바_전환_크봉출시_제품강조형__.배너_테스트.초코볼양강조.수치활용.__문선정_260918_빙과_이채윤,351,4,7665,0,0,전환
2026-09-19,120252409294640659,[빙과_크런치봉봉] 26.09_크봉출시_수동_전환_image_전체타겟,0918_크봉_양+권위+고효율,[26.09]F_I_CB바_전환_크봉출시_혜택강조형__.배너_고효율베리.가격실수안내.공지문.__문선정_260918_빙과_이채윤,1237,26,19426,0,0,전환
2026-09-19,120252409296630659,[빙과_크런치봉봉] 26.09_크봉출시_ASC_전환_image_전체타겟_9월 3주차,[빙과_크봉] 26.09_크봉출시_ASC_전환_image_전체타겟_9월 3주차,[26.09]F_I_CB바_전환_크봉출시_혜택강조형__.배너_고효율베리.가격실수안내.공지문.__문선정_260918_빙과_이채윤,19737,316,234632,19,0,전환
2026-09-19,120252409299340659,[빙과_크런치봉봉] 26.09_크봉출시_수동_전환_image_전체타겟,0918_크봉_양+권위+고효율,[26.09]F_I_CB바_전환_크봉출시_혜택강조형__.배너_고효율베리.가격조정안내.공지문.__문선정_260918_빙과_이채윤,497,7,7999,0,0,전환
2026-09-19,120252409299960659,[빙과_크런치봉봉] 26.09_크봉출시_ASC_전환_image_전체타겟_9월 3주차,[빙과_크봉] 26.09_크봉출시_ASC_전환_image_전체타겟_9월 3주차,[26.09]F_I_CB바_전환_크봉출시_혜택강조형__.배너_고효율베리.가격조정안내.공지문.__문선정_260918_빙과_이채윤,765,12,11371,1,0,전환
2026-09-19,120252409303500659,[빙과_크런치봉봉] 26.09_크봉출시_수동_전환_image_전체타겟,0918_크봉_양+권위+고효율,[26.09]F_I_CB바_전환_크봉출시_혜택강조형__.배너_고효율베리.다시는없어요.__문선정_260918_빙과_이채윤,73,4,2097,1,0,전환
2026-09-19,120252409304970659,[빙과_크런치봉봉] 26.09_크봉출시_ASC_전환_image_전체타겟_9월 3주차,[빙과_크봉] 26.09_크봉출시_ASC_전환_image_전체타겟_9월 3주차,[26.09]F_I_CB바_전환_크봉출시_혜택강조형__.배너_고효율베리.다시는없어요.__문선정_260918_빙과_이채윤,11,0,199,0,0,전환
2026-09-19,120252409308450659,[빙과_크런치봉봉] 26.09_크봉출시_수동_전환_image_전체타겟,0918_크봉_양+권위+고효율,[26.09]F_I_CB바_전환_크봉출시_혜택강조형__.배너_고효율베리.사과문.공지문.__문선정_260918_빙과_이채윤,47,0,828,0,0,전환
2026-09-19,120252409308880659,[빙과_크런치봉봉] 26.09_크봉출시_ASC_전환_image_전체타겟_9월 3주차,[빙과_크봉] 26.09_크봉출시_ASC_전환_image_전체타겟_9월 3주차,[26.09]F_I_CB바_전환_크봉출시_혜택강조형__.배너_고효율베리.사과문.공지문.__문선정_260918_빙과_이채윤,103,1,2243,0,0,전환
2026-09-19,120252409314210659,[빙과_크런치봉봉] 26.09_크봉출시_수동_전환_image_전체타겟,0918_크봉_통초코볼+코팅,[26.09]F_I_CB바_전환_크봉출시_제품강조형__.배너_테스트.통초코볼강조.몰티져스.양강조.__문선정_260918_빙과_이채윤,2358,65,39075,2,0,전환
2026-09-19,120252409316410659,[빙과_크런치봉봉] 26.09_크봉출시_ASC_전환_image_전체타겟_9월 3주차,[빙과_크봉] 26.09_크봉출시_ASC_전환_image_전체타겟_9월 3주차,[26.09]F_I_CB바_전환_크봉출시_제품강조형__.배너_테스트.통초코볼강조.몰티져스.양강조.__문선정_260918_빙과_이채윤,522,15,12497,1,0,전환
2026-09-19,120252409319740659,[빙과_크런치봉봉] 26.09_크봉출시_수동_전환_image_전체타겟,0918_크봉_통초코볼+코팅,[26.09]F_I_CB바_전환_크봉출시_제품강조형__.배너_테스트.통초코볼강조.몰티져스.저당강조.__문선정_260918_빙과_이채윤,2220,63,49932,5,0,전환
2026-09-19,120252409321150659,[빙과_크런치봉봉] 26.09_크봉출시_ASC_전환_image_전체타겟_9월 3주차,[빙과_크봉] 26.09_크봉출시_ASC_전환_image_전체타겟_9월 3주차,[26.09]F_I_CB바_전환_크봉출시_제품강조형__.배너_테스트.통초코볼강조.몰티져스.저당강조.__문선정_260918_빙과_이채윤,1302,44,24969,1,0,전환
2026-09-19,120252409326440659,[빙과_크런치봉봉] 26.09_크봉출시_수동_전환_image_전체타겟,0918_크봉_통초코볼+코팅,[26.09]F_I_CB바_전환_크봉출시_제품강조형__.배너_테스트.통초코볼강조.무제한엄외.__문선정_260918_빙과_이채윤,769,19,17259,0,0,전환
2026-09-19,120252409327120659,[빙과_크런치봉봉] 26.09_크봉출시_ASC_전환_image_전체타겟_9월 3주차,[빙과_크봉] 26.09_크봉출시_ASC_전환_image_전체타겟_9월 3주차,[26.09]F_I_CB바_전환_크봉출시_제품강조형__.배너_테스트.통초코볼강조.무제한엄외.__문선정_260918_빙과_이채윤,15,1,845,0,0,전환
2026-09-19,120252409334390659,[빙과_크런치봉봉] 26.09_크봉출시_수동_전환_image_전체타겟,0918_크봉_통초코볼+코팅,[26.09]F_I_CB바_전환_크봉출시_제품강조형__.배너_테스트.통초코볼강조.무제한초코볼파티.__문선정_260918_빙과_이채윤,131,3,3121,1,0,전환
2026-09-19,120252409335500659,[빙과_크런치봉봉] 26.09_크봉출시_ASC_전환_image_전체타겟_9월 3주차,[빙과_크봉] 26.09_크봉출시_ASC_전환_image_전체타겟_9월 3주차,[26.09]F_I_CB바_전환_크봉출시_제품강조형__.배너_테스트.통초코볼강조.무제한초코볼파티.__문선정_260918_빙과_이채윤,68,3,1710,2,0,전환
2026-09-19,120252409338420659,[빙과_크런치봉봉] 26.09_크봉출시_수동_전환_image_전체타겟,0918_크봉_통초코볼+코팅,[26.09]F_I_CB바_전환_크봉출시_제품강조형__.배너_테스트.통초코볼강조.슈팅스타.__문선정_260918_빙과_이채윤,59,1,1179,0,0,전환
2026-09-20,120252408314950659,[빙과_파인트_블프] 26.09_빙과블프_ASC_전환_video_전체타겟_9월 3주차_CS전화네고/책상네고,[빙과_파인트_블프] 26.09_빙과블프_ASC_전환_video_전체타겟_9월 3주차_CS전화네고/책상네고,[26.09]F_V_P혼_전환_빙과블프_네고형_전화네고형_var1.릴스_취식1.9월.수민PJ_파인트P_고가영_260918_빙과_이수민,96098,1988,907888,64,11603,전환
2026-09-20,120252408336490659,[빙과_파인트_블프] 26.09_빙과블프_ASC_전환_video_전체타겟_9월 3주차_CS전화네고/책상네고,[빙과_파인트_블프] 26.09_빙과블프_ASC_전환_video_전체타겟_9월 3주차_CS전화네고/책상네고,[26.09]F_V_P혼_전환_빙과블프_네고형_책상네고형_var1.릴스_쾅쾅쾅어그로.9월.수민PJ_파인트P_고가영_260918_빙과_이수민,2,0,11,0,0,전환
2026-09-20,120252408353450659,[빙과_파인트_블프] 26.09_빙과블프_ASC_전환_video_전체타겟_9월 3주차_CS전화네고/책상네고,[빙과_파인트_블프] 26.09_빙과블프_ASC_전환_video_전체타겟_9월 3주차_CS전화네고/책상네고,[26.09]F_V_P혼_전환_빙과블프_네고형_전화네고형_var2.릴스_취식2.9월.수민PJ_파인트P_고가영_260918_빙과_이수민,1,0,27,0,0,전환
2026-09-20,120252408985150659,[빙과_크런치봉봉] 26.09_크봉출시_수동_전환_image_전체타겟,0918_크봉_고효율(2),[26.09]F_I_CB바_전환_크봉출시_혜택강조형__.배너_고효율베리.몰티져스쏟아부은듯.4분할.__문선정_260918_빙과_이채윤,314,2,3201,0,0,전환
2026-09-20,120252408990640659,[빙과_크런치봉봉] 26.09_크봉출시_수동_전환_image_전체타겟,0918_크봉_고효율(2),[26.09]F_I_CB바_전환_크봉출시_혜택강조형__.배너_고효율베리.반짝0원세일.__문선정_260918_빙과_이채윤,94,1,1614,0,0,전환
2026-09-20,120252408996140659,[빙과_크런치봉봉] 26.09_크봉출시_수동_전환_image_전체타겟,0918_크봉_고효율(2),[26.09]F_I_CB바_전환_크봉출시_혜택강조형__.배너_고효율베리.왜나중에사세요.__문선정_260918_빙과_이채윤,63,2,909,0,0,전환
2026-09-20,120252408996770659,[빙과_크런치봉봉] 26.09_크봉출시_ASC_전환_image_전체타겟_9월 3주차,[빙과_크봉] 26.09_크봉출시_ASC_전환_image_전체타겟_9월 3주차,[26.09]F_I_CB바_전환_크봉출시_혜택강조형__.배너_고효율베리.왜나중에사세요.__문선정_260918_빙과_이채윤,128,0,2819,0,0,전환
2026-09-20,120252409000180659,[빙과_크런치봉봉] 26.09_크봉출시_수동_전환_image_전체타겟,0918_크봉_고효율(2),[26.09]F_I_CB바_전환_크봉출시_혜택강조형__.배너_고효율베리.저희가졌습니다.__문선정_260918_빙과_이채윤,19,1,321,0,0,전환
2026-09-20,120252409004520659,[빙과_크런치봉봉] 26.09_크봉출시_ASC_전환_image_전체타겟_9월 3주차,[빙과_크봉] 26.09_크봉출시_ASC_전환_image_전체타겟_9월 3주차,[26.09]F_I_CB바_전환_크봉출시_혜택강조형__.배너_고효율베리.저희도죄송스럽습니다.__문선정_260918_빙과_이채윤,16,1,550,0,0,전환
2026-09-20,120252409118380659,[빙과_크런치봉봉] 26.09_크봉출시_ASC_전환_image_전체타겟_9월 3주차,[빙과_크봉] 26.09_크봉출시_ASC_전환_image_전체타겟_9월 3주차,[26.09]F_I_CB바_전환_크봉출시_제품강조형__.배너_테스트.라라스윗권위.크봉시리즈.__문선정_260918_빙과_이채윤,56,0,1148,1,0,전환
2026-09-20,120252409120250659,[빙과_크런치봉봉] 26.09_크봉출시_수동_전환_image_전체타겟,0918_크봉_양+권위+고효율,[26.09]F_I_CB바_전환_크봉출시_제품강조형__.배너_테스트.라라스윗권위.판매량.__문선정_260918_빙과_이채윤,912,12,22615,1,0,전환
2026-09-20,120252409126450659,[빙과_크런치봉봉] 26.09_크봉출시_수동_전환_image_전체타겟,0918_크봉_양+권위+고효율,[26.09]F_I_CB바_전환_크봉출시_제품강조형__.배너_테스트.라라스윗권위.품귀.__문선정_260918_빙과_이채윤,72,2,1887,0,0,전환
2026-09-20,120252409129330659,[빙과_크런치봉봉] 26.09_크봉출시_수동_전환_image_전체타겟,0918_크봉_양+권위+고효율,[26.09]F_I_CB바_전환_크봉출시_제품강조형__.배너_테스트.초코볼양강조.비교프레임.__문선정_260918_빙과_이채윤,2274,31,60131,5,0,전환
2026-09-20,120252409250400659,[빙과_크런치봉봉] 26.09_크봉출시_ASC_전환_image_전체타겟_9월 3주차,[빙과_크봉] 26.09_크봉출시_ASC_전환_image_전체타겟_9월 3주차,[26.09]F_I_CB바_전환_크봉출시_제품강조형__.배너_테스트.초코코팅강조.프리미엄.고디바.__문선정_260918_빙과_이채윤,3,1,49,0,0,전환
2026-09-20,120252409254360659,[빙과_크런치봉봉] 26.09_크봉출시_ASC_전환_image_전체타겟_9월 3주차,[빙과_크봉] 26.09_크봉출시_ASC_전환_image_전체타겟_9월 3주차,[26.09]F_I_CB바_전환_크봉출시_제품강조형__.배너_테스트.초코코팅강조.프리미엄.로이스.__문선정_260918_빙과_이채윤,5,0,98,0,0,전환
2026-09-20,120252409268390659,[빙과_크런치봉봉] 26.09_크봉출시_수동_전환_image_전체타겟,0918_크봉_통초코볼+코팅,[26.09]F_I_CB바_전환_크봉출시_제품강조형__.배너_테스트.초코코팅강조.화제성.초코테린느.__문선정_260918_빙과_이채윤,5,0,277,0,0,전환
2026-09-20,120252409272290659,[빙과_크런치봉봉] 26.09_크봉출시_수동_전환_image_전체타겟,0918_크봉_통초코볼+코팅,[26.09]F_I_CB바_전환_크봉출시_제품강조형__.배너_테스트.초코코팅강조.화제성.초코홍수.__문선정_260918_빙과_이채윤,30,1,682,0,0,전환
2026-09-20,120252409275850659,[빙과_크런치봉봉] 26.09_크봉출시_수동_전환_image_전체타겟,0918_크봉_통초코볼+코팅,[26.09]F_I_CB바_전환_크봉출시_제품강조형__.배너_테스트.통초코볼강조.맛조합.__문선정_260918_빙과_이채윤,39,0,890,0,0,전환
2026-09-20,120252409287370659,[빙과_크런치봉봉] 26.09_크봉출시_수동_전환_image_전체타겟,0918_크봉_양+권위+고효율,[26.09]F_I_CB바_전환_크봉출시_제품강조형__.배너_테스트.초코볼양강조.수치활용.__문선정_260918_빙과_이채윤,100,1,2766,0,0,전환
2026-09-20,120252409296630659,[빙과_크런치봉봉] 26.09_크봉출시_ASC_전환_image_전체타겟_9월 3주차,[빙과_크봉] 26.09_크봉출시_ASC_전환_image_전체타겟_9월 3주차,[26.09]F_I_CB바_전환_크봉출시_혜택강조형__.배너_고효율베리.가격실수안내.공지문.__문선정_260918_빙과_이채윤,2431,43,44386,2,0,전환
2026-09-20,120252409299340659,[빙과_크런치봉봉] 26.09_크봉출시_수동_전환_image_전체타겟,0918_크봉_양+권위+고효율,[26.09]F_I_CB바_전환_크봉출시_혜택강조형__.배너_고효율베리.가격조정안내.공지문.__문선정_260918_빙과_이채윤,988,15,17762,1,0,전환
2026-09-20,120252409299960659,[빙과_크런치봉봉] 26.09_크봉출시_ASC_전환_image_전체타겟_9월 3주차,[빙과_크봉] 26.09_크봉출시_ASC_전환_image_전체타겟_9월 3주차,[26.09]F_I_CB바_전환_크봉출시_혜택강조형__.배너_고효율베리.가격조정안내.공지문.__문선정_260918_빙과_이채윤,180,2,2775,0,0,전환
2026-09-20,120252409303500659,[빙과_크런치봉봉] 26.09_크봉출시_수동_전환_image_전체타겟,0918_크봉_양+권위+고효율,[26.09]F_I_CB바_전환_크봉출시_혜택강조형__.배너_고효율베리.다시는없어요.__문선정_260918_빙과_이채윤,890,18,20259,1,0,전환
2026-09-20,120252409304970659,[빙과_크런치봉봉] 26.09_크봉출시_ASC_전환_image_전체타겟_9월 3주차,[빙과_크봉] 26.09_크봉출시_ASC_전환_image_전체타겟_9월 3주차,[26.09]F_I_CB바_전환_크봉출시_혜택강조형__.배너_고효율베리.다시는없어요.__문선정_260918_빙과_이채윤,2,0,80,0,0,전환
2026-09-20,120252409308450659,[빙과_크런치봉봉] 26.09_크봉출시_수동_전환_image_전체타겟,0918_크봉_양+권위+고효율,[26.09]F_I_CB바_전환_크봉출시_혜택강조형__.배너_고효율베리.사과문.공지문.__문선정_260918_빙과_이채윤,35,3,1588,2,0,전환
2026-09-20,120252409308880659,[빙과_크런치봉봉] 26.09_크봉출시_ASC_전환_image_전체타겟_9월 3주차,[빙과_크봉] 26.09_크봉출시_ASC_전환_image_전체타겟_9월 3주차,[26.09]F_I_CB바_전환_크봉출시_혜택강조형__.배너_고효율베리.사과문.공지문.__문선정_260918_빙과_이채윤,9,1,277,0,0,전환
2026-09-20,120252409314210659,[빙과_크런치봉봉] 26.09_크봉출시_수동_전환_image_전체타겟,0918_크봉_통초코볼+코팅,[26.09]F_I_CB바_전환_크봉출시_제품강조형__.배너_테스트.통초코볼강조.몰티져스.양강조.__문선정_260918_빙과_이채윤,24,0,262,0,0,전환
2026-09-20,120252409316410659,[빙과_크런치봉봉] 26.09_크봉출시_ASC_전환_image_전체타겟_9월 3주차,[빙과_크봉] 26.09_크봉출시_ASC_전환_image_전체타겟_9월 3주차,[26.09]F_I_CB바_전환_크봉출시_제품강조형__.배너_테스트.통초코볼강조.몰티져스.양강조.__문선정_260918_빙과_이채윤,495,16,11028,2,0,전환
2026-09-20,120252409319740659,[빙과_크런치봉봉] 26.09_크봉출시_수동_전환_image_전체타겟,0918_크봉_통초코볼+코팅,[26.09]F_I_CB바_전환_크봉출시_제품강조형__.배너_테스트.통초코볼강조.몰티져스.저당강조.__문선정_260918_빙과_이채윤,2526,60,52343,3,0,전환
2026-09-20,120252409321150659,[빙과_크런치봉봉] 26.09_크봉출시_ASC_전환_image_전체타겟_9월 3주차,[빙과_크봉] 26.09_크봉출시_ASC_전환_image_전체타겟_9월 3주차,[26.09]F_I_CB바_전환_크봉출시_제품강조형__.배너_테스트.통초코볼강조.몰티져스.저당강조.__문선정_260918_빙과_이채윤,14,1,361,0,0,전환
2026-09-20,120252409326440659,[빙과_크런치봉봉] 26.09_크봉출시_수동_전환_image_전체타겟,0918_크봉_통초코볼+코팅,[26.09]F_I_CB바_전환_크봉출시_제품강조형__.배너_테스트.통초코볼강조.무제한엄외.__문선정_260918_빙과_이채윤,201,3,4394,0,0,전환
2026-09-20,120252409327120659,[빙과_크런치봉봉] 26.09_크봉출시_ASC_전환_image_전체타겟_9월 3주차,[빙과_크봉] 26.09_크봉출시_ASC_전환_image_전체타겟_9월 3주차,[26.09]F_I_CB바_전환_크봉출시_제품강조형__.배너_테스트.통초코볼강조.무제한엄외.__문선정_260918_빙과_이채윤,29,0,506,0,0,전환
2026-09-20,120252409334390659,[빙과_크런치봉봉] 26.09_크봉출시_수동_전환_image_전체타겟,0918_크봉_통초코볼+코팅,[26.09]F_I_CB바_전환_크봉출시_제품강조형__.배너_테스트.통초코볼강조.무제한초코볼파티.__문선정_260918_빙과_이채윤,18,2,548,0,0,전환
2026-09-20,120252409335500659,[빙과_크런치봉봉] 26.09_크봉출시_ASC_전환_image_전체타겟_9월 3주차,[빙과_크봉] 26.09_크봉출시_ASC_전환_image_전체타겟_9월 3주차,[26.09]F_I_CB바_전환_크봉출시_제품강조형__.배너_테스트.통초코볼강조.무제한초코볼파티.__문선정_260918_빙과_이채윤,45,2,1208,0,0,전환
2026-09-20,120252409338420659,[빙과_크런치봉봉] 26.09_크봉출시_수동_전환_image_전체타겟,0918_크봉_통초코볼+코팅,[26.09]F_I_CB바_전환_크봉출시_제품강조형__.배너_테스트.통초코볼강조.슈팅스타.__문선정_260918_빙과_이채윤,1,0,9,0,0,전환
2026-09-19,120252408368990659,[빙과_파인트_블프] 26.09_빙과블프_ASC_전환_video_전체타겟_9월 3주차_CS전화네고/책상네고,[빙과_파인트_블프] 26.09_빙과블프_ASC_전환_video_전체타겟_9월 3주차_CS전화네고/책상네고,[26.09]F_V_P혼_전환_빙과블프_네고형_전화네고형_var3.릴스_블프강조.9월.수민PJ_파인트P_고가영_260918_빙과_이수민,104,2,2386,0,4,전환
2026-09-19,120252408390880659,[빙과_파인트_블프] 26.09_빙과블프_ASC_전환_video_전체타겟_9월 3주차_CS전화네고/책상네고,[빙과_파인트_블프] 26.09_빙과블프_ASC_전환_video_전체타겟_9월 3주차_CS전화네고/책상네고,[26.09]F_V_P혼_전환_빙과블프_네고형_책상네고형_var2.릴스_계산해줘.9월.수민PJ_파인트P_고가영_260918_빙과_이수민,759,16,9524,4,68,전환
2026-09-19,120252408406470659,[빙과_파인트_블프] 26.09_빙과블프_ASC_전환_video_전체타겟_9월 3주차_CS전화네고/책상네고,[빙과_파인트_블프] 26.09_빙과블프_ASC_전환_video_전체타겟_9월 3주차_CS전화네고/책상네고,[26.09]F_V_P혼_전환_빙과블프_네고형_책상네고형_var3.릴스_취식1.9월.수민PJ_파인트P_고가영_260918_빙과_이수민,101,1,1638,0,6,전환
2026-09-19,120252408419340659,[빙과_파인트_블프] 26.09_빙과블프_ASC_전환_video_전체타겟_9월 3주차_CS전화네고/책상네고,[빙과_파인트_블프] 26.09_빙과블프_ASC_전환_video_전체타겟_9월 3주차_CS전화네고/책상네고,[26.09]F_V_P혼_전환_빙과블프_네고형_전화네고형_var4.릴스_상황강조.9월.수민PJ_파인트P_고가영_260918_빙과_이수민,273,2,3741,0,19,전환
2026-09-19,120252408431760659,[빙과_파인트_블프] 26.09_빙과블프_ASC_전환_video_전체타겟_9월 3주차_CS전화네고/책상네고,[빙과_파인트_블프] 26.09_빙과블프_ASC_전환_video_전체타겟_9월 3주차_CS전화네고/책상네고,[26.09]F_V_P혼_전환_빙과블프_네고형_책상네고형_var4.릴스_취식2.9월.수민PJ_파인트P_고가영_260918_빙과_이수민,1720,23,19558,0,110,전환
2026-09-19,120252408761140659,[빙과_파인트] 26.09_재집행_ASC_전환_video_전체타겟,[빙과_파인트] 26.09_재집행_ASC_전환_video_전체타겟,[25.07]F_V_P말_전환_멜론바리뉴얼기념_대화형_역네고형_var2.릴스_조회수200만._2507KR1_이석영_250722_1T_이신규,787,9,12820,0,85,전환
2026-09-19,120252408761150659,[빙과_파인트] 26.09_재집행_ASC_전환_video_전체타겟,[빙과_파인트] 26.09_재집행_ASC_전환_video_전체타겟,[25.07]F_V_P말_전환_멜론바리뉴얼기념_대화형_네고형_main.릴스_집에서네고._2507KR1_이석영_250721_1T_이신규,1011,11,20683,0,42,전환
2026-09-19,120252408761160659,[빙과_파인트] 26.09_재집행_ASC_전환_video_전체타겟,[빙과_파인트] 26.09_재집행_ASC_전환_video_전체타겟,[25.07]F_V_P초_전환_멜론바리뉴얼기념_직원리뷰형_초코파인트_main.릴스_악플후킹._2507KR1_영상팀_250725_1T_한지희,11,0,203,0,1,전환
2026-09-19,120252408761170659,[빙과_파인트] 26.09_재집행_ASC_전환_video_전체타겟,[빙과_파인트] 26.09_재집행_ASC_전환_video_전체타겟,[25.07]F_V_P초_전환_멜론바리뉴얼기념_대화형_역네고_main.릴스_쫀득후킹._2507KR1_영상팀_250725_1T_윤하린,7,0,336,0,0,전환
2026-09-19,120252408761180659,[빙과_파인트] 26.09_재집행_ASC_전환_video_전체타겟,[빙과_파인트] 26.09_재집행_ASC_전환_video_전체타겟,[25.11]F_V_P복_전환_복요파출시_네고형_전화네고_var1.릴스_페인포인트._2511KR0_안예빈_251128_1T_정요한,40,0,743,0,3,전환
2026-09-19,120252408761190659,[빙과_파인트] 26.09_재집행_ASC_전환_video_전체타겟,[빙과_파인트] 26.09_재집행_ASC_전환_video_전체타겟,[25.07]F_V_P초_전환_멜론바리뉴얼기념_대화형_역네고_var2.릴스_이사악플._2507KR1_영상팀_250725_1T_윤하린,1592,30,32899,3,116,전환
2026-09-19,120252408761200659,[빙과_파인트] 26.09_재집행_ASC_전환_video_전체타겟,[빙과_파인트] 26.09_재집행_ASC_전환_video_전체타겟,[25.07]F_V_P초_전환_멜론바리뉴얼기념_악플읽기형_가격_var3.릴스_비주얼선._2507KR2_영상팀_250725_1T_노현경,1363,18,20961,0,134,전환
2026-09-19,120252408761220659,[빙과_파인트] 26.09_재집행_ASC_전환_video_전체타겟,[빙과_파인트] 26.09_재집행_ASC_전환_video_전체타겟,[25.12]F_V_P복_전환_복요파출시_기타_미틀리에(소고기)BP_var2.릴스_반반._2512KR0_전시은_251219_1T_피재은,833,13,9777,1,84,전환
2026-09-19,120252408761230659,[빙과_파인트] 26.09_재집행_ASC_전환_video_전체타겟,[빙과_파인트] 26.09_재집행_ASC_전환_video_전체타겟,[26.03]F_V_P초_전환_복요파출시_네고형_전화네고형_var3.릴스_CS. 본론.03_00_고가영_260306_1T_강다빈,52,1,878,0,4,전환
2026-09-19,120252408761270659,[빙과_파인트] 26.09_재집행_ASC_전환_video_전체타겟,[빙과_파인트] 26.09_재집행_ASC_전환_video_전체타겟,[25.10]F_V_P말_전환_멜론바리뉴얼기념_네고형_고독한미식가_var2.릴스_네고버전.숏._2510KR1_안예빈_251017_1T_조의진,67,1,691,0,6,전환
2026-09-19,120252408761280659,[빙과_파인트] 26.09_재집행_ASC_전환_video_전체타겟,[빙과_파인트] 26.09_재집행_ASC_전환_video_전체타겟,[26.02]F_V_P복_전환_복요파출시_네고형_전라도청년BP_main.릴스_공통부터.03_00_전시은_260227_1T_이미진,85,2,1295,1,5,전환
2026-09-19,120252408761290659,[빙과_파인트] 26.09_재집행_ASC_전환_video_전체타겟,[빙과_파인트] 26.09_재집행_ASC_전환_video_전체타겟,[25.09]F_V_P요_전환_생요파출시_네고형_기본_main.릴스_바로본론._2509KR1_이석영_250918_2T_김지연,117,1,2103,0,7,전환
2026-09-19,120252408761300659,[빙과_파인트] 26.09_재집행_ASC_전환_video_전체타겟,[빙과_파인트] 26.09_재집행_ASC_전환_video_전체타겟,[26.04]F_V_P망_전환_망요파출시_쩜오건_마미케어BP_main.릴스_기본.가격구성집중.재원PJ1_1C_최재원_260417_1T_최재원,25,0,427,0,4,전환
2026-09-19,120252408761320659,[빙과_파인트] 26.09_재집행_ASC_전환_video_전체타겟,[빙과_파인트] 26.09_재집행_ASC_전환_video_전체타겟,[25.10]F_V_P말_전환_멜론바리뉴얼기념_네고형_역네고_var2.릴스_숏._2510KR0_안예빈_251031_1T_조의진,106,5,2688,0,6,전환
2026-09-19,120252408761340659,[빙과_파인트] 26.09_재집행_ASC_전환_video_전체타겟,[빙과_파인트] 26.09_재집행_ASC_전환_video_전체타겟,[26.04]F_V_P망_전환_망요파출시_네고형_관계성네고형_var1.릴스_규모감.X_1C_고가영_260424_1T_이미진,27,0,431,0,5,전환
2026-09-19,120252408788050659,[빙과_파인트] 26.09_재집행_수동_전환_video_전체타겟,8월 2주차_재집행_P망,[26.04]F_V_P망_전환_망요파출시_쩜오건_마미케어BP_main.릴스_기본.가격구성집중.재원PJ1_1C_최재원_260417_1T_최재원,1608,9,26533,2,33,전환
2026-09-19,120252408788060659,[빙과_파인트] 26.09_재집행_수동_전환_video_전체타겟,8월 2주차_재집행_P말_3,[25.10]F_V_P말_전환_멜론바리뉴얼기념_네고형_역네고_var1.릴스_오마카세._2510KR0_안예빈_251031_1T_조의진,138,1,2413,0,5,전환
2026-09-19,120252408788080659,[빙과_파인트] 26.09_재집행_수동_전환_video_전체타겟,8월 2주차_재집행_P말_3,[25.08]F_V_P말_전환_넛티초콜릿출시_제품강조형_먹스타_main.릴스_제품중심후킹._2508KR3_이유빈_250827_2T_홍민석,2169,26,26568,1,59,전환
2026-09-19,120252408788100659,[빙과_파인트] 26.09_재집행_수동_전환_video_전체타겟,8월 2주차_재집행_P말_3,[25.10]F_V_P말_전환_멜론바리뉴얼기념_네고형_고독한미식가_var2.릴스_네고버전.숏._2510KR1_안예빈_251017_1T_조의진,676,4,7334,0,26,전환
2026-09-19,120252408788120659,[빙과_파인트] 26.09_재집행_수동_전환_video_전체타겟,8월 2주차_재집행_P망,[26.04]F_V_P망_전환_망요파출시_네고형_관계성네고형_var1.릴스_규모감.X_1C_고가영_260424_1T_이미진,104,1,2441,0,9,전환
2026-09-19,120252408788130659,[빙과_파인트] 26.09_재집행_수동_전환_video_전체타겟,8월 2주차_재집행_P망,[26.04]F_V_P망_전환_망요파출시_네고형_관계성네고형_var5.릴스_지역페르소나.망고.(재)_1C_고가영_260413_1T_이봄1,954,19,14537,2,168,전환
2026-09-19,120252408788140659,[빙과_파인트] 26.09_재집행_수동_전환_video_전체타겟,8월 2주차_재집행_P망,[26.04]F_V_P망_전환_망요파출시_취식강조형_asmr_var1.릴스_한정성.02_1C_고가영_260404_1T_이봄1,512,6,9736,1,13,전환
2026-09-19,120252408788150659,[빙과_파인트] 26.09_재집행_수동_전환_video_전체타겟,8월 2주차_재집행_P망,[26.04]F_V_P망_전환_망요파출시_네고형_지인네고형_var3.릴스_규모감.X_1C_고가영_260417_1T_이봄1,2076,36,42280,1,196,전환
2026-09-19,120252408788260659,[빙과_파인트] 26.09_재집행_수동_전환_video_전체타겟,8월 2주차_재집행_P복_2,[26.02]F_V_P복_전환_복요파출시_네고형_전라도청년BP_main.릴스_공통부터.03_00_전시은_260227_1T_이미진,1755,28,25445,0,129,전환
2026-09-19,120252408788270659,[빙과_파인트] 26.09_재집행_수동_전환_video_전체타겟,8월 2주차_재집행_P복_2,[25.12]F_V_P복_전환_복요파출시_기타_소고기BP_var2.릴스_원물 강조._2512KR0_전시은_251226_1T_피재은,1194,10,13860,3,129,전환
2026-09-19,120252408788380659,[빙과_파인트] 26.09_재집행_수동_전환_video_전체타겟,8월 2주차_재집행_P복_2,[25.12]F_V_P복_전환_복요파출시_기타_미틀리에(소고기)BP_var2.릴스_반반._2512KR0_전시은_251219_1T_피재은,720,9,9882,1,60,전환
2026-09-19,120252408788440659,[빙과_파인트] 26.09_재집행_수동_전환_video_전체타겟,8월 2주차_재집행_P초_3,[26.03]F_V_P초_전환_복요파출시_네고형_취식책상네고형.(재)_var3.릴스_pov.03_00_고가영_260306_1T_피재은,1663,23,21798,0,164,전환
2026-09-19,120252408788450659,[빙과_파인트] 26.09_재집행_수동_전환_video_전체타겟,8월 2주차_재집행_P복_1,[25.11]F_V_P복_전환_복요파출시_네고형_네고_var6.릴스_할인혜택.제목._2511KR0_안예빈_251111_1T_조의진,1224,10,21600,0,69,전환
2026-09-19,120252408788470659,[빙과_파인트] 26.09_재집행_수동_전환_video_전체타겟,8월 2주차_재집행_P말_1,[25.07]F_V_P말_전환_멜론바리뉴얼기념_대화형_네고형_main.릴스_집에서네고._2507KR1_이석영_250721_1T_이신규,1837,27,37913,1,81,전환
2026-09-19,120252408788480659,[빙과_파인트] 26.09_재집행_수동_전환_video_전체타겟,8월 2주차_재집행_P말_1,[25.05]F_V_P말_전환_썸머베셀_고객후기형_맛비주얼_스푸닝.릴스_지금사야개이득.파인트말차_2505KR3_이석영_250522_한지희,728,5,12342,1,11,전환
2026-09-19,120252408788490659,[빙과_파인트] 26.09_재집행_수동_전환_video_전체타겟,8월 2주차_재집행_P복_1,[25.11]F_V_P복_전환_복요파출시_네고형_전화네고_var1.릴스_페인포인트._2511KR0_안예빈_251128_1T_정요한,1024,9,17092,0,29,전환
2026-09-19,120252408788500659,[빙과_파인트] 26.09_재집행_수동_전환_video_전체타겟,8월 2주차_재집행_P말_1,[25.07]F_V_P말_전환_멜론바리뉴얼기념_대화형_역네고형_var6.릴스_파인트.비주얼첫컷._2507KR1_이하늘_250717_2T_정요한,533,5,10126,1,16,전환
2026-09-19,120252408788510659,[빙과_파인트] 26.09_재집행_수동_전환_video_전체타겟,8월 2주차_재집행_P복_1,[25.11]F_V_P복_전환_상시_취식강조형_ASMR_main.릴스_토핑+혜택._2511KR0_안예빈_251128_2T_신지우,1257,15,20932,0,45,전환
2026-09-19,120252408788520659,[빙과_파인트] 26.09_재집행_수동_전환_video_전체타겟,8월 2주차_재집행_P말_1,[25.07]F_V_P말_전환_멜론바리뉴얼기념_대화형_역네고형_var2.릴스_조회수200만._2507KR1_이석영_250722_1T_이신규,1290,11,21688,0,157,전환
2026-09-19,120252408788570659,[빙과_파인트] 26.09_재집행_수동_전환_video_전체타겟,8월 2주차_재집행_P복_1,[25.11]F_V_P복_전환_복요파출시_네고형_네고_var4.릴스_할인혜택._2511KR0_안예빈_251111_1T_조의진,1109,16,27151,0,55,전환
2026-09-20,120252408368990659,[빙과_파인트_블프] 26.09_빙과블프_ASC_전환_video_전체타겟_9월 3주차_CS전화네고/책상네고,[빙과_파인트_블프] 26.09_빙과블프_ASC_전환_video_전체타겟_9월 3주차_CS전화네고/책상네고,[26.09]F_V_P혼_전환_빙과블프_네고형_전화네고형_var3.릴스_블프강조.9월.수민PJ_파인트P_고가영_260918_빙과_이수민,2,0,63,0,0,전환
2026-09-20,120252408406470659,[빙과_파인트_블프] 26.09_빙과블프_ASC_전환_video_전체타겟_9월 3주차_CS전화네고/책상네고,[빙과_파인트_블프] 26.09_빙과블프_ASC_전환_video_전체타겟_9월 3주차_CS전화네고/책상네고,[26.09]F_V_P혼_전환_빙과블프_네고형_책상네고형_var3.릴스_취식1.9월.수민PJ_파인트P_고가영_260918_빙과_이수민,3,0,43,0,1,전환
2026-09-20,120252408761140659,[빙과_파인트] 26.09_재집행_ASC_전환_video_전체타겟,[빙과_파인트] 26.09_재집행_ASC_전환_video_전체타겟,[25.07]F_V_P말_전환_멜론바리뉴얼기념_대화형_역네고형_var2.릴스_조회수200만._2507KR1_이석영_250722_1T_이신규,72,0,2219,0,10,전환
2026-09-20,120252408761160659,[빙과_파인트] 26.09_재집행_ASC_전환_video_전체타겟,[빙과_파인트] 26.09_재집행_ASC_전환_video_전체타겟,[25.07]F_V_P초_전환_멜론바리뉴얼기념_직원리뷰형_초코파인트_main.릴스_악플후킹._2507KR1_영상팀_250725_1T_한지희,3,0,41,0,0,전환
2026-09-20,120252408761170659,[빙과_파인트] 26.09_재집행_ASC_전환_video_전체타겟,[빙과_파인트] 26.09_재집행_ASC_전환_video_전체타겟,[25.07]F_V_P초_전환_멜론바리뉴얼기념_대화형_역네고_main.릴스_쫀득후킹._2507KR1_영상팀_250725_1T_윤하린,82,3,1558,0,3,전환
2026-09-20,120252408761180659,[빙과_파인트] 26.09_재집행_ASC_전환_video_전체타겟,[빙과_파인트] 26.09_재집행_ASC_전환_video_전체타겟,[25.11]F_V_P복_전환_복요파출시_네고형_전화네고_var1.릴스_페인포인트._2511KR0_안예빈_251128_1T_정요한,9,1,150,0,0,전환
2026-09-20,120252408761190659,[빙과_파인트] 26.09_재집행_ASC_전환_video_전체타겟,[빙과_파인트] 26.09_재집행_ASC_전환_video_전체타겟,[25.07]F_V_P초_전환_멜론바리뉴얼기념_대화형_역네고_var2.릴스_이사악플._2507KR1_영상팀_250725_1T_윤하린,4485,74,87425,6,393,전환
2026-09-20,120252408761220659,[빙과_파인트] 26.09_재집행_ASC_전환_video_전체타겟,[빙과_파인트] 26.09_재집행_ASC_전환_video_전체타겟,[25.12]F_V_P복_전환_복요파출시_기타_미틀리에(소고기)BP_var2.릴스_반반._2512KR0_전시은_251219_1T_피재은,1635,20,20470,0,199,전환
2026-09-20,120252408761230659,[빙과_파인트] 26.09_재집행_ASC_전환_video_전체타겟,[빙과_파인트] 26.09_재집행_ASC_전환_video_전체타겟,[26.03]F_V_P초_전환_복요파출시_네고형_전화네고형_var3.릴스_CS. 본론.03_00_고가영_260306_1T_강다빈,9,0,143,0,0,전환
2026-09-20,120252408761270659,[빙과_파인트] 26.09_재집행_ASC_전환_video_전체타겟,[빙과_파인트] 26.09_재집행_ASC_전환_video_전체타겟,[25.10]F_V_P말_전환_멜론바리뉴얼기념_네고형_고독한미식가_var2.릴스_네고버전.숏._2510KR1_안예빈_251017_1T_조의진,16,0,248,0,0,전환
2026-09-20,120252408761280659,[빙과_파인트] 26.09_재집행_ASC_전환_video_전체타겟,[빙과_파인트] 26.09_재집행_ASC_전환_video_전체타겟,[26.02]F_V_P복_전환_복요파출시_네고형_전라도청년BP_main.릴스_공통부터.03_00_전시은_260227_1T_이미진,26,2,409,0,1,전환
2026-09-20,120252408761290659,[빙과_파인트] 26.09_재집행_ASC_전환_video_전체타겟,[빙과_파인트] 26.09_재집행_ASC_전환_video_전체타겟,[25.09]F_V_P요_전환_생요파출시_네고형_기본_main.릴스_바로본론._2509KR1_이석영_250918_2T_김지연,25,0,443,0,0,전환
2026-09-20,120252408761300659,[빙과_파인트] 26.09_재집행_ASC_전환_video_전체타겟,[빙과_파인트] 26.09_재집행_ASC_전환_video_전체타겟,[26.04]F_V_P망_전환_망요파출시_쩜오건_마미케어BP_main.릴스_기본.가격구성집중.재원PJ1_1C_최재원_260417_1T_최재원,18,0,251,0,0,전환
2026-09-20,120252408761320659,[빙과_파인트] 26.09_재집행_ASC_전환_video_전체타겟,[빙과_파인트] 26.09_재집행_ASC_전환_video_전체타겟,[25.10]F_V_P말_전환_멜론바리뉴얼기념_네고형_역네고_var2.릴스_숏._2510KR0_안예빈_251031_1T_조의진,59,3,1189,0,3,전환
2026-09-20,120252408761340659,[빙과_파인트] 26.09_재집행_ASC_전환_video_전체타겟,[빙과_파인트] 26.09_재집행_ASC_전환_video_전체타겟,[26.04]F_V_P망_전환_망요파출시_네고형_관계성네고형_var1.릴스_규모감.X_1C_고가영_260424_1T_이미진,2,0,22,0,0,전환
2026-09-20,120252408788050659,[빙과_파인트] 26.09_재집행_수동_전환_video_전체타겟,8월 2주차_재집행_P망,[26.04]F_V_P망_전환_망요파출시_쩜오건_마미케어BP_main.릴스_기본.가격구성집중.재원PJ1_1C_최재원_260417_1T_최재원,9,0,131,0,0,전환
2026-09-20,120252408788060659,[빙과_파인트] 26.09_재집행_수동_전환_video_전체타겟,8월 2주차_재집행_P말_3,[25.10]F_V_P말_전환_멜론바리뉴얼기념_네고형_역네고_var1.릴스_오마카세._2510KR0_안예빈_251031_1T_조의진,4,0,103,0,0,전환
2026-09-20,120252408788080659,[빙과_파인트] 26.09_재집행_수동_전환_video_전체타겟,8월 2주차_재집행_P말_3,[25.08]F_V_P말_전환_넛티초콜릿출시_제품강조형_먹스타_main.릴스_제품중심후킹._2508KR3_이유빈_250827_2T_홍민석,1783,20,18443,0,42,전환
2026-09-20,120252408788100659,[빙과_파인트] 26.09_재집행_수동_전환_video_전체타겟,8월 2주차_재집행_P말_3,[25.10]F_V_P말_전환_멜론바리뉴얼기념_네고형_고독한미식가_var2.릴스_네고버전.숏._2510KR1_안예빈_251017_1T_조의진,19,0,307,0,2,전환
2026-09-20,120252408788130659,[빙과_파인트] 26.09_재집행_수동_전환_video_전체타겟,8월 2주차_재집행_P망,[26.04]F_V_P망_전환_망요파출시_네고형_관계성네고형_var5.릴스_지역페르소나.망고.(재)_1C_고가영_260413_1T_이봄1,1944,33,27367,1,370,전환
2026-09-20,120252408788140659,[빙과_파인트] 26.09_재집행_수동_전환_video_전체타겟,8월 2주차_재집행_P망,[26.04]F_V_P망_전환_망요파출시_취식강조형_asmr_var1.릴스_한정성.02_1C_고가영_260404_1T_이봄1,2,1,52,0,1,전환
2026-09-20,120252408788150659,[빙과_파인트] 26.09_재집행_수동_전환_video_전체타겟,8월 2주차_재집행_P망,[26.04]F_V_P망_전환_망요파출시_네고형_지인네고형_var3.릴스_규모감.X_1C_고가영_260417_1T_이봄1,84,1,1295,0,13,전환
2026-09-20,120252408788270659,[빙과_파인트] 26.09_재집행_수동_전환_video_전체타겟,8월 2주차_재집행_P복_2,[25.12]F_V_P복_전환_복요파출시_기타_소고기BP_var2.릴스_원물 강조._2512KR0_전시은_251226_1T_피재은,1461,19,17355,1,160,전환
2026-09-20,120252408788380659,[빙과_파인트] 26.09_재집행_수동_전환_video_전체타겟,8월 2주차_재집행_P복_2,[25.12]F_V_P복_전환_복요파출시_기타_미틀리에(소고기)BP_var2.릴스_반반._2512KR0_전시은_251219_1T_피재은,800,10,10900,0,81,전환
2026-09-20,120252408788470659,[빙과_파인트] 26.09_재집행_수동_전환_video_전체타겟,8월 2주차_재집행_P말_1,[25.07]F_V_P말_전환_멜론바리뉴얼기념_대화형_네고형_main.릴스_집에서네고._2507KR1_이석영_250721_1T_이신규,456,7,10780,2,27,전환
2026-09-20,120252408788480659,[빙과_파인트] 26.09_재집행_수동_전환_video_전체타겟,8월 2주차_재집행_P말_1,[25.05]F_V_P말_전환_썸머베셀_고객후기형_맛비주얼_스푸닝.릴스_지금사야개이득.파인트말차_2505KR3_이석영_250522_한지희,1145,10,17003,0,18,전환
2026-09-20,120252408788490659,[빙과_파인트] 26.09_재집행_수동_전환_video_전체타겟,8월 2주차_재집행_P복_1,[25.11]F_V_P복_전환_복요파출시_네고형_전화네고_var1.릴스_페인포인트._2511KR0_안예빈_251128_1T_정요한,416,7,8816,0,24,전환
2026-09-20,120252408788500659,[빙과_파인트] 26.09_재집행_수동_전환_video_전체타겟,8월 2주차_재집행_P말_1,[25.07]F_V_P말_전환_멜론바리뉴얼기념_대화형_역네고형_var6.릴스_파인트.비주얼첫컷._2507KR1_이하늘_250717_2T_정요한,175,0,3704,1,14,전환
2026-09-18,120252408112710659,[빙과_크런치봉봉] 26.09_크봉출시_수동_전환_video_전체타겟,[09.18] 크런치봉봉_명가BP_정요한,[26.09]F_V_CB바_전환_크봉출시_맛인지형_명가BP_main.릴스_공통.X_스틱바P_김유진_260918_빙과_정요한,506,10,9201,0,37,전환
2026-09-18,120252408197840659,[빙과_크런치봉봉] 26.09_크봉출시_수동_전환_video_전체타겟,[09.18] 크런치봉봉_명가BP_정요한,[26.09]F_V_CB바_전환_크봉출시_맛인지형_명가BP_var4.릴스_식감페포.X_스틱바P_김유진_260918_빙과_정요한,26,0,388,0,5,전환
2026-09-18,120252408973120659,[빙과_크런치봉봉] 26.09_크봉출시_ASC_전환_video_전체타겟_9월 3주차_명가BP/인플루언서형,[빙과_크봉] 26.09_크봉출시_ASC_전환_video_전체타겟_9월 3주차_1,[26.09]F_V_CB바_전환_크봉출시_맛인지형_명가BP_var4.릴스_식감페포.X_스틱바P_김유진_260918_빙과_정요한,229,2,3171,0,19,전환
2026-09-18,120252408976300659,[빙과_크런치봉봉] 26.09_크봉출시_수동_전환_image_전체타겟,0918_크봉_고효율(2),[26.09]F_I_CB바_전환_크봉출시_혜택강조형__.배너_고효율베리.4분할.__문선정_260918_빙과_이채윤,29,0,525,0,0,전환
2026-09-18,120252408986500659,[빙과_크런치봉봉] 26.09_크봉출시_ASC_전환_image_전체타겟_9월 3주차,[빙과_크봉] 26.09_크봉출시_ASC_전환_image_전체타겟_9월 3주차,[26.09]F_I_CB바_전환_크봉출시_혜택강조형__.배너_고효율베리.몰티져스쏟아부은듯.4분할.__문선정_260918_빙과_이채윤,3,0,36,0,0,전환
2026-09-18,120252408991800659,[빙과_크런치봉봉] 26.09_크봉출시_ASC_전환_image_전체타겟_9월 3주차,[빙과_크봉] 26.09_크봉출시_ASC_전환_image_전체타겟_9월 3주차,[26.09]F_I_CB바_전환_크봉출시_혜택강조형__.배너_고효율베리.반짝0원세일.__문선정_260918_빙과_이채윤,2,0,188,0,0,전환
2026-09-18,120252409008330659,[빙과_크런치봉봉] 26.09_크봉출시_ASC_전환_image_전체타겟_9월 3주차,[빙과_크봉] 26.09_크봉출시_ASC_전환_image_전체타겟_9월 3주차,[26.09]F_I_CB바_전환_크봉출시_혜택강조형__.배너_고효율베리.죄송합니다.__문선정_260918_빙과_이채윤,2,1,62,0,0,전환
2026-09-18,120252409107640659,[빙과_크런치봉봉] 26.09_크봉출시_ASC_전환_video_전체타겟_9월 3주차_전화네고형,[빙과_크봉] 26.09_크봉출시_ASC_전환_video_전체타겟_9월 3주차_2,[26.09]F_V_CB바_전환_크봉출시_네고형_전화네고_main.릴스_취식.X_스틱바P_김유진_260918_빙과_노현경,41,1,445,0,5,전환
2026-09-18,120252409269220659,[빙과_크런치봉봉] 26.09_크봉출시_ASC_전환_image_전체타겟_9월 3주차,[빙과_크봉] 26.09_크봉출시_ASC_전환_image_전체타겟_9월 3주차,[26.09]F_I_CB바_전환_크봉출시_제품강조형__.배너_테스트.초코코팅강조.화제성.초코테린느.__문선정_260918_빙과_이채윤,7,0,118,0,0,전환
2026-09-18,120252409273110659,[빙과_크런치봉봉] 26.09_크봉출시_ASC_전환_image_전체타겟_9월 3주차,[빙과_크봉] 26.09_크봉출시_ASC_전환_image_전체타겟_9월 3주차,[26.09]F_I_CB바_전환_크봉출시_제품강조형__.배너_테스트.초코코팅강조.화제성.초코홍수.__문선정_260918_빙과_이채윤,13,0,178,0,0,전환
2026-09-18,120252409278500659,[빙과_크런치봉봉] 26.09_크봉출시_ASC_전환_image_전체타겟_9월 3주차,[빙과_크봉] 26.09_크봉출시_ASC_전환_image_전체타겟_9월 3주차,[26.09]F_I_CB바_전환_크봉출시_제품강조형__.배너_테스트.통초코볼강조.맛조합.__문선정_260918_빙과_이채윤,3,0,92,0,0,전환
2026-09-18,120252409288510659,[빙과_크런치봉봉] 26.09_크봉출시_ASC_전환_image_전체타겟_9월 3주차,[빙과_크봉] 26.09_크봉출시_ASC_전환_image_전체타겟_9월 3주차,[26.09]F_I_CB바_전환_크봉출시_제품강조형__.배너_테스트.초코볼양강조.수치활용.__문선정_260918_빙과_이채윤,6,0,136,0,0,전환
2026-09-18,120252409344790659,[빙과_크런치봉봉] 26.09_크봉출시_ASC_전환_image_전체타겟_9월 3주차,[빙과_크봉] 26.09_크봉출시_ASC_전환_image_전체타겟_9월 3주차,[26.09]F_I_CB바_전환_크봉출시_제품강조형__.배너_테스트.통초코볼강조.엄마는외계인.__문선정_260918_빙과_이채윤,9,1,525,0,0,전환
2026-09-19,120252405225210659,[빙과_파인트_골키파] 26.09_골키파출시_ASC_전환_video_전체타겟_9월 3주차_인덕션BP/역네고형,[빙과_파인트_골키파] 26.09_골키파출시_ASC_전환_video_전체타겟_9월 3주차_인덕션BP/기본네고,[26.09]F_V_P말_전환_골키파출시_신규BP_도마BP_var5.릴스_도마쩜오건.9월.수민PJ_파인트P_고가영_260918_빙과_정하얀,43,1,459,0,4,전환
2026-09-19,120252405232740659,[빙과_파인트_골키파] 26.07_골키파출시_수동_전환_video_전체타겟,9월 3주차_인덕션BP_P말,[26.09]F_V_P말_전환_골키파출시_신규BP_인덕션BP_var1.릴스_1등강조.9월.수민PJ_파인트P_고가영_260918_빙과_정하얀,12,0,487,0,1,전환
2026-09-19,120252405246510659,[빙과_파인트_골키파] 26.09_골키파출시_ASC_전환_video_전체타겟_9월 3주차_인덕션BP/역네고형,[빙과_파인트_골키파] 26.09_골키파출시_ASC_전환_video_전체타겟_9월 3주차_인덕션BP/기본네고,[26.09]F_V_P말_전환_골키파출시_신규BP_인덕션BP_var4.릴스_궁금증유발.9월.수민PJ_파인트P_고가영_260918_빙과_정하얀,28,1,367,0,1,전환
2026-09-19,120252406703090659,[빙과_파인트_골키파] 26.09_골키파출시_ASC_전환_video_전체타겟_9월 3주차_인덕션BP/역네고형,[빙과_파인트_골키파] 26.09_골키파출시_ASC_전환_video_전체타겟_9월 3주차_인덕션BP/기본네고,[26.09]F_V_P혼_전환_골키파출시_네고형_역네고_var1.릴스_스브스뉴스.9월.수민PJ_파인트P_고가영_260918_빙과_김지연,263,6,3544,0,12,전환
2026-09-19,120252408112710659,[빙과_크런치봉봉] 26.09_크봉출시_수동_전환_video_전체타겟,[09.18] 크런치봉봉_명가BP_정요한,[26.09]F_V_CB바_전환_크봉출시_맛인지형_명가BP_main.릴스_공통.X_스틱바P_김유진_260918_빙과_정요한,677,13,11009,0,49,전환
2026-09-19,120252408197840659,[빙과_크런치봉봉] 26.09_크봉출시_수동_전환_video_전체타겟,[09.18] 크런치봉봉_명가BP_정요한,[26.09]F_V_CB바_전환_크봉출시_맛인지형_명가BP_var4.릴스_식감페포.X_스틱바P_김유진_260918_빙과_정요한,61,0,1345,0,3,전환
2026-09-19,120252408788160659,[빙과_파인트] 26.09_재집행_수동_전환_video_전체타겟,8월 2주차_재집행_P애,[26.05]F_V_P애_전환_셔벗리뉴얼특가_맛인지형_먹스타형_main.릴스_공통.X_2C_이재원_260512_2T_김지연,6038,41,67278,2,131,전환
2026-09-19,120252408788190659,[빙과_파인트] 26.09_재집행_수동_전환_video_전체타겟,8월 2주차_재집행_P초_1,[25.07]F_V_P초_전환_멜론바리뉴얼기념_대화형_역네고_var2.릴스_이사악플._2507KR1_영상팀_250725_1T_윤하린,284,3,4897,0,20,전환
2026-09-19,120252408788200659,[빙과_파인트] 26.09_재집행_수동_전환_video_전체타겟,8월 2주차_재집행_P초_1,[25.07]F_V_P초_전환_멜론바리뉴얼기념_악플읽기형_가격_var3.릴스_비주얼선._2507KR2_영상팀_250725_1T_노현경,5459,50,83218,4,392,전환
2026-09-19,120252408788210659,[빙과_파인트] 26.09_재집행_수동_전환_video_전체타겟,8월 2주차_재집행_P말_2,[25.07]F_V_P말_전환_멜론바리뉴얼기념_악플읽기형_해명_var2.릴스_파인트가격._2507KR2_영상팀_250718_1T_노현경,995,7,18602,0,40,전환
2026-09-19,120252408788230659,[빙과_파인트] 26.09_재집행_수동_전환_video_전체타겟,8월 2주차_재집행_P혼,[25.07]F_V_P혼_전환_멜론바리뉴얼기념_대세감강조_현장실체_main.릴스_파인트._2507KR2_이하늘_250726_2T_문형민,1258,18,21337,0,42,전환
2026-09-19,120252408788310659,[빙과_파인트] 26.09_재집행_수동_전환_video_전체타겟,8월 2주차_재집행_P초_1,[25.07]F_V_P초_전환_멜론바리뉴얼기념_대화형_역네고_main.릴스_쫀득후킹._2507KR1_영상팀_250725_1T_윤하린,29,0,733,0,0,전환
2026-09-19,120252408788330659,[빙과_파인트] 26.09_재집행_수동_전환_video_전체타겟,8월 2주차_재집행_P말_2,[25.07]F_V_P말_전환_멜론바리뉴얼기념_대화형_지인추천_var3.렉카_현실감.그냥감사합니다_2507KR1_이하늘_250725_2T_정요한,2346,42,62224,2,173,전환
2026-09-19,120252408788340659,[빙과_파인트] 26.09_재집행_수동_전환_video_전체타겟,8월 2주차_재집행_P말_2,[25.07]F_V_P말_전환_멜론바리뉴얼기념_문제공감형_원룸BP_var1.릴스_BP그대로._2507KR2_영상팀_250717_1T_이봄1,473,5,8654,0,12,전환
2026-09-19,120252408788460659,[빙과_파인트] 26.09_재집행_수동_전환_video_전체타겟,8월 2주차_재집행_P애,[25.08]F_V_P애_전환_넛티초콜릿출시_제품강조형_먹스타_main.릴스_애플민트._2508KR3_최서은_250814_2T_홍민석,963,3,10118,0,16,전환
2026-09-19,120252408788530659,[빙과_파인트] 26.09_재집행_수동_전환_video_전체타겟,8월 2주차_재집행_P초_3,[26.03]F_V_P초_전환_복요파출시_쩜오건_밈활용_var1.릴스_기본.03_00_이봄_260320_1T_이봄1,1753,29,31071,0,46,전환
2026-09-19,120252408788540659,[빙과_파인트] 26.09_재집행_수동_전환_video_전체타겟,8월 2주차_재집행_P초_3,[26.03]F_V_P초_전환_복요파출시_기타_꼬막BP_var1.릴스_대세감.02_00_고가영_260313_1T_강다빈,2164,14,38530,0,106,전환
2026-09-19,120252408788580659,[빙과_파인트] 26.09_재집행_수동_전환_video_전체타겟,8월 2주차_재집행_P초_2,[26.02]F_V_P초_전환_복요파출시_네고형_네고확장형_main.릴스_뺨후킹.03_00_고가영_260227_1T_강다빈,5,1,113,0,1,전환
2026-09-19,120252408788590659,[빙과_파인트] 26.09_재집행_수동_전환_video_전체타겟,8월 2주차_재집행_P요/바/우,[25.09]F_V_P요_전환_생요파출시_네고형_기본_main.릴스_바로본론._2509KR1_이석영_250918_2T_김지연,102,3,2989,0,12,전환
2026-09-19,120252408788620659,[빙과_파인트] 26.09_재집행_수동_전환_video_전체타겟,8월 2주차_재집행_P초_2,[26.03]F_V_P초_전환_복요파출시_네고형_실수네고형_var3.릴스_살려주세요.03_00_고가영_260320_1T_윤성미,10398,256,164312,10,1181,전환
2026-09-19,120252408788630659,[빙과_파인트] 26.09_재집행_수동_전환_video_전체타겟,8월 2주차_재집행_P초_1,[25.07]F_V_P초_전환_멜론바리뉴얼기념_직원리뷰형_초코파인트_main.릴스_악플후킹._2507KR1_영상팀_250725_1T_한지희,51,0,1136,0,5,전환
2026-09-19,120252408788640659,[빙과_파인트] 26.09_재집행_수동_전환_video_전체타겟,8월 2주차_재집행_P말_4,[26.07]F_V_P말_전환_말차재입고_네고형_지인네고형_var4.릴스_젤라또몽둥이.7월.수민PJ_1P_영상팀_260716_빙과_이수민,9754,168,175159,12,1121,전환
2026-09-19,120252408788660659,[빙과_파인트] 26.09_재집행_수동_전환_video_전체타겟,8월 2주차_재집행_P말_4,[26.07]F_V_P말_전환_말차재입고_네고형_CS전화네고형_var1.릴스_CS부장님.7월.수민PJ_1P_영상팀_260703_빙과_이수민,3137,45,34465,2,274,전환
2026-09-19,120252408788670659,[빙과_파인트] 26.09_재집행_수동_전환_video_전체타겟,8월 2주차_재집행_P요/바/우,[25.09]F_V_P우_전환_멜론바리뉴얼기념_네고형_기본_main.릴스_쫀득._2509KR3_안예빈_250912_1T_서상현,1853,14,21987,0,76,전환
2026-09-19,120252408788680659,[빙과_파인트] 26.09_재집행_수동_전환_video_전체타겟,8월 2주차_재집행_P요/바/우,[26.05]F_V_P바_전환_상시_신규BP_CS제조과정형_var3.릴스_혜택.X_2C_김유진_260430_2T_피재은,1428,20,22471,1,193,전환
2026-09-19,120252408973120659,[빙과_크런치봉봉] 26.09_크봉출시_ASC_전환_video_전체타겟_9월 3주차_명가BP/인플루언서형,[빙과_크봉] 26.09_크봉출시_ASC_전환_video_전체타겟_9월 3주차_1,[26.09]F_V_CB바_전환_크봉출시_맛인지형_명가BP_var4.릴스_식감페포.X_스틱바P_김유진_260918_빙과_정요한,12,0,139,0,0,전환
2026-09-19,120252408976300659,[빙과_크런치봉봉] 26.09_크봉출시_수동_전환_image_전체타겟,0918_크봉_고효율(2),[26.09]F_I_CB바_전환_크봉출시_혜택강조형__.배너_고효율베리.4분할.__문선정_260918_빙과_이채윤,33,0,491,0,0,전환
2026-09-19,120252408977060659,[빙과_크런치봉봉] 26.09_크봉출시_ASC_전환_image_전체타겟_9월 3주차,[빙과_크봉] 26.09_크봉출시_ASC_전환_image_전체타겟_9월 3주차,[26.09]F_I_CB바_전환_크봉출시_혜택강조형__.배너_고효율베리.4분할.__문선정_260918_빙과_이채윤,239,1,3637,0,0,전환
2026-09-19,120252408986500659,[빙과_크런치봉봉] 26.09_크봉출시_ASC_전환_image_전체타겟_9월 3주차,[빙과_크봉] 26.09_크봉출시_ASC_전환_image_전체타겟_9월 3주차,[26.09]F_I_CB바_전환_크봉출시_혜택강조형__.배너_고효율베리.몰티져스쏟아부은듯.4분할.__문선정_260918_빙과_이채윤,2207,44,31587,2,0,전환
2026-09-19,120252408991800659,[빙과_크런치봉봉] 26.09_크봉출시_ASC_전환_image_전체타겟_9월 3주차,[빙과_크봉] 26.09_크봉출시_ASC_전환_image_전체타겟_9월 3주차,[26.09]F_I_CB바_전환_크봉출시_혜택강조형__.배너_고효율베리.반짝0원세일.__문선정_260918_빙과_이채윤,383,9,6360,1,0,전환
2026-09-19,120252409008330659,[빙과_크런치봉봉] 26.09_크봉출시_ASC_전환_image_전체타겟_9월 3주차,[빙과_크봉] 26.09_크봉출시_ASC_전환_image_전체타겟_9월 3주차,[26.09]F_I_CB바_전환_크봉출시_혜택강조형__.배너_고효율베리.죄송합니다.__문선정_260918_빙과_이채윤,77,6,1820,1,0,전환
2026-09-19,120252409107640659,[빙과_크런치봉봉] 26.09_크봉출시_ASC_전환_video_전체타겟_9월 3주차_전화네고형,[빙과_크봉] 26.09_크봉출시_ASC_전환_video_전체타겟_9월 3주차_2,[26.09]F_V_CB바_전환_크봉출시_네고형_전화네고_main.릴스_취식.X_스틱바P_김유진_260918_빙과_노현경,36,0,777,0,5,전환
2026-09-19,120252409269220659,[빙과_크런치봉봉] 26.09_크봉출시_ASC_전환_image_전체타겟_9월 3주차,[빙과_크봉] 26.09_크봉출시_ASC_전환_image_전체타겟_9월 3주차,[26.09]F_I_CB바_전환_크봉출시_제품강조형__.배너_테스트.초코코팅강조.화제성.초코테린느.__문선정_260918_빙과_이채윤,64,1,1122,0,0,전환
2026-09-19,120252409273110659,[빙과_크런치봉봉] 26.09_크봉출시_ASC_전환_image_전체타겟_9월 3주차,[빙과_크봉] 26.09_크봉출시_ASC_전환_image_전체타겟_9월 3주차,[26.09]F_I_CB바_전환_크봉출시_제품강조형__.배너_테스트.초코코팅강조.화제성.초코홍수.__문선정_260918_빙과_이채윤,73,4,1443,0,0,전환
2026-09-19,120252409278500659,[빙과_크런치봉봉] 26.09_크봉출시_ASC_전환_image_전체타겟_9월 3주차,[빙과_크봉] 26.09_크봉출시_ASC_전환_image_전체타겟_9월 3주차,[26.09]F_I_CB바_전환_크봉출시_제품강조형__.배너_테스트.통초코볼강조.맛조합.__문선정_260918_빙과_이채윤,18,1,424,0,0,전환
2026-09-19,120252409288510659,[빙과_크런치봉봉] 26.09_크봉출시_ASC_전환_image_전체타겟_9월 3주차,[빙과_크봉] 26.09_크봉출시_ASC_전환_image_전체타겟_9월 3주차,[26.09]F_I_CB바_전환_크봉출시_제품강조형__.배너_테스트.초코볼양강조.수치활용.__문선정_260918_빙과_이채윤,135,2,3253,0,0,전환
2026-09-19,120252409339040659,[빙과_크런치봉봉] 26.09_크봉출시_ASC_전환_image_전체타겟_9월 3주차,[빙과_크봉] 26.09_크봉출시_ASC_전환_image_전체타겟_9월 3주차,[26.09]F_I_CB바_전환_크봉출시_제품강조형__.배너_테스트.통초코볼강조.슈팅스타.__문선정_260918_빙과_이채윤,33,2,784,0,0,전환
2026-09-19,120252409344790659,[빙과_크런치봉봉] 26.09_크봉출시_ASC_전환_image_전체타겟_9월 3주차,[빙과_크봉] 26.09_크봉출시_ASC_전환_image_전체타겟_9월 3주차,[26.09]F_I_CB바_전환_크봉출시_제품강조형__.배너_테스트.통초코볼강조.엄마는외계인.__문선정_260918_빙과_이채윤,127,3,3190,0,0,전환
2026-09-19,120252409497050659,[빙과_파인트_블프] 26.09_빙과블프_수동_전환_image_전체타겟,260918_P혼_(1),[26.09]F_I_P혼_전환_빙과블프_혜택강조형__.배너_고효율.최초강조.네고형.블랙프라이데이가.가장싼데.왜나중에사세요.__고가영_260918_빙과_김민우,54,2,906,0,0,전환
2026-09-19,120252409552790659,[빙과_파인트_블프] 26.09_빙과블프_수동_전환_image_전체타겟,260918_P혼_(2),[26.09]F_I_P혼_전환_빙과블프_혜택강조형__.배너_고효율.최초강조.공지문.현장감.시즌오프안내.셔벗3종.__고가영_260918_빙과_김민우,202,3,1978,0,0,전환
2026-09-20,120252405225210659,[빙과_파인트_골키파] 26.09_골키파출시_ASC_전환_video_전체타겟_9월 3주차_인덕션BP/역네고형,[빙과_파인트_골키파] 26.09_골키파출시_ASC_전환_video_전체타겟_9월 3주차_인덕션BP/기본네고,[26.09]F_V_P말_전환_골키파출시_신규BP_도마BP_var5.릴스_도마쩜오건.9월.수민PJ_파인트P_고가영_260918_빙과_정하얀,24,1,362,0,3,전환
2026-09-20,120252405232740659,[빙과_파인트_골키파] 26.07_골키파출시_수동_전환_video_전체타겟,9월 3주차_인덕션BP_P말,[26.09]F_V_P말_전환_골키파출시_신규BP_인덕션BP_var1.릴스_1등강조.9월.수민PJ_파인트P_고가영_260918_빙과_정하얀,11,0,112,0,0,전환
2026-09-20,120252405246510659,[빙과_파인트_골키파] 26.09_골키파출시_ASC_전환_video_전체타겟_9월 3주차_인덕션BP/역네고형,[빙과_파인트_골키파] 26.09_골키파출시_ASC_전환_video_전체타겟_9월 3주차_인덕션BP/기본네고,[26.09]F_V_P말_전환_골키파출시_신규BP_인덕션BP_var4.릴스_궁금증유발.9월.수민PJ_파인트P_고가영_260918_빙과_정하얀,14,0,900,0,0,전환
2026-09-20,120252406703090659,[빙과_파인트_골키파] 26.09_골키파출시_ASC_전환_video_전체타겟_9월 3주차_인덕션BP/역네고형,[빙과_파인트_골키파] 26.09_골키파출시_ASC_전환_video_전체타겟_9월 3주차_인덕션BP/기본네고,[26.09]F_V_P혼_전환_골키파출시_네고형_역네고_var1.릴스_스브스뉴스.9월.수민PJ_파인트P_고가영_260918_빙과_김지연,1409,22,24993,0,74,전환
2026-09-20,120252408112710659,[빙과_크런치봉봉] 26.09_크봉출시_수동_전환_video_전체타겟,[09.18] 크런치봉봉_명가BP_정요한,[26.09]F_V_CB바_전환_크봉출시_맛인지형_명가BP_main.릴스_공통.X_스틱바P_김유진_260918_빙과_정요한,23,0,321,0,1,전환
2026-09-20,120252408197840659,[빙과_크런치봉봉] 26.09_크봉출시_수동_전환_video_전체타겟,[09.18] 크런치봉봉_명가BP_정요한,[26.09]F_V_CB바_전환_크봉출시_맛인지형_명가BP_var4.릴스_식감페포.X_스틱바P_김유진_260918_빙과_정요한,39,1,773,0,6,전환
2026-09-20,120252408788160659,[빙과_파인트] 26.09_재집행_수동_전환_video_전체타겟,8월 2주차_재집행_P애,[26.05]F_V_P애_전환_셔벗리뉴얼특가_맛인지형_먹스타형_main.릴스_공통.X_2C_이재원_260512_2T_김지연,808,4,8589,0,19,전환
2026-09-20,120252408788190659,[빙과_파인트] 26.09_재집행_수동_전환_video_전체타겟,8월 2주차_재집행_P초_1,[25.07]F_V_P초_전환_멜론바리뉴얼기념_대화형_역네고_var2.릴스_이사악플._2507KR1_영상팀_250725_1T_윤하린,2,0,25,0,0,전환
2026-09-20,120252408788200659,[빙과_파인트] 26.09_재집행_수동_전환_video_전체타겟,8월 2주차_재집행_P초_1,[25.07]F_V_P초_전환_멜론바리뉴얼기념_악플읽기형_가격_var3.릴스_비주얼선._2507KR2_영상팀_250725_1T_노현경,400,6,5119,1,35,전환
2026-09-20,120252408788210659,[빙과_파인트] 26.09_재집행_수동_전환_video_전체타겟,8월 2주차_재집행_P말_2,[25.07]F_V_P말_전환_멜론바리뉴얼기념_악플읽기형_해명_var2.릴스_파인트가격._2507KR2_영상팀_250718_1T_노현경,1306,24,24735,0,87,전환
2026-09-20,120252408788310659,[빙과_파인트] 26.09_재집행_수동_전환_video_전체타겟,8월 2주차_재집행_P초_1,[25.07]F_V_P초_전환_멜론바리뉴얼기념_대화형_역네고_main.릴스_쫀득후킹._2507KR1_영상팀_250725_1T_윤하린,1,0,15,0,0,전환
2026-09-20,120252408788330659,[빙과_파인트] 26.09_재집행_수동_전환_video_전체타겟,8월 2주차_재집행_P말_2,[25.07]F_V_P말_전환_멜론바리뉴얼기념_대화형_지인추천_var3.렉카_현실감.그냥감사합니다_2507KR1_이하늘_250725_2T_정요한,66,2,1428,0,6,전환
2026-09-20,120252408788340659,[빙과_파인트] 26.09_재집행_수동_전환_video_전체타겟,8월 2주차_재집행_P말_2,[25.07]F_V_P말_전환_멜론바리뉴얼기념_문제공감형_원룸BP_var1.릴스_BP그대로._2507KR2_영상팀_250717_1T_이봄1,83,0,1760,0,2,전환
2026-09-20,120252408788460659,[빙과_파인트] 26.09_재집행_수동_전환_video_전체타겟,8월 2주차_재집행_P애,[25.08]F_V_P애_전환_넛티초콜릿출시_제품강조형_먹스타_main.릴스_애플민트._2508KR3_최서은_250814_2T_홍민석,10,0,97,0,1,전환
2026-09-20,120252408788580659,[빙과_파인트] 26.09_재집행_수동_전환_video_전체타겟,8월 2주차_재집행_P초_2,[26.02]F_V_P초_전환_복요파출시_네고형_네고확장형_main.릴스_뺨후킹.03_00_고가영_260227_1T_강다빈,1,0,3,0,0,전환
2026-09-20,120252408788590659,[빙과_파인트] 26.09_재집행_수동_전환_video_전체타겟,8월 2주차_재집행_P요/바/우,[25.09]F_V_P요_전환_생요파출시_네고형_기본_main.릴스_바로본론._2509KR1_이석영_250918_2T_김지연,37,2,1796,0,3,전환
2026-09-20,120252408788620659,[빙과_파인트] 26.09_재집행_수동_전환_video_전체타겟,8월 2주차_재집행_P초_2,[26.03]F_V_P초_전환_복요파출시_네고형_실수네고형_var3.릴스_살려주세요.03_00_고가영_260320_1T_윤성미,1398,39,23914,1,207,전환
2026-09-20,120252408788640659,[빙과_파인트] 26.09_재집행_수동_전환_video_전체타겟,8월 2주차_재집행_P말_4,[26.07]F_V_P말_전환_말차재입고_네고형_지인네고형_var4.릴스_젤라또몽둥이.7월.수민PJ_1P_영상팀_260716_빙과_이수민,801,25,14483,1,85,전환
2026-09-20,120252408788660659,[빙과_파인트] 26.09_재집행_수동_전환_video_전체타겟,8월 2주차_재집행_P말_4,[26.07]F_V_P말_전환_말차재입고_네고형_CS전화네고형_var1.릴스_CS부장님.7월.수민PJ_1P_영상팀_260703_빙과_이수민,740,12,7852,0,58,전환
2026-09-20,120252408788680659,[빙과_파인트] 26.09_재집행_수동_전환_video_전체타겟,8월 2주차_재집행_P요/바/우,[26.05]F_V_P바_전환_상시_신규BP_CS제조과정형_var3.릴스_혜택.X_2C_김유진_260430_2T_피재은,1360,17,26509,2,159,전환
2026-09-20,120252408973120659,[빙과_크런치봉봉] 26.09_크봉출시_ASC_전환_video_전체타겟_9월 3주차_명가BP/인플루언서형,[빙과_크봉] 26.09_크봉출시_ASC_전환_video_전체타겟_9월 3주차_1,[26.09]F_V_CB바_전환_크봉출시_맛인지형_명가BP_var4.릴스_식감페포.X_스틱바P_김유진_260918_빙과_정요한,1,0,8,0,0,전환
2026-09-20,120252408976300659,[빙과_크런치봉봉] 26.09_크봉출시_수동_전환_image_전체타겟,0918_크봉_고효율(2),[26.09]F_I_CB바_전환_크봉출시_혜택강조형__.배너_고효율베리.4분할.__문선정_260918_빙과_이채윤,2,0,83,0,0,전환
2026-09-20,120252408977060659,[빙과_크런치봉봉] 26.09_크봉출시_ASC_전환_image_전체타겟_9월 3주차,[빙과_크봉] 26.09_크봉출시_ASC_전환_image_전체타겟_9월 3주차,[26.09]F_I_CB바_전환_크봉출시_혜택강조형__.배너_고효율베리.4분할.__문선정_260918_빙과_이채윤,3,0,38,0,0,전환
2026-09-20,120252408986500659,[빙과_크런치봉봉] 26.09_크봉출시_ASC_전환_image_전체타겟_9월 3주차,[빙과_크봉] 26.09_크봉출시_ASC_전환_image_전체타겟_9월 3주차,[26.09]F_I_CB바_전환_크봉출시_혜택강조형__.배너_고효율베리.몰티져스쏟아부은듯.4분할.__문선정_260918_빙과_이채윤,3205,61,44559,4,0,전환
2026-09-20,120252408991800659,[빙과_크런치봉봉] 26.09_크봉출시_ASC_전환_image_전체타겟_9월 3주차,[빙과_크봉] 26.09_크봉출시_ASC_전환_image_전체타겟_9월 3주차,[26.09]F_I_CB바_전환_크봉출시_혜택강조형__.배너_고효율베리.반짝0원세일.__문선정_260918_빙과_이채윤,1675,33,22178,0,0,전환
2026-09-20,120252409008330659,[빙과_크런치봉봉] 26.09_크봉출시_ASC_전환_image_전체타겟_9월 3주차,[빙과_크봉] 26.09_크봉출시_ASC_전환_image_전체타겟_9월 3주차,[26.09]F_I_CB바_전환_크봉출시_혜택강조형__.배너_고효율베리.죄송합니다.__문선정_260918_빙과_이채윤,302,14,10709,0,0,전환
2026-09-20,120252409107640659,[빙과_크런치봉봉] 26.09_크봉출시_ASC_전환_video_전체타겟_9월 3주차_전화네고형,[빙과_크봉] 26.09_크봉출시_ASC_전환_video_전체타겟_9월 3주차_2,[26.09]F_V_CB바_전환_크봉출시_네고형_전화네고_main.릴스_취식.X_스틱바P_김유진_260918_빙과_노현경,1081,30,20032,2,104,전환
2026-09-20,120252409269220659,[빙과_크런치봉봉] 26.09_크봉출시_ASC_전환_image_전체타겟_9월 3주차,[빙과_크봉] 26.09_크봉출시_ASC_전환_image_전체타겟_9월 3주차,[26.09]F_I_CB바_전환_크봉출시_제품강조형__.배너_테스트.초코코팅강조.화제성.초코테린느.__문선정_260918_빙과_이채윤,12,1,185,0,0,전환
2026-09-20,120252409273110659,[빙과_크런치봉봉] 26.09_크봉출시_ASC_전환_image_전체타겟_9월 3주차,[빙과_크봉] 26.09_크봉출시_ASC_전환_image_전체타겟_9월 3주차,[26.09]F_I_CB바_전환_크봉출시_제품강조형__.배너_테스트.초코코팅강조.화제성.초코홍수.__문선정_260918_빙과_이채윤,3,0,30,0,0,전환
2026-09-20,120252409278500659,[빙과_크런치봉봉] 26.09_크봉출시_ASC_전환_image_전체타겟_9월 3주차,[빙과_크봉] 26.09_크봉출시_ASC_전환_image_전체타겟_9월 3주차,[26.09]F_I_CB바_전환_크봉출시_제품강조형__.배너_테스트.통초코볼강조.맛조합.__문선정_260918_빙과_이채윤,22,1,642,0,0,전환
2026-09-20,120252409288510659,[빙과_크런치봉봉] 26.09_크봉출시_ASC_전환_image_전체타겟_9월 3주차,[빙과_크봉] 26.09_크봉출시_ASC_전환_image_전체타겟_9월 3주차,[26.09]F_I_CB바_전환_크봉출시_제품강조형__.배너_테스트.초코볼양강조.수치활용.__문선정_260918_빙과_이채윤,29,1,815,0,0,전환
2026-09-20,120252409339040659,[빙과_크런치봉봉] 26.09_크봉출시_ASC_전환_image_전체타겟_9월 3주차,[빙과_크봉] 26.09_크봉출시_ASC_전환_image_전체타겟_9월 3주차,[26.09]F_I_CB바_전환_크봉출시_제품강조형__.배너_테스트.통초코볼강조.슈팅스타.__문선정_260918_빙과_이채윤,5,0,94,0,0,전환
2026-09-20,120252409344790659,[빙과_크런치봉봉] 26.09_크봉출시_ASC_전환_image_전체타겟_9월 3주차,[빙과_크봉] 26.09_크봉출시_ASC_전환_image_전체타겟_9월 3주차,[26.09]F_I_CB바_전환_크봉출시_제품강조형__.배너_테스트.통초코볼강조.엄마는외계인.__문선정_260918_빙과_이채윤,322,8,8659,0,0,전환
2026-09-20,120252409497050659,[빙과_파인트_블프] 26.09_빙과블프_수동_전환_image_전체타겟,260918_P혼_(1),[26.09]F_I_P혼_전환_빙과블프_혜택강조형__.배너_고효율.최초강조.네고형.블랙프라이데이가.가장싼데.왜나중에사세요.__고가영_260918_빙과_김민우,17385,224,265562,15,0,전환
2026-09-20,120252409552790659,[빙과_파인트_블프] 26.09_빙과블프_수동_전환_image_전체타겟,260918_P혼_(2),[26.09]F_I_P혼_전환_빙과블프_혜택강조형__.배너_고효율.최초강조.공지문.현장감.시즌오프안내.셔벗3종.__고가영_260918_빙과_김민우,4,0,32,0,0,전환
2026-09-15,120252357028790659,[빙과_파인트] 26.09_파트너십광고_수동_전환_video_전체타겟,9월 3주차_파트너십_P말_1,[26.09]F_V_P말_전환_골키파출시_파트너십_siseo_day,16,0,377,0,3,전환
2026-09-15,120252357151600659,[빙과_파인트] 26.09_파트너십광고_수동_전환_video_전체타겟,9월 3주차_파트너십_P말_2,[26.09]F_V_P말_전환_골키파출시_파트너십_seserororo,1,0,22,0,0,전환
2026-09-16,120252357028790659,[빙과_파인트] 26.09_파트너십광고_수동_전환_video_전체타겟,9월 3주차_파트너십_P말_1,[26.09]F_V_P말_전환_골키파출시_파트너십_siseo_day,1033,12,16022,0,67,전환
2026-09-16,120252357151570659,[빙과_파인트] 26.09_파트너십광고_수동_전환_video_전체타겟,9월 3주차_파트너십_P말_2,[26.09]F_V_P말_전환_골키파출시_파트너십_h_jni___,61,2,1575,0,4,전환
2026-09-16,120252357151600659,[빙과_파인트] 26.09_파트너십광고_수동_전환_video_전체타겟,9월 3주차_파트너십_P말_2,[26.09]F_V_P말_전환_골키파출시_파트너십_seserororo,161,6,2074,0,4,전환
2026-09-17,120252374097550659,[빙과_파인트_블프] 26.09_빙과블프_수동_전환_image_전체타겟,260916_P혼_소비자리뷰다발,[26.09]F_I_혼합_전환_빙과블프_혜택강조형__.배너_소비자리뷰.후기다발.최초강조.다시못볼.역대급.혜택.__고가영_260916_빙과_김민우,32,0,568,0,0,전환
2026-09-17,120252374099860659,[빙과_파인트_블프] 26.09_빙과블프_수동_전환_image_전체타겟,260916_P혼_소비자리뷰다발,[26.09]F_I_혼합_전환_빙과블프_혜택강조형__.배너_소비자리뷰.후기다발.최초강조.라라스윗.블랙프라이데이.평소에하던할인과.__고가영_260916_빙과_김민우,3,0,108,0,0,전환
2026-09-18,120252374097550659,[빙과_파인트_블프] 26.09_빙과블프_수동_전환_image_전체타겟,260916_P혼_소비자리뷰다발,[26.09]F_I_혼합_전환_빙과블프_혜택강조형__.배너_소비자리뷰.후기다발.최초강조.다시못볼.역대급.혜택.__고가영_260916_빙과_김민우,618,3,4655,1,0,전환
2026-09-18,120252374099860659,[빙과_파인트_블프] 26.09_빙과블프_수동_전환_image_전체타겟,260916_P혼_소비자리뷰다발,[26.09]F_I_혼합_전환_빙과블프_혜택강조형__.배너_소비자리뷰.후기다발.최초강조.라라스윗.블랙프라이데이.평소에하던할인과.__고가영_260916_빙과_김민우,492,5,3537,0,0,전환
2026-09-18,120252408981870659,[빙과_크런치봉봉] 26.09_크봉출시_수동_전환_image_전체타겟,0918_크봉_고효율(2),[26.09]F_I_CB바_전환_크봉출시_혜택강조형__.배너_고효율베리.곧정상가적용.__문선정_260918_빙과_이채윤,11,1,1104,1,0,전환
2026-09-18,120252409011570659,[빙과_크런치봉봉] 26.09_크봉출시_수동_전환_image_전체타겟,0918_크봉_고효율(2),[26.09]F_I_CB바_전환_크봉출시_혜택강조형__.배너_고효율베리.특가후즉시종료.__문선정_260918_빙과_이채윤,8,0,200,0,0,전환
2026-09-18,120252409107630659,[빙과_크런치봉봉] 26.09_크봉출시_ASC_전환_video_전체타겟_9월 3주차_전화네고형,[빙과_크봉] 26.09_크봉출시_ASC_전환_video_전체타겟_9월 3주차_2,[26.09]F_V_CB바_전환_크봉출시_네고형_전화네고_var3.릴스_통초코볼.X_스틱바P_김유진_260918_빙과_노현경,56,0,616,0,6,전환
2026-09-18,120252409114520659,[빙과_크런치봉봉] 26.09_크봉출시_수동_전환_image_전체타겟,0918_크봉_양+권위+고효율,[26.09]F_I_CB바_전환_크봉출시_제품강조형__.배너_테스트.라라스윗권위.저당권위.__문선정_260918_빙과_이채윤,5,0,84,0,0,전환
2026-09-18,120252409114830659,[빙과_크런치봉봉] 26.09_크봉출시_ASC_전환_image_전체타겟_9월 3주차,[빙과_크봉] 26.09_크봉출시_ASC_전환_image_전체타겟_9월 3주차,[26.09]F_I_CB바_전환_크봉출시_제품강조형__.배너_테스트.라라스윗권위.저당권위.__문선정_260918_빙과_이채윤,5,0,98,0,0,전환
2026-09-18,120252409249410659,[빙과_크런치봉봉] 26.09_크봉출시_수동_전환_image_전체타겟,0918_크봉_통초코볼+코팅,[26.09]F_I_CB바_전환_크봉출시_제품강조형__.배너_테스트.초코코팅강조.프리미엄.고디바.__문선정_260918_빙과_이채윤,53,0,1355,0,0,전환
2026-09-18,120252409252910659,[빙과_크런치봉봉] 26.09_크봉출시_수동_전환_image_전체타겟,0918_크봉_통초코볼+코팅,[26.09]F_I_CB바_전환_크봉출시_제품강조형__.배너_테스트.초코코팅강조.프리미엄.로이스.__문선정_260918_빙과_이채윤,21,2,1144,0,0,전환
2026-09-19,120252357028790659,[빙과_파인트] 26.09_파트너십광고_수동_전환_video_전체타겟,9월 3주차_파트너십_P말_1,[26.09]F_V_P말_전환_골키파출시_파트너십_siseo_day,452,32,8472,0,26,전환
2026-09-19,120252374097550659,[빙과_파인트_블프] 26.09_빙과블프_수동_전환_image_전체타겟,260916_P혼_소비자리뷰다발,[26.09]F_I_혼합_전환_빙과블프_혜택강조형__.배너_소비자리뷰.후기다발.최초강조.다시못볼.역대급.혜택.__고가영_260916_빙과_김민우,9462,147,143428,7,0,전환
2026-09-19,120252374099860659,[빙과_파인트_블프] 26.09_빙과블프_수동_전환_image_전체타겟,260916_P혼_소비자리뷰다발,[26.09]F_I_혼합_전환_빙과블프_혜택강조형__.배너_소비자리뷰.후기다발.최초강조.라라스윗.블랙프라이데이.평소에하던할인과.__고가영_260916_빙과_김민우,1105,14,9019,0,0,전환
2026-09-19,120252405227730659,[빙과_파인트_골키파] 26.09_골키파출시_ASC_전환_video_전체타겟_9월 3주차_인덕션BP/역네고형,[빙과_파인트_골키파] 26.09_골키파출시_ASC_전환_video_전체타겟_9월 3주차_인덕션BP/기본네고,[26.09]F_V_P말_전환_골키파출시_신규BP_인덕션BP_main.릴스_공통부터.9월.수민PJ_파인트P_고가영_260918_빙과_정하얀,12,0,129,0,0,전환
2026-09-19,120252405241780659,[빙과_파인트_골키파] 26.09_골키파출시_ASC_전환_video_전체타겟_9월 3주차_인덕션BP/역네고형,[빙과_파인트_골키파] 26.09_골키파출시_ASC_전환_video_전체타겟_9월 3주차_인덕션BP/기본네고,[26.09]F_V_P말_전환_골키파출시_신규BP_인덕션BP_var3.릴스_맛충동.9월.수민PJ_파인트P_고가영_260918_빙과_정하얀,72,2,1263,0,2,전환
2026-09-19,120252408761130659,[빙과_파인트] 26.09_재집행_ASC_전환_video_전체타겟,[빙과_파인트] 26.09_재집행_ASC_전환_video_전체타겟,[25.11]F_V_P복_전환_상시_취식강조형_ASMR_main.릴스_토핑+혜택._2511KR0_안예빈_251128_2T_신지우,67,1,1171,0,1,전환
2026-09-19,120252408761210659,[빙과_파인트] 26.09_재집행_ASC_전환_video_전체타겟,[빙과_파인트] 26.09_재집행_ASC_전환_video_전체타겟,[25.07]F_V_P초_전환_멜론바리뉴얼기념_직원리뷰형_초코파인트_var1.릴스_쫀득후킹._2507KR1_영상팀_250725_1T_한지희,82,1,726,0,3,전환
2026-09-19,120252408761330659,[빙과_파인트] 26.09_재집행_ASC_전환_video_전체타겟,[빙과_파인트] 26.09_재집행_ASC_전환_video_전체타겟,[26.02]F_V_P초_전환_복요파출시_네고형_책상네고형_main.릴스_기본.03_08_문선정_260220_1T_이미진,58,0,972,0,2,전환
2026-09-19,120252408788110659,[빙과_파인트] 26.09_재집행_수동_전환_video_전체타겟,8월 2주차_재집행_P말_3,[25.10]F_V_P말_전환_멜론바리뉴얼기념_네고형_역네고_var2.릴스_숏._2510KR0_안예빈_251031_1T_조의진,408,3,8335,0,18,전환
2026-09-19,120252408788600659,[빙과_파인트] 26.09_재집행_수동_전환_video_전체타겟,8월 2주차_재집행_P말_4,[26.07]F_V_P말_전환_말차재입고_원가강조형_미틀리에BP_var2.릴스_말차계에르메스.X_2P_손유곤_260703_빙과_노현경,13,0,260,0,1,전환
2026-09-19,120252408788610659,[빙과_파인트] 26.09_재집행_수동_전환_video_전체타겟,8월 2주차_재집행_P초_3,[26.03]F_V_P초_전환_복요파출시_네고형_전화네고형_var3.릴스_CS. 본론.03_00_고가영_260306_1T_강다빈,95,0,1930,0,3,전환
2026-09-19,120252408788650659,[빙과_파인트] 26.09_재집행_수동_전환_video_전체타겟,8월 2주차_재집행_P요/바/우,[25.09]F_V_P요_전환_생요파출시_네고형_기본_var2.릴스_악플읽기._2509KR1_이석영_250918_2T_강다빈,7,0,80,0,0,전환
2026-09-19,120252408981870659,[빙과_크런치봉봉] 26.09_크봉출시_수동_전환_image_전체타겟,0918_크봉_고효율(2),[26.09]F_I_CB바_전환_크봉출시_혜택강조형__.배너_고효율베리.곧정상가적용.__문선정_260918_빙과_이채윤,43,1,591,0,0,전환
2026-09-19,120252409003770659,[빙과_크런치봉봉] 26.09_크봉출시_수동_전환_image_전체타겟,0918_크봉_고효율(2),[26.09]F_I_CB바_전환_크봉출시_혜택강조형__.배너_고효율베리.저희도죄송스럽습니다.__문선정_260918_빙과_이채윤,7,0,257,0,0,전환
2026-09-19,120252409011570659,[빙과_크런치봉봉] 26.09_크봉출시_수동_전환_image_전체타겟,0918_크봉_고효율(2),[26.09]F_I_CB바_전환_크봉출시_혜택강조형__.배너_고효율베리.특가후즉시종료.__문선정_260918_빙과_이채윤,54,4,1506,0,0,전환
2026-09-19,120252409012000659,[빙과_크런치봉봉] 26.09_크봉출시_ASC_전환_image_전체타겟_9월 3주차,[빙과_크봉] 26.09_크봉출시_ASC_전환_image_전체타겟_9월 3주차,[26.09]F_I_CB바_전환_크봉출시_혜택강조형__.배너_고효율베리.특가후즉시종료.__문선정_260918_빙과_이채윤,88,2,2920,2,0,전환
2026-09-19,120252409107630659,[빙과_크런치봉봉] 26.09_크봉출시_ASC_전환_video_전체타겟_9월 3주차_전화네고형,[빙과_크봉] 26.09_크봉출시_ASC_전환_video_전체타겟_9월 3주차_2,[26.09]F_V_CB바_전환_크봉출시_네고형_전화네고_var3.릴스_통초코볼.X_스틱바P_김유진_260918_빙과_노현경,9,0,128,0,3,전환
2026-09-19,120252409114520659,[빙과_크런치봉봉] 26.09_크봉출시_수동_전환_image_전체타겟,0918_크봉_양+권위+고효율,[26.09]F_I_CB바_전환_크봉출시_제품강조형__.배너_테스트.라라스윗권위.저당권위.__문선정_260918_빙과_이채윤,71,1,1884,0,0,전환
2026-09-19,120252409114830659,[빙과_크런치봉봉] 26.09_크봉출시_ASC_전환_image_전체타겟_9월 3주차,[빙과_크봉] 26.09_크봉출시_ASC_전환_image_전체타겟_9월 3주차,[26.09]F_I_CB바_전환_크봉출시_제품강조형__.배너_테스트.라라스윗권위.저당권위.__문선정_260918_빙과_이채윤,575,12,10305,0,0,전환
2026-09-19,120252409123690659,[빙과_크런치봉봉] 26.09_크봉출시_ASC_전환_image_전체타겟_9월 3주차,[빙과_크봉] 26.09_크봉출시_ASC_전환_image_전체타겟_9월 3주차,[26.09]F_I_CB바_전환_크봉출시_제품강조형__.배너_테스트.라라스윗권위.판매량.__문선정_260918_빙과_이채윤,206,8,4062,0,0,전환
2026-09-19,120252409129690659,[빙과_크런치봉봉] 26.09_크봉출시_ASC_전환_image_전체타겟_9월 3주차,[빙과_크봉] 26.09_크봉출시_ASC_전환_image_전체타겟_9월 3주차,[26.09]F_I_CB바_전환_크봉출시_제품강조형__.배너_테스트.초코볼양강조.비교프레임.__문선정_260918_빙과_이채윤,282,5,6660,0,0,전환
2026-09-19,120252409249410659,[빙과_크런치봉봉] 26.09_크봉출시_수동_전환_image_전체타겟,0918_크봉_통초코볼+코팅,[26.09]F_I_CB바_전환_크봉출시_제품강조형__.배너_테스트.초코코팅강조.프리미엄.고디바.__문선정_260918_빙과_이채윤,42,2,1105,0,0,전환
2026-09-19,120252409252910659,[빙과_크런치봉봉] 26.09_크봉출시_수동_전환_image_전체타겟,0918_크봉_통초코볼+코팅,[26.09]F_I_CB바_전환_크봉출시_제품강조형__.배너_테스트.초코코팅강조.프리미엄.로이스.__문선정_260918_빙과_이채윤,69,3,1216,0,0,전환
2026-09-20,120252374097550659,[빙과_파인트_블프] 26.09_빙과블프_수동_전환_image_전체타겟,260916_P혼_소비자리뷰다발,[26.09]F_I_혼합_전환_빙과블프_혜택강조형__.배너_소비자리뷰.후기다발.최초강조.다시못볼.역대급.혜택.__고가영_260916_빙과_김민우,1455,31,22780,0,0,전환
2026-09-20,120252405227730659,[빙과_파인트_골키파] 26.09_골키파출시_ASC_전환_video_전체타겟_9월 3주차_인덕션BP/역네고형,[빙과_파인트_골키파] 26.09_골키파출시_ASC_전환_video_전체타겟_9월 3주차_인덕션BP/기본네고,[26.09]F_V_P말_전환_골키파출시_신규BP_인덕션BP_main.릴스_공통부터.9월.수민PJ_파인트P_고가영_260918_빙과_정하얀,8,0,83,0,0,전환
2026-09-20,120252405241780659,[빙과_파인트_골키파] 26.09_골키파출시_ASC_전환_video_전체타겟_9월 3주차_인덕션BP/역네고형,[빙과_파인트_골키파] 26.09_골키파출시_ASC_전환_video_전체타겟_9월 3주차_인덕션BP/기본네고,[26.09]F_V_P말_전환_골키파출시_신규BP_인덕션BP_var3.릴스_맛충동.9월.수민PJ_파인트P_고가영_260918_빙과_정하얀,190,3,2746,0,5,전환
2026-09-20,120252408761130659,[빙과_파인트] 26.09_재집행_ASC_전환_video_전체타겟,[빙과_파인트] 26.09_재집행_ASC_전환_video_전체타겟,[25.11]F_V_P복_전환_상시_취식강조형_ASMR_main.릴스_토핑+혜택._2511KR0_안예빈_251128_2T_신지우,40,1,540,0,3,전환
2026-09-20,120252408761210659,[빙과_파인트] 26.09_재집행_ASC_전환_video_전체타겟,[빙과_파인트] 26.09_재집행_ASC_전환_video_전체타겟,[25.07]F_V_P초_전환_멜론바리뉴얼기념_직원리뷰형_초코파인트_var1.릴스_쫀득후킹._2507KR1_영상팀_250725_1T_한지희,10,0,122,0,0,전환
2026-09-20,120252408761330659,[빙과_파인트] 26.09_재집행_ASC_전환_video_전체타겟,[빙과_파인트] 26.09_재집행_ASC_전환_video_전체타겟,[26.02]F_V_P초_전환_복요파출시_네고형_책상네고형_main.릴스_기본.03_08_문선정_260220_1T_이미진,5,0,73,0,0,전환
2026-09-20,120252408788110659,[빙과_파인트] 26.09_재집행_수동_전환_video_전체타겟,8월 2주차_재집행_P말_3,[25.10]F_V_P말_전환_멜론바리뉴얼기념_네고형_역네고_var2.릴스_숏._2510KR0_안예빈_251031_1T_조의진,1,0,14,0,0,전환
2026-09-20,120252408788600659,[빙과_파인트] 26.09_재집행_수동_전환_video_전체타겟,8월 2주차_재집행_P말_4,[26.07]F_V_P말_전환_말차재입고_원가강조형_미틀리에BP_var2.릴스_말차계에르메스.X_2P_손유곤_260703_빙과_노현경,3,0,45,0,0,전환
2026-09-20,120252408788650659,[빙과_파인트] 26.09_재집행_수동_전환_video_전체타겟,8월 2주차_재집행_P요/바/우,[25.09]F_V_P요_전환_생요파출시_네고형_기본_var2.릴스_악플읽기._2509KR1_이석영_250918_2T_강다빈,2,0,17,0,0,전환
2026-09-20,120252409011570659,[빙과_크런치봉봉] 26.09_크봉출시_수동_전환_image_전체타겟,0918_크봉_고효율(2),[26.09]F_I_CB바_전환_크봉출시_혜택강조형__.배너_고효율베리.특가후즉시종료.__문선정_260918_빙과_이채윤,1,0,3,0,0,전환
2026-09-20,120252409012000659,[빙과_크런치봉봉] 26.09_크봉출시_ASC_전환_image_전체타겟_9월 3주차,[빙과_크봉] 26.09_크봉출시_ASC_전환_image_전체타겟_9월 3주차,[26.09]F_I_CB바_전환_크봉출시_혜택강조형__.배너_고효율베리.특가후즉시종료.__문선정_260918_빙과_이채윤,13,0,111,0,0,전환
2026-09-20,120252409107630659,[빙과_크런치봉봉] 26.09_크봉출시_ASC_전환_video_전체타겟_9월 3주차_전화네고형,[빙과_크봉] 26.09_크봉출시_ASC_전환_video_전체타겟_9월 3주차_2,[26.09]F_V_CB바_전환_크봉출시_네고형_전화네고_var3.릴스_통초코볼.X_스틱바P_김유진_260918_빙과_노현경,1258,12,16791,2,147,전환
2026-09-20,120252409114520659,[빙과_크런치봉봉] 26.09_크봉출시_수동_전환_image_전체타겟,0918_크봉_양+권위+고효율,[26.09]F_I_CB바_전환_크봉출시_제품강조형__.배너_테스트.라라스윗권위.저당권위.__문선정_260918_빙과_이채윤,61,2,1234,0,0,전환
2026-09-20,120252409114830659,[빙과_크런치봉봉] 26.09_크봉출시_ASC_전환_image_전체타겟_9월 3주차,[빙과_크봉] 26.09_크봉출시_ASC_전환_image_전체타겟_9월 3주차,[26.09]F_I_CB바_전환_크봉출시_제품강조형__.배너_테스트.라라스윗권위.저당권위.__문선정_260918_빙과_이채윤,264,6,5454,0,0,전환
2026-09-20,120252409123690659,[빙과_크런치봉봉] 26.09_크봉출시_ASC_전환_image_전체타겟_9월 3주차,[빙과_크봉] 26.09_크봉출시_ASC_전환_image_전체타겟_9월 3주차,[26.09]F_I_CB바_전환_크봉출시_제품강조형__.배너_테스트.라라스윗권위.판매량.__문선정_260918_빙과_이채윤,39,0,1225,0,0,전환
2026-09-20,120252409129690659,[빙과_크런치봉봉] 26.09_크봉출시_ASC_전환_image_전체타겟_9월 3주차,[빙과_크봉] 26.09_크봉출시_ASC_전환_image_전체타겟_9월 3주차,[26.09]F_I_CB바_전환_크봉출시_제품강조형__.배너_테스트.초코볼양강조.비교프레임.__문선정_260918_빙과_이채윤,25,0,513,0,0,전환
2026-09-20,120252409249410659,[빙과_크런치봉봉] 26.09_크봉출시_수동_전환_image_전체타겟,0918_크봉_통초코볼+코팅,[26.09]F_I_CB바_전환_크봉출시_제품강조형__.배너_테스트.초코코팅강조.프리미엄.고디바.__문선정_260918_빙과_이채윤,2,0,10,0,0,전환
2026-09-20,120252409252910659,[빙과_크런치봉봉] 26.09_크봉출시_수동_전환_image_전체타겟,0918_크봉_통초코볼+코팅,[26.09]F_I_CB바_전환_크봉출시_제품강조형__.배너_테스트.초코코팅강조.프리미엄.로이스.__문선정_260918_빙과_이채윤,23,1,406,0,0,전환
2026-09-17,120252374106520659,[빙과_파인트_블프] 26.09_빙과블프_수동_전환_image_전체타겟,260916_P혼_고효율 (1),[26.09]F_I_혼합_전환_빙과블프_혜택강조형__.배너_고효율.최초강조.다음주부터.정상가.이번주만.__고가영_260916_빙과_김민우,52045,461,597694,33,0,전환
2026-09-18,120252374106520659,[빙과_파인트_블프] 26.09_빙과블프_수동_전환_image_전체타겟,260916_P혼_고효율 (1),[26.09]F_I_혼합_전환_빙과블프_혜택강조형__.배너_고효율.최초강조.다음주부터.정상가.이번주만.__고가영_260916_빙과_김민우,8479,95,93075,3,0,전환
2026-09-20,120252374106520659,[빙과_파인트_블프] 26.09_빙과블프_수동_전환_image_전체타겟,260916_P혼_고효율 (1),[26.09]F_I_혼합_전환_빙과블프_혜택강조형__.배너_고효율.최초강조.다음주부터.정상가.이번주만.__고가영_260916_빙과_김민우,2084,37,37916,2,0,전환
2026-09-08,120252182664620659,[빙과_스틱바_복숭아쫀득] 26.09_쫀득바출시_ASC_전환_video_전체타겟,[복숭아] 09.11  납작복숭아(백정우베BP) _전환,[26.09]F_V_JD복_전환_복쫀바출시_맛인지형_우베BP_main.릴스_납작복숭아.X_스틱바P_황경원_260904_빙과_정요한,93,3,1094,0,7,전환
2026-09-08,120252240358520659,[빙과_스틱바_복숭아쫀득] 26.09_쫀득바출시_ASC_전환_image_전체타겟,[복숭아쫀득바] 26.09_복쫀바출시_ASC_전환_image_전체타겟_유럽납복,[26.09]F_I_JD복_전환_복쫀바출시_직원설득형__.배너_성분.유럽납작복숭아.차원이다른유럽납작복숭아반짝세일.__황경원_260908_빙과_이채윤,3,0,17,0,0,전환
2026-09-09,120252240358520659,[빙과_스틱바_복숭아쫀득] 26.09_쫀득바출시_ASC_전환_image_전체타겟,[복숭아쫀득바] 26.09_복쫀바출시_ASC_전환_image_전체타겟_유럽납복,[26.09]F_I_JD복_전환_복쫀바출시_직원설득형__.배너_성분.유럽납작복숭아.차원이다른유럽납작복숭아반짝세일.__황경원_260908_빙과_이채윤,41,0,526,0,0,전환
2026-09-10,120252240358520659,[빙과_스틱바_복숭아쫀득] 26.09_쫀득바출시_ASC_전환_image_전체타겟,[복숭아쫀득바] 26.09_복쫀바출시_ASC_전환_image_전체타겟_유럽납복,[26.09]F_I_JD복_전환_복쫀바출시_직원설득형__.배너_성분.유럽납작복숭아.차원이다른유럽납작복숭아반짝세일.__황경원_260908_빙과_이채윤,154,1,2615,0,0,전환
2026-09-11,120252292438180659,[빙과_스틱바_복숭아쫀득] 26.09_쫀득바출시_수동_전환_video_전체타겟,[복숭아] 09.11 복숭아쫀득바_맛인지_렉카변환_정요한,[26.09]F_V_JD복_전환_복쫀바출시_맛인지형_오먹_var3.렉카_납작복숭아가격비교.렉카변환.지금놓치면1년.X_스틱바P_황경원_260911_빙과_정요한,39,0,912,0,0,전환
2026-09-12,120252292438180659,[빙과_스틱바_복숭아쫀득] 26.09_쫀득바출시_수동_전환_video_전체타겟,[복숭아] 09.11 복숭아쫀득바_맛인지_렉카변환_정요한,[26.09]F_V_JD복_전환_복쫀바출시_맛인지형_오먹_var3.렉카_납작복숭아가격비교.렉카변환.지금놓치면1년.X_스틱바P_황경원_260911_빙과_정요한,424,15,11433,0,16,전환
2026-09-13,120252182664620659,[빙과_스틱바_복숭아쫀득] 26.09_쫀득바출시_ASC_전환_video_전체타겟,[복숭아] 09.11  납작복숭아(백정우베BP) _전환,[26.09]F_V_JD복_전환_복쫀바출시_맛인지형_우베BP_main.릴스_납작복숭아.X_스틱바P_황경원_260904_빙과_정요한,16,0,166,0,0,전환
2026-09-13,120252292438180659,[빙과_스틱바_복숭아쫀득] 26.09_쫀득바출시_수동_전환_video_전체타겟,[복숭아] 09.11 복숭아쫀득바_맛인지_렉카변환_정요한,[26.09]F_V_JD복_전환_복쫀바출시_맛인지형_오먹_var3.렉카_납작복숭아가격비교.렉카변환.지금놓치면1년.X_스틱바P_황경원_260911_빙과_정요한,5738,122,125303,14,178,전환
2026-09-14,120252292438180659,[빙과_스틱바_복숭아쫀득] 26.09_쫀득바출시_수동_전환_video_전체타겟,[복숭아] 09.11 복숭아쫀득바_맛인지_렉카변환_정요한,[26.09]F_V_JD복_전환_복쫀바출시_맛인지형_오먹_var3.렉카_납작복숭아가격비교.렉카변환.지금놓치면1년.X_스틱바P_황경원_260911_빙과_정요한,914,13,20845,0,31,전환
2026-09-15,120252292438180659,[빙과_스틱바_복숭아쫀득] 26.09_쫀득바출시_수동_전환_video_전체타겟,[복숭아] 09.11 복숭아쫀득바_맛인지_렉카변환_정요한,[26.09]F_V_JD복_전환_복쫀바출시_맛인지형_오먹_var3.렉카_납작복숭아가격비교.렉카변환.지금놓치면1년.X_스틱바P_황경원_260911_빙과_정요한,838,13,23666,1,24,전환
2026-09-16,120252292438180659,[빙과_스틱바_복숭아쫀득] 26.09_쫀득바출시_수동_전환_video_전체타겟,[복숭아] 09.11 복숭아쫀득바_맛인지_렉카변환_정요한,[26.09]F_V_JD복_전환_복쫀바출시_맛인지형_오먹_var3.렉카_납작복숭아가격비교.렉카변환.지금놓치면1년.X_스틱바P_황경원_260911_빙과_정요한,140,1,4083,0,3,전환
2026-09-16,120252357770850659,[빙과_파인트_블프] 26.09_빙과블프_수동_전환_image_전체타겟,260915_P혼,[26.09]F_I_혼합_전환_빙과블프_혜택강조형__.릴스_물량강조.현장감.1위기념.이번주까지만.드려요.__고가영_260915_빙과_김민우,436,8,10727,1,10,전환
2026-09-16,120252357779960659,[빙과_파인트_블프] 26.09_빙과블프_수동_전환_image_전체타겟,260915_P혼,[26.09]F_I_혼합_전환_빙과블프_혜택강조형__.릴스_물량강조.현장감.1위기념.품절되기전에.지금주문하세요.__고가영_260915_빙과_김민우,244,2,5143,0,7,전환
2026-09-16,120252357784520659,[빙과_파인트_블프] 26.09_빙과블프_수동_전환_image_전체타겟,260915_P혼,[26.09]F_I_혼합_전환_빙과블프_혜택강조형__.배너_물량강조.현장감.1위기념.4분할.1주일동안드려요.__고가영_260915_빙과_김민우,271,1,5811,0,0,전환
2026-09-16,120252357787910659,[빙과_파인트_블프] 26.09_빙과블프_수동_전환_image_전체타겟,260915_P혼,[26.09]F_I_혼합_전환_빙과블프_혜택강조형__.배너_물량강조.현장감.1위기념.야근확정입니다.__고가영_260915_빙과_김민우,391,2,7796,1,0,전환
2026-09-16,120252357789710659,[빙과_파인트_블프] 26.09_빙과블프_수동_전환_image_전체타겟,260915_P혼,[26.09]F_I_혼합_전환_빙과블프_혜택강조형__.배너_소비자리뷰.후기다발.1등기념.유명한파인트.정가는.__고가영_260915_빙과_김민우,298,3,7255,0,0,전환
2026-09-16,120252357792150659,[빙과_파인트_블프] 26.09_빙과블프_수동_전환_image_전체타겟,260915_P혼,[26.09]F_I_혼합_전환_빙과블프_혜택강조형__.배너_소비자리뷰.후기다발.1등기념.평소에.비싸서.못샀는데.__고가영_260915_빙과_김민우,38,0,737,0,0,전환
2026-09-16,120252357796420659,[빙과_파인트_블프] 26.09_빙과블프_수동_전환_image_전체타겟,260915_P혼,[26.09]F_I_혼합_전환_빙과블프_혜택강조형__.배너_소비자리뷰.후기다발.1등기념.품절되기전에.쟁이세요.__고가영_260915_빙과_김민우,348,4,7208,0,0,전환
2026-09-16,120252357804320659,[빙과_파인트_블프] 26.09_빙과블프_수동_전환_image_전체타겟,260915_P혼,[26.09]F_I_혼합_전환_빙과블프_혜택강조형__.배너_소비자리뷰.후기다발.1등기념.프리미엄원재료로.만들어.정가만원.__고가영_260915_빙과_김민우,17,0,731,0,0,전환
2026-09-16,120252357813860659,[빙과_파인트_블프] 26.09_빙과블프_수동_전환_image_전체타겟,260915_P혼,[26.09]F_I_혼합_전환_빙과블프_혜택강조형__.배너_소비자리뷰.후기다발.비싸서.망설인분들.박스째.쟁인다는후기.__고가영_260915_빙과_김민우,59,1,1800,0,0,전환
2026-09-17,120252292438180659,[빙과_스틱바_복숭아쫀득] 26.09_쫀득바출시_수동_전환_video_전체타겟,[복숭아] 09.11 복숭아쫀득바_맛인지_렉카변환_정요한,[26.09]F_V_JD복_전환_복쫀바출시_맛인지형_오먹_var3.렉카_납작복숭아가격비교.렉카변환.지금놓치면1년.X_스틱바P_황경원_260911_빙과_정요한,17802,274,417722,25,542,전환
2026-09-17,120252357770850659,[빙과_파인트_블프] 26.09_빙과블프_수동_전환_image_전체타겟,260915_P혼,[26.09]F_I_혼합_전환_빙과블프_혜택강조형__.릴스_물량강조.현장감.1위기념.이번주까지만.드려요.__고가영_260915_빙과_김민우,554,20,15379,3,21,전환
2026-09-17,120252357779960659,[빙과_파인트_블프] 26.09_빙과블프_수동_전환_image_전체타겟,260915_P혼,[26.09]F_I_혼합_전환_빙과블프_혜택강조형__.릴스_물량강조.현장감.1위기념.품절되기전에.지금주문하세요.__고가영_260915_빙과_김민우,146,9,4002,0,6,전환
2026-09-17,120252357784520659,[빙과_파인트_블프] 26.09_빙과블프_수동_전환_image_전체타겟,260915_P혼,[26.09]F_I_혼합_전환_빙과블프_혜택강조형__.배너_물량강조.현장감.1위기념.4분할.1주일동안드려요.__고가영_260915_빙과_김민우,208,2,3401,0,0,전환
2026-09-17,120252357787910659,[빙과_파인트_블프] 26.09_빙과블프_수동_전환_image_전체타겟,260915_P혼,[26.09]F_I_혼합_전환_빙과블프_혜택강조형__.배너_물량강조.현장감.1위기념.야근확정입니다.__고가영_260915_빙과_김민우,884,5,7768,0,0,전환
2026-09-17,120252357789710659,[빙과_파인트_블프] 26.09_빙과블프_수동_전환_image_전체타겟,260915_P혼,[26.09]F_I_혼합_전환_빙과블프_혜택강조형__.배너_소비자리뷰.후기다발.1등기념.유명한파인트.정가는.__고가영_260915_빙과_김민우,419,8,5864,0,0,전환
2026-09-17,120252357792150659,[빙과_파인트_블프] 26.09_빙과블프_수동_전환_image_전체타겟,260915_P혼,[26.09]F_I_혼합_전환_빙과블프_혜택강조형__.배너_소비자리뷰.후기다발.1등기념.평소에.비싸서.못샀는데.__고가영_260915_빙과_김민우,546,4,3015,0,0,전환
2026-09-17,120252357796420659,[빙과_파인트_블프] 26.09_빙과블프_수동_전환_image_전체타겟,260915_P혼,[26.09]F_I_혼합_전환_빙과블프_혜택강조형__.배너_소비자리뷰.후기다발.1등기념.품절되기전에.쟁이세요.__고가영_260915_빙과_김민우,2496,42,24090,2,0,전환
2026-09-17,120252357804320659,[빙과_파인트_블프] 26.09_빙과블프_수동_전환_image_전체타겟,260915_P혼,[26.09]F_I_혼합_전환_빙과블프_혜택강조형__.배너_소비자리뷰.후기다발.1등기념.프리미엄원재료로.만들어.정가만원.__고가영_260915_빙과_김민우,452,0,1665,0,0,전환
2026-09-17,120252357813860659,[빙과_파인트_블프] 26.09_빙과블프_수동_전환_image_전체타겟,260915_P혼,[26.09]F_I_혼합_전환_빙과블프_혜택강조형__.배너_소비자리뷰.후기다발.비싸서.망설인분들.박스째.쟁인다는후기.__고가영_260915_빙과_김민우,236,1,2592,0,0,전환
2026-09-17,120252374101440659,[빙과_파인트_블프] 26.09_빙과블프_수동_전환_image_전체타겟,260916_P혼_소비자리뷰다발,[26.09]F_I_혼합_전환_빙과블프_혜택강조형__.배너_소비자리뷰.후기다발.최초강조.역사상.첫.블프.이번주.지나면.끝나요.__고가영_260916_빙과_김민우,16,1,361,0,0,전환
2026-09-17,120252374182020659,[빙과_파인트_블프] 26.09_빙과블프_수동_전환_image_전체타겟,260916_P혼_고효율 (2),[26.09]F_I_혼합_전환_빙과블프_혜택강조형__.배너_고효율.최초강조.공지문.이번주가.마지막입니다.마진도.안남아.__고가영_260916_빙과_김민우,47,0,859,0,0,전환
2026-09-17,120252374184480659,[빙과_파인트_블프] 26.09_빙과블프_수동_전환_image_전체타겟,260916_P혼_고효율 (2),[26.09]F_I_혼합_전환_빙과블프_혜택강조형__.배너_고효율.최초강조.네고형.1등기념으로.이번주까지래요.블프특가.__고가영_260916_빙과_김민우,111,4,1774,0,0,전환
2026-09-17,120252374192280659,[빙과_파인트_블프] 26.09_빙과블프_수동_전환_image_전체타겟,260916_P혼_고효율 (2),[26.09]F_I_혼합_전환_빙과블프_혜택강조형__.배너_소비자리뷰.후기다발.라라스윗.최초.블랙프라이데이.__고가영_260916_빙과_김민우,71,0,1692,0,0,전환
2026-09-18,120252292438180659,[빙과_스틱바_복숭아쫀득] 26.09_쫀득바출시_수동_전환_video_전체타겟,[복숭아] 09.11 복숭아쫀득바_맛인지_렉카변환_정요한,[26.09]F_V_JD복_전환_복쫀바출시_맛인지형_오먹_var3.렉카_납작복숭아가격비교.렉카변환.지금놓치면1년.X_스틱바P_황경원_260911_빙과_정요한,1846,30,41346,2,74,전환
2026-09-18,120252357770850659,[빙과_파인트_블프] 26.09_빙과블프_수동_전환_image_전체타겟,260915_P혼,[26.09]F_I_혼합_전환_빙과블프_혜택강조형__.릴스_물량강조.현장감.1위기념.이번주까지만.드려요.__고가영_260915_빙과_김민우,783,25,22404,0,39,전환
2026-09-18,120252357779960659,[빙과_파인트_블프] 26.09_빙과블프_수동_전환_image_전체타겟,260915_P혼,[26.09]F_I_혼합_전환_빙과블프_혜택강조형__.릴스_물량강조.현장감.1위기념.품절되기전에.지금주문하세요.__고가영_260915_빙과_김민우,114,6,3885,1,4,전환
2026-09-18,120252357784520659,[빙과_파인트_블프] 26.09_빙과블프_수동_전환_image_전체타겟,260915_P혼,[26.09]F_I_혼합_전환_빙과블프_혜택강조형__.배너_물량강조.현장감.1위기념.4분할.1주일동안드려요.__고가영_260915_빙과_김민우,250,4,2426,1,0,전환
2026-09-18,120252357787910659,[빙과_파인트_블프] 26.09_빙과블프_수동_전환_image_전체타겟,260915_P혼,[26.09]F_I_혼합_전환_빙과블프_혜택강조형__.배너_물량강조.현장감.1위기념.야근확정입니다.__고가영_260915_빙과_김민우,1628,15,10044,0,0,전환
2026-09-18,120252357789710659,[빙과_파인트_블프] 26.09_빙과블프_수동_전환_image_전체타겟,260915_P혼,[26.09]F_I_혼합_전환_빙과블프_혜택강조형__.배너_소비자리뷰.후기다발.1등기념.유명한파인트.정가는.__고가영_260915_빙과_김민우,615,11,7712,0,0,전환
2026-09-18,120252357792150659,[빙과_파인트_블프] 26.09_빙과블프_수동_전환_image_전체타겟,260915_P혼,[26.09]F_I_혼합_전환_빙과블프_혜택강조형__.배너_소비자리뷰.후기다발.1등기념.평소에.비싸서.못샀는데.__고가영_260915_빙과_김민우,402,2,1709,0,0,전환
2026-09-18,120252357796420659,[빙과_파인트_블프] 26.09_빙과블프_수동_전환_image_전체타겟,260915_P혼,[26.09]F_I_혼합_전환_빙과블프_혜택강조형__.배너_소비자리뷰.후기다발.1등기념.품절되기전에.쟁이세요.__고가영_260915_빙과_김민우,1649,18,22726,0,0,전환
2026-09-18,120252357804320659,[빙과_파인트_블프] 26.09_빙과블프_수동_전환_image_전체타겟,260915_P혼,[26.09]F_I_혼합_전환_빙과블프_혜택강조형__.배너_소비자리뷰.후기다발.1등기념.프리미엄원재료로.만들어.정가만원.__고가영_260915_빙과_김민우,151,2,755,0,0,전환
2026-09-18,120252357813860659,[빙과_파인트_블프] 26.09_빙과블프_수동_전환_image_전체타겟,260915_P혼,[26.09]F_I_혼합_전환_빙과블프_혜택강조형__.배너_소비자리뷰.후기다발.비싸서.망설인분들.박스째.쟁인다는후기.__고가영_260915_빙과_김민우,305,6,3021,0,0,전환
2026-09-18,120252374101440659,[빙과_파인트_블프] 26.09_빙과블프_수동_전환_image_전체타겟,260916_P혼_소비자리뷰다발,[26.09]F_I_혼합_전환_빙과블프_혜택강조형__.배너_소비자리뷰.후기다발.최초강조.역사상.첫.블프.이번주.지나면.끝나요.__고가영_260916_빙과_김민우,264,5,5852,0,0,전환
2026-09-18,120252374182020659,[빙과_파인트_블프] 26.09_빙과블프_수동_전환_image_전체타겟,260916_P혼_고효율 (2),[26.09]F_I_혼합_전환_빙과블프_혜택강조형__.배너_고효율.최초강조.공지문.이번주가.마지막입니다.마진도.안남아.__고가영_260916_빙과_김민우,300,8,6342,0,0,전환
2026-09-18,120252374184480659,[빙과_파인트_블프] 26.09_빙과블프_수동_전환_image_전체타겟,260916_P혼_고효율 (2),[26.09]F_I_혼합_전환_빙과블프_혜택강조형__.배너_고효율.최초강조.네고형.1등기념으로.이번주까지래요.블프특가.__고가영_260916_빙과_김민우,5476,79,61500,2,0,전환
2026-09-18,120252374192280659,[빙과_파인트_블프] 26.09_빙과블프_수동_전환_image_전체타겟,260916_P혼_고효율 (2),[26.09]F_I_혼합_전환_빙과블프_혜택강조형__.배너_소비자리뷰.후기다발.라라스윗.최초.블랙프라이데이.__고가영_260916_빙과_김민우,332,6,7294,1,0,전환
2026-09-18,120252390561840659,[빙과_파인트_블프] 26.09_빙과블프_수동_전환_image_전체타겟,260917_P혼,[26.09]F_I_P혼_전환_빙과블프_혜택강조형__.배너_고효율.한정성강조.다신못봅니다.역대최초.이번주까지에요.__고가영_260917_빙과_김민우,38,1,703,0,0,전환
2026-09-18,120252390565240659,[빙과_파인트_블프] 26.09_빙과블프_수동_전환_image_전체타겟,260917_P혼,[26.09]F_I_P혼_전환_빙과블프_혜택강조형__.배너_고효율.한정성강조.라라스윗최초.곧끝납니다.쟁임컷.__고가영_260917_빙과_김민우,989,12,14142,0,0,전환
2026-09-18,120252390569280659,[빙과_파인트_블프] 26.09_빙과블프_수동_전환_image_전체타겟,260917_P혼,[26.09]F_I_P혼_전환_빙과블프_혜택강조형__.배너_고효율.한정성강조.베스트3종.이번주까지만.드려요.고급젤라또무제한.__고가영_260917_빙과_김민우,1419,15,20707,0,0,전환
2026-09-18,120252390574010659,[빙과_파인트_블프] 26.09_빙과블프_수동_전환_image_전체타겟,260917_P혼,[26.09]F_I_P혼_전환_빙과블프_혜택강조형__.배너_고효율.한정성강조.셔벗3종.이번주까지만.드려요.여름과일무제한.__고가영_260917_빙과_김민우,297,3,4155,0,0,전환
2026-09-18,120252390579020659,[빙과_파인트_블프] 26.09_빙과블프_수동_전환_image_전체타겟,260917_P혼,[26.09]F_I_P혼_전환_빙과블프_혜택강조형__.배너_고효율.한정성강조.이번주지나면.없어요.당까지낮춘.젤라또.한달무제한제공.__고가영_260917_빙과_김민우,1223,23,20197,1,0,전환
2026-09-19,120252292438180659,[빙과_스틱바_복숭아쫀득] 26.09_쫀득바출시_수동_전환_video_전체타겟,[복숭아] 09.11 복숭아쫀득바_맛인지_렉카변환_정요한,[26.09]F_V_JD복_전환_복쫀바출시_맛인지형_오먹_var3.렉카_납작복숭아가격비교.렉카변환.지금놓치면1년.X_스틱바P_황경원_260911_빙과_정요한,78,1,1091,0,2,전환
2026-09-19,120252357770850659,[빙과_파인트_블프] 26.09_빙과블프_수동_전환_image_전체타겟,260915_P혼,[26.09]F_I_혼합_전환_빙과블프_혜택강조형__.릴스_물량강조.현장감.1위기념.이번주까지만.드려요.__고가영_260915_빙과_김민우,571,27,20989,1,21,전환
2026-09-19,120252357779960659,[빙과_파인트_블프] 26.09_빙과블프_수동_전환_image_전체타겟,260915_P혼,[26.09]F_I_혼합_전환_빙과블프_혜택강조형__.릴스_물량강조.현장감.1위기념.품절되기전에.지금주문하세요.__고가영_260915_빙과_김민우,84,2,4487,0,1,전환
2026-09-19,120252357784520659,[빙과_파인트_블프] 26.09_빙과블프_수동_전환_image_전체타겟,260915_P혼,[26.09]F_I_혼합_전환_빙과블프_혜택강조형__.배너_물량강조.현장감.1위기념.4분할.1주일동안드려요.__고가영_260915_빙과_김민우,50,1,881,0,0,전환
2026-09-19,120252374101440659,[빙과_파인트_블프] 26.09_빙과블프_수동_전환_image_전체타겟,260916_P혼_소비자리뷰다발,[26.09]F_I_혼합_전환_빙과블프_혜택강조형__.배너_소비자리뷰.후기다발.최초강조.역사상.첫.블프.이번주.지나면.끝나요.__고가영_260916_빙과_김민우,2001,39,36371,2,0,전환
2026-09-19,120252390561840659,[빙과_파인트_블프] 26.09_빙과블프_수동_전환_image_전체타겟,260917_P혼,[26.09]F_I_P혼_전환_빙과블프_혜택강조형__.배너_고효율.한정성강조.다신못봅니다.역대최초.이번주까지에요.__고가영_260917_빙과_김민우,17822,261,286109,18,0,전환
2026-09-19,120252390565240659,[빙과_파인트_블프] 26.09_빙과블프_수동_전환_image_전체타겟,260917_P혼,[26.09]F_I_P혼_전환_빙과블프_혜택강조형__.배너_고효율.한정성강조.라라스윗최초.곧끝납니다.쟁임컷.__고가영_260917_빙과_김민우,3949,51,61107,2,0,전환
2026-09-19,120252390574010659,[빙과_파인트_블프] 26.09_빙과블프_수동_전환_image_전체타겟,260917_P혼,[26.09]F_I_P혼_전환_빙과블프_혜택강조형__.배너_고효율.한정성강조.셔벗3종.이번주까지만.드려요.여름과일무제한.__고가영_260917_빙과_김민우,3809,45,62222,2,0,전환
2026-09-19,120252390579020659,[빙과_파인트_블프] 26.09_빙과블프_수동_전환_image_전체타겟,260917_P혼,[26.09]F_I_P혼_전환_빙과블프_혜택강조형__.배너_고효율.한정성강조.이번주지나면.없어요.당까지낮춘.젤라또.한달무제한제공.__고가영_260917_빙과_김민우,2093,29,38014,2,0,전환
2026-09-19,120252408788360659,[빙과_파인트] 26.09_재집행_수동_전환_video_전체타겟,8월 2주차_재집행_P혼,[26.06]F_V_P혼_전환_셔벗리뉴얼특가_기타_꼬막BP_main.릴스_본론.X_1P_고가영_260602_빙과_강다빈,7866,72,105199,5,303,전환
2026-09-20,120252357770850659,[빙과_파인트_블프] 26.09_빙과블프_수동_전환_image_전체타겟,260915_P혼,[26.09]F_I_혼합_전환_빙과블프_혜택강조형__.릴스_물량강조.현장감.1위기념.이번주까지만.드려요.__고가영_260915_빙과_김민우,3481,106,118981,6,118,전환
2026-09-20,120252374182020659,[빙과_파인트_블프] 26.09_빙과블프_수동_전환_image_전체타겟,260916_P혼_고효율 (2),[26.09]F_I_혼합_전환_빙과블프_혜택강조형__.배너_고효율.최초강조.공지문.이번주가.마지막입니다.마진도.안남아.__고가영_260916_빙과_김민우,4913,67,113688,8,0,전환
2026-09-20,120252374192280659,[빙과_파인트_블프] 26.09_빙과블프_수동_전환_image_전체타겟,260916_P혼_고효율 (2),[26.09]F_I_혼합_전환_빙과블프_혜택강조형__.배너_소비자리뷰.후기다발.라라스윗.최초.블랙프라이데이.__고가영_260916_빙과_김민우,3328,64,65431,4,0,전환
2026-09-20,120252390561840659,[빙과_파인트_블프] 26.09_빙과블프_수동_전환_image_전체타겟,260917_P혼,[26.09]F_I_P혼_전환_빙과블프_혜택강조형__.배너_고효율.한정성강조.다신못봅니다.역대최초.이번주까지에요.__고가영_260917_빙과_김민우,3658,60,67797,3,0,전환
2026-09-20,120252408788360659,[빙과_파인트] 26.09_재집행_수동_전환_video_전체타겟,8월 2주차_재집행_P혼,[26.06]F_V_P혼_전환_셔벗리뉴얼특가_기타_꼬막BP_main.릴스_본론.X_1P_고가영_260602_빙과_강다빈,1528,12,21012,0,69,전환
2026-09-08,120247970433590252,[빙과_쫀득바] 인지광고_조회_26.06_video,[멜론] 0724_온드_비하인드(1)_JD멜,[26.07]F_V_JD멜_인지_쫀득바출시_신규BP_비하인드 다큐_main.렉카_멜쫀바폐기.X_2P_문선정_260724_빙과_노현경,1,0,2,1,1,인지
2026-09-08,120248318361260252,[빙과_쫀득바] 인지광고_조회_26.08_video,[멜론] 0728_영현_바이럴(1)_JD멜,클릭유도형_자동화데모_0807,76,0,51,22,22,인지
2026-09-08,120248506403940252,[빙과_쫀득바] 인지광고_조회_26.06_video,[멜론] 무디_파트너십광고PA,siyeonyoojoa,1,0,2,1,1,인지
2026-09-08,120248583636760252,[빙과_쫀득바] 인지광고_조회_26.06_video,[멜론] 무디_파트너십광고PA,suj_43,1,0,2,0,0,인지
2026-09-09,120248318361260252,[빙과_쫀득바] 인지광고_조회_26.08_video,[멜론] 0728_영현_바이럴(1)_JD멜,클릭유도형_자동화데모_0807,74,0,58,14,14,인지
2026-09-10,120248318361260252,[빙과_쫀득바] 인지광고_조회_26.08_video,[멜론] 0728_영현_바이럴(1)_JD멜,클릭유도형_자동화데모_0807,112,0,74,27,27,인지
2026-09-11,120248318361260252,[빙과_쫀득바] 인지광고_조회_26.08_video,[멜론] 0728_영현_바이럴(1)_JD멜,클릭유도형_자동화데모_0807,136,0,85,36,36,인지
2026-09-12,120248318361260252,[빙과_쫀득바] 인지광고_조회_26.08_video,[멜론] 0728_영현_바이럴(1)_JD멜,클릭유도형_자동화데모_0807,71,0,75,23,23,인지
2026-09-12,120248584705710252,[빙과_쫀득바] 인지광고_인지도_26.08_video,[멜론] 무디_파트너십광고PA,suj_43,1,0,2,0,0,인지
2026-09-13,120248318361260252,[빙과_쫀득바] 인지광고_조회_26.08_video,[멜론] 0728_영현_바이럴(1)_JD멜,클릭유도형_자동화데모_0807,66,0,67,22,22,인지
2026-09-14,120248318361260252,[빙과_쫀득바] 인지광고_조회_26.08_video,[멜론] 0728_영현_바이럴(1)_JD멜,클릭유도형_자동화데모_0807,254,0,200,59,59,인지
2026-09-15,120248318361260252,[빙과_쫀득바] 인지광고_조회_26.08_video,[멜론] 0728_영현_바이럴(1)_JD멜,클릭유도형_자동화데모_0807,67,0,50,14,14,인지
2026-09-16,120248318361260252,[빙과_쫀득바] 인지광고_조회_26.08_video,[멜론] 0728_영현_바이럴(1)_JD멜,클릭유도형_자동화데모_0807,59,0,55,21,21,인지
2026-09-17,120248318361260252,[빙과_쫀득바] 인지광고_조회_26.08_video,[멜론] 0728_영현_바이럴(1)_JD멜,클릭유도형_자동화데모_0807,95,0,143,72,72,인지
2026-09-18,120248318361260252,[빙과_쫀득바] 인지광고_조회_26.08_video,[멜론] 0728_영현_바이럴(1)_JD멜,클릭유도형_자동화데모_0807,63,0,57,16,16,인지
2026-09-19,120248318361260252,[빙과_쫀득바] 인지광고_조회_26.08_video,[멜론] 0728_영현_바이럴(1)_JD멜,클릭유도형_자동화데모_0807,77,0,70,14,14,인지
2026-09-20,120248318361260252,[빙과_쫀득바] 인지광고_조회_26.08_video,[멜론] 0728_영현_바이럴(1)_JD멜,클릭유도형_자동화데모_0807,79,0,52,11,11,인지
2026-09-08,120248600308690252,[빙과_쫀득바] 인지광고_조회_26.08_video,[멜론] 0724_온드_비하인드(1)_JD멜,[26.07]F_V_JD멜_인지_쫀득바출시_신규BP_비하인드 다큐_main.렉카_멜쫀바폐기.X_2P_문선정_260724_빙과_노현경,3,0,6,1,1,인지
2026-09-09,120248600308530252,[빙과_쫀득바] 인지광고_조회_26.08_video,[멜론] 7월 4주차_요한_바이럴(1)_JD멜,[26.07]F_V_JD멜_인지_쫀득바출시_바이럴형_정보전달형_main.렉카_건희소스활용.X_1P_김유진_260721_빙과_정요한,2,0,3,0,0,인지
2026-09-09,120248600308690252,[빙과_쫀득바] 인지광고_조회_26.08_video,[멜론] 0724_온드_비하인드(1)_JD멜,[26.07]F_V_JD멜_인지_쫀득바출시_신규BP_비하인드 다큐_main.렉카_멜쫀바폐기.X_2P_문선정_260724_빙과_노현경,2,0,4,2,2,인지
2026-09-10,120248584705740252,[빙과_쫀득바] 인지광고_인지도_26.08_video,[멜론] 무디_파트너십광고PA,kdaaeng,82,0,105,81,81,인지
2026-09-10,120248600308350252,[빙과_쫀득바] 인지광고_조회_26.08_video,[멜론] 7월 3주차_육아BP_JD멜,[26.07]F_V_JD멜_인지_쫀득바출시_신규BP_육아bp_var1.릴스_아기.X_2P_문선정_260716_빙과_이하림,1,0,2,1,1,인지
2026-09-10,120248600308380252,[빙과_쫀득바] 인지광고_조회_26.08_video,[멜론] 7월 2주차_바이럴(오하루)_JD멜,[26.07]F_V_JD멜_바이럴_쫀득바출시_바이럴형_바이럴형_main.렉카_힘숨찐.X_2P_이재원_260703_빙과_최재헌,1,0,0,0,0,인지
2026-09-10,120248600308530252,[빙과_쫀득바] 인지광고_조회_26.08_video,[멜론] 7월 4주차_요한_바이럴(1)_JD멜,[26.07]F_V_JD멜_인지_쫀득바출시_바이럴형_정보전달형_main.렉카_건희소스활용.X_1P_김유진_260721_빙과_정요한,2,0,2,0,0,인지
2026-09-10,120248600308690252,[빙과_쫀득바] 인지광고_조회_26.08_video,[멜론] 0724_온드_비하인드(1)_JD멜,[26.07]F_V_JD멜_인지_쫀득바출시_신규BP_비하인드 다큐_main.렉카_멜쫀바폐기.X_2P_문선정_260724_빙과_노현경,6,0,9,2,2,인지
2026-09-11,120248584705740252,[빙과_쫀득바] 인지광고_인지도_26.08_video,[멜론] 무디_파트너십광고PA,kdaaeng,6,0,16,4,4,인지
2026-09-11,120248584774250252,[빙과_쫀득바] 인지광고_조회_26.08_video,[멜론] 무디_파트너십광고PA,payforyouth_,2,0,3,1,1,인지
2026-09-11,120248600308530252,[빙과_쫀득바] 인지광고_조회_26.08_video,[멜론] 7월 4주차_요한_바이럴(1)_JD멜,[26.07]F_V_JD멜_인지_쫀득바출시_바이럴형_정보전달형_main.렉카_건희소스활용.X_1P_김유진_260721_빙과_정요한,1,0,1,0,0,인지
2026-09-11,120248600308690252,[빙과_쫀득바] 인지광고_조회_26.08_video,[멜론] 0724_온드_비하인드(1)_JD멜,[26.07]F_V_JD멜_인지_쫀득바출시_신규BP_비하인드 다큐_main.렉카_멜쫀바폐기.X_2P_문선정_260724_빙과_노현경,2,0,1,1,1,인지
2026-09-12,120248584774220252,[빙과_쫀득바] 인지광고_조회_26.08_video,[멜론] 무디_파트너십광고PA,siyeonyoojoa,351,0,2118,347,347,인지
2026-09-12,120248584774230252,[빙과_쫀득바] 인지광고_조회_26.08_video,[멜론] 무디_파트너십광고PA,cmonprefere__k,1,0,3,1,1,인지
2026-09-13,120248584774220252,[빙과_쫀득바] 인지광고_조회_26.08_video,[멜론] 무디_파트너십광고PA,siyeonyoojoa,13,0,22,13,13,인지
2026-09-13,120248600308530252,[빙과_쫀득바] 인지광고_조회_26.08_video,[멜론] 7월 4주차_요한_바이럴(1)_JD멜,[26.07]F_V_JD멜_인지_쫀득바출시_바이럴형_정보전달형_main.렉카_건희소스활용.X_1P_김유진_260721_빙과_정요한,2,0,2,1,1,인지
2026-09-13,120248600308690252,[빙과_쫀득바] 인지광고_조회_26.08_video,[멜론] 0724_온드_비하인드(1)_JD멜,[26.07]F_V_JD멜_인지_쫀득바출시_신규BP_비하인드 다큐_main.렉카_멜쫀바폐기.X_2P_문선정_260724_빙과_노현경,2,0,2,1,1,인지
2026-09-14,120248584705770252,[빙과_쫀득바] 인지광고_인지도_26.08_video,[멜론] 무디_파트너십광고PA,cmonprefere__k,45,0,111,45,45,인지
2026-09-14,120248584774220252,[빙과_쫀득바] 인지광고_조회_26.08_video,[멜론] 무디_파트너십광고PA,siyeonyoojoa,50,0,82,48,48,인지
2026-09-14,120248584774240252,[빙과_쫀득바] 인지광고_조회_26.08_video,[멜론] 무디_파트너십광고PA,suj_43,1,0,2,1,1,인지
2026-09-14,120248600308380252,[빙과_쫀득바] 인지광고_조회_26.08_video,[멜론] 7월 2주차_바이럴(오하루)_JD멜,[26.07]F_V_JD멜_바이럴_쫀득바출시_바이럴형_바이럴형_main.렉카_힘숨찐.X_2P_이재원_260703_빙과_최재헌,1,0,1,1,1,인지
2026-09-15,120248584705740252,[빙과_쫀득바] 인지광고_인지도_26.08_video,[멜론] 무디_파트너십광고PA,kdaaeng,9,0,16,8,8,인지
2026-09-15,120248584705770252,[빙과_쫀득바] 인지광고_인지도_26.08_video,[멜론] 무디_파트너십광고PA,cmonprefere__k,2,0,6,2,2,인지
2026-09-15,120248584774220252,[빙과_쫀득바] 인지광고_조회_26.08_video,[멜론] 무디_파트너십광고PA,siyeonyoojoa,280,0,1569,270,270,인지
2026-09-15,120248584774310252,[빙과_쫀득바] 인지광고_조회_26.08_video,[멜론] 무디_파트너십광고PA,kdaaeng,4,0,12,4,4,인지
2026-09-15,120248600308690252,[빙과_쫀득바] 인지광고_조회_26.08_video,[멜론] 0724_온드_비하인드(1)_JD멜,[26.07]F_V_JD멜_인지_쫀득바출시_신규BP_비하인드 다큐_main.렉카_멜쫀바폐기.X_2P_문선정_260724_빙과_노현경,1,0,0,0,0,인지
2026-09-16,120248584774220252,[빙과_쫀득바] 인지광고_조회_26.08_video,[멜론] 무디_파트너십광고PA,siyeonyoojoa,1,0,1,1,1,인지
2026-09-17,120248584774220252,[빙과_쫀득바] 인지광고_조회_26.08_video,[멜론] 무디_파트너십광고PA,siyeonyoojoa,9,0,49,9,9,인지
2026-09-19,120248600308350252,[빙과_쫀득바] 인지광고_조회_26.08_video,[멜론] 7월 3주차_육아BP_JD멜,[26.07]F_V_JD멜_인지_쫀득바출시_신규BP_육아bp_var1.릴스_아기.X_2P_문선정_260716_빙과_이하림,1,0,0,0,0,인지
2026-09-19,120248600308380252,[빙과_쫀득바] 인지광고_조회_26.08_video,[멜론] 7월 2주차_바이럴(오하루)_JD멜,[26.07]F_V_JD멜_바이럴_쫀득바출시_바이럴형_바이럴형_main.렉카_힘숨찐.X_2P_이재원_260703_빙과_최재헌,2,0,2,1,1,인지
2026-09-19,120248600308690252,[빙과_쫀득바] 인지광고_조회_26.08_video,[멜론] 0724_온드_비하인드(1)_JD멜,[26.07]F_V_JD멜_인지_쫀득바출시_신규BP_비하인드 다큐_main.렉카_멜쫀바폐기.X_2P_문선정_260724_빙과_노현경,2,0,1,1,1,인지
2026-09-20,120248600308530252,[빙과_쫀득바] 인지광고_조회_26.08_video,[멜론] 7월 4주차_요한_바이럴(1)_JD멜,[26.07]F_V_JD멜_인지_쫀득바출시_바이럴형_정보전달형_main.렉카_건희소스활용.X_1P_김유진_260721_빙과_정요한,1,0,2,0,0,인지
2026-09-20,120248600308690252,[빙과_쫀득바] 인지광고_조회_26.08_video,[멜론] 0724_온드_비하인드(1)_JD멜,[26.07]F_V_JD멜_인지_쫀득바출시_신규BP_비하인드 다큐_main.렉카_멜쫀바폐기.X_2P_문선정_260724_빙과_노현경,1,0,1,0,0,인지
2026-09-08,120248584774300252,[빙과_쫀득바] 인지광고_조회_26.08_video,[멜론] 무디_파트너십광고PA,eunbynko,80,0,184,76,76,인지
2026-09-09,120248584705780252,[빙과_쫀득바] 인지광고_인지도_26.08_video,[멜론] 무디_파트너십광고PA,eunbynko,1,0,2,1,1,인지
2026-09-09,120248584755370252,[빙과_쫀득바] 인지광고_잠재고객_26.08_video,[멜론] 무디_파트너십광고PA,suj_43,1,0,0,0,0,인지
2026-09-09,120248584774300252,[빙과_쫀득바] 인지광고_조회_26.08_video,[멜론] 무디_파트너십광고PA,eunbynko,49,0,138,48,48,인지
2026-09-10,120248584774300252,[빙과_쫀득바] 인지광고_조회_26.08_video,[멜론] 무디_파트너십광고PA,eunbynko,70,0,175,59,59,인지
2026-09-10,120248620227960252,[빙과_쫀득바] 인지광고_인지도_26.08_video,[멜론] 7월 2주차_썰풀기형_JD멜,[26.07]F_V_JD멜_인지_쫀득바출시_바이럴형_썰풀기형_main.릴스_숏버전.X_1P_문선정_260710_빙과_김진수,2,0,6,0,0,인지
2026-09-10,120248620228000252,[빙과_쫀득바] 인지광고_인지도_26.08_video,[멜론] 7월 3주차_육아BP_JD멜,[26.07]F_V_JD멜_인지_쫀득바출시_신규BP_육아bp_var1.릴스_아기.X_2P_문선정_260716_빙과_이하림,2,0,6,2,2,인지
2026-09-10,120248620228030252,[빙과_쫀득바] 인지광고_인지도_26.08_video,[멜론] 0724_온드_비하인드(1)_JD멜,[26.07]F_V_JD멜_인지_쫀득바출시_신규BP_비하인드 다큐_main.렉카_멜쫀바폐기.X_2P_문선정_260724_빙과_노현경,8,0,17,6,6,인지
2026-09-10,120248620228100252,[빙과_쫀득바] 인지광고_인지도_26.08_video,[멜론] 0724_추성훈BP_JD멜,[26.07]F_V_JD멜_인지_쫀득바출시_신규BP_추성훈BP_var3.렉카_몰래먹기.7월.수민PJ_1P_영상팀_260724_빙과_이수민,1,0,3,1,1,인지
2026-09-10,120248620228110252,[빙과_쫀득바] 인지광고_인지도_26.08_video,[멜론] 0724_추성훈BP_JD멜,[26.07]F_V_JD멜_인지_쫀득바출시_신규BP_추성훈BP_main.렉카_공통.7월.수민PJ_1P_영상팀_260724_빙과_이수민,123,0,343,68,68,인지
2026-09-10,120248620228140252,[빙과_쫀득바] 인지광고_인지도_26.08_video,[멜론] 7월 1주차_브이로그형_JD멜,[26.07]F_V_JD멜_인지_쫀득바출시_소비자상황형_브이로그형_main.릴스_번따당함.X_1P_문선정_260703_빙과_정하얀,3,0,9,1,1,인지
2026-09-10,120248620228300252,[빙과_쫀득바] 인지광고_인지도_26.08_video,[멜론] 7월 2주차_AI실수네고형_JD멜,[26.07]F_V_JD멜_인지_쫀득바출시_기타_AI활용형_var1.릴스_실수네고형.원재료발주.혼쭐후킹.AI건_1P_문선정_260710_빙과_강다빈,3,0,6,3,3,인지
2026-09-10,120248620306300252,[빙과_쫀득바] 인지광고_잠재고객_26.08_video,[멜론] 7월 4주차_요한_바이럴(1)_JD멜,[26.07]F_V_JD멜_인지_쫀득바출시_바이럴형_정보전달형_main.렉카_건희소스활용.X_1P_김유진_260721_빙과_정요한,60,0,120,27,27,인지
2026-09-11,120248584755370252,[빙과_쫀득바] 인지광고_잠재고객_26.08_video,[멜론] 무디_파트너십광고PA,suj_43,32,0,81,4,4,인지
2026-09-11,120248584755390252,[빙과_쫀득바] 인지광고_잠재고객_26.08_video,[멜론] 무디_파트너십광고PA,payforyouth_,2,0,5,1,1,인지
2026-09-11,120248584774300252,[빙과_쫀득바] 인지광고_조회_26.08_video,[멜론] 무디_파트너십광고PA,eunbynko,861,0,5572,836,836,인지
2026-09-11,120248620227960252,[빙과_쫀득바] 인지광고_인지도_26.08_video,[멜론] 7월 2주차_썰풀기형_JD멜,[26.07]F_V_JD멜_인지_쫀득바출시_바이럴형_썰풀기형_main.릴스_숏버전.X_1P_문선정_260710_빙과_김진수,245,0,617,105,105,인지
2026-09-11,120248620228000252,[빙과_쫀득바] 인지광고_인지도_26.08_video,[멜론] 7월 3주차_육아BP_JD멜,[26.07]F_V_JD멜_인지_쫀득바출시_신규BP_육아bp_var1.릴스_아기.X_2P_문선정_260716_빙과_이하림,496,0,1398,291,291,인지
2026-09-11,120248620228030252,[빙과_쫀득바] 인지광고_인지도_26.08_video,[멜론] 0724_온드_비하인드(1)_JD멜,[26.07]F_V_JD멜_인지_쫀득바출시_신규BP_비하인드 다큐_main.렉카_멜쫀바폐기.X_2P_문선정_260724_빙과_노현경,900,0,2309,433,433,인지
2026-09-11,120248620228110252,[빙과_쫀득바] 인지광고_인지도_26.08_video,[멜론] 0724_추성훈BP_JD멜,[26.07]F_V_JD멜_인지_쫀득바출시_신규BP_추성훈BP_main.렉카_공통.7월.수민PJ_1P_영상팀_260724_빙과_이수민,1741,0,4902,795,795,인지
2026-09-11,120248620228140252,[빙과_쫀득바] 인지광고_인지도_26.08_video,[멜론] 7월 1주차_브이로그형_JD멜,[26.07]F_V_JD멜_인지_쫀득바출시_소비자상황형_브이로그형_main.릴스_번따당함.X_1P_문선정_260703_빙과_정하얀,271,0,685,104,104,인지
2026-09-11,120248620228300252,[빙과_쫀득바] 인지광고_인지도_26.08_video,[멜론] 7월 2주차_AI실수네고형_JD멜,[26.07]F_V_JD멜_인지_쫀득바출시_기타_AI활용형_var1.릴스_실수네고형.원재료발주.혼쭐후킹.AI건_1P_문선정_260710_빙과_강다빈,3,0,6,1,1,인지
2026-09-11,120248620228320252,[빙과_쫀득바] 인지광고_인지도_26.08_video,[멜론] 7월 2주차_AI실수네고형_JD멜,[26.07]F_V_JD멜_인지_쫀득바출시_기타_AI활용형_main.릴스_실수네고형.원재료발주.본론.AI건_1P_문선정_260710_빙과_강다빈,42,0,103,23,23,인지
2026-09-11,120248620306050252,[빙과_쫀득바] 인지광고_잠재고객_26.08_video,[멜론] 0724_온드_비하인드(1)_JD멜,[26.07]F_V_JD멜_인지_쫀득바출시_신규BP_비하인드 다큐_main.렉카_멜쫀바폐기.X_2P_문선정_260724_빙과_노현경,242,0,614,115,115,인지
2026-09-11,120248620306300252,[빙과_쫀득바] 인지광고_잠재고객_26.08_video,[멜론] 7월 4주차_요한_바이럴(1)_JD멜,[26.07]F_V_JD멜_인지_쫀득바출시_바이럴형_정보전달형_main.렉카_건희소스활용.X_1P_김유진_260721_빙과_정요한,188,0,417,77,77,인지
2026-09-12,120248584774300252,[빙과_쫀득바] 인지광고_조회_26.08_video,[멜론] 무디_파트너십광고PA,eunbynko,18,0,43,14,14,인지
2026-09-12,120248620227960252,[빙과_쫀득바] 인지광고_인지도_26.08_video,[멜론] 7월 2주차_썰풀기형_JD멜,[26.07]F_V_JD멜_인지_쫀득바출시_바이럴형_썰풀기형_main.릴스_숏버전.X_1P_문선정_260710_빙과_김진수,118,0,317,57,57,인지
2026-09-12,120248620228000252,[빙과_쫀득바] 인지광고_인지도_26.08_video,[멜론] 7월 3주차_육아BP_JD멜,[26.07]F_V_JD멜_인지_쫀득바출시_신규BP_육아bp_var1.릴스_아기.X_2P_문선정_260716_빙과_이하림,4423,0,13017,2462,2462,인지
2026-09-12,120248620228030252,[빙과_쫀득바] 인지광고_인지도_26.08_video,[멜론] 0724_온드_비하인드(1)_JD멜,[26.07]F_V_JD멜_인지_쫀득바출시_신규BP_비하인드 다큐_main.렉카_멜쫀바폐기.X_2P_문선정_260724_빙과_노현경,1227,0,3171,585,585,인지
2026-09-12,120248620228100252,[빙과_쫀득바] 인지광고_인지도_26.08_video,[멜론] 0724_추성훈BP_JD멜,[26.07]F_V_JD멜_인지_쫀득바출시_신규BP_추성훈BP_var3.렉카_몰래먹기.7월.수민PJ_1P_영상팀_260724_빙과_이수민,13,0,34,9,9,인지
2026-09-12,120248620228110252,[빙과_쫀득바] 인지광고_인지도_26.08_video,[멜론] 0724_추성훈BP_JD멜,[26.07]F_V_JD멜_인지_쫀득바출시_신규BP_추성훈BP_main.렉카_공통.7월.수민PJ_1P_영상팀_260724_빙과_이수민,606,0,1703,303,303,인지
2026-09-12,120248620228140252,[빙과_쫀득바] 인지광고_인지도_26.08_video,[멜론] 7월 1주차_브이로그형_JD멜,[26.07]F_V_JD멜_인지_쫀득바출시_소비자상황형_브이로그형_main.릴스_번따당함.X_1P_문선정_260703_빙과_정하얀,280,0,768,133,133,인지
2026-09-12,120248620228320252,[빙과_쫀득바] 인지광고_인지도_26.08_video,[멜론] 7월 2주차_AI실수네고형_JD멜,[26.07]F_V_JD멜_인지_쫀득바출시_기타_AI활용형_main.릴스_실수네고형.원재료발주.본론.AI건_1P_문선정_260710_빙과_강다빈,47,0,131,30,30,인지
2026-09-12,120248620306050252,[빙과_쫀득바] 인지광고_잠재고객_26.08_video,[멜론] 0724_온드_비하인드(1)_JD멜,[26.07]F_V_JD멜_인지_쫀득바출시_신규BP_비하인드 다큐_main.렉카_멜쫀바폐기.X_2P_문선정_260724_빙과_노현경,2685,0,6959,1308,1308,인지
2026-09-12,120248620306100252,[빙과_쫀득바] 인지광고_잠재고객_26.08_video,[멜론] 7월 3주차_육아BP_JD멜,[26.07]F_V_JD멜_인지_쫀득바출시_신규BP_육아bp_main.릴스_공통.X_2P_문선정_260716_빙과_이하림,16,0,44,9,9,인지
2026-09-12,120248620306300252,[빙과_쫀득바] 인지광고_잠재고객_26.08_video,[멜론] 7월 4주차_요한_바이럴(1)_JD멜,[26.07]F_V_JD멜_인지_쫀득바출시_바이럴형_정보전달형_main.렉카_건희소스활용.X_1P_김유진_260721_빙과_정요한,231,0,617,94,94,인지
2026-09-13,120248584774300252,[빙과_쫀득바] 인지광고_조회_26.08_video,[멜론] 무디_파트너십광고PA,eunbynko,1,0,6,1,1,인지
2026-09-13,120248620227960252,[빙과_쫀득바] 인지광고_인지도_26.08_video,[멜론] 7월 2주차_썰풀기형_JD멜,[26.07]F_V_JD멜_인지_쫀득바출시_바이럴형_썰풀기형_main.릴스_숏버전.X_1P_문선정_260710_빙과_김진수,16,0,40,8,8,인지
2026-09-13,120248620228000252,[빙과_쫀득바] 인지광고_인지도_26.08_video,[멜론] 7월 3주차_육아BP_JD멜,[26.07]F_V_JD멜_인지_쫀득바출시_신규BP_육아bp_var1.릴스_아기.X_2P_문선정_260716_빙과_이하림,751,0,2091,405,405,인지
2026-09-13,120248620228030252,[빙과_쫀득바] 인지광고_인지도_26.08_video,[멜론] 0724_온드_비하인드(1)_JD멜,[26.07]F_V_JD멜_인지_쫀득바출시_신규BP_비하인드 다큐_main.렉카_멜쫀바폐기.X_2P_문선정_260724_빙과_노현경,672,0,1668,346,346,인지
2026-09-13,120248620228100252,[빙과_쫀득바] 인지광고_인지도_26.08_video,[멜론] 0724_추성훈BP_JD멜,[26.07]F_V_JD멜_인지_쫀득바출시_신규BP_추성훈BP_var3.렉카_몰래먹기.7월.수민PJ_1P_영상팀_260724_빙과_이수민,3,0,8,0,0,인지
2026-09-13,120248620228110252,[빙과_쫀득바] 인지광고_인지도_26.08_video,[멜론] 0724_추성훈BP_JD멜,[26.07]F_V_JD멜_인지_쫀득바출시_신규BP_추성훈BP_main.렉카_공통.7월.수민PJ_1P_영상팀_260724_빙과_이수민,1794,0,4820,863,863,인지
2026-09-13,120248620228140252,[빙과_쫀득바] 인지광고_인지도_26.08_video,[멜론] 7월 1주차_브이로그형_JD멜,[26.07]F_V_JD멜_인지_쫀득바출시_소비자상황형_브이로그형_main.릴스_번따당함.X_1P_문선정_260703_빙과_정하얀,64,0,158,26,26,인지
2026-09-13,120248620228320252,[빙과_쫀득바] 인지광고_인지도_26.08_video,[멜론] 7월 2주차_AI실수네고형_JD멜,[26.07]F_V_JD멜_인지_쫀득바출시_기타_AI활용형_main.릴스_실수네고형.원재료발주.본론.AI건_1P_문선정_260710_빙과_강다빈,19,0,45,12,12,인지
2026-09-13,120248620306050252,[빙과_쫀득바] 인지광고_잠재고객_26.08_video,[멜론] 0724_온드_비하인드(1)_JD멜,[26.07]F_V_JD멜_인지_쫀득바출시_신규BP_비하인드 다큐_main.렉카_멜쫀바폐기.X_2P_문선정_260724_빙과_노현경,754,0,1879,390,390,인지
2026-09-13,120248620306300252,[빙과_쫀득바] 인지광고_잠재고객_26.08_video,[멜론] 7월 4주차_요한_바이럴(1)_JD멜,[26.07]F_V_JD멜_인지_쫀득바출시_바이럴형_정보전달형_main.렉카_건희소스활용.X_1P_김유진_260721_빙과_정요한,27,0,47,9,9,인지
2026-09-14,120248620227960252,[빙과_쫀득바] 인지광고_인지도_26.08_video,[멜론] 7월 2주차_썰풀기형_JD멜,[26.07]F_V_JD멜_인지_쫀득바출시_바이럴형_썰풀기형_main.릴스_숏버전.X_1P_문선정_260710_빙과_김진수,6,0,9,1,1,인지
2026-09-14,120248620228000252,[빙과_쫀득바] 인지광고_인지도_26.08_video,[멜론] 7월 3주차_육아BP_JD멜,[26.07]F_V_JD멜_인지_쫀득바출시_신규BP_육아bp_var1.릴스_아기.X_2P_문선정_260716_빙과_이하림,139,0,377,77,77,인지
2026-09-14,120248620228030252,[빙과_쫀득바] 인지광고_인지도_26.08_video,[멜론] 0724_온드_비하인드(1)_JD멜,[26.07]F_V_JD멜_인지_쫀득바출시_신규BP_비하인드 다큐_main.렉카_멜쫀바폐기.X_2P_문선정_260724_빙과_노현경,135,0,320,66,66,인지
2026-09-14,120248620228110252,[빙과_쫀득바] 인지광고_인지도_26.08_video,[멜론] 0724_추성훈BP_JD멜,[26.07]F_V_JD멜_인지_쫀득바출시_신규BP_추성훈BP_main.렉카_공통.7월.수민PJ_1P_영상팀_260724_빙과_이수민,156,0,408,77,77,인지
2026-09-14,120248620228120252,[빙과_쫀득바] 인지광고_인지도_26.08_video,[멜론] 7월 4주차_요한_바이럴(1)_JD멜,[26.07]F_V_JD멜_인지_쫀득바출시_바이럴형_정보전달형_main.렉카_건희소스활용.X_1P_김유진_260721_빙과_정요한,2,0,2,0,0,인지
2026-09-14,120248620228140252,[빙과_쫀득바] 인지광고_인지도_26.08_video,[멜론] 7월 1주차_브이로그형_JD멜,[26.07]F_V_JD멜_인지_쫀득바출시_소비자상황형_브이로그형_main.릴스_번따당함.X_1P_문선정_260703_빙과_정하얀,24,0,54,10,10,인지
2026-09-14,120248620228320252,[빙과_쫀득바] 인지광고_인지도_26.08_video,[멜론] 7월 2주차_AI실수네고형_JD멜,[26.07]F_V_JD멜_인지_쫀득바출시_기타_AI활용형_main.릴스_실수네고형.원재료발주.본론.AI건_1P_문선정_260710_빙과_강다빈,33,0,58,14,14,인지
2026-09-14,120248620306050252,[빙과_쫀득바] 인지광고_잠재고객_26.08_video,[멜론] 0724_온드_비하인드(1)_JD멜,[26.07]F_V_JD멜_인지_쫀득바출시_신규BP_비하인드 다큐_main.렉카_멜쫀바폐기.X_2P_문선정_260724_빙과_노현경,252,0,625,135,135,인지
2026-09-14,120248620306300252,[빙과_쫀득바] 인지광고_잠재고객_26.08_video,[멜론] 7월 4주차_요한_바이럴(1)_JD멜,[26.07]F_V_JD멜_인지_쫀득바출시_바이럴형_정보전달형_main.렉카_건희소스활용.X_1P_김유진_260721_빙과_정요한,94,0,155,35,35,인지
2026-09-15,120248620227960252,[빙과_쫀득바] 인지광고_인지도_26.08_video,[멜론] 7월 2주차_썰풀기형_JD멜,[26.07]F_V_JD멜_인지_쫀득바출시_바이럴형_썰풀기형_main.릴스_숏버전.X_1P_문선정_260710_빙과_김진수,6,0,4,2,2,인지
2026-09-15,120248620228000252,[빙과_쫀득바] 인지광고_인지도_26.08_video,[멜론] 7월 3주차_육아BP_JD멜,[26.07]F_V_JD멜_인지_쫀득바출시_신규BP_육아bp_var1.릴스_아기.X_2P_문선정_260716_빙과_이하림,28,0,61,12,12,인지
2026-09-15,120248620228030252,[빙과_쫀득바] 인지광고_인지도_26.08_video,[멜론] 0724_온드_비하인드(1)_JD멜,[26.07]F_V_JD멜_인지_쫀득바출시_신규BP_비하인드 다큐_main.렉카_멜쫀바폐기.X_2P_문선정_260724_빙과_노현경,216,0,485,101,101,인지
2026-09-15,120248620228100252,[빙과_쫀득바] 인지광고_인지도_26.08_video,[멜론] 0724_추성훈BP_JD멜,[26.07]F_V_JD멜_인지_쫀득바출시_신규BP_추성훈BP_var3.렉카_몰래먹기.7월.수민PJ_1P_영상팀_260724_빙과_이수민,1,0,1,0,0,인지
2026-09-15,120248620228110252,[빙과_쫀득바] 인지광고_인지도_26.08_video,[멜론] 0724_추성훈BP_JD멜,[26.07]F_V_JD멜_인지_쫀득바출시_신규BP_추성훈BP_main.렉카_공통.7월.수민PJ_1P_영상팀_260724_빙과_이수민,87,0,214,42,42,인지
2026-09-15,120248620228140252,[빙과_쫀득바] 인지광고_인지도_26.08_video,[멜론] 7월 1주차_브이로그형_JD멜,[26.07]F_V_JD멜_인지_쫀득바출시_소비자상황형_브이로그형_main.릴스_번따당함.X_1P_문선정_260703_빙과_정하얀,10,0,17,3,3,인지
2026-09-15,120248620228320252,[빙과_쫀득바] 인지광고_인지도_26.08_video,[멜론] 7월 2주차_AI실수네고형_JD멜,[26.07]F_V_JD멜_인지_쫀득바출시_기타_AI활용형_main.릴스_실수네고형.원재료발주.본론.AI건_1P_문선정_260710_빙과_강다빈,4,0,9,2,2,인지
2026-09-15,120248620306050252,[빙과_쫀득바] 인지광고_잠재고객_26.08_video,[멜론] 0724_온드_비하인드(1)_JD멜,[26.07]F_V_JD멜_인지_쫀득바출시_신규BP_비하인드 다큐_main.렉카_멜쫀바폐기.X_2P_문선정_260724_빙과_노현경,114,0,275,54,54,인지
2026-09-15,120248620306300252,[빙과_쫀득바] 인지광고_잠재고객_26.08_video,[멜론] 7월 4주차_요한_바이럴(1)_JD멜,[26.07]F_V_JD멜_인지_쫀득바출시_바이럴형_정보전달형_main.렉카_건희소스활용.X_1P_김유진_260721_빙과_정요한,14,0,29,2,2,인지
2026-09-16,120248620227960252,[빙과_쫀득바] 인지광고_인지도_26.08_video,[멜론] 7월 2주차_썰풀기형_JD멜,[26.07]F_V_JD멜_인지_쫀득바출시_바이럴형_썰풀기형_main.릴스_숏버전.X_1P_문선정_260710_빙과_김진수,5,0,8,3,3,인지
2026-09-16,120248620228000252,[빙과_쫀득바] 인지광고_인지도_26.08_video,[멜론] 7월 3주차_육아BP_JD멜,[26.07]F_V_JD멜_인지_쫀득바출시_신규BP_육아bp_var1.릴스_아기.X_2P_문선정_260716_빙과_이하림,8,0,21,6,6,인지
2026-09-16,120248620228030252,[빙과_쫀득바] 인지광고_인지도_26.08_video,[멜론] 0724_온드_비하인드(1)_JD멜,[26.07]F_V_JD멜_인지_쫀득바출시_신규BP_비하인드 다큐_main.렉카_멜쫀바폐기.X_2P_문선정_260724_빙과_노현경,250,0,629,121,121,인지
2026-09-16,120248620228110252,[빙과_쫀득바] 인지광고_인지도_26.08_video,[멜론] 0724_추성훈BP_JD멜,[26.07]F_V_JD멜_인지_쫀득바출시_신규BP_추성훈BP_main.렉카_공통.7월.수민PJ_1P_영상팀_260724_빙과_이수민,45,0,118,22,22,인지
2026-09-16,120248620228140252,[빙과_쫀득바] 인지광고_인지도_26.08_video,[멜론] 7월 1주차_브이로그형_JD멜,[26.07]F_V_JD멜_인지_쫀득바출시_소비자상황형_브이로그형_main.릴스_번따당함.X_1P_문선정_260703_빙과_정하얀,4,0,6,2,2,인지
2026-09-16,120248620228320252,[빙과_쫀득바] 인지광고_인지도_26.08_video,[멜론] 7월 2주차_AI실수네고형_JD멜,[26.07]F_V_JD멜_인지_쫀득바출시_기타_AI활용형_main.릴스_실수네고형.원재료발주.본론.AI건_1P_문선정_260710_빙과_강다빈,60,0,144,34,34,인지
2026-09-16,120248620306050252,[빙과_쫀득바] 인지광고_잠재고객_26.08_video,[멜론] 0724_온드_비하인드(1)_JD멜,[26.07]F_V_JD멜_인지_쫀득바출시_신규BP_비하인드 다큐_main.렉카_멜쫀바폐기.X_2P_문선정_260724_빙과_노현경,113,0,276,47,47,인지
2026-09-16,120248620306100252,[빙과_쫀득바] 인지광고_잠재고객_26.08_video,[멜론] 7월 3주차_육아BP_JD멜,[26.07]F_V_JD멜_인지_쫀득바출시_신규BP_육아bp_main.릴스_공통.X_2P_문선정_260716_빙과_이하림,1,0,3,1,1,인지
2026-09-16,120248620306300252,[빙과_쫀득바] 인지광고_잠재고객_26.08_video,[멜론] 7월 4주차_요한_바이럴(1)_JD멜,[26.07]F_V_JD멜_인지_쫀득바출시_바이럴형_정보전달형_main.렉카_건희소스활용.X_1P_김유진_260721_빙과_정요한,75,0,143,29,29,인지
2026-09-17,120248584774300252,[빙과_쫀득바] 인지광고_조회_26.08_video,[멜론] 무디_파트너십광고PA,eunbynko,3,0,9,3,3,인지
2026-09-17,120248620227940252,[빙과_쫀득바] 인지광고_인지도_26.08_video,[멜론] 0724_하림_외국인편의점BP_JD멜,[26.07]F_V_JD멜_인지_쫀득바출시_신규BP_외국인편의점bp_var2.릴스_처음먹는 외국인.X_2P_문선정_260724_빙과_이하림,7,0,18,6,6,인지
2026-09-17,120248620227960252,[빙과_쫀득바] 인지광고_인지도_26.08_video,[멜론] 7월 2주차_썰풀기형_JD멜,[26.07]F_V_JD멜_인지_쫀득바출시_바이럴형_썰풀기형_main.릴스_숏버전.X_1P_문선정_260710_빙과_김진수,1,0,2,0,0,인지
2026-09-17,120248620228000252,[빙과_쫀득바] 인지광고_인지도_26.08_video,[멜론] 7월 3주차_육아BP_JD멜,[26.07]F_V_JD멜_인지_쫀득바출시_신규BP_육아bp_var1.릴스_아기.X_2P_문선정_260716_빙과_이하림,17,0,41,9,9,인지
2026-09-17,120248620228030252,[빙과_쫀득바] 인지광고_인지도_26.08_video,[멜론] 0724_온드_비하인드(1)_JD멜,[26.07]F_V_JD멜_인지_쫀득바출시_신규BP_비하인드 다큐_main.렉카_멜쫀바폐기.X_2P_문선정_260724_빙과_노현경,37,0,85,16,16,인지
2026-09-17,120248620228110252,[빙과_쫀득바] 인지광고_인지도_26.08_video,[멜론] 0724_추성훈BP_JD멜,[26.07]F_V_JD멜_인지_쫀득바출시_신규BP_추성훈BP_main.렉카_공통.7월.수민PJ_1P_영상팀_260724_빙과_이수민,126,0,340,59,59,인지
2026-09-17,120248620228140252,[빙과_쫀득바] 인지광고_인지도_26.08_video,[멜론] 7월 1주차_브이로그형_JD멜,[26.07]F_V_JD멜_인지_쫀득바출시_소비자상황형_브이로그형_main.릴스_번따당함.X_1P_문선정_260703_빙과_정하얀,1,0,3,0,0,인지
2026-09-17,120248620228320252,[빙과_쫀득바] 인지광고_인지도_26.08_video,[멜론] 7월 2주차_AI실수네고형_JD멜,[26.07]F_V_JD멜_인지_쫀득바출시_기타_AI활용형_main.릴스_실수네고형.원재료발주.본론.AI건_1P_문선정_260710_빙과_강다빈,101,0,282,58,58,인지
2026-09-17,120248620306050252,[빙과_쫀득바] 인지광고_잠재고객_26.08_video,[멜론] 0724_온드_비하인드(1)_JD멜,[26.07]F_V_JD멜_인지_쫀득바출시_신규BP_비하인드 다큐_main.렉카_멜쫀바폐기.X_2P_문선정_260724_빙과_노현경,136,0,342,57,57,인지
2026-09-17,120248620306100252,[빙과_쫀득바] 인지광고_잠재고객_26.08_video,[멜론] 7월 3주차_육아BP_JD멜,[26.07]F_V_JD멜_인지_쫀득바출시_신규BP_육아bp_main.릴스_공통.X_2P_문선정_260716_빙과_이하림,1,0,3,0,0,인지
2026-09-17,120248620306300252,[빙과_쫀득바] 인지광고_잠재고객_26.08_video,[멜론] 7월 4주차_요한_바이럴(1)_JD멜,[26.07]F_V_JD멜_인지_쫀득바출시_바이럴형_정보전달형_main.렉카_건희소스활용.X_1P_김유진_260721_빙과_정요한,117,0,250,49,49,인지
2026-09-18,120248620227940252,[빙과_쫀득바] 인지광고_인지도_26.08_video,[멜론] 0724_하림_외국인편의점BP_JD멜,[26.07]F_V_JD멜_인지_쫀득바출시_신규BP_외국인편의점bp_var2.릴스_처음먹는 외국인.X_2P_문선정_260724_빙과_이하림,10,0,26,4,4,인지
2026-09-18,120248620228000252,[빙과_쫀득바] 인지광고_인지도_26.08_video,[멜론] 7월 3주차_육아BP_JD멜,[26.07]F_V_JD멜_인지_쫀득바출시_신규BP_육아bp_var1.릴스_아기.X_2P_문선정_260716_빙과_이하림,18,0,45,11,11,인지
2026-09-18,120248620228030252,[빙과_쫀득바] 인지광고_인지도_26.08_video,[멜론] 0724_온드_비하인드(1)_JD멜,[26.07]F_V_JD멜_인지_쫀득바출시_신규BP_비하인드 다큐_main.렉카_멜쫀바폐기.X_2P_문선정_260724_빙과_노현경,53,0,120,25,25,인지
2026-09-18,120248620228110252,[빙과_쫀득바] 인지광고_인지도_26.08_video,[멜론] 0724_추성훈BP_JD멜,[26.07]F_V_JD멜_인지_쫀득바출시_신규BP_추성훈BP_main.렉카_공통.7월.수민PJ_1P_영상팀_260724_빙과_이수민,197,0,531,95,95,인지
2026-09-18,120248620228140252,[빙과_쫀득바] 인지광고_인지도_26.08_video,[멜론] 7월 1주차_브이로그형_JD멜,[26.07]F_V_JD멜_인지_쫀득바출시_소비자상황형_브이로그형_main.릴스_번따당함.X_1P_문선정_260703_빙과_정하얀,52,0,123,28,28,인지
2026-09-18,120248620228300252,[빙과_쫀득바] 인지광고_인지도_26.08_video,[멜론] 7월 2주차_AI실수네고형_JD멜,[26.07]F_V_JD멜_인지_쫀득바출시_기타_AI활용형_var1.릴스_실수네고형.원재료발주.혼쭐후킹.AI건_1P_문선정_260710_빙과_강다빈,1,0,2,1,1,인지
2026-09-18,120248620228320252,[빙과_쫀득바] 인지광고_인지도_26.08_video,[멜론] 7월 2주차_AI실수네고형_JD멜,[26.07]F_V_JD멜_인지_쫀득바출시_기타_AI활용형_main.릴스_실수네고형.원재료발주.본론.AI건_1P_문선정_260710_빙과_강다빈,73,0,201,48,48,인지
2026-09-18,120248620306050252,[빙과_쫀득바] 인지광고_잠재고객_26.08_video,[멜론] 0724_온드_비하인드(1)_JD멜,[26.07]F_V_JD멜_인지_쫀득바출시_신규BP_비하인드 다큐_main.렉카_멜쫀바폐기.X_2P_문선정_260724_빙과_노현경,135,0,315,66,66,인지
2026-09-18,120248620306300252,[빙과_쫀득바] 인지광고_잠재고객_26.08_video,[멜론] 7월 4주차_요한_바이럴(1)_JD멜,[26.07]F_V_JD멜_인지_쫀득바출시_바이럴형_정보전달형_main.렉카_건희소스활용.X_1P_김유진_260721_빙과_정요한,128,0,309,58,58,인지
2026-09-19,120248620227940252,[빙과_쫀득바] 인지광고_인지도_26.08_video,[멜론] 0724_하림_외국인편의점BP_JD멜,[26.07]F_V_JD멜_인지_쫀득바출시_신규BP_외국인편의점bp_var2.릴스_처음먹는 외국인.X_2P_문선정_260724_빙과_이하림,214,0,571,114,114,인지
2026-09-19,120248620227950252,[빙과_쫀득바] 인지광고_인지도_26.08_video,[멜론] 0724_하림_외국인편의점BP_JD멜,[26.07]F_V_JD멜_인지_쫀득바출시_신규BP_외국인편의점bp_var1.릴스_놀란 외국인.X_2P_문선정_260724_빙과_이하림,3,0,5,1,1,인지
2026-09-19,120248620227960252,[빙과_쫀득바] 인지광고_인지도_26.08_video,[멜론] 7월 2주차_썰풀기형_JD멜,[26.07]F_V_JD멜_인지_쫀득바출시_바이럴형_썰풀기형_main.릴스_숏버전.X_1P_문선정_260710_빙과_김진수,2,0,3,1,1,인지
2026-09-19,120248620228000252,[빙과_쫀득바] 인지광고_인지도_26.08_video,[멜론] 7월 3주차_육아BP_JD멜,[26.07]F_V_JD멜_인지_쫀득바출시_신규BP_육아bp_var1.릴스_아기.X_2P_문선정_260716_빙과_이하림,140,0,400,84,84,인지
2026-09-19,120248620228030252,[빙과_쫀득바] 인지광고_인지도_26.08_video,[멜론] 0724_온드_비하인드(1)_JD멜,[26.07]F_V_JD멜_인지_쫀득바출시_신규BP_비하인드 다큐_main.렉카_멜쫀바폐기.X_2P_문선정_260724_빙과_노현경,84,0,180,43,43,인지
2026-09-19,120248620228110252,[빙과_쫀득바] 인지광고_인지도_26.08_video,[멜론] 0724_추성훈BP_JD멜,[26.07]F_V_JD멜_인지_쫀득바출시_신규BP_추성훈BP_main.렉카_공통.7월.수민PJ_1P_영상팀_260724_빙과_이수민,168,0,441,93,93,인지
2026-09-19,120248620228120252,[빙과_쫀득바] 인지광고_인지도_26.08_video,[멜론] 7월 4주차_요한_바이럴(1)_JD멜,[26.07]F_V_JD멜_인지_쫀득바출시_바이럴형_정보전달형_main.렉카_건희소스활용.X_1P_김유진_260721_빙과_정요한,21,0,46,8,8,인지
2026-09-19,120248620228140252,[빙과_쫀득바] 인지광고_인지도_26.08_video,[멜론] 7월 1주차_브이로그형_JD멜,[26.07]F_V_JD멜_인지_쫀득바출시_소비자상황형_브이로그형_main.릴스_번따당함.X_1P_문선정_260703_빙과_정하얀,171,0,459,85,85,인지
2026-09-19,120248620228320252,[빙과_쫀득바] 인지광고_인지도_26.08_video,[멜론] 7월 2주차_AI실수네고형_JD멜,[26.07]F_V_JD멜_인지_쫀득바출시_기타_AI활용형_main.릴스_실수네고형.원재료발주.본론.AI건_1P_문선정_260710_빙과_강다빈,282,0,791,146,146,인지
2026-09-19,120248620259480252,[빙과_쫀득바] 인지광고_트래픽_26.08_video,[멜론] 0724_온드_비하인드(1)_JD멜,[26.07]F_V_JD멜_인지_쫀득바출시_신규BP_비하인드 다큐_main.렉카_멜쫀바폐기.X_2P_문선정_260724_빙과_노현경,2,0,1,2,2,인지
2026-09-19,120248620306050252,[빙과_쫀득바] 인지광고_잠재고객_26.08_video,[멜론] 0724_온드_비하인드(1)_JD멜,[26.07]F_V_JD멜_인지_쫀득바출시_신규BP_비하인드 다큐_main.렉카_멜쫀바폐기.X_2P_문선정_260724_빙과_노현경,167,0,421,85,85,인지
2026-09-19,120248620306100252,[빙과_쫀득바] 인지광고_잠재고객_26.08_video,[멜론] 7월 3주차_육아BP_JD멜,[26.07]F_V_JD멜_인지_쫀득바출시_신규BP_육아bp_main.릴스_공통.X_2P_문선정_260716_빙과_이하림,1,0,2,0,0,인지
2026-09-19,120248620306300252,[빙과_쫀득바] 인지광고_잠재고객_26.08_video,[멜론] 7월 4주차_요한_바이럴(1)_JD멜,[26.07]F_V_JD멜_인지_쫀득바출시_바이럴형_정보전달형_main.렉카_건희소스활용.X_1P_김유진_260721_빙과_정요한,193,0,486,73,73,인지
2026-09-19,120248620306470252,[빙과_쫀득바] 인지광고_잠재고객_26.08_video,[멜론] 7월 1주차_1위단독,[26.07]F_V_JD멜_인지_쫀득바출시_바이럴형_커뮤니티형_var2.릴스_매출1등.입사동기.X_1P_문선정_260703_빙과_김진수,4,0,2,0,0,인지
2026-09-20,120248620227940252,[빙과_쫀득바] 인지광고_인지도_26.08_video,[멜론] 0724_하림_외국인편의점BP_JD멜,[26.07]F_V_JD멜_인지_쫀득바출시_신규BP_외국인편의점bp_var2.릴스_처음먹는 외국인.X_2P_문선정_260724_빙과_이하림,84,0,232,38,38,인지
2026-09-20,120248620227960252,[빙과_쫀득바] 인지광고_인지도_26.08_video,[멜론] 7월 2주차_썰풀기형_JD멜,[26.07]F_V_JD멜_인지_쫀득바출시_바이럴형_썰풀기형_main.릴스_숏버전.X_1P_문선정_260710_빙과_김진수,1,0,4,1,1,인지
2026-09-20,120248620228000252,[빙과_쫀득바] 인지광고_인지도_26.08_video,[멜론] 7월 3주차_육아BP_JD멜,[26.07]F_V_JD멜_인지_쫀득바출시_신규BP_육아bp_var1.릴스_아기.X_2P_문선정_260716_빙과_이하림,37,0,100,21,21,인지
2026-09-20,120248620228030252,[빙과_쫀득바] 인지광고_인지도_26.08_video,[멜론] 0724_온드_비하인드(1)_JD멜,[26.07]F_V_JD멜_인지_쫀득바출시_신규BP_비하인드 다큐_main.렉카_멜쫀바폐기.X_2P_문선정_260724_빙과_노현경,94,0,236,57,57,인지
2026-09-20,120248620228110252,[빙과_쫀득바] 인지광고_인지도_26.08_video,[멜론] 0724_추성훈BP_JD멜,[26.07]F_V_JD멜_인지_쫀득바출시_신규BP_추성훈BP_main.렉카_공통.7월.수민PJ_1P_영상팀_260724_빙과_이수민,653,0,1736,350,350,인지
2026-09-20,120248620228120252,[빙과_쫀득바] 인지광고_인지도_26.08_video,[멜론] 7월 4주차_요한_바이럴(1)_JD멜,[26.07]F_V_JD멜_인지_쫀득바출시_바이럴형_정보전달형_main.렉카_건희소스활용.X_1P_김유진_260721_빙과_정요한,2,0,2,1,1,인지
2026-09-20,120248620228140252,[빙과_쫀득바] 인지광고_인지도_26.08_video,[멜론] 7월 1주차_브이로그형_JD멜,[26.07]F_V_JD멜_인지_쫀득바출시_소비자상황형_브이로그형_main.릴스_번따당함.X_1P_문선정_260703_빙과_정하얀,20,0,52,14,14,인지
2026-09-20,120248620228300252,[빙과_쫀득바] 인지광고_인지도_26.08_video,[멜론] 7월 2주차_AI실수네고형_JD멜,[26.07]F_V_JD멜_인지_쫀득바출시_기타_AI활용형_var1.릴스_실수네고형.원재료발주.혼쭐후킹.AI건_1P_문선정_260710_빙과_강다빈,7,0,18,3,3,인지
2026-09-20,120248620228320252,[빙과_쫀득바] 인지광고_인지도_26.08_video,[멜론] 7월 2주차_AI실수네고형_JD멜,[26.07]F_V_JD멜_인지_쫀득바출시_기타_AI활용형_main.릴스_실수네고형.원재료발주.본론.AI건_1P_문선정_260710_빙과_강다빈,235,0,665,121,121,인지
2026-09-20,120248620228340252,[빙과_쫀득바] 인지광고_인지도_26.08_video,[멜론] 7월 2주차_바이럴(오하루)_JD멜,[26.07]F_V_JD멜_바이럴_쫀득바출시_바이럴형_바이럴형_main.렉카_힘숨찐.X_2P_이재원_260703_빙과_최재헌,13,0,33,4,4,인지
2026-09-20,120248620259290252,[빙과_쫀득바] 인지광고_트래픽_26.08_video,[멜론] 7월 1주차_브이로그형_JD멜,[26.07]F_V_JD멜_인지_쫀득바출시_소비자상황형_브이로그형_main.릴스_번따당함.X_1P_문선정_260703_빙과_정하얀,1,0,0,0,0,인지
2026-09-20,120248620259480252,[빙과_쫀득바] 인지광고_트래픽_26.08_video,[멜론] 0724_온드_비하인드(1)_JD멜,[26.07]F_V_JD멜_인지_쫀득바출시_신규BP_비하인드 다큐_main.렉카_멜쫀바폐기.X_2P_문선정_260724_빙과_노현경,1,0,0,0,0,인지
2026-09-20,120248620306050252,[빙과_쫀득바] 인지광고_잠재고객_26.08_video,[멜론] 0724_온드_비하인드(1)_JD멜,[26.07]F_V_JD멜_인지_쫀득바출시_신규BP_비하인드 다큐_main.렉카_멜쫀바폐기.X_2P_문선정_260724_빙과_노현경,59,0,149,39,39,인지
2026-09-20,120248620306300252,[빙과_쫀득바] 인지광고_잠재고객_26.08_video,[멜론] 7월 4주차_요한_바이럴(1)_JD멜,[26.07]F_V_JD멜_인지_쫀득바출시_바이럴형_정보전달형_main.렉카_건희소스활용.X_1P_김유진_260721_빙과_정요한,70,0,188,29,29,인지
2026-09-10,120248620306130252,[빙과_쫀득바] 인지광고_잠재고객_26.08_video,[멜론] 7월 3주차_육아BP_JD멜,[26.07]F_V_JD멜_인지_쫀득바출시_신규BP_육아bp_var1.릴스_아기.X_2P_문선정_260716_빙과_이하림,7,0,20,6,6,인지
2026-09-10,120248620306220252,[빙과_쫀득바] 인지광고_잠재고객_26.08_video,[멜론] 0724_추성훈BP_JD멜,[26.07]F_V_JD멜_인지_쫀득바출시_신규BP_추성훈BP_main.렉카_공통.7월.수민PJ_1P_영상팀_260724_빙과_이수민,35,0,99,15,15,인지
2026-09-11,120248620228430252,[빙과_쫀득바] 인지광고_인지도_26.08_video,[멜론] 7월 3주차_육아BP_JD멜,[26.07]F_V_JD멜_인지_쫀득바출시_신규BP_육아bp_main.릴스_공통.X_2P_문선정_260716_빙과_이하림,8,0,20,6,6,인지
2026-09-11,120248620306130252,[빙과_쫀득바] 인지광고_잠재고객_26.08_video,[멜론] 7월 3주차_육아BP_JD멜,[26.07]F_V_JD멜_인지_쫀득바출시_신규BP_육아bp_var1.릴스_아기.X_2P_문선정_260716_빙과_이하림,809,0,2355,492,492,인지
2026-09-11,120248620306160252,[빙과_쫀득바] 인지광고_잠재고객_26.08_video,[멜론] 0724_추성훈BP_JD멜,[26.07]F_V_JD멜_인지_쫀득바출시_신규BP_추성훈BP_var3.렉카_몰래먹기.7월.수민PJ_1P_영상팀_260724_빙과_이수민,3,0,6,0,0,인지
2026-09-11,120248620306210252,[빙과_쫀득바] 인지광고_잠재고객_26.08_video,[멜론] 7월 1주차_1위단독,[26.07]F_V_JD멜_인지_쫀득바출시_바이럴형_커뮤니티형_var3.릴스_요즘애들.초딩.X_1P_문선정_260703_빙과_김진수,54,0,134,22,22,인지
2026-09-11,120248620306220252,[빙과_쫀득바] 인지광고_잠재고객_26.08_video,[멜론] 0724_추성훈BP_JD멜,[26.07]F_V_JD멜_인지_쫀득바출시_신규BP_추성훈BP_main.렉카_공통.7월.수민PJ_1P_영상팀_260724_빙과_이수민,3474,0,9900,1628,1628,인지
2026-09-12,120248620306130252,[빙과_쫀득바] 인지광고_잠재고객_26.08_video,[멜론] 7월 3주차_육아BP_JD멜,[26.07]F_V_JD멜_인지_쫀득바출시_신규BP_육아bp_var1.릴스_아기.X_2P_문선정_260716_빙과_이하림,3620,0,10715,1993,1993,인지
2026-09-12,120248620306210252,[빙과_쫀득바] 인지광고_잠재고객_26.08_video,[멜론] 7월 1주차_1위단독,[26.07]F_V_JD멜_인지_쫀득바출시_바이럴형_커뮤니티형_var3.릴스_요즘애들.초딩.X_1P_문선정_260703_빙과_김진수,181,0,384,68,68,인지
2026-09-12,120248620306220252,[빙과_쫀득바] 인지광고_잠재고객_26.08_video,[멜론] 0724_추성훈BP_JD멜,[26.07]F_V_JD멜_인지_쫀득바출시_신규BP_추성훈BP_main.렉카_공통.7월.수민PJ_1P_영상팀_260724_빙과_이수민,1822,0,5075,860,860,인지
2026-09-13,120248620228430252,[빙과_쫀득바] 인지광고_인지도_26.08_video,[멜론] 7월 3주차_육아BP_JD멜,[26.07]F_V_JD멜_인지_쫀득바출시_신규BP_육아bp_main.릴스_공통.X_2P_문선정_260716_빙과_이하림,8,0,15,3,3,인지
2026-09-13,120248620259250252,[빙과_쫀득바] 인지광고_트래픽_26.08_video,[멜론] 7월 3주차_현장감BP_JD멜,[26.07]F_V_JD멜_인지_쫀득바출시_신규BP_현장감BP_var2.릴스_사재기.죄송.X_2P_문선정_260716_빙과_유영현,1,0,0,0,0,인지
2026-09-13,120248620306130252,[빙과_쫀득바] 인지광고_잠재고객_26.08_video,[멜론] 7월 3주차_육아BP_JD멜,[26.07]F_V_JD멜_인지_쫀득바출시_신규BP_육아bp_var1.릴스_아기.X_2P_문선정_260716_빙과_이하림,1408,0,3954,791,791,인지
2026-09-13,120248620306140252,[빙과_쫀득바] 인지광고_잠재고객_26.08_video,[멜론] 7월 2주차_AI실수네고형_JD멜,[26.07]F_V_JD멜_인지_쫀득바출시_기타_AI활용형_main.릴스_실수네고형.원재료발주.본론.AI건_1P_문선정_260710_빙과_강다빈,8,0,14,4,4,인지
2026-09-13,120248620306160252,[빙과_쫀득바] 인지광고_잠재고객_26.08_video,[멜론] 0724_추성훈BP_JD멜,[26.07]F_V_JD멜_인지_쫀득바출시_신규BP_추성훈BP_var3.렉카_몰래먹기.7월.수민PJ_1P_영상팀_260724_빙과_이수민,2,0,5,2,2,인지
2026-09-13,120248620306210252,[빙과_쫀득바] 인지광고_잠재고객_26.08_video,[멜론] 7월 1주차_1위단독,[26.07]F_V_JD멜_인지_쫀득바출시_바이럴형_커뮤니티형_var3.릴스_요즘애들.초딩.X_1P_문선정_260703_빙과_김진수,108,0,280,53,53,인지
2026-09-13,120248620306220252,[빙과_쫀득바] 인지광고_잠재고객_26.08_video,[멜론] 0724_추성훈BP_JD멜,[26.07]F_V_JD멜_인지_쫀득바출시_신규BP_추성훈BP_main.렉카_공통.7월.수민PJ_1P_영상팀_260724_빙과_이수민,855,0,2324,435,435,인지
2026-09-14,120248620306130252,[빙과_쫀득바] 인지광고_잠재고객_26.08_video,[멜론] 7월 3주차_육아BP_JD멜,[26.07]F_V_JD멜_인지_쫀득바출시_신규BP_육아bp_var1.릴스_아기.X_2P_문선정_260716_빙과_이하림,130,0,358,59,59,인지
2026-09-14,120248620306140252,[빙과_쫀득바] 인지광고_잠재고객_26.08_video,[멜론] 7월 2주차_AI실수네고형_JD멜,[26.07]F_V_JD멜_인지_쫀득바출시_기타_AI활용형_main.릴스_실수네고형.원재료발주.본론.AI건_1P_문선정_260710_빙과_강다빈,18,0,44,11,11,인지
2026-09-14,120248620306210252,[빙과_쫀득바] 인지광고_잠재고객_26.08_video,[멜론] 7월 1주차_1위단독,[26.07]F_V_JD멜_인지_쫀득바출시_바이럴형_커뮤니티형_var3.릴스_요즘애들.초딩.X_1P_문선정_260703_빙과_김진수,73,0,174,35,35,인지
2026-09-14,120248620306220252,[빙과_쫀득바] 인지광고_잠재고객_26.08_video,[멜론] 0724_추성훈BP_JD멜,[26.07]F_V_JD멜_인지_쫀득바출시_신규BP_추성훈BP_main.렉카_공통.7월.수민PJ_1P_영상팀_260724_빙과_이수민,299,0,785,143,143,인지
2026-09-15,120248620306130252,[빙과_쫀득바] 인지광고_잠재고객_26.08_video,[멜론] 7월 3주차_육아BP_JD멜,[26.07]F_V_JD멜_인지_쫀득바출시_신규BP_육아bp_var1.릴스_아기.X_2P_문선정_260716_빙과_이하림,9,0,24,4,4,인지
2026-09-15,120248620306140252,[빙과_쫀득바] 인지광고_잠재고객_26.08_video,[멜론] 7월 2주차_AI실수네고형_JD멜,[26.07]F_V_JD멜_인지_쫀득바출시_기타_AI활용형_main.릴스_실수네고형.원재료발주.본론.AI건_1P_문선정_260710_빙과_강다빈,5,0,8,3,3,인지
2026-09-15,120248620306210252,[빙과_쫀득바] 인지광고_잠재고객_26.08_video,[멜론] 7월 1주차_1위단독,[26.07]F_V_JD멜_인지_쫀득바출시_바이럴형_커뮤니티형_var3.릴스_요즘애들.초딩.X_1P_문선정_260703_빙과_김진수,33,0,63,12,12,인지
2026-09-15,120248620306220252,[빙과_쫀득바] 인지광고_잠재고객_26.08_video,[멜론] 0724_추성훈BP_JD멜,[26.07]F_V_JD멜_인지_쫀득바출시_신규BP_추성훈BP_main.렉카_공통.7월.수민PJ_1P_영상팀_260724_빙과_이수민,41,0,102,17,17,인지
2026-09-16,120248620228430252,[빙과_쫀득바] 인지광고_인지도_26.08_video,[멜론] 7월 3주차_육아BP_JD멜,[26.07]F_V_JD멜_인지_쫀득바출시_신규BP_육아bp_main.릴스_공통.X_2P_문선정_260716_빙과_이하림,1,0,3,1,1,인지
2026-09-16,120248620306130252,[빙과_쫀득바] 인지광고_잠재고객_26.08_video,[멜론] 7월 3주차_육아BP_JD멜,[26.07]F_V_JD멜_인지_쫀득바출시_신규BP_육아bp_var1.릴스_아기.X_2P_문선정_260716_빙과_이하림,12,0,35,5,5,인지
2026-09-16,120248620306140252,[빙과_쫀득바] 인지광고_잠재고객_26.08_video,[멜론] 7월 2주차_AI실수네고형_JD멜,[26.07]F_V_JD멜_인지_쫀득바출시_기타_AI활용형_main.릴스_실수네고형.원재료발주.본론.AI건_1P_문선정_260710_빙과_강다빈,13,0,32,10,10,인지
2026-09-16,120248620306160252,[빙과_쫀득바] 인지광고_잠재고객_26.08_video,[멜론] 0724_추성훈BP_JD멜,[26.07]F_V_JD멜_인지_쫀득바출시_신규BP_추성훈BP_var3.렉카_몰래먹기.7월.수민PJ_1P_영상팀_260724_빙과_이수민,2,0,3,0,0,인지
2026-09-16,120248620306210252,[빙과_쫀득바] 인지광고_잠재고객_26.08_video,[멜론] 7월 1주차_1위단독,[26.07]F_V_JD멜_인지_쫀득바출시_바이럴형_커뮤니티형_var3.릴스_요즘애들.초딩.X_1P_문선정_260703_빙과_김진수,24,0,49,7,7,인지
2026-09-16,120248620306220252,[빙과_쫀득바] 인지광고_잠재고객_26.08_video,[멜론] 0724_추성훈BP_JD멜,[26.07]F_V_JD멜_인지_쫀득바출시_신규BP_추성훈BP_main.렉카_공통.7월.수민PJ_1P_영상팀_260724_빙과_이수민,104,0,272,51,51,인지
2026-09-17,120248620306130252,[빙과_쫀득바] 인지광고_잠재고객_26.08_video,[멜론] 7월 3주차_육아BP_JD멜,[26.07]F_V_JD멜_인지_쫀득바출시_신규BP_육아bp_var1.릴스_아기.X_2P_문선정_260716_빙과_이하림,18,0,50,13,13,인지
2026-09-17,120248620306140252,[빙과_쫀득바] 인지광고_잠재고객_26.08_video,[멜론] 7월 2주차_AI실수네고형_JD멜,[26.07]F_V_JD멜_인지_쫀득바출시_기타_AI활용형_main.릴스_실수네고형.원재료발주.본론.AI건_1P_문선정_260710_빙과_강다빈,33,0,80,18,18,인지
2026-09-17,120248620306210252,[빙과_쫀득바] 인지광고_잠재고객_26.08_video,[멜론] 7월 1주차_1위단독,[26.07]F_V_JD멜_인지_쫀득바출시_바이럴형_커뮤니티형_var3.릴스_요즘애들.초딩.X_1P_문선정_260703_빙과_김진수,5,0,9,1,1,인지
2026-09-17,120248620306220252,[빙과_쫀득바] 인지광고_잠재고객_26.08_video,[멜론] 0724_추성훈BP_JD멜,[26.07]F_V_JD멜_인지_쫀득바출시_신규BP_추성훈BP_main.렉카_공통.7월.수민PJ_1P_영상팀_260724_빙과_이수민,245,0,659,113,113,인지
2026-09-18,120248620306120252,[빙과_쫀득바] 인지광고_잠재고객_26.08_video,[멜론] 0724_추성훈BP_JD멜,[26.07]F_V_JD멜_인지_쫀득바출시_신규BP_추성훈BP_var1.렉카_손이없어서.7월.수민PJ_1P_영상팀_260724_빙과_이수민,1,0,2,1,1,인지
2026-09-18,120248620306130252,[빙과_쫀득바] 인지광고_잠재고객_26.08_video,[멜론] 7월 3주차_육아BP_JD멜,[26.07]F_V_JD멜_인지_쫀득바출시_신규BP_육아bp_var1.릴스_아기.X_2P_문선정_260716_빙과_이하림,139,0,387,81,81,인지
2026-09-18,120248620306140252,[빙과_쫀득바] 인지광고_잠재고객_26.08_video,[멜론] 7월 2주차_AI실수네고형_JD멜,[26.07]F_V_JD멜_인지_쫀득바출시_기타_AI활용형_main.릴스_실수네고형.원재료발주.본론.AI건_1P_문선정_260710_빙과_강다빈,44,0,117,22,22,인지
2026-09-18,120248620306210252,[빙과_쫀득바] 인지광고_잠재고객_26.08_video,[멜론] 7월 1주차_1위단독,[26.07]F_V_JD멜_인지_쫀득바출시_바이럴형_커뮤니티형_var3.릴스_요즘애들.초딩.X_1P_문선정_260703_빙과_김진수,17,0,39,8,8,인지
2026-09-18,120248620306220252,[빙과_쫀득바] 인지광고_잠재고객_26.08_video,[멜론] 0724_추성훈BP_JD멜,[26.07]F_V_JD멜_인지_쫀득바출시_신규BP_추성훈BP_main.렉카_공통.7월.수민PJ_1P_영상팀_260724_빙과_이수민,221,0,617,114,114,인지
2026-09-19,120248620259210252,[빙과_쫀득바] 인지광고_트래픽_26.08_video,[멜론] 7월 4주차_요한_바이럴(1)_JD멜,[26.07]F_V_JD멜_인지_쫀득바출시_바이럴형_정보전달형_main.렉카_건희소스활용.X_1P_김유진_260721_빙과_정요한,1,0,0,1,1,인지
2026-09-19,120248620259250252,[빙과_쫀득바] 인지광고_트래픽_26.08_video,[멜론] 7월 3주차_현장감BP_JD멜,[26.07]F_V_JD멜_인지_쫀득바출시_신규BP_현장감BP_var2.릴스_사재기.죄송.X_2P_문선정_260716_빙과_유영현,19,0,11,1,1,인지
2026-09-19,120248620259270252,[빙과_쫀득바] 인지광고_트래픽_26.08_video,[멜론] 7월 3주차_현장감BP_JD멜,[26.07]F_V_JD멜_인지_쫀득바출시_신규BP_현장감BP_var1.릴스_품절.X_2P_문선정_260716_빙과_유영현,1,0,0,0,0,인지
2026-09-19,120248620259330252,[빙과_쫀득바] 인지광고_트래픽_26.08_video,[멜론] 7월 3주차_육아BP_JD멜,[26.07]F_V_JD멜_인지_쫀득바출시_신규BP_육아bp_var4.릴스_로블록스.X_2P_문선정_260716_빙과_이하림,4,0,1,1,1,인지
2026-09-19,120248620259400252,[빙과_쫀득바] 인지광고_트래픽_26.08_video,[멜론] 0724_추성훈BP_JD멜,[26.07]F_V_JD멜_인지_쫀득바출시_신규BP_추성훈BP_var3.렉카_몰래먹기.7월.수민PJ_1P_영상팀_260724_빙과_이수민,1,0,0,1,1,인지
2026-09-19,120248620259450252,[빙과_쫀득바] 인지광고_트래픽_26.08_video,[멜론] 7월 3주차_현장감BP_JD멜,[26.07]F_V_JD멜_인지_쫀득바출시_신규BP_현장감BP_var3.릴스_사재기.싫은.X_2P_문선정_260716_빙과_유영현,1,0,0,0,0,인지
2026-09-19,120248620306130252,[빙과_쫀득바] 인지광고_잠재고객_26.08_video,[멜론] 7월 3주차_육아BP_JD멜,[26.07]F_V_JD멜_인지_쫀득바출시_신규BP_육아bp_var1.릴스_아기.X_2P_문선정_260716_빙과_이하림,206,0,600,123,123,인지
2026-09-19,120248620306140252,[빙과_쫀득바] 인지광고_잠재고객_26.08_video,[멜론] 7월 2주차_AI실수네고형_JD멜,[26.07]F_V_JD멜_인지_쫀득바출시_기타_AI활용형_main.릴스_실수네고형.원재료발주.본론.AI건_1P_문선정_260710_빙과_강다빈,427,0,1204,232,232,인지
2026-09-19,120248620306210252,[빙과_쫀득바] 인지광고_잠재고객_26.08_video,[멜론] 7월 1주차_1위단독,[26.07]F_V_JD멜_인지_쫀득바출시_바이럴형_커뮤니티형_var3.릴스_요즘애들.초딩.X_1P_문선정_260703_빙과_김진수,46,0,111,18,18,인지
2026-09-19,120248620306220252,[빙과_쫀득바] 인지광고_잠재고객_26.08_video,[멜론] 0724_추성훈BP_JD멜,[26.07]F_V_JD멜_인지_쫀득바출시_신규BP_추성훈BP_main.렉카_공통.7월.수민PJ_1P_영상팀_260724_빙과_이수민,1147,0,3119,594,594,인지
2026-09-20,120248620259250252,[빙과_쫀득바] 인지광고_트래픽_26.08_video,[멜론] 7월 3주차_현장감BP_JD멜,[26.07]F_V_JD멜_인지_쫀득바출시_신규BP_현장감BP_var2.릴스_사재기.죄송.X_2P_문선정_260716_빙과_유영현,6,0,2,0,0,인지
2026-09-20,120248620259330252,[빙과_쫀득바] 인지광고_트래픽_26.08_video,[멜론] 7월 3주차_육아BP_JD멜,[26.07]F_V_JD멜_인지_쫀득바출시_신규BP_육아bp_var4.릴스_로블록스.X_2P_문선정_260716_빙과_이하림,3,0,1,0,0,인지
2026-09-20,120248620306120252,[빙과_쫀득바] 인지광고_잠재고객_26.08_video,[멜론] 0724_추성훈BP_JD멜,[26.07]F_V_JD멜_인지_쫀득바출시_신규BP_추성훈BP_var1.렉카_손이없어서.7월.수민PJ_1P_영상팀_260724_빙과_이수민,1,0,2,1,1,인지
2026-09-20,120248620306130252,[빙과_쫀득바] 인지광고_잠재고객_26.08_video,[멜론] 7월 3주차_육아BP_JD멜,[26.07]F_V_JD멜_인지_쫀득바출시_신규BP_육아bp_var1.릴스_아기.X_2P_문선정_260716_빙과_이하림,113,0,320,64,64,인지
2026-09-20,120248620306140252,[빙과_쫀득바] 인지광고_잠재고객_26.08_video,[멜론] 7월 2주차_AI실수네고형_JD멜,[26.07]F_V_JD멜_인지_쫀득바출시_기타_AI활용형_main.릴스_실수네고형.원재료발주.본론.AI건_1P_문선정_260710_빙과_강다빈,406,0,1147,224,224,인지
2026-09-20,120248620306210252,[빙과_쫀득바] 인지광고_잠재고객_26.08_video,[멜론] 7월 1주차_1위단독,[26.07]F_V_JD멜_인지_쫀득바출시_바이럴형_커뮤니티형_var3.릴스_요즘애들.초딩.X_1P_문선정_260703_빙과_김진수,41,0,102,18,18,인지
2026-09-20,120248620306220252,[빙과_쫀득바] 인지광고_잠재고객_26.08_video,[멜론] 0724_추성훈BP_JD멜,[26.07]F_V_JD멜_인지_쫀득바출시_신규BP_추성훈BP_main.렉카_공통.7월.수민PJ_1P_영상팀_260724_빙과_이수민,147,0,388,74,74,인지
2026-09-08,120248584755360252,[빙과_쫀득바] 인지광고_잠재고객_26.08_video,[멜론] 무디_파트너십광고PA,kdaaeng,102,0,209,100,100,인지
2026-09-08,120248584755400252,[빙과_쫀득바] 인지광고_잠재고객_26.08_video,[멜론] 무디_파트너십광고PA,eunbynko,75,0,402,70,70,인지
2026-09-08,120248584755430252,[빙과_쫀득바] 인지광고_잠재고객_26.08_video,[멜론] 무디_파트너십광고PA,siyeonyoojoa,1,0,5,1,1,인지
2026-09-08,120248737633380252,[빙과_쫀득바] 인지광고_조회_26.08_video,[멜론] [26.08] 인지_바이럴형_백정BP바이럴화_정요한,[26.08]F_V_JD멜_인지_쫀득바출시_바이럴형_썰풀기형_main.렉카_대기업협박.X_스틱바P_황경원_260827_빙과_정요한.mp4,175,0,147,47,47,인지
2026-09-08,120248746209830252,[빙과_쫀득바] 인지광고_조회_26.08_video,[멜론] 무디_파트너십광고PA,kwaksuaaaa.mp4,2,0,5,2,2,인지
2026-09-08,120248746367040252,[빙과_쫀득바] 인지광고_인지도_26.08_video,[멜론] 무디_파트너십광고PA,kwaksuaaaa.mp4,12,0,25,6,6,인지
2026-09-08,120248751360490252,[빙과_쫀득바] 인지광고_잠재고객_26.08_video,[멜론] [26.08] 인지_바이럴형_백정BP바이럴화_정요한,[26.08]F_V_JD멜_인지_쫀득바출시_바이럴형_ai형_main.렉카_식품업계미투제품.X_스틱바P_황경원_260828_빙과_정요한,74,0,176,58,58,인지
2026-09-08,120248754314720252,[빙과_쫀득바] 인지광고_조회_26.08_video,[복숭아] 8월4주차_현경_맛인지,[26.08]F_V_JD복_인지_복쫀바출시_맛인지형_오먹_var6.릴스_1위.X_스틱바P_이재원_260828_빙과_노현경,2,0,1,1,1,인지
2026-09-08,120248754314730252,[빙과_쫀득바] 인지광고_조회_26.08_video,[복숭아] 8월4주차_현경_맛인지,[26.08]F_V_JD복_인지_복쫀바출시_맛인지형_오먹_var5.릴스_생그릭요거트.X_스틱바P_이재원_260828_빙과_노현경,176,0,129,46,46,인지
2026-09-09,120248584755400252,[빙과_쫀득바] 인지광고_잠재고객_26.08_video,[멜론] 무디_파트너십광고PA,eunbynko,76,0,118,75,75,인지
2026-09-09,120248737633380252,[빙과_쫀득바] 인지광고_조회_26.08_video,[멜론] [26.08] 인지_바이럴형_백정BP바이럴화_정요한,[26.08]F_V_JD멜_인지_쫀득바출시_바이럴형_썰풀기형_main.렉카_대기업협박.X_스틱바P_황경원_260827_빙과_정요한.mp4,93,0,69,22,22,인지
2026-09-09,120248738644760252,[빙과_쫀득바] 인지광고_인지도_26.08_video,[멜론] [26.08] 인지_바이럴형_백정BP바이럴화_정요한,[26.08]F_V_JD멜_인지_쫀득바출시_바이럴형_썰풀기형_main.렉카_대기업협박.X_스틱바P_황경원_260827_빙과_정요한.mp4,36,0,47,14,14,인지
2026-09-09,120248738710700252,[빙과_쫀득바] 인지광고_조회_26.08_video,[멜론] [26.08] 인지_바이럴형_백정BP바이럴화_정요한,[26.08]F_V_JD멜_인지_쫀득바출시_바이럴형_ai형_main.렉카_식품업계미투제품.X_스틱바P_황경원_260828_빙과_정요한,1,0,2,0,0,인지
2026-09-09,120248751360490252,[빙과_쫀득바] 인지광고_잠재고객_26.08_video,[멜론] [26.08] 인지_바이럴형_백정BP바이럴화_정요한,[26.08]F_V_JD멜_인지_쫀득바출시_바이럴형_ai형_main.렉카_식품업계미투제품.X_스틱바P_황경원_260828_빙과_정요한,137,0,367,125,125,인지
2026-09-09,120248754314730252,[빙과_쫀득바] 인지광고_조회_26.08_video,[복숭아] 8월4주차_현경_맛인지,[26.08]F_V_JD복_인지_복쫀바출시_맛인지형_오먹_var5.릴스_생그릭요거트.X_스틱바P_이재원_260828_빙과_노현경,26,0,22,4,4,인지
2026-09-10,120248584755400252,[빙과_쫀득바] 인지광고_잠재고객_26.08_video,[멜론] 무디_파트너십광고PA,eunbynko,56,0,125,56,56,인지
2026-09-10,120248620306400252,[빙과_쫀득바] 인지광고_잠재고객_26.08_video,[멜론] 7월 1주차_브이로그형_JD멜,[26.07]F_V_JD멜_인지_쫀득바출시_소비자상황형_브이로그형_main.릴스_번따당함.X_1P_문선정_260703_빙과_정하얀,4,0,9,1,1,인지
2026-09-10,120248737633380252,[빙과_쫀득바] 인지광고_조회_26.08_video,[멜론] [26.08] 인지_바이럴형_백정BP바이럴화_정요한,[26.08]F_V_JD멜_인지_쫀득바출시_바이럴형_썰풀기형_main.렉카_대기업협박.X_스틱바P_황경원_260827_빙과_정요한.mp4,61,0,46,18,18,인지
2026-09-10,120248738761130252,[빙과_쫀득바] 인지광고_잠재고객_26.08_video,[멜론] [26.08] 인지_바이럴형_백정BP바이럴화_정요한,[26.08]F_V_JD멜_인지_쫀득바출시_바이럴형_썰풀기형_main.렉카_대기업협박.X_스틱바P_황경원_260827_빙과_정요한.mp4,39,0,27,17,17,인지
2026-09-10,120248746367040252,[빙과_쫀득바] 인지광고_인지도_26.08_video,[멜론] 무디_파트너십광고PA,kwaksuaaaa.mp4,10,0,17,10,10,인지
2026-09-10,120248751360490252,[빙과_쫀득바] 인지광고_잠재고객_26.08_video,[멜론] [26.08] 인지_바이럴형_백정BP바이럴화_정요한,[26.08]F_V_JD멜_인지_쫀득바출시_바이럴형_ai형_main.렉카_식품업계미투제품.X_스틱바P_황경원_260828_빙과_정요한,40,0,59,19,19,인지
2026-09-10,120248754314720252,[빙과_쫀득바] 인지광고_조회_26.08_video,[복숭아] 8월4주차_현경_맛인지,[26.08]F_V_JD복_인지_복쫀바출시_맛인지형_오먹_var6.릴스_1위.X_스틱바P_이재원_260828_빙과_노현경,1,0,0,0,0,인지
2026-09-10,120248754314730252,[빙과_쫀득바] 인지광고_조회_26.08_video,[복숭아] 8월4주차_현경_맛인지,[26.08]F_V_JD복_인지_복쫀바출시_맛인지형_오먹_var5.릴스_생그릭요거트.X_스틱바P_이재원_260828_빙과_노현경,70,0,48,13,13,인지
2026-09-11,120248584755330252,[빙과_쫀득바] 인지광고_잠재고객_26.08_video,[멜론] 무디_파트너십광고PA,unyouu,1,0,1,0,0,인지
2026-09-11,120248584755360252,[빙과_쫀득바] 인지광고_잠재고객_26.08_video,[멜론] 무디_파트너십광고PA,kdaaeng,432,0,2776,422,422,인지
2026-09-11,120248584755400252,[빙과_쫀득바] 인지광고_잠재고객_26.08_video,[멜론] 무디_파트너십광고PA,eunbynko,791,0,5313,770,770,인지
2026-09-11,120248584755430252,[빙과_쫀득바] 인지광고_잠재고객_26.08_video,[멜론] 무디_파트너십광고PA,siyeonyoojoa,338,0,2149,329,329,인지
2026-09-11,120248620306250252,[빙과_쫀득바] 인지광고_잠재고객_26.08_video,[멜론] 0724_추성훈BP_JD멜,[26.07]F_V_JD멜_인지_쫀득바출시_신규BP_추성훈BP_var2.렉카_1204호.7월.수민PJ_1P_영상팀_260724_빙과_이수민,1,0,1,1,1,인지
2026-09-11,120248620306400252,[빙과_쫀득바] 인지광고_잠재고객_26.08_video,[멜론] 7월 1주차_브이로그형_JD멜,[26.07]F_V_JD멜_인지_쫀득바출시_소비자상황형_브이로그형_main.릴스_번따당함.X_1P_문선정_260703_빙과_정하얀,159,0,403,77,77,인지
2026-09-11,120248737633380252,[빙과_쫀득바] 인지광고_조회_26.08_video,[멜론] [26.08] 인지_바이럴형_백정BP바이럴화_정요한,[26.08]F_V_JD멜_인지_쫀득바출시_바이럴형_썰풀기형_main.렉카_대기업협박.X_스틱바P_황경원_260827_빙과_정요한.mp4,64,0,64,23,23,인지
2026-09-11,120248738710700252,[빙과_쫀득바] 인지광고_조회_26.08_video,[멜론] [26.08] 인지_바이럴형_백정BP바이럴화_정요한,[26.08]F_V_JD멜_인지_쫀득바출시_바이럴형_ai형_main.렉카_식품업계미투제품.X_스틱바P_황경원_260828_빙과_정요한,15,0,36,6,6,인지
2026-09-11,120248738761130252,[빙과_쫀득바] 인지광고_잠재고객_26.08_video,[멜론] [26.08] 인지_바이럴형_백정BP바이럴화_정요한,[26.08]F_V_JD멜_인지_쫀득바출시_바이럴형_썰풀기형_main.렉카_대기업협박.X_스틱바P_황경원_260827_빙과_정요한.mp4,6,0,15,3,3,인지
2026-09-11,120248751360490252,[빙과_쫀득바] 인지광고_잠재고객_26.08_video,[멜론] [26.08] 인지_바이럴형_백정BP바이럴화_정요한,[26.08]F_V_JD멜_인지_쫀득바출시_바이럴형_ai형_main.렉카_식품업계미투제품.X_스틱바P_황경원_260828_빙과_정요한,353,0,805,170,170,인지
2026-09-11,120248754314730252,[빙과_쫀득바] 인지광고_조회_26.08_video,[복숭아] 8월4주차_현경_맛인지,[26.08]F_V_JD복_인지_복쫀바출시_맛인지형_오먹_var5.릴스_생그릭요거트.X_스틱바P_이재원_260828_빙과_노현경,17,0,11,4,4,인지
2026-09-12,120248584755400252,[빙과_쫀득바] 인지광고_잠재고객_26.08_video,[멜론] 무디_파트너십광고PA,eunbynko,84,0,286,83,83,인지
2026-09-12,120248620306270252,[빙과_쫀득바] 인지광고_잠재고객_26.08_video,[멜론] 7월 2주차_바이럴(오하루)_JD멜,[26.07]F_V_JD멜_바이럴_쫀득바출시_바이럴형_바이럴형_main.렉카_힘숨찐.X_2P_이재원_260703_빙과_최재헌,17,0,28,6,6,인지
2026-09-12,120248620306320252,[빙과_쫀득바] 인지광고_잠재고객_26.08_video,[멜론] 7월 2주차_썰풀기형_JD멜,[26.07]F_V_JD멜_인지_쫀득바출시_바이럴형_썰풀기형_main.릴스_숏버전.X_1P_문선정_260710_빙과_김진수,1,0,2,1,1,인지
2026-09-12,120248620306400252,[빙과_쫀득바] 인지광고_잠재고객_26.08_video,[멜론] 7월 1주차_브이로그형_JD멜,[26.07]F_V_JD멜_인지_쫀득바출시_소비자상황형_브이로그형_main.릴스_번따당함.X_1P_문선정_260703_빙과_정하얀,112,0,288,50,50,인지
2026-09-12,120248737633380252,[빙과_쫀득바] 인지광고_조회_26.08_video,[멜론] [26.08] 인지_바이럴형_백정BP바이럴화_정요한,[26.08]F_V_JD멜_인지_쫀득바출시_바이럴형_썰풀기형_main.렉카_대기업협박.X_스틱바P_황경원_260827_빙과_정요한.mp4,76,0,132,31,31,인지
2026-09-12,120248738710700252,[빙과_쫀득바] 인지광고_조회_26.08_video,[멜론] [26.08] 인지_바이럴형_백정BP바이럴화_정요한,[26.08]F_V_JD멜_인지_쫀득바출시_바이럴형_ai형_main.렉카_식품업계미투제품.X_스틱바P_황경원_260828_빙과_정요한,14214,0,62880,13774,13774,인지
2026-09-12,120248751360490252,[빙과_쫀득바] 인지광고_잠재고객_26.08_video,[멜론] [26.08] 인지_바이럴형_백정BP바이럴화_정요한,[26.08]F_V_JD멜_인지_쫀득바출시_바이럴형_ai형_main.렉카_식품업계미투제품.X_스틱바P_황경원_260828_빙과_정요한,20872,0,82253,19417,19417,인지
2026-09-12,120248754314730252,[빙과_쫀득바] 인지광고_조회_26.08_video,[복숭아] 8월4주차_현경_맛인지,[26.08]F_V_JD복_인지_복쫀바출시_맛인지형_오먹_var5.릴스_생그릭요거트.X_스틱바P_이재원_260828_빙과_노현경,1,0,1,1,1,인지
2026-09-13,120248584755360252,[빙과_쫀득바] 인지광고_잠재고객_26.08_video,[멜론] 무디_파트너십광고PA,kdaaeng,2,0,12,2,2,인지
2026-09-13,120248584755400252,[빙과_쫀득바] 인지광고_잠재고객_26.08_video,[멜론] 무디_파트너십광고PA,eunbynko,7,0,46,7,7,인지
2026-09-13,120248584755410252,[빙과_쫀득바] 인지광고_잠재고객_26.08_video,[멜론] 무디_파트너십광고PA,cmonprefere__k,7,0,10,7,7,인지
2026-09-13,120248584755430252,[빙과_쫀득바] 인지광고_잠재고객_26.08_video,[멜론] 무디_파트너십광고PA,siyeonyoojoa,29,0,186,26,26,인지
2026-09-13,120248620228040252,[빙과_쫀득바] 인지광고_인지도_26.08_video,[멜론] 7월 1주차_1위단독,[26.07]F_V_JD멜_인지_쫀득바출시_바이럴형_커뮤니티형_var4.릴스_판매중단.모쏠친구.X_1P_문선정_260703_빙과_김진수,1,0,0,0,0,인지
2026-09-13,120248620306270252,[빙과_쫀득바] 인지광고_잠재고객_26.08_video,[멜론] 7월 2주차_바이럴(오하루)_JD멜,[26.07]F_V_JD멜_바이럴_쫀득바출시_바이럴형_바이럴형_main.렉카_힘숨찐.X_2P_이재원_260703_빙과_최재헌,5,0,9,1,1,인지
2026-09-13,120248620306400252,[빙과_쫀득바] 인지광고_잠재고객_26.08_video,[멜론] 7월 1주차_브이로그형_JD멜,[26.07]F_V_JD멜_인지_쫀득바출시_소비자상황형_브이로그형_main.릴스_번따당함.X_1P_문선정_260703_빙과_정하얀,78,0,183,38,38,인지
2026-09-13,120248738659960252,[빙과_쫀득바] 인지광고_트래픽_26.08_video,[멜론] [26.08] 인지_바이럴형_백정BP바이럴화_정요한,[26.08]F_V_JD멜_인지_쫀득바출시_바이럴형_정보전달형_main.렉카_식품업계미투제품.X_스틱바P_황경원_260827_빙과_정요한.mp4,1,0,2,1,1,인지
2026-09-13,120248738710700252,[빙과_쫀득바] 인지광고_조회_26.08_video,[멜론] [26.08] 인지_바이럴형_백정BP바이럴화_정요한,[26.08]F_V_JD멜_인지_쫀득바출시_바이럴형_ai형_main.렉카_식품업계미투제품.X_스틱바P_황경원_260828_빙과_정요한,2758,0,13614,2402,2402,인지
2026-09-13,120248738761130252,[빙과_쫀득바] 인지광고_잠재고객_26.08_video,[멜론] [26.08] 인지_바이럴형_백정BP바이럴화_정요한,[26.08]F_V_JD멜_인지_쫀득바출시_바이럴형_썰풀기형_main.렉카_대기업협박.X_스틱바P_황경원_260827_빙과_정요한.mp4,113,0,527,88,88,인지
2026-09-13,120248751360490252,[빙과_쫀득바] 인지광고_잠재고객_26.08_video,[멜론] [26.08] 인지_바이럴형_백정BP바이럴화_정요한,[26.08]F_V_JD멜_인지_쫀득바출시_바이럴형_ai형_main.렉카_식품업계미투제품.X_스틱바P_황경원_260828_빙과_정요한,205,0,800,137,137,인지
2026-09-13,120248754314730252,[빙과_쫀득바] 인지광고_조회_26.08_video,[복숭아] 8월4주차_현경_맛인지,[26.08]F_V_JD복_인지_복쫀바출시_맛인지형_오먹_var5.릴스_생그릭요거트.X_스틱바P_이재원_260828_빙과_노현경,3,0,2,0,0,인지
2026-09-14,120248584755410252,[빙과_쫀득바] 인지광고_잠재고객_26.08_video,[멜론] 무디_파트너십광고PA,cmonprefere__k,316,0,1273,297,297,인지
2026-09-14,120248620306270252,[빙과_쫀득바] 인지광고_잠재고객_26.08_video,[멜론] 7월 2주차_바이럴(오하루)_JD멜,[26.07]F_V_JD멜_바이럴_쫀득바출시_바이럴형_바이럴형_main.렉카_힘숨찐.X_2P_이재원_260703_빙과_최재헌,37,0,67,13,13,인지
2026-09-14,120248620306320252,[빙과_쫀득바] 인지광고_잠재고객_26.08_video,[멜론] 7월 2주차_썰풀기형_JD멜,[26.07]F_V_JD멜_인지_쫀득바출시_바이럴형_썰풀기형_main.릴스_숏버전.X_1P_문선정_260710_빙과_김진수,2,0,4,1,1,인지
2026-09-14,120248620306400252,[빙과_쫀득바] 인지광고_잠재고객_26.08_video,[멜론] 7월 1주차_브이로그형_JD멜,[26.07]F_V_JD멜_인지_쫀득바출시_소비자상황형_브이로그형_main.릴스_번따당함.X_1P_문선정_260703_빙과_정하얀,119,0,276,57,57,인지
2026-09-14,120248738710700252,[빙과_쫀득바] 인지광고_조회_26.08_video,[멜론] [26.08] 인지_바이럴형_백정BP바이럴화_정요한,[26.08]F_V_JD멜_인지_쫀득바출시_바이럴형_ai형_main.렉카_식품업계미투제품.X_스틱바P_황경원_260828_빙과_정요한,251,0,923,162,162,인지
2026-09-14,120248738761130252,[빙과_쫀득바] 인지광고_잠재고객_26.08_video,[멜론] [26.08] 인지_바이럴형_백정BP바이럴화_정요한,[26.08]F_V_JD멜_인지_쫀득바출시_바이럴형_썰풀기형_main.렉카_대기업협박.X_스틱바P_황경원_260827_빙과_정요한.mp4,49,0,87,31,31,인지
2026-09-14,120248754314730252,[빙과_쫀득바] 인지광고_조회_26.08_video,[복숭아] 8월4주차_현경_맛인지,[26.08]F_V_JD복_인지_복쫀바출시_맛인지형_오먹_var5.릴스_생그릭요거트.X_스틱바P_이재원_260828_빙과_노현경,46,0,41,9,9,인지
2026-09-15,120248584755410252,[빙과_쫀득바] 인지광고_잠재고객_26.08_video,[멜론] 무디_파트너십광고PA,cmonprefere__k,55,0,96,53,53,인지
2026-09-15,120248620306270252,[빙과_쫀득바] 인지광고_잠재고객_26.08_video,[멜론] 7월 2주차_바이럴(오하루)_JD멜,[26.07]F_V_JD멜_바이럴_쫀득바출시_바이럴형_바이럴형_main.렉카_힘숨찐.X_2P_이재원_260703_빙과_최재헌,26,0,37,8,8,인지
2026-09-15,120248620306320252,[빙과_쫀득바] 인지광고_잠재고객_26.08_video,[멜론] 7월 2주차_썰풀기형_JD멜,[26.07]F_V_JD멜_인지_쫀득바출시_바이럴형_썰풀기형_main.릴스_숏버전.X_1P_문선정_260710_빙과_김진수,1,0,0,1,1,인지
2026-09-15,120248620306400252,[빙과_쫀득바] 인지광고_잠재고객_26.08_video,[멜론] 7월 1주차_브이로그형_JD멜,[26.07]F_V_JD멜_인지_쫀득바출시_소비자상황형_브이로그형_main.릴스_번따당함.X_1P_문선정_260703_빙과_정하얀,68,0,160,32,32,인지
2026-09-15,120248737633380252,[빙과_쫀득바] 인지광고_조회_26.08_video,[멜론] [26.08] 인지_바이럴형_백정BP바이럴화_정요한,[26.08]F_V_JD멜_인지_쫀득바출시_바이럴형_썰풀기형_main.렉카_대기업협박.X_스틱바P_황경원_260827_빙과_정요한.mp4,1,0,0,0,0,인지
2026-09-15,120248738710700252,[빙과_쫀득바] 인지광고_조회_26.08_video,[멜론] [26.08] 인지_바이럴형_백정BP바이럴화_정요한,[26.08]F_V_JD멜_인지_쫀득바출시_바이럴형_ai형_main.렉카_식품업계미투제품.X_스틱바P_황경원_260828_빙과_정요한,78,0,123,71,71,인지
2026-09-15,120248738761130252,[빙과_쫀득바] 인지광고_잠재고객_26.08_video,[멜론] [26.08] 인지_바이럴형_백정BP바이럴화_정요한,[26.08]F_V_JD멜_인지_쫀득바출시_바이럴형_썰풀기형_main.렉카_대기업협박.X_스틱바P_황경원_260827_빙과_정요한.mp4,267,0,1058,219,219,인지
2026-09-15,120248746367040252,[빙과_쫀득바] 인지광고_인지도_26.08_video,[멜론] 무디_파트너십광고PA,kwaksuaaaa.mp4,35,0,103,21,21,인지
2026-09-16,120248584755430252,[빙과_쫀득바] 인지광고_잠재고객_26.08_video,[멜론] 무디_파트너십광고PA,siyeonyoojoa,343,0,1489,337,337,인지
2026-09-16,120248620306270252,[빙과_쫀득바] 인지광고_잠재고객_26.08_video,[멜론] 7월 2주차_바이럴(오하루)_JD멜,[26.07]F_V_JD멜_바이럴_쫀득바출시_바이럴형_바이럴형_main.렉카_힘숨찐.X_2P_이재원_260703_빙과_최재헌,19,0,42,10,10,인지
2026-09-16,120248620306400252,[빙과_쫀득바] 인지광고_잠재고객_26.08_video,[멜론] 7월 1주차_브이로그형_JD멜,[26.07]F_V_JD멜_인지_쫀득바출시_소비자상황형_브이로그형_main.릴스_번따당함.X_1P_문선정_260703_빙과_정하얀,52,0,113,22,22,인지
2026-09-16,120248620306410252,[빙과_쫀득바] 인지광고_잠재고객_26.08_video,[멜론] 0724_하림_외국인편의점BP_JD멜,[26.07]F_V_JD멜_인지_쫀득바출시_신규BP_외국인편의점bp_main.릴스_공통.X_2P_문선정_260724_빙과_이하림,1,0,2,1,1,인지
2026-09-16,120248737633380252,[빙과_쫀득바] 인지광고_조회_26.08_video,[멜론] [26.08] 인지_바이럴형_백정BP바이럴화_정요한,[26.08]F_V_JD멜_인지_쫀득바출시_바이럴형_썰풀기형_main.렉카_대기업협박.X_스틱바P_황경원_260827_빙과_정요한.mp4,1,0,4,1,1,인지
2026-09-16,120248738644760252,[빙과_쫀득바] 인지광고_인지도_26.08_video,[멜론] [26.08] 인지_바이럴형_백정BP바이럴화_정요한,[26.08]F_V_JD멜_인지_쫀득바출시_바이럴형_썰풀기형_main.렉카_대기업협박.X_스틱바P_황경원_260827_빙과_정요한.mp4,1,0,0,0,0,인지
2026-09-16,120248738710700252,[빙과_쫀득바] 인지광고_조회_26.08_video,[멜론] [26.08] 인지_바이럴형_백정BP바이럴화_정요한,[26.08]F_V_JD멜_인지_쫀득바출시_바이럴형_ai형_main.렉카_식품업계미투제품.X_스틱바P_황경원_260828_빙과_정요한,300,0,995,280,280,인지
2026-09-16,120248738761130252,[빙과_쫀득바] 인지광고_잠재고객_26.08_video,[멜론] [26.08] 인지_바이럴형_백정BP바이럴화_정요한,[26.08]F_V_JD멜_인지_쫀득바출시_바이럴형_썰풀기형_main.렉카_대기업협박.X_스틱바P_황경원_260827_빙과_정요한.mp4,153,0,604,119,119,인지
2026-09-16,120248754314720252,[빙과_쫀득바] 인지광고_조회_26.08_video,[복숭아] 8월4주차_현경_맛인지,[26.08]F_V_JD복_인지_복쫀바출시_맛인지형_오먹_var6.릴스_1위.X_스틱바P_이재원_260828_빙과_노현경,2,0,4,0,0,인지
2026-09-16,120248754314730252,[빙과_쫀득바] 인지광고_조회_26.08_video,[복숭아] 8월4주차_현경_맛인지,[26.08]F_V_JD복_인지_복쫀바출시_맛인지형_오먹_var5.릴스_생그릭요거트.X_스틱바P_이재원_260828_빙과_노현경,48,0,49,9,9,인지
2026-09-17,120248584755430252,[빙과_쫀득바] 인지광고_잠재고객_26.08_video,[멜론] 무디_파트너십광고PA,siyeonyoojoa,43,0,96,41,41,인지
2026-09-17,120248620306270252,[빙과_쫀득바] 인지광고_잠재고객_26.08_video,[멜론] 7월 2주차_바이럴(오하루)_JD멜,[26.07]F_V_JD멜_바이럴_쫀득바출시_바이럴형_바이럴형_main.렉카_힘숨찐.X_2P_이재원_260703_빙과_최재헌,22,0,43,11,11,인지
2026-09-17,120248620306320252,[빙과_쫀득바] 인지광고_잠재고객_26.08_video,[멜론] 7월 2주차_썰풀기형_JD멜,[26.07]F_V_JD멜_인지_쫀득바출시_바이럴형_썰풀기형_main.릴스_숏버전.X_1P_문선정_260710_빙과_김진수,1,0,3,0,0,인지
2026-09-17,120248620306400252,[빙과_쫀득바] 인지광고_잠재고객_26.08_video,[멜론] 7월 1주차_브이로그형_JD멜,[26.07]F_V_JD멜_인지_쫀득바출시_소비자상황형_브이로그형_main.릴스_번따당함.X_1P_문선정_260703_빙과_정하얀,49,0,119,22,22,인지
2026-09-17,120248620306420252,[빙과_쫀득바] 인지광고_잠재고객_26.08_video,[멜론] 0724_하림_외국인편의점BP_JD멜,[26.07]F_V_JD멜_인지_쫀득바출시_신규BP_외국인편의점bp_var2.릴스_처음먹는 외국인.X_2P_문선정_260724_빙과_이하림,1,0,0,0,0,인지
2026-09-17,120248738710700252,[빙과_쫀득바] 인지광고_조회_26.08_video,[멜론] [26.08] 인지_바이럴형_백정BP바이럴화_정요한,[26.08]F_V_JD멜_인지_쫀득바출시_바이럴형_ai형_main.렉카_식품업계미투제품.X_스틱바P_황경원_260828_빙과_정요한,187,0,488,165,165,인지
2026-09-17,120248738761130252,[빙과_쫀득바] 인지광고_잠재고객_26.08_video,[멜론] [26.08] 인지_바이럴형_백정BP바이럴화_정요한,[26.08]F_V_JD멜_인지_쫀득바출시_바이럴형_썰풀기형_main.렉카_대기업협박.X_스틱바P_황경원_260827_빙과_정요한.mp4,184,0,846,171,171,인지
2026-09-17,120248754314730252,[빙과_쫀득바] 인지광고_조회_26.08_video,[복숭아] 8월4주차_현경_맛인지,[26.08]F_V_JD복_인지_복쫀바출시_맛인지형_오먹_var5.릴스_생그릭요거트.X_스틱바P_이재원_260828_빙과_노현경,51,0,56,10,10,인지
2026-09-18,120248584755360252,[빙과_쫀득바] 인지광고_잠재고객_26.08_video,[멜론] 무디_파트너십광고PA,kdaaeng,57,0,112,54,54,인지
2026-09-18,120248584755430252,[빙과_쫀득바] 인지광고_잠재고객_26.08_video,[멜론] 무디_파트너십광고PA,siyeonyoojoa,1,0,6,1,1,인지
2026-09-18,120248620306270252,[빙과_쫀득바] 인지광고_잠재고객_26.08_video,[멜론] 7월 2주차_바이럴(오하루)_JD멜,[26.07]F_V_JD멜_바이럴_쫀득바출시_바이럴형_바이럴형_main.렉카_힘숨찐.X_2P_이재원_260703_빙과_최재헌,92,0,186,29,29,인지
2026-09-18,120248620306400252,[빙과_쫀득바] 인지광고_잠재고객_26.08_video,[멜론] 7월 1주차_브이로그형_JD멜,[26.07]F_V_JD멜_인지_쫀득바출시_소비자상황형_브이로그형_main.릴스_번따당함.X_1P_문선정_260703_빙과_정하얀,28,0,62,15,15,인지
2026-09-18,120248620306410252,[빙과_쫀득바] 인지광고_잠재고객_26.08_video,[멜론] 0724_하림_외국인편의점BP_JD멜,[26.07]F_V_JD멜_인지_쫀득바출시_신규BP_외국인편의점bp_main.릴스_공통.X_2P_문선정_260724_빙과_이하림,2,0,3,1,1,인지
2026-09-18,120248737449590252,[빙과_쫀득바] 인지광고_조회_26.08_video,[멜론] [26.08] 인지_바이럴형_백정BP바이럴화_정요한,[26.08]F_V_JD멜_인지_쫀득바출시_바이럴형_정보전달형_main.렉카_식품업계미투제품.X_스틱바P_황경원_260827_빙과_정요한.mp4,9699,0,57563,9566,9566,인지
2026-09-18,120248737633380252,[빙과_쫀득바] 인지광고_조회_26.08_video,[멜론] [26.08] 인지_바이럴형_백정BP바이럴화_정요한,[26.08]F_V_JD멜_인지_쫀득바출시_바이럴형_썰풀기형_main.렉카_대기업협박.X_스틱바P_황경원_260827_빙과_정요한.mp4,4837,0,23551,4789,4789,인지
2026-09-18,120248738710700252,[빙과_쫀득바] 인지광고_조회_26.08_video,[멜론] [26.08] 인지_바이럴형_백정BP바이럴화_정요한,[26.08]F_V_JD멜_인지_쫀득바출시_바이럴형_ai형_main.렉카_식품업계미투제품.X_스틱바P_황경원_260828_빙과_정요한,88441,0,420425,86783,86783,인지
2026-09-18,120248738761130252,[빙과_쫀득바] 인지광고_잠재고객_26.08_video,[멜론] [26.08] 인지_바이럴형_백정BP바이럴화_정요한,[26.08]F_V_JD멜_인지_쫀득바출시_바이럴형_썰풀기형_main.렉카_대기업협박.X_스틱바P_황경원_260827_빙과_정요한.mp4,46,0,165,44,44,인지
2026-09-18,120248754314730252,[빙과_쫀득바] 인지광고_조회_26.08_video,[복숭아] 8월4주차_현경_맛인지,[26.08]F_V_JD복_인지_복쫀바출시_맛인지형_오먹_var5.릴스_생그릭요거트.X_스틱바P_이재원_260828_빙과_노현경,32,0,35,8,8,인지
2026-09-19,120248620228040252,[빙과_쫀득바] 인지광고_인지도_26.08_video,[멜론] 7월 1주차_1위단독,[26.07]F_V_JD멜_인지_쫀득바출시_바이럴형_커뮤니티형_var4.릴스_판매중단.모쏠친구.X_1P_문선정_260703_빙과_김진수,1,0,0,0,0,인지
2026-09-19,120248620306270252,[빙과_쫀득바] 인지광고_잠재고객_26.08_video,[멜론] 7월 2주차_바이럴(오하루)_JD멜,[26.07]F_V_JD멜_바이럴_쫀득바출시_바이럴형_바이럴형_main.렉카_힘숨찐.X_2P_이재원_260703_빙과_최재헌,144,0,312,72,72,인지
2026-09-19,120248620306320252,[빙과_쫀득바] 인지광고_잠재고객_26.08_video,[멜론] 7월 2주차_썰풀기형_JD멜,[26.07]F_V_JD멜_인지_쫀득바출시_바이럴형_썰풀기형_main.릴스_숏버전.X_1P_문선정_260710_빙과_김진수,18,0,36,7,7,인지
2026-09-19,120248620306400252,[빙과_쫀득바] 인지광고_잠재고객_26.08_video,[멜론] 7월 1주차_브이로그형_JD멜,[26.07]F_V_JD멜_인지_쫀득바출시_소비자상황형_브이로그형_main.릴스_번따당함.X_1P_문선정_260703_빙과_정하얀,179,0,437,91,91,인지
2026-09-19,120248620306410252,[빙과_쫀득바] 인지광고_잠재고객_26.08_video,[멜론] 0724_하림_외국인편의점BP_JD멜,[26.07]F_V_JD멜_인지_쫀득바출시_신규BP_외국인편의점bp_main.릴스_공통.X_2P_문선정_260724_빙과_이하림,9,0,19,4,4,인지
2026-09-19,120248737449590252,[빙과_쫀득바] 인지광고_조회_26.08_video,[멜론] [26.08] 인지_바이럴형_백정BP바이럴화_정요한,[26.08]F_V_JD멜_인지_쫀득바출시_바이럴형_정보전달형_main.렉카_식품업계미투제품.X_스틱바P_황경원_260827_빙과_정요한.mp4,749,0,3712,732,732,인지
2026-09-19,120248737633380252,[빙과_쫀득바] 인지광고_조회_26.08_video,[멜론] [26.08] 인지_바이럴형_백정BP바이럴화_정요한,[26.08]F_V_JD멜_인지_쫀득바출시_바이럴형_썰풀기형_main.렉카_대기업협박.X_스틱바P_황경원_260827_빙과_정요한.mp4,357,0,1292,354,354,인지
2026-09-19,120248738644760252,[빙과_쫀득바] 인지광고_인지도_26.08_video,[멜론] [26.08] 인지_바이럴형_백정BP바이럴화_정요한,[26.08]F_V_JD멜_인지_쫀득바출시_바이럴형_썰풀기형_main.렉카_대기업협박.X_스틱바P_황경원_260827_빙과_정요한.mp4,57,0,83,33,33,인지
2026-09-19,120248738659960252,[빙과_쫀득바] 인지광고_트래픽_26.08_video,[멜론] [26.08] 인지_바이럴형_백정BP바이럴화_정요한,[26.08]F_V_JD멜_인지_쫀득바출시_바이럴형_정보전달형_main.렉카_식품업계미투제품.X_스틱바P_황경원_260827_빙과_정요한.mp4,4,0,2,0,0,인지
2026-09-19,120248738710700252,[빙과_쫀득바] 인지광고_조회_26.08_video,[멜론] [26.08] 인지_바이럴형_백정BP바이럴화_정요한,[26.08]F_V_JD멜_인지_쫀득바출시_바이럴형_ai형_main.렉카_식품업계미투제품.X_스틱바P_황경원_260828_빙과_정요한,4772,0,17520,4626,4626,인지
2026-09-19,120248738761130252,[빙과_쫀득바] 인지광고_잠재고객_26.08_video,[멜론] [26.08] 인지_바이럴형_백정BP바이럴화_정요한,[26.08]F_V_JD멜_인지_쫀득바출시_바이럴형_썰풀기형_main.렉카_대기업협박.X_스틱바P_황경원_260827_빙과_정요한.mp4,8003,0,30993,7891,7891,인지
2026-09-19,120248746367040252,[빙과_쫀득바] 인지광고_인지도_26.08_video,[멜론] 무디_파트너십광고PA,kwaksuaaaa.mp4,1,0,2,1,1,인지
2026-09-19,120248754314730252,[빙과_쫀득바] 인지광고_조회_26.08_video,[복숭아] 8월4주차_현경_맛인지,[26.08]F_V_JD복_인지_복쫀바출시_맛인지형_오먹_var5.릴스_생그릭요거트.X_스틱바P_이재원_260828_빙과_노현경,294,0,366,47,47,인지
2026-09-20,120248620306240252,[빙과_쫀득바] 인지광고_잠재고객_26.08_video,[멜론] 7월 2주차_AI실수네고형_JD멜,[26.07]F_V_JD멜_인지_쫀득바출시_기타_AI활용형_var1.릴스_실수네고형.원재료발주.혼쭐후킹.AI건_1P_문선정_260710_빙과_강다빈,4,0,9,2,2,인지
2026-09-20,120248620306270252,[빙과_쫀득바] 인지광고_잠재고객_26.08_video,[멜론] 7월 2주차_바이럴(오하루)_JD멜,[26.07]F_V_JD멜_바이럴_쫀득바출시_바이럴형_바이럴형_main.렉카_힘숨찐.X_2P_이재원_260703_빙과_최재헌,29,0,70,13,13,인지
2026-09-20,120248620306320252,[빙과_쫀득바] 인지광고_잠재고객_26.08_video,[멜론] 7월 2주차_썰풀기형_JD멜,[26.07]F_V_JD멜_인지_쫀득바출시_바이럴형_썰풀기형_main.릴스_숏버전.X_1P_문선정_260710_빙과_김진수,2,0,5,2,2,인지
2026-09-20,120248620306400252,[빙과_쫀득바] 인지광고_잠재고객_26.08_video,[멜론] 7월 1주차_브이로그형_JD멜,[26.07]F_V_JD멜_인지_쫀득바출시_소비자상황형_브이로그형_main.릴스_번따당함.X_1P_문선정_260703_빙과_정하얀,145,0,395,69,69,인지
2026-09-20,120248620306410252,[빙과_쫀득바] 인지광고_잠재고객_26.08_video,[멜론] 0724_하림_외국인편의점BP_JD멜,[26.07]F_V_JD멜_인지_쫀득바출시_신규BP_외국인편의점bp_main.릴스_공통.X_2P_문선정_260724_빙과_이하림,1,0,2,0,0,인지
2026-09-20,120248737449590252,[빙과_쫀득바] 인지광고_조회_26.08_video,[멜론] [26.08] 인지_바이럴형_백정BP바이럴화_정요한,[26.08]F_V_JD멜_인지_쫀득바출시_바이럴형_정보전달형_main.렉카_식품업계미투제품.X_스틱바P_황경원_260827_빙과_정요한.mp4,20,0,116,17,17,인지
2026-09-20,120248737633380252,[빙과_쫀득바] 인지광고_조회_26.08_video,[멜론] [26.08] 인지_바이럴형_백정BP바이럴화_정요한,[26.08]F_V_JD멜_인지_쫀득바출시_바이럴형_썰풀기형_main.렉카_대기업협박.X_스틱바P_황경원_260827_빙과_정요한.mp4,18,0,77,17,17,인지
2026-09-20,120248738659960252,[빙과_쫀득바] 인지광고_트래픽_26.08_video,[멜론] [26.08] 인지_바이럴형_백정BP바이럴화_정요한,[26.08]F_V_JD멜_인지_쫀득바출시_바이럴형_정보전달형_main.렉카_식품업계미투제품.X_스틱바P_황경원_260827_빙과_정요한.mp4,1,0,1,0,0,인지
2026-09-20,120248738710700252,[빙과_쫀득바] 인지광고_조회_26.08_video,[멜론] [26.08] 인지_바이럴형_백정BP바이럴화_정요한,[26.08]F_V_JD멜_인지_쫀득바출시_바이럴형_ai형_main.렉카_식품업계미투제품.X_스틱바P_황경원_260828_빙과_정요한,497,0,1368,277,277,인지
2026-09-20,120248738761130252,[빙과_쫀득바] 인지광고_잠재고객_26.08_video,[멜론] [26.08] 인지_바이럴형_백정BP바이럴화_정요한,[26.08]F_V_JD멜_인지_쫀득바출시_바이럴형_썰풀기형_main.렉카_대기업협박.X_스틱바P_황경원_260827_빙과_정요한.mp4,39,0,198,38,38,인지
2026-09-20,120248754314730252,[빙과_쫀득바] 인지광고_조회_26.08_video,[복숭아] 8월4주차_현경_맛인지,[26.08]F_V_JD복_인지_복쫀바출시_맛인지형_오먹_var5.릴스_생그릭요거트.X_스틱바P_이재원_260828_빙과_노현경,189,0,238,33,33,인지
2026-09-08,120248754314760252,[빙과_쫀득바] 인지광고_조회_26.08_video,[복숭아] 8월4주차_현경_맛인지,[26.08]F_V_JD복_인지_복쫀바출시_맛인지형_오먹_var7.릴스_유럽.X_스틱바P_이재원_260828_빙과_노현경,25,0,17,7,7,인지
2026-09-08,120248754314770252,[빙과_쫀득바] 인지광고_조회_26.08_video,[복숭아] 8월4주차_현경_맛인지,[26.08]F_V_JD복_인지_쫀득바출시_맛인지형_오먹_main.릴스_납작복숭아가격비교.X_스틱바P_이재원_260827_빙과_노현경,1,0,1,1,1,인지
2026-09-08,120248754314790252,[빙과_쫀득바] 인지광고_조회_26.08_video,[복숭아] 8월4주차_현경_맛인지,[26.08]F_V_JD복_인지_복쫀바출시_맛인지형_오먹_var4.릴스_100프로복숭아농축액.X_스틱바P_이재원_260828_빙과_노현경,14,0,8,4,4,인지
2026-09-08,120248754344830252,[빙과_쫀득바] 인지광고_트래픽_26.08_video,[복숭아] 8월4주차_현경_맛인지,[26.08]F_V_JD복_인지_복쫀바출시_맛인지형_오먹_var2.릴스_후숙복숭아.X_스틱바P_이재원_260828_빙과_노현경,5,0,3,1,1,인지
2026-09-08,120248754344880252,[빙과_쫀득바] 인지광고_트래픽_26.08_video,[복숭아] 8월4주차_현경_맛인지,[26.08]F_V_JD복_인지_복쫀바출시_맛인지형_오먹_var7.릴스_유럽.X_스틱바P_이재원_260828_빙과_노현경,36,0,22,7,7,인지
2026-09-08,120248754344890252,[빙과_쫀득바] 인지광고_트래픽_26.08_video,[복숭아] 8월4주차_현경_맛인지,[26.08]F_V_JD복_인지_복쫀바출시_맛인지형_오먹_var4.릴스_100프로복숭아농축액.X_스틱바P_이재원_260828_빙과_노현경,4,0,3,2,2,인지
2026-09-08,120248754344900252,[빙과_쫀득바] 인지광고_트래픽_26.08_video,[복숭아] 8월4주차_현경_맛인지,[26.08]F_V_JD복_인지_복쫀바출시_맛인지형_오먹_var5.릴스_생그릭요거트.X_스틱바P_이재원_260828_빙과_노현경,15,0,9,5,5,인지
2026-09-08,120248754344910252,[빙과_쫀득바] 인지광고_트래픽_26.08_video,[복숭아] 8월4주차_현경_맛인지,[26.08]F_V_JD복_인지_복쫀바출시_맛인지형_오먹_var3.릴스_쫀득복숭아.X_스틱바P_이재원_260828_빙과_노현경,26,0,14,5,5,인지
2026-09-08,120248754354930252,[빙과_쫀득바] 인지광고_인지도_26.08_video,[복숭아] 8월4주차_현경_맛인지,[26.08]F_V_JD복_인지_복쫀바출시_맛인지형_오먹_var2.릴스_후숙복숭아.X_스틱바P_이재원_260828_빙과_노현경,5,0,4,1,1,인지
2026-09-08,120248754354960252,[빙과_쫀득바] 인지광고_인지도_26.08_video,[복숭아] 8월4주차_현경_맛인지,[26.08]F_V_JD복_인지_복쫀바출시_맛인지형_오먹_var4.릴스_100프로복숭아농축액.X_스틱바P_이재원_260828_빙과_노현경,75,0,58,15,15,인지
2026-09-08,120248787860310252,[빙과_쫀득바] 인지광고_조회_26.08_video,[복숭아] 파트너십 PA,[복숭아쫀득바] 먹리니 PA,6,0,6,3,3,인지
2026-09-08,120248802305420252,[빙과_쫀득바] 인지광고_인지도_26.08_video,[멜론] 닥터후,[26.08]F_V_JD멜_인지_쫀득바출시_바이럴형_권위 설득형_main.렉카_닥터후.500만 틱톡커가 먹어본 초딩 유행템_.X_스틱바P_김바다_260826_빙과_김도희.mp4,86,0,138,77,77,인지
2026-09-08,120248803007530252,[빙과_쫀득바] 인지광고_조회_26.08_video,[멜론] 닥터후,[26.08]F_V_JD멜_인지_쫀득바출시_바이럴형_권위 설득형_main.렉카_닥터후.500만 틱톡커가 먹어본 초딩 유행템_.X_스틱바P_김바다_260826_빙과_김도희.mp4,152,0,349,106,106,인지
2026-09-08,120248809095300252,[빙과_쫀득바] 인지광고_조회_26.06_video,[복숭아] 파트너십 PA,[복숭아쫀득바] 먹리니 PA,8,0,7,3,3,인지
2026-09-09,120248751663730252,[빙과_쫀득바] 인지광고_트래픽_26.08_video,[멜론] [26.08] 인지_바이럴형_백정BP바이럴화_정요한,[26.08]F_V_JD멜_인지_쫀득바출시_바이럴형_ai형_main.렉카_식품업계미투제품.X_스틱바P_황경원_260828_빙과_정요한,1,0,0,0,0,인지
2026-09-09,120248754314770252,[빙과_쫀득바] 인지광고_조회_26.08_video,[복숭아] 8월4주차_현경_맛인지,[26.08]F_V_JD복_인지_쫀득바출시_맛인지형_오먹_main.릴스_납작복숭아가격비교.X_스틱바P_이재원_260827_빙과_노현경,18,0,13,6,6,인지
2026-09-09,120248754344830252,[빙과_쫀득바] 인지광고_트래픽_26.08_video,[복숭아] 8월4주차_현경_맛인지,[26.08]F_V_JD복_인지_복쫀바출시_맛인지형_오먹_var2.릴스_후숙복숭아.X_스틱바P_이재원_260828_빙과_노현경,5,0,4,2,2,인지
2026-09-09,120248754344850252,[빙과_쫀득바] 인지광고_트래픽_26.08_video,[복숭아] 8월4주차_현경_맛인지,[26.08]F_V_JD복_인지_복쫀바출시_맛인지형_오먹_var6.릴스_1위.X_스틱바P_이재원_260828_빙과_노현경,7,0,2,2,2,인지
2026-09-09,120248754344910252,[빙과_쫀득바] 인지광고_트래픽_26.08_video,[복숭아] 8월4주차_현경_맛인지,[26.08]F_V_JD복_인지_복쫀바출시_맛인지형_오먹_var3.릴스_쫀득복숭아.X_스틱바P_이재원_260828_빙과_노현경,81,0,58,11,11,인지
2026-09-09,120248754354960252,[빙과_쫀득바] 인지광고_인지도_26.08_video,[복숭아] 8월4주차_현경_맛인지,[26.08]F_V_JD복_인지_복쫀바출시_맛인지형_오먹_var4.릴스_100프로복숭아농축액.X_스틱바P_이재원_260828_빙과_노현경,78,0,51,12,12,인지
2026-09-09,120248802305420252,[빙과_쫀득바] 인지광고_인지도_26.08_video,[멜론] 닥터후,[26.08]F_V_JD멜_인지_쫀득바출시_바이럴형_권위 설득형_main.렉카_닥터후.500만 틱톡커가 먹어본 초딩 유행템_.X_스틱바P_김바다_260826_빙과_김도희.mp4,74,0,157,26,26,인지
2026-09-09,120248803007530252,[빙과_쫀득바] 인지광고_조회_26.08_video,[멜론] 닥터후,[26.08]F_V_JD멜_인지_쫀득바출시_바이럴형_권위 설득형_main.렉카_닥터후.500만 틱톡커가 먹어본 초딩 유행템_.X_스틱바P_김바다_260826_빙과_김도희.mp4,81,0,137,61,61,인지
2026-09-10,120248754314740252,[빙과_쫀득바] 인지광고_조회_26.08_video,[복숭아] 8월4주차_현경_맛인지,[26.08]F_V_JD복_인지_복쫀바출시_맛인지형_오먹_var2.릴스_후숙복숭아.X_스틱바P_이재원_260828_빙과_노현경,3,0,5,2,2,인지
2026-09-10,120248754314790252,[빙과_쫀득바] 인지광고_조회_26.08_video,[복숭아] 8월4주차_현경_맛인지,[26.08]F_V_JD복_인지_복쫀바출시_맛인지형_오먹_var4.릴스_100프로복숭아농축액.X_스틱바P_이재원_260828_빙과_노현경,2,0,1,0,0,인지
2026-09-10,120248754344890252,[빙과_쫀득바] 인지광고_트래픽_26.08_video,[복숭아] 8월4주차_현경_맛인지,[26.08]F_V_JD복_인지_복쫀바출시_맛인지형_오먹_var4.릴스_100프로복숭아농축액.X_스틱바P_이재원_260828_빙과_노현경,1,0,1,0,0,인지
2026-09-10,120248754344910252,[빙과_쫀득바] 인지광고_트래픽_26.08_video,[복숭아] 8월4주차_현경_맛인지,[26.08]F_V_JD복_인지_복쫀바출시_맛인지형_오먹_var3.릴스_쫀득복숭아.X_스틱바P_이재원_260828_빙과_노현경,3,0,1,1,1,인지
2026-09-10,120248754354950252,[빙과_쫀득바] 인지광고_인지도_26.08_video,[복숭아] 8월4주차_현경_맛인지,[26.08]F_V_JD복_인지_복쫀바출시_맛인지형_오먹_var5.릴스_생그릭요거트.X_스틱바P_이재원_260828_빙과_노현경,13,0,9,3,3,인지
2026-09-10,120248754354960252,[빙과_쫀득바] 인지광고_인지도_26.08_video,[복숭아] 8월4주차_현경_맛인지,[26.08]F_V_JD복_인지_복쫀바출시_맛인지형_오먹_var4.릴스_100프로복숭아농축액.X_스틱바P_이재원_260828_빙과_노현경,46,0,32,7,7,인지
2026-09-10,120248754354970252,[빙과_쫀득바] 인지광고_인지도_26.08_video,[복숭아] 8월4주차_현경_맛인지,[26.08]F_V_JD복_인지_쫀득바출시_맛인지형_오먹_main.릴스_납작복숭아가격비교.X_스틱바P_이재원_260827_빙과_노현경,1,0,1,1,1,인지
2026-09-10,120248802305420252,[빙과_쫀득바] 인지광고_인지도_26.08_video,[멜론] 닥터후,[26.08]F_V_JD멜_인지_쫀득바출시_바이럴형_권위 설득형_main.렉카_닥터후.500만 틱톡커가 먹어본 초딩 유행템_.X_스틱바P_김바다_260826_빙과_김도희.mp4,93,0,99,36,36,인지
2026-09-10,120248803007530252,[빙과_쫀득바] 인지광고_조회_26.08_video,[멜론] 닥터후,[26.08]F_V_JD멜_인지_쫀득바출시_바이럴형_권위 설득형_main.렉카_닥터후.500만 틱톡커가 먹어본 초딩 유행템_.X_스틱바P_김바다_260826_빙과_김도희.mp4,63,0,111,42,42,인지
2026-09-11,120248754314740252,[빙과_쫀득바] 인지광고_조회_26.08_video,[복숭아] 8월4주차_현경_맛인지,[26.08]F_V_JD복_인지_복쫀바출시_맛인지형_오먹_var2.릴스_후숙복숭아.X_스틱바P_이재원_260828_빙과_노현경,44,0,33,5,5,인지
2026-09-11,120248754314750252,[빙과_쫀득바] 인지광고_조회_26.08_video,[복숭아] 8월4주차_현경_맛인지,[26.08]F_V_JD복_인지_복쫀바출시_맛인지형_오먹_var1.릴스_과일계 에르메스.X_스틱바P_이재원_260828_빙과_노현경,2,0,2,2,2,인지
2026-09-11,120248754314770252,[빙과_쫀득바] 인지광고_조회_26.08_video,[복숭아] 8월4주차_현경_맛인지,[26.08]F_V_JD복_인지_쫀득바출시_맛인지형_오먹_main.릴스_납작복숭아가격비교.X_스틱바P_이재원_260827_빙과_노현경,58,0,45,9,9,인지
2026-09-11,120248754314790252,[빙과_쫀득바] 인지광고_조회_26.08_video,[복숭아] 8월4주차_현경_맛인지,[26.08]F_V_JD복_인지_복쫀바출시_맛인지형_오먹_var4.릴스_100프로복숭아농축액.X_스틱바P_이재원_260828_빙과_노현경,8,0,3,2,2,인지
2026-09-11,120248754314800252,[빙과_쫀득바] 인지광고_조회_26.08_video,[복숭아] 8월4주차_현경_맛인지,[26.08]F_V_JD복_인지_복쫀바출시_맛인지형_오먹_var3.릴스_쫀득복숭아.X_스틱바P_이재원_260828_빙과_노현경,1,0,2,1,1,인지
2026-09-11,120248754344850252,[빙과_쫀득바] 인지광고_트래픽_26.08_video,[복숭아] 8월4주차_현경_맛인지,[26.08]F_V_JD복_인지_복쫀바출시_맛인지형_오먹_var6.릴스_1위.X_스틱바P_이재원_260828_빙과_노현경,55,0,42,11,11,인지
2026-09-11,120248754344910252,[빙과_쫀득바] 인지광고_트래픽_26.08_video,[복숭아] 8월4주차_현경_맛인지,[26.08]F_V_JD복_인지_복쫀바출시_맛인지형_오먹_var3.릴스_쫀득복숭아.X_스틱바P_이재원_260828_빙과_노현경,54,1,43,9,9,인지
2026-09-11,120248754354930252,[빙과_쫀득바] 인지광고_인지도_26.08_video,[복숭아] 8월4주차_현경_맛인지,[26.08]F_V_JD복_인지_복쫀바출시_맛인지형_오먹_var2.릴스_후숙복숭아.X_스틱바P_이재원_260828_빙과_노현경,1,0,2,0,0,인지
2026-09-11,120248754354950252,[빙과_쫀득바] 인지광고_인지도_26.08_video,[복숭아] 8월4주차_현경_맛인지,[26.08]F_V_JD복_인지_복쫀바출시_맛인지형_오먹_var5.릴스_생그릭요거트.X_스틱바P_이재원_260828_빙과_노현경,73,0,56,18,18,인지
2026-09-11,120248754354960252,[빙과_쫀득바] 인지광고_인지도_26.08_video,[복숭아] 8월4주차_현경_맛인지,[26.08]F_V_JD복_인지_복쫀바출시_맛인지형_오먹_var4.릴스_100프로복숭아농축액.X_스틱바P_이재원_260828_빙과_노현경,68,0,51,7,7,인지
2026-09-11,120248802305420252,[빙과_쫀득바] 인지광고_인지도_26.08_video,[멜론] 닥터후,[26.08]F_V_JD멜_인지_쫀득바출시_바이럴형_권위 설득형_main.렉카_닥터후.500만 틱톡커가 먹어본 초딩 유행템_.X_스틱바P_김바다_260826_빙과_김도희.mp4,122,0,339,60,60,인지
2026-09-11,120248803007530252,[빙과_쫀득바] 인지광고_조회_26.08_video,[멜론] 닥터후,[26.08]F_V_JD멜_인지_쫀득바출시_바이럴형_권위 설득형_main.렉카_닥터후.500만 틱톡커가 먹어본 초딩 유행템_.X_스틱바P_김바다_260826_빙과_김도희.mp4,2871,0,8369,1400,1400,인지
2026-09-12,120248584705800252,[빙과_쫀득바] 인지광고_인지도_26.08_video,[멜론] 무디_파트너십광고PA,siyeonyoojoa,64,0,394,63,63,인지
2026-09-12,120248746411970252,[빙과_쫀득바] 인지광고_인지도_26.08_video,[멜론] 무디_파트너십광고PA,miju_yah.mp4,28,0,115,28,28,인지
2026-09-12,120248754314770252,[빙과_쫀득바] 인지광고_조회_26.08_video,[복숭아] 8월4주차_현경_맛인지,[26.08]F_V_JD복_인지_쫀득바출시_맛인지형_오먹_main.릴스_납작복숭아가격비교.X_스틱바P_이재원_260827_빙과_노현경,93,0,71,17,17,인지
2026-09-12,120248754344900252,[빙과_쫀득바] 인지광고_트래픽_26.08_video,[복숭아] 8월4주차_현경_맛인지,[26.08]F_V_JD복_인지_복쫀바출시_맛인지형_오먹_var5.릴스_생그릭요거트.X_스틱바P_이재원_260828_빙과_노현경,1,0,0,0,0,인지
2026-09-12,120248754344910252,[빙과_쫀득바] 인지광고_트래픽_26.08_video,[복숭아] 8월4주차_현경_맛인지,[26.08]F_V_JD복_인지_복쫀바출시_맛인지형_오먹_var3.릴스_쫀득복숭아.X_스틱바P_이재원_260828_빙과_노현경,103,0,83,17,17,인지
2026-09-12,120248754354960252,[빙과_쫀득바] 인지광고_인지도_26.08_video,[복숭아] 8월4주차_현경_맛인지,[26.08]F_V_JD복_인지_복쫀바출시_맛인지형_오먹_var4.릴스_100프로복숭아농축액.X_스틱바P_이재원_260828_빙과_노현경,64,0,55,8,8,인지
2026-09-12,120248802305420252,[빙과_쫀득바] 인지광고_인지도_26.08_video,[멜론] 닥터후,[26.08]F_V_JD멜_인지_쫀득바출시_바이럴형_권위 설득형_main.렉카_닥터후.500만 틱톡커가 먹어본 초딩 유행템_.X_스틱바P_김바다_260826_빙과_김도희.mp4,85,0,204,44,44,인지
2026-09-12,120248802305430252,[빙과_쫀득바] 인지광고_인지도_26.08_video,[멜론] 닥터후,[26.08]F_V_JD멜_인지_쫀득바출시_바이럴형_권위 설득형_var1.렉카_닥터후.현재 5세대 초통령이라는 500만 틱톡커 ㄷㄷ.X_스틱바P_김바다_260826_빙과_김도희.mp4,58,0,53,32,32,인지
2026-09-12,120248803007530252,[빙과_쫀득바] 인지광고_조회_26.08_video,[멜론] 닥터후,[26.08]F_V_JD멜_인지_쫀득바출시_바이럴형_권위 설득형_main.렉카_닥터후.500만 틱톡커가 먹어본 초딩 유행템_.X_스틱바P_김바다_260826_빙과_김도희.mp4,9861,0,34976,7464,7464,인지
2026-09-13,120248584705800252,[빙과_쫀득바] 인지광고_인지도_26.08_video,[멜론] 무디_파트너십광고PA,siyeonyoojoa,6,0,13,6,6,인지
2026-09-13,120248746411970252,[빙과_쫀득바] 인지광고_인지도_26.08_video,[멜론] 무디_파트너십광고PA,miju_yah.mp4,5,0,44,5,5,인지
2026-09-13,120248754314770252,[빙과_쫀득바] 인지광고_조회_26.08_video,[복숭아] 8월4주차_현경_맛인지,[26.08]F_V_JD복_인지_쫀득바출시_맛인지형_오먹_main.릴스_납작복숭아가격비교.X_스틱바P_이재원_260827_빙과_노현경,47,0,43,5,5,인지
2026-09-13,120248754344830252,[빙과_쫀득바] 인지광고_트래픽_26.08_video,[복숭아] 8월4주차_현경_맛인지,[26.08]F_V_JD복_인지_복쫀바출시_맛인지형_오먹_var2.릴스_후숙복숭아.X_스틱바P_이재원_260828_빙과_노현경,26,0,14,7,7,인지
2026-09-13,120248754344870252,[빙과_쫀득바] 인지광고_트래픽_26.08_video,[복숭아] 8월4주차_현경_맛인지,[26.08]F_V_JD복_인지_쫀득바출시_맛인지형_오먹_main.릴스_납작복숭아가격비교.X_스틱바P_이재원_260827_빙과_노현경,2,0,0,0,0,인지
2026-09-13,120248754344910252,[빙과_쫀득바] 인지광고_트래픽_26.08_video,[복숭아] 8월4주차_현경_맛인지,[26.08]F_V_JD복_인지_복쫀바출시_맛인지형_오먹_var3.릴스_쫀득복숭아.X_스틱바P_이재원_260828_빙과_노현경,52,0,42,11,11,인지
2026-09-13,120248754354900252,[빙과_쫀득바] 인지광고_인지도_26.08_video,[복숭아] 8월4주차_현경_맛인지,[26.08]F_V_JD복_인지_복쫀바출시_맛인지형_오먹_var6.릴스_1위.X_스틱바P_이재원_260828_빙과_노현경,1,0,0,0,0,인지
2026-09-13,120248754354940252,[빙과_쫀득바] 인지광고_인지도_26.08_video,[복숭아] 8월4주차_현경_맛인지,[26.08]F_V_JD복_인지_복쫀바출시_맛인지형_오먹_var7.릴스_유럽.X_스틱바P_이재원_260828_빙과_노현경,1,0,0,0,0,인지
2026-09-13,120248754354960252,[빙과_쫀득바] 인지광고_인지도_26.08_video,[복숭아] 8월4주차_현경_맛인지,[26.08]F_V_JD복_인지_복쫀바출시_맛인지형_오먹_var4.릴스_100프로복숭아농축액.X_스틱바P_이재원_260828_빙과_노현경,78,0,73,15,15,인지
2026-09-13,120248802305420252,[빙과_쫀득바] 인지광고_인지도_26.08_video,[멜론] 닥터후,[26.08]F_V_JD멜_인지_쫀득바출시_바이럴형_권위 설득형_main.렉카_닥터후.500만 틱톡커가 먹어본 초딩 유행템_.X_스틱바P_김바다_260826_빙과_김도희.mp4,297,0,646,131,131,인지
2026-09-13,120248803007530252,[빙과_쫀득바] 인지광고_조회_26.08_video,[멜론] 닥터후,[26.08]F_V_JD멜_인지_쫀득바출시_바이럴형_권위 설득형_main.렉카_닥터후.500만 틱톡커가 먹어본 초딩 유행템_.X_스틱바P_김바다_260826_빙과_김도희.mp4,4141,0,11303,2132,2132,인지
2026-09-14,120248746411970252,[빙과_쫀득바] 인지광고_인지도_26.08_video,[멜론] 무디_파트너십광고PA,miju_yah.mp4,4,0,17,4,4,인지
2026-09-14,120248754314760252,[빙과_쫀득바] 인지광고_조회_26.08_video,[복숭아] 8월4주차_현경_맛인지,[26.08]F_V_JD복_인지_복쫀바출시_맛인지형_오먹_var7.릴스_유럽.X_스틱바P_이재원_260828_빙과_노현경,2,0,2,0,0,인지
2026-09-14,120248754314770252,[빙과_쫀득바] 인지광고_조회_26.08_video,[복숭아] 8월4주차_현경_맛인지,[26.08]F_V_JD복_인지_쫀득바출시_맛인지형_오먹_main.릴스_납작복숭아가격비교.X_스틱바P_이재원_260827_빙과_노현경,6,0,5,2,2,인지
2026-09-14,120248754344840252,[빙과_쫀득바] 인지광고_트래픽_26.08_video,[복숭아] 8월4주차_현경_맛인지,[26.08]F_V_JD복_인지_복쫀바출시_맛인지형_오먹_var1.릴스_과일계 에르메스.X_스틱바P_이재원_260828_빙과_노현경,1,0,1,0,0,인지
2026-09-14,120248754344890252,[빙과_쫀득바] 인지광고_트래픽_26.08_video,[복숭아] 8월4주차_현경_맛인지,[26.08]F_V_JD복_인지_복쫀바출시_맛인지형_오먹_var4.릴스_100프로복숭아농축액.X_스틱바P_이재원_260828_빙과_노현경,1,0,1,0,0,인지
2026-09-14,120248754344910252,[빙과_쫀득바] 인지광고_트래픽_26.08_video,[복숭아] 8월4주차_현경_맛인지,[26.08]F_V_JD복_인지_복쫀바출시_맛인지형_오먹_var3.릴스_쫀득복숭아.X_스틱바P_이재원_260828_빙과_노현경,165,0,137,38,38,인지
2026-09-14,120248754354950252,[빙과_쫀득바] 인지광고_인지도_26.08_video,[복숭아] 8월4주차_현경_맛인지,[26.08]F_V_JD복_인지_복쫀바출시_맛인지형_오먹_var5.릴스_생그릭요거트.X_스틱바P_이재원_260828_빙과_노현경,1,0,1,1,1,인지
2026-09-14,120248754354960252,[빙과_쫀득바] 인지광고_인지도_26.08_video,[복숭아] 8월4주차_현경_맛인지,[26.08]F_V_JD복_인지_복쫀바출시_맛인지형_오먹_var4.릴스_100프로복숭아농축액.X_스틱바P_이재원_260828_빙과_노현경,51,0,53,7,7,인지
2026-09-14,120248802305420252,[빙과_쫀득바] 인지광고_인지도_26.08_video,[멜론] 닥터후,[26.08]F_V_JD멜_인지_쫀득바출시_바이럴형_권위 설득형_main.렉카_닥터후.500만 틱톡커가 먹어본 초딩 유행템_.X_스틱바P_김바다_260826_빙과_김도희.mp4,84,0,153,68,68,인지
2026-09-14,120248803007530252,[빙과_쫀득바] 인지광고_조회_26.08_video,[멜론] 닥터후,[26.08]F_V_JD멜_인지_쫀득바출시_바이럴형_권위 설득형_main.렉카_닥터후.500만 틱톡커가 먹어본 초딩 유행템_.X_스틱바P_김바다_260826_빙과_김도희.mp4,1511,0,4053,745,745,인지
2026-09-15,120248754344840252,[빙과_쫀득바] 인지광고_트래픽_26.08_video,[복숭아] 8월4주차_현경_맛인지,[26.08]F_V_JD복_인지_복쫀바출시_맛인지형_오먹_var1.릴스_과일계 에르메스.X_스틱바P_이재원_260828_빙과_노현경,5,0,3,1,1,인지
2026-09-15,120248754344900252,[빙과_쫀득바] 인지광고_트래픽_26.08_video,[복숭아] 8월4주차_현경_맛인지,[26.08]F_V_JD복_인지_복쫀바출시_맛인지형_오먹_var5.릴스_생그릭요거트.X_스틱바P_이재원_260828_빙과_노현경,7,0,2,3,3,인지
2026-09-15,120248754344910252,[빙과_쫀득바] 인지광고_트래픽_26.08_video,[복숭아] 8월4주차_현경_맛인지,[26.08]F_V_JD복_인지_복쫀바출시_맛인지형_오먹_var3.릴스_쫀득복숭아.X_스틱바P_이재원_260828_빙과_노현경,39,0,29,5,5,인지
2026-09-15,120248754354960252,[빙과_쫀득바] 인지광고_인지도_26.08_video,[복숭아] 8월4주차_현경_맛인지,[26.08]F_V_JD복_인지_복쫀바출시_맛인지형_오먹_var4.릴스_100프로복숭아농축액.X_스틱바P_이재원_260828_빙과_노현경,63,0,58,9,9,인지
2026-09-15,120248802305420252,[빙과_쫀득바] 인지광고_인지도_26.08_video,[멜론] 닥터후,[26.08]F_V_JD멜_인지_쫀득바출시_바이럴형_권위 설득형_main.렉카_닥터후.500만 틱톡커가 먹어본 초딩 유행템_.X_스틱바P_김바다_260826_빙과_김도희.mp4,48,0,83,42,42,인지
2026-09-15,120248803007530252,[빙과_쫀득바] 인지광고_조회_26.08_video,[멜론] 닥터후,[26.08]F_V_JD멜_인지_쫀득바출시_바이럴형_권위 설득형_main.렉카_닥터후.500만 틱톡커가 먹어본 초딩 유행템_.X_스틱바P_김바다_260826_빙과_김도희.mp4,839,0,2194,420,420,인지
2026-09-16,120248746411970252,[빙과_쫀득바] 인지광고_인지도_26.08_video,[멜론] 무디_파트너십광고PA,miju_yah.mp4,24,0,41,23,23,인지
2026-09-16,120248754314750252,[빙과_쫀득바] 인지광고_조회_26.08_video,[복숭아] 8월4주차_현경_맛인지,[26.08]F_V_JD복_인지_복쫀바출시_맛인지형_오먹_var1.릴스_과일계 에르메스.X_스틱바P_이재원_260828_빙과_노현경,1,0,2,0,0,인지
2026-09-16,120248754314770252,[빙과_쫀득바] 인지광고_조회_26.08_video,[복숭아] 8월4주차_현경_맛인지,[26.08]F_V_JD복_인지_쫀득바출시_맛인지형_오먹_main.릴스_납작복숭아가격비교.X_스틱바P_이재원_260827_빙과_노현경,32,0,27,4,4,인지
2026-09-16,120248754344910252,[빙과_쫀득바] 인지광고_트래픽_26.08_video,[복숭아] 8월4주차_현경_맛인지,[26.08]F_V_JD복_인지_복쫀바출시_맛인지형_오먹_var3.릴스_쫀득복숭아.X_스틱바P_이재원_260828_빙과_노현경,82,0,79,23,23,인지
2026-09-16,120248754354960252,[빙과_쫀득바] 인지광고_인지도_26.08_video,[복숭아] 8월4주차_현경_맛인지,[26.08]F_V_JD복_인지_복쫀바출시_맛인지형_오먹_var4.릴스_100프로복숭아농축액.X_스틱바P_이재원_260828_빙과_노현경,7,0,6,2,2,인지
2026-09-16,120248802305420252,[빙과_쫀득바] 인지광고_인지도_26.08_video,[멜론] 닥터후,[26.08]F_V_JD멜_인지_쫀득바출시_바이럴형_권위 설득형_main.렉카_닥터후.500만 틱톡커가 먹어본 초딩 유행템_.X_스틱바P_김바다_260826_빙과_김도희.mp4,65,0,424,62,62,인지
2026-09-16,120248802305430252,[빙과_쫀득바] 인지광고_인지도_26.08_video,[멜론] 닥터후,[26.08]F_V_JD멜_인지_쫀득바출시_바이럴형_권위 설득형_var1.렉카_닥터후.현재 5세대 초통령이라는 500만 틱톡커 ㄷㄷ.X_스틱바P_김바다_260826_빙과_김도희.mp4,2,0,0,0,0,인지
2026-09-16,120248803007530252,[빙과_쫀득바] 인지광고_조회_26.08_video,[멜론] 닥터후,[26.08]F_V_JD멜_인지_쫀득바출시_바이럴형_권위 설득형_main.렉카_닥터후.500만 틱톡커가 먹어본 초딩 유행템_.X_스틱바P_김바다_260826_빙과_김도희.mp4,248,0,720,162,162,인지
2026-09-17,120248584705800252,[빙과_쫀득바] 인지광고_인지도_26.08_video,[멜론] 무디_파트너십광고PA,siyeonyoojoa,11,0,100,11,11,인지
2026-09-17,120248746411970252,[빙과_쫀득바] 인지광고_인지도_26.08_video,[멜론] 무디_파트너십광고PA,miju_yah.mp4,2,0,4,2,2,인지
2026-09-17,120248754314740252,[빙과_쫀득바] 인지광고_조회_26.08_video,[복숭아] 8월4주차_현경_맛인지,[26.08]F_V_JD복_인지_복쫀바출시_맛인지형_오먹_var2.릴스_후숙복숭아.X_스틱바P_이재원_260828_빙과_노현경,11,0,9,2,2,인지
2026-09-17,120248754344830252,[빙과_쫀득바] 인지광고_트래픽_26.08_video,[복숭아] 8월4주차_현경_맛인지,[26.08]F_V_JD복_인지_복쫀바출시_맛인지형_오먹_var2.릴스_후숙복숭아.X_스틱바P_이재원_260828_빙과_노현경,48,0,57,14,14,인지
2026-09-17,120248754344870252,[빙과_쫀득바] 인지광고_트래픽_26.08_video,[복숭아] 8월4주차_현경_맛인지,[26.08]F_V_JD복_인지_쫀득바출시_맛인지형_오먹_main.릴스_납작복숭아가격비교.X_스틱바P_이재원_260827_빙과_노현경,2,0,1,2,2,인지
2026-09-17,120248754344910252,[빙과_쫀득바] 인지광고_트래픽_26.08_video,[복숭아] 8월4주차_현경_맛인지,[26.08]F_V_JD복_인지_복쫀바출시_맛인지형_오먹_var3.릴스_쫀득복숭아.X_스틱바P_이재원_260828_빙과_노현경,9,0,9,0,0,인지
2026-09-17,120248754354960252,[빙과_쫀득바] 인지광고_인지도_26.08_video,[복숭아] 8월4주차_현경_맛인지,[26.08]F_V_JD복_인지_복쫀바출시_맛인지형_오먹_var4.릴스_100프로복숭아농축액.X_스틱바P_이재원_260828_빙과_노현경,88,0,96,21,21,인지
2026-09-17,120248802305420252,[빙과_쫀득바] 인지광고_인지도_26.08_video,[멜론] 닥터후,[26.08]F_V_JD멜_인지_쫀득바출시_바이럴형_권위 설득형_main.렉카_닥터후.500만 틱톡커가 먹어본 초딩 유행템_.X_스틱바P_김바다_260826_빙과_김도희.mp4,47,0,211,45,45,인지
2026-09-17,120248803007530252,[빙과_쫀득바] 인지광고_조회_26.08_video,[멜론] 닥터후,[26.08]F_V_JD멜_인지_쫀득바출시_바이럴형_권위 설득형_main.렉카_닥터후.500만 틱톡커가 먹어본 초딩 유행템_.X_스틱바P_김바다_260826_빙과_김도희.mp4,322,0,1051,204,204,인지
2026-09-18,120248746411970252,[빙과_쫀득바] 인지광고_인지도_26.08_video,[멜론] 무디_파트너십광고PA,miju_yah.mp4,1,0,3,1,1,인지
2026-09-18,120248754314750252,[빙과_쫀득바] 인지광고_조회_26.08_video,[복숭아] 8월4주차_현경_맛인지,[26.08]F_V_JD복_인지_복쫀바출시_맛인지형_오먹_var1.릴스_과일계 에르메스.X_스틱바P_이재원_260828_빙과_노현경,13,0,15,3,3,인지
2026-09-18,120248754314800252,[빙과_쫀득바] 인지광고_조회_26.08_video,[복숭아] 8월4주차_현경_맛인지,[26.08]F_V_JD복_인지_복쫀바출시_맛인지형_오먹_var3.릴스_쫀득복숭아.X_스틱바P_이재원_260828_빙과_노현경,2,0,1,1,1,인지
2026-09-18,120248754344830252,[빙과_쫀득바] 인지광고_트래픽_26.08_video,[복숭아] 8월4주차_현경_맛인지,[26.08]F_V_JD복_인지_복쫀바출시_맛인지형_오먹_var2.릴스_후숙복숭아.X_스틱바P_이재원_260828_빙과_노현경,52,0,55,8,8,인지
2026-09-18,120248754344840252,[빙과_쫀득바] 인지광고_트래픽_26.08_video,[복숭아] 8월4주차_현경_맛인지,[26.08]F_V_JD복_인지_복쫀바출시_맛인지형_오먹_var1.릴스_과일계 에르메스.X_스틱바P_이재원_260828_빙과_노현경,1,0,2,1,1,인지
2026-09-18,120248754344880252,[빙과_쫀득바] 인지광고_트래픽_26.08_video,[복숭아] 8월4주차_현경_맛인지,[26.08]F_V_JD복_인지_복쫀바출시_맛인지형_오먹_var7.릴스_유럽.X_스틱바P_이재원_260828_빙과_노현경,2,0,2,1,1,인지
2026-09-18,120248754354890252,[빙과_쫀득바] 인지광고_인지도_26.08_video,[복숭아] 8월4주차_현경_맛인지,[26.08]F_V_JD복_인지_복쫀바출시_맛인지형_오먹_var1.릴스_과일계 에르메스.X_스틱바P_이재원_260828_빙과_노현경,1,0,2,0,0,인지
2026-09-18,120248754354960252,[빙과_쫀득바] 인지광고_인지도_26.08_video,[복숭아] 8월4주차_현경_맛인지,[26.08]F_V_JD복_인지_복쫀바출시_맛인지형_오먹_var4.릴스_100프로복숭아농축액.X_스틱바P_이재원_260828_빙과_노현경,47,0,55,11,11,인지
2026-09-18,120248802305420252,[빙과_쫀득바] 인지광고_인지도_26.08_video,[멜론] 닥터후,[26.08]F_V_JD멜_인지_쫀득바출시_바이럴형_권위 설득형_main.렉카_닥터후.500만 틱톡커가 먹어본 초딩 유행템_.X_스틱바P_김바다_260826_빙과_김도희.mp4,115,0,699,110,110,인지
2026-09-18,120248803007530252,[빙과_쫀득바] 인지광고_조회_26.08_video,[멜론] 닥터후,[26.08]F_V_JD멜_인지_쫀득바출시_바이럴형_권위 설득형_main.렉카_닥터후.500만 틱톡커가 먹어본 초딩 유행템_.X_스틱바P_김바다_260826_빙과_김도희.mp4,496,0,1742,329,329,인지
2026-09-19,120248746411970252,[빙과_쫀득바] 인지광고_인지도_26.08_video,[멜론] 무디_파트너십광고PA,miju_yah.mp4,36,0,54,33,33,인지
2026-09-19,120248754314760252,[빙과_쫀득바] 인지광고_조회_26.08_video,[복숭아] 8월4주차_현경_맛인지,[26.08]F_V_JD복_인지_복쫀바출시_맛인지형_오먹_var7.릴스_유럽.X_스틱바P_이재원_260828_빙과_노현경,1,0,2,0,0,인지
2026-09-19,120248754314770252,[빙과_쫀득바] 인지광고_조회_26.08_video,[복숭아] 8월4주차_현경_맛인지,[26.08]F_V_JD복_인지_쫀득바출시_맛인지형_오먹_main.릴스_납작복숭아가격비교.X_스틱바P_이재원_260827_빙과_노현경,1,0,0,0,0,인지
2026-09-19,120248754344830252,[빙과_쫀득바] 인지광고_트래픽_26.08_video,[복숭아] 8월4주차_현경_맛인지,[26.08]F_V_JD복_인지_복쫀바출시_맛인지형_오먹_var2.릴스_후숙복숭아.X_스틱바P_이재원_260828_빙과_노현경,27,0,28,4,4,인지
2026-09-19,120248754344850252,[빙과_쫀득바] 인지광고_트래픽_26.08_video,[복숭아] 8월4주차_현경_맛인지,[26.08]F_V_JD복_인지_복쫀바출시_맛인지형_오먹_var6.릴스_1위.X_스틱바P_이재원_260828_빙과_노현경,1,0,5,1,1,인지
2026-09-19,120248754344890252,[빙과_쫀득바] 인지광고_트래픽_26.08_video,[복숭아] 8월4주차_현경_맛인지,[26.08]F_V_JD복_인지_복쫀바출시_맛인지형_오먹_var4.릴스_100프로복숭아농축액.X_스틱바P_이재원_260828_빙과_노현경,1,0,0,0,0,인지
2026-09-19,120248754344900252,[빙과_쫀득바] 인지광고_트래픽_26.08_video,[복숭아] 8월4주차_현경_맛인지,[26.08]F_V_JD복_인지_복쫀바출시_맛인지형_오먹_var5.릴스_생그릭요거트.X_스틱바P_이재원_260828_빙과_노현경,91,0,97,23,23,인지
2026-09-19,120248754354950252,[빙과_쫀득바] 인지광고_인지도_26.08_video,[복숭아] 8월4주차_현경_맛인지,[26.08]F_V_JD복_인지_복쫀바출시_맛인지형_오먹_var5.릴스_생그릭요거트.X_스틱바P_이재원_260828_빙과_노현경,30,0,43,7,7,인지
2026-09-19,120248754354960252,[빙과_쫀득바] 인지광고_인지도_26.08_video,[복숭아] 8월4주차_현경_맛인지,[26.08]F_V_JD복_인지_복쫀바출시_맛인지형_오먹_var4.릴스_100프로복숭아농축액.X_스틱바P_이재원_260828_빙과_노현경,9,0,10,2,2,인지
2026-09-19,120248802305420252,[빙과_쫀득바] 인지광고_인지도_26.08_video,[멜론] 닥터후,[26.08]F_V_JD멜_인지_쫀득바출시_바이럴형_권위 설득형_main.렉카_닥터후.500만 틱톡커가 먹어본 초딩 유행템_.X_스틱바P_김바다_260826_빙과_김도희.mp4,70,0,118,64,64,인지
2026-09-19,120248803007520252,[빙과_쫀득바] 인지광고_조회_26.08_video,[멜론] 닥터후,[26.08]F_V_JD멜_인지_쫀득바출시_바이럴형_썰풀기형_main.렉카_대기업협박.X_스틱바P_황경원_260827_빙과_정요한.mp4,1,0,0,0,0,인지
2026-09-19,120248803007530252,[빙과_쫀득바] 인지광고_조회_26.08_video,[멜론] 닥터후,[26.08]F_V_JD멜_인지_쫀득바출시_바이럴형_권위 설득형_main.렉카_닥터후.500만 틱톡커가 먹어본 초딩 유행템_.X_스틱바P_김바다_260826_빙과_김도희.mp4,152,0,292,117,117,인지
2026-09-20,120248584705800252,[빙과_쫀득바] 인지광고_인지도_26.08_video,[멜론] 무디_파트너십광고PA,siyeonyoojoa,31,0,58,4,4,인지
2026-09-20,120248754314740252,[빙과_쫀득바] 인지광고_조회_26.08_video,[복숭아] 8월4주차_현경_맛인지,[26.08]F_V_JD복_인지_복쫀바출시_맛인지형_오먹_var2.릴스_후숙복숭아.X_스틱바P_이재원_260828_빙과_노현경,421,0,501,66,66,인지
2026-09-20,120248754344900252,[빙과_쫀득바] 인지광고_트래픽_26.08_video,[복숭아] 8월4주차_현경_맛인지,[26.08]F_V_JD복_인지_복쫀바출시_맛인지형_오먹_var5.릴스_생그릭요거트.X_스틱바P_이재원_260828_빙과_노현경,64,0,73,16,16,인지
2026-09-20,120248754354940252,[빙과_쫀득바] 인지광고_인지도_26.08_video,[복숭아] 8월4주차_현경_맛인지,[26.08]F_V_JD복_인지_복쫀바출시_맛인지형_오먹_var7.릴스_유럽.X_스틱바P_이재원_260828_빙과_노현경,6,0,5,2,2,인지
2026-09-20,120248754354960252,[빙과_쫀득바] 인지광고_인지도_26.08_video,[복숭아] 8월4주차_현경_맛인지,[26.08]F_V_JD복_인지_복쫀바출시_맛인지형_오먹_var4.릴스_100프로복숭아농축액.X_스틱바P_이재원_260828_빙과_노현경,50,0,50,13,13,인지
2026-09-20,120248802305420252,[빙과_쫀득바] 인지광고_인지도_26.08_video,[멜론] 닥터후,[26.08]F_V_JD멜_인지_쫀득바출시_바이럴형_권위 설득형_main.렉카_닥터후.500만 틱톡커가 먹어본 초딩 유행템_.X_스틱바P_김바다_260826_빙과_김도희.mp4,11,0,18,9,9,인지
2026-09-20,120248803007530252,[빙과_쫀득바] 인지광고_조회_26.08_video,[멜론] 닥터후,[26.08]F_V_JD멜_인지_쫀득바출시_바이럴형_권위 설득형_main.렉카_닥터후.500만 틱톡커가 먹어본 초딩 유행템_.X_스틱바P_김바다_260826_빙과_김도희.mp4,2467,0,6641,1358,1358,인지
2026-09-08,120248808846910252,[빙과_쫀득바] 인지광고_인지도_26.08_video,[멜론] [26.08] 인지_바이럴형_백정BP바이럴화_정요한,[26.08]F_V_JD멜_인지_쫀득바출시_바이럴형_ai형_main.렉카_식품업계미투제품.X_스틱바P_황경원_260828_빙과_정요한.mp4,107,0,229,65,65,인지
2026-09-08,120248809125700252,[빙과_쫀득바] 인지광고_트래픽_26.08_video,[복숭아] 파트너십 PA,[복숭아쫀득바] 먹리니 PA,68,0,58,15,15,인지
2026-09-08,120248809288150252,[빙과_쫀득바] 인지광고_인지도_26.08_video,[복숭아] 파트너십 PA,[복숭아쫀득바] 먹리니 PA,47,0,52,12,12,인지
2026-09-08,120248870767460252,[빙과_쫀득바] 인지광고_인지도_26.08_video,[멜론] 무디_파트너십광고PA,euunjoo.mp4,106,0,230,90,90,인지
2026-09-08,120248871736780252,[빙과_쫀득바] 인지광고_트래픽_26.08_video,[복숭아] 9월 1주_인물리뷰_JD복,[26.09]F_V_JD복_전환_복쫀바출시_인물리뷰형_써우리BP_var1.릴스_쫀득.X_스틱바P_황경원_260904_빙과_노현경,1,0,0,0,0,인지
2026-09-08,120248872192630252,[빙과_쫀득바] 인지광고_조회_26.06_video,[멜론] 무디_파트너십광고PA,euunjoo.mp4,221,0,1336,177,177,인지
2026-09-08,120248876689190252,[빙과_쫀득바] 인지광고_조회_26.08_video,[복숭아] 9월 1주차_인물리뷰_JD멜,[26.09]F_V_JD복_전환_복쫀바출시_인물리뷰형_써우리BP_var2.릴스_납작복숭아.X_스틱바P_황경원_260904_빙과_노현경,161,0,133,33,33,인지
2026-09-08,120248876695680252,[빙과_쫀득바] 인지광고_조회_26.08_video,[복숭아] 9월 1주_납작복숭아(백정우베BP)_JD복,[26.09]F_V_JD복_인지_복쫀바출시_맛인지형_우베BP_main.릴스_납작복숭아.X_스틱바P_황경원_260904_빙과_정요한,1,0,2,0,0,인지
2026-09-08,120248876715310252,[빙과_쫀득바] 인지광고_조회_26.08_video,[복숭아] 9월 1주_납작복숭아(백정우베BP)_JD복,[26.09]F_V_JD복_인지_복쫀바출시_신규BP_백정BP_main.릴스_납작복숭아.X_스틱바P_황경원_260904_빙과_정요한,6,0,7,1,1,인지
2026-09-08,120248915182340252,[빙과_쫀득바] 인지광고_트래픽_26.08_video,[복숭아] 파트너십 PA,[복숭아쫀득바] 먹킷 PA,8,0,5,3,3,인지
2026-09-08,120248915182370252,[빙과_쫀득바] 인지광고_조회_26.06_video,[복숭아] 파트너십 PA,[복숭아쫀득바] 먹킷 PA,1,0,0,0,0,인지
2026-09-08,120248915223070252,[빙과_쫀득바] 인지광고_26.06_참여_image,[복숭아] 파트너십 PA,[복숭아쫀득바] 먹킷 PA,7227,96,53657,993,0,인지
2026-09-08,120248915356560252,[빙과_쫀득바] 인지광고_26.08_트래픽_image,[복숭아] 파트너십 PA,[복숭아쫀득바] 먹킷 PA,12,0,10,6,6,인지
2026-09-08,120248915406400252,[빙과_쫀득바] 인지광고_26.08_인지도_image,[복숭아] 파트너십 PA,[복숭아쫀득바] 먹킷 PA,23,0,21,8,8,인지
2026-09-08,120248916115480252,[빙과_쫀득바] 인지광고_26.08_잠재고객_image,[복숭아] 파트너십 PA,[복숭아쫀득바] 먹킷 PA,4,0,0,0,0,인지
2026-09-08,120248943873050252,[빙과_쫀득바] 인지광고_26.06_참여_image,[복숭아] 파트너십 PA,[복숭아쫀득바] 골목대장 PA,621,7,6722,147,0,인지
2026-09-08,120248943885920252,[빙과_쫀득바] 인지광고_26.06_참여_image,[복숭아] 파트너십 PA,[복숭아쫀득바] 이짓매거진 PA,174,1,2280,45,0,인지
2026-09-09,120248808846910252,[빙과_쫀득바] 인지광고_인지도_26.08_video,[멜론] [26.08] 인지_바이럴형_백정BP바이럴화_정요한,[26.08]F_V_JD멜_인지_쫀득바출시_바이럴형_ai형_main.렉카_식품업계미투제품.X_스틱바P_황경원_260828_빙과_정요한.mp4,19,0,40,3,3,인지
2026-09-09,120248870767460252,[빙과_쫀득바] 인지광고_인지도_26.08_video,[멜론] 무디_파트너십광고PA,euunjoo.mp4,293,0,712,223,223,인지
2026-09-09,120248872192630252,[빙과_쫀득바] 인지광고_조회_26.06_video,[멜론] 무디_파트너십광고PA,euunjoo.mp4,22,0,33,20,20,인지
2026-09-09,120248876689190252,[빙과_쫀득바] 인지광고_조회_26.08_video,[복숭아] 9월 1주차_인물리뷰_JD멜,[26.09]F_V_JD복_전환_복쫀바출시_인물리뷰형_써우리BP_var2.릴스_납작복숭아.X_스틱바P_황경원_260904_빙과_노현경,236,0,194,49,49,인지
2026-09-09,120248876715310252,[빙과_쫀득바] 인지광고_조회_26.08_video,[복숭아] 9월 1주_납작복숭아(백정우베BP)_JD복,[26.09]F_V_JD복_인지_복쫀바출시_신규BP_백정BP_main.릴스_납작복숭아.X_스틱바P_황경원_260904_빙과_정요한,5,0,6,1,1,인지
2026-09-09,120248915223070252,[빙과_쫀득바] 인지광고_26.06_참여_image,[복숭아] 파트너십 PA,[복숭아쫀득바] 먹킷 PA,2003,25,12720,201,0,인지
2026-09-09,120248915356560252,[빙과_쫀득바] 인지광고_26.08_트래픽_image,[복숭아] 파트너십 PA,[복숭아쫀득바] 먹킷 PA,27,0,31,11,11,인지
2026-09-09,120248915406400252,[빙과_쫀득바] 인지광고_26.08_인지도_image,[복숭아] 파트너십 PA,[복숭아쫀득바] 먹킷 PA,39,0,44,16,16,인지
2026-09-09,120248943873050252,[빙과_쫀득바] 인지광고_26.06_참여_image,[복숭아] 파트너십 PA,[복숭아쫀득바] 골목대장 PA,2680,40,22225,405,0,인지
2026-09-09,120248943885920252,[빙과_쫀득바] 인지광고_26.06_참여_image,[복숭아] 파트너십 PA,[복숭아쫀득바] 이짓매거진 PA,2178,24,16756,359,0,인지
2026-09-10,120248746209820252,[빙과_쫀득바] 인지광고_조회_26.08_video,[멜론] 무디_파트너십광고PA,miju_yah.mp4,1,0,2,0,0,인지
2026-09-10,120248803007500252,[빙과_쫀득바] 인지광고_조회_26.08_video,[멜론] 닥터후,[26.08]F_V_JD멜_인지_쫀득바출시_바이럴형_권위 설득형_var1.렉카_닥터후.현재 5세대 초통령이라는 500만 틱톡커 ㄷㄷ.X_스틱바P_김바다_260826_빙과_김도희.mp4,1,0,1,1,1,인지
2026-09-10,120248808846910252,[빙과_쫀득바] 인지광고_인지도_26.08_video,[멜론] [26.08] 인지_바이럴형_백정BP바이럴화_정요한,[26.08]F_V_JD멜_인지_쫀득바출시_바이럴형_ai형_main.렉카_식품업계미투제품.X_스틱바P_황경원_260828_빙과_정요한.mp4,77,0,79,40,40,인지
2026-09-10,120248870767460252,[빙과_쫀득바] 인지광고_인지도_26.08_video,[멜론] 무디_파트너십광고PA,euunjoo.mp4,7,0,17,6,6,인지
2026-09-10,120248876689190252,[빙과_쫀득바] 인지광고_조회_26.08_video,[복숭아] 9월 1주차_인물리뷰_JD멜,[26.09]F_V_JD복_전환_복쫀바출시_인물리뷰형_써우리BP_var2.릴스_납작복숭아.X_스틱바P_황경원_260904_빙과_노현경,10,0,6,3,3,인지
2026-09-10,120248915356560252,[빙과_쫀득바] 인지광고_26.08_트래픽_image,[복숭아] 파트너십 PA,[복숭아쫀득바] 먹킷 PA,6,0,6,2,2,인지
2026-09-10,120248915406400252,[빙과_쫀득바] 인지광고_26.08_인지도_image,[복숭아] 파트너십 PA,[복숭아쫀득바] 먹킷 PA,6,0,6,3,3,인지
2026-09-10,120248943873050252,[빙과_쫀득바] 인지광고_26.06_참여_image,[복숭아] 파트너십 PA,[복숭아쫀득바] 골목대장 PA,1540,20,11512,182,0,인지
2026-09-10,120248943885920252,[빙과_쫀득바] 인지광고_26.06_참여_image,[복숭아] 파트너십 PA,[복숭아쫀득바] 이짓매거진 PA,2155,27,14601,294,0,인지
2026-09-11,120248746209820252,[빙과_쫀득바] 인지광고_조회_26.08_video,[멜론] 무디_파트너십광고PA,miju_yah.mp4,12,0,35,4,4,인지
2026-09-11,120248803007500252,[빙과_쫀득바] 인지광고_조회_26.08_video,[멜론] 닥터후,[26.08]F_V_JD멜_인지_쫀득바출시_바이럴형_권위 설득형_var1.렉카_닥터후.현재 5세대 초통령이라는 500만 틱톡커 ㄷㄷ.X_스틱바P_김바다_260826_빙과_김도희.mp4,6,0,16,5,5,인지
2026-09-11,120248808846910252,[빙과_쫀득바] 인지광고_인지도_26.08_video,[멜론] [26.08] 인지_바이럴형_백정BP바이럴화_정요한,[26.08]F_V_JD멜_인지_쫀득바출시_바이럴형_ai형_main.렉카_식품업계미투제품.X_스틱바P_황경원_260828_빙과_정요한.mp4,238,0,604,117,117,인지
2026-09-11,120248809125700252,[빙과_쫀득바] 인지광고_트래픽_26.08_video,[복숭아] 파트너십 PA,[복숭아쫀득바] 먹리니 PA,1,0,0,0,0,인지
2026-09-11,120248870738300252,[빙과_쫀득바] 인지광고_조회_26.08_video,[멜론] 무디_파트너십광고PA,euunjoo.mp4,6,0,12,3,3,인지
2026-09-11,120248870767460252,[빙과_쫀득바] 인지광고_인지도_26.08_video,[멜론] 무디_파트너십광고PA,euunjoo.mp4,2,0,4,2,2,인지
2026-09-11,120248876642030252,[빙과_쫀득바] 인지광고_조회_26.08_video,[복숭아] 9월 1주차_인물리뷰_JD멜,[26.09]F_V_JD복_전환_복쫀바출시_인물리뷰형_써우리BP_main.릴스_편의점.X_스틱바P_황경원_260904_빙과_노현경,13,0,11,3,3,인지
2026-09-11,120248876689190252,[빙과_쫀득바] 인지광고_조회_26.08_video,[복숭아] 9월 1주차_인물리뷰_JD멜,[26.09]F_V_JD복_전환_복쫀바출시_인물리뷰형_써우리BP_var2.릴스_납작복숭아.X_스틱바P_황경원_260904_빙과_노현경,40,0,39,9,9,인지
2026-09-11,120248876695680252,[빙과_쫀득바] 인지광고_조회_26.08_video,[복숭아] 9월 1주_납작복숭아(백정우베BP)_JD복,[26.09]F_V_JD복_인지_복쫀바출시_맛인지형_우베BP_main.릴스_납작복숭아.X_스틱바P_황경원_260904_빙과_정요한,6,0,8,0,0,인지
2026-09-11,120248876715310252,[빙과_쫀득바] 인지광고_조회_26.08_video,[복숭아] 9월 1주_납작복숭아(백정우베BP)_JD복,[26.09]F_V_JD복_인지_복쫀바출시_신규BP_백정BP_main.릴스_납작복숭아.X_스틱바P_황경원_260904_빙과_정요한,1,0,2,0,0,인지
2026-09-11,120248915356560252,[빙과_쫀득바] 인지광고_26.08_트래픽_image,[복숭아] 파트너십 PA,[복숭아쫀득바] 먹킷 PA,12,0,12,3,3,인지
2026-09-11,120248915406400252,[빙과_쫀득바] 인지광고_26.08_인지도_image,[복숭아] 파트너십 PA,[복숭아쫀득바] 먹킷 PA,13,0,12,4,4,인지
2026-09-11,120248943873050252,[빙과_쫀득바] 인지광고_26.06_참여_image,[복숭아] 파트너십 PA,[복숭아쫀득바] 골목대장 PA,800,11,7103,99,0,인지
2026-09-11,120248943885920252,[빙과_쫀득바] 인지광고_26.06_참여_image,[복숭아] 파트너십 PA,[복숭아쫀득바] 이짓매거진 PA,1595,10,10170,169,0,인지
2026-09-12,120248746251920252,[빙과_쫀득바] 인지광고_잠재고객_26.08_video,[멜론] 무디_파트너십광고PA,miju_yah.mp4,25,0,105,25,25,인지
2026-09-12,120248803007500252,[빙과_쫀득바] 인지광고_조회_26.08_video,[멜론] 닥터후,[26.08]F_V_JD멜_인지_쫀득바출시_바이럴형_권위 설득형_var1.렉카_닥터후.현재 5세대 초통령이라는 500만 틱톡커 ㄷㄷ.X_스틱바P_김바다_260826_빙과_김도희.mp4,14,0,33,6,6,인지
2026-09-12,120248808846910252,[빙과_쫀득바] 인지광고_인지도_26.08_video,[멜론] [26.08] 인지_바이럴형_백정BP바이럴화_정요한,[26.08]F_V_JD멜_인지_쫀득바출시_바이럴형_ai형_main.렉카_식품업계미투제품.X_스틱바P_황경원_260828_빙과_정요한.mp4,803,0,2540,463,463,인지
2026-09-12,120248876689190252,[빙과_쫀득바] 인지광고_조회_26.08_video,[복숭아] 9월 1주차_인물리뷰_JD멜,[26.09]F_V_JD복_전환_복쫀바출시_인물리뷰형_써우리BP_var2.릴스_납작복숭아.X_스틱바P_황경원_260904_빙과_노현경,146,0,129,32,32,인지
2026-09-12,120248876695680252,[빙과_쫀득바] 인지광고_조회_26.08_video,[복숭아] 9월 1주_납작복숭아(백정우베BP)_JD복,[26.09]F_V_JD복_인지_복쫀바출시_맛인지형_우베BP_main.릴스_납작복숭아.X_스틱바P_황경원_260904_빙과_정요한,5,0,7,1,1,인지
2026-09-12,120248915356560252,[빙과_쫀득바] 인지광고_26.08_트래픽_image,[복숭아] 파트너십 PA,[복숭아쫀득바] 먹킷 PA,23,0,31,3,3,인지
2026-09-12,120248943873050252,[빙과_쫀득바] 인지광고_26.06_참여_image,[복숭아] 파트너십 PA,[복숭아쫀득바] 골목대장 PA,1368,20,13162,189,0,인지
2026-09-12,120248943885920252,[빙과_쫀득바] 인지광고_26.06_참여_image,[복숭아] 파트너십 PA,[복숭아쫀득바] 이짓매거진 PA,2300,33,13952,228,0,인지
2026-09-13,120248746251920252,[빙과_쫀득바] 인지광고_잠재고객_26.08_video,[멜론] 무디_파트너십광고PA,miju_yah.mp4,1,0,8,1,1,인지
2026-09-13,120248808846910252,[빙과_쫀득바] 인지광고_인지도_26.08_video,[멜론] [26.08] 인지_바이럴형_백정BP바이럴화_정요한,[26.08]F_V_JD멜_인지_쫀득바출시_바이럴형_ai형_main.렉카_식품업계미투제품.X_스틱바P_황경원_260828_빙과_정요한.mp4,770,0,2142,354,354,인지
2026-09-13,120248876642030252,[빙과_쫀득바] 인지광고_조회_26.08_video,[복숭아] 9월 1주차_인물리뷰_JD멜,[26.09]F_V_JD복_전환_복쫀바출시_인물리뷰형_써우리BP_main.릴스_편의점.X_스틱바P_황경원_260904_빙과_노현경,6,0,5,0,0,인지
2026-09-13,120248876689190252,[빙과_쫀득바] 인지광고_조회_26.08_video,[복숭아] 9월 1주차_인물리뷰_JD멜,[26.09]F_V_JD복_전환_복쫀바출시_인물리뷰형_써우리BP_var2.릴스_납작복숭아.X_스틱바P_황경원_260904_빙과_노현경,89,0,86,15,15,인지
2026-09-13,120248876695680252,[빙과_쫀득바] 인지광고_조회_26.08_video,[복숭아] 9월 1주_납작복숭아(백정우베BP)_JD복,[26.09]F_V_JD복_인지_복쫀바출시_맛인지형_우베BP_main.릴스_납작복숭아.X_스틱바P_황경원_260904_빙과_정요한,5,0,11,2,2,인지
2026-09-13,120248876715310252,[빙과_쫀득바] 인지광고_조회_26.08_video,[복숭아] 9월 1주_납작복숭아(백정우베BP)_JD복,[26.09]F_V_JD복_인지_복쫀바출시_신규BP_백정BP_main.릴스_납작복숭아.X_스틱바P_황경원_260904_빙과_정요한,1,0,0,0,0,인지
2026-09-13,120248915356560252,[빙과_쫀득바] 인지광고_26.08_트래픽_image,[복숭아] 파트너십 PA,[복숭아쫀득바] 먹킷 PA,78,0,119,22,22,인지
2026-09-13,120248916115480252,[빙과_쫀득바] 인지광고_26.08_잠재고객_image,[복숭아] 파트너십 PA,[복숭아쫀득바] 먹킷 PA,1,0,0,0,0,인지
2026-09-13,120248943873050252,[빙과_쫀득바] 인지광고_26.06_참여_image,[복숭아] 파트너십 PA,[복숭아쫀득바] 골목대장 PA,645,9,6116,104,0,인지
2026-09-13,120248943885920252,[빙과_쫀득바] 인지광고_26.06_참여_image,[복숭아] 파트너십 PA,[복숭아쫀득바] 이짓매거진 PA,7553,123,38826,732,0,인지
2026-09-14,120248803007500252,[빙과_쫀득바] 인지광고_조회_26.08_video,[멜론] 닥터후,[26.08]F_V_JD멜_인지_쫀득바출시_바이럴형_권위 설득형_var1.렉카_닥터후.현재 5세대 초통령이라는 500만 틱톡커 ㄷㄷ.X_스틱바P_김바다_260826_빙과_김도희.mp4,4,0,8,1,1,인지
2026-09-14,120248808846910252,[빙과_쫀득바] 인지광고_인지도_26.08_video,[멜론] [26.08] 인지_바이럴형_백정BP바이럴화_정요한,[26.08]F_V_JD멜_인지_쫀득바출시_바이럴형_ai형_main.렉카_식품업계미투제품.X_스틱바P_황경원_260828_빙과_정요한.mp4,62,0,142,32,32,인지
2026-09-14,120248871657560252,[빙과_쫀득바] 인지광고_트래픽_26.08_video,[복숭아] 9월 1주_납작복숭아(백정우베BP)_JD복,[26.09]F_V_JD복_인지_복쫀바출시_신규BP_백정BP_main.릴스_납작복숭아.X_스틱바P_황경원_260904_빙과_정요한,1,0,0,0,0,인지
2026-09-14,120248876642030252,[빙과_쫀득바] 인지광고_조회_26.08_video,[복숭아] 9월 1주차_인물리뷰_JD멜,[26.09]F_V_JD복_전환_복쫀바출시_인물리뷰형_써우리BP_main.릴스_편의점.X_스틱바P_황경원_260904_빙과_노현경,1,0,2,1,1,인지
2026-09-14,120248876674700252,[빙과_쫀득바] 인지광고_조회_26.08_video,[복숭아] 9월 1주차_인물리뷰_JD멜,[26.09]F_V_JD복_전환_복쫀바출시_인물리뷰형_써우리BP_var1.릴스_쫀득.X_스틱바P_황경원_260904_빙과_노현경,18,0,14,3,3,인지
2026-09-14,120248876689190252,[빙과_쫀득바] 인지광고_조회_26.08_video,[복숭아] 9월 1주차_인물리뷰_JD멜,[26.09]F_V_JD복_전환_복쫀바출시_인물리뷰형_써우리BP_var2.릴스_납작복숭아.X_스틱바P_황경원_260904_빙과_노현경,80,0,95,19,19,인지
2026-09-14,120248876695680252,[빙과_쫀득바] 인지광고_조회_26.08_video,[복숭아] 9월 1주_납작복숭아(백정우베BP)_JD복,[26.09]F_V_JD복_인지_복쫀바출시_맛인지형_우베BP_main.릴스_납작복숭아.X_스틱바P_황경원_260904_빙과_정요한,7,0,10,3,3,인지
2026-09-14,120248915356560252,[빙과_쫀득바] 인지광고_26.08_트래픽_image,[복숭아] 파트너십 PA,[복숭아쫀득바] 먹킷 PA,76,0,129,21,21,인지
2026-09-14,120248943873050252,[빙과_쫀득바] 인지광고_26.06_참여_image,[복숭아] 파트너십 PA,[복숭아쫀득바] 골목대장 PA,650,7,5569,95,0,인지
2026-09-14,120248943885920252,[빙과_쫀득바] 인지광고_26.06_참여_image,[복숭아] 파트너십 PA,[복숭아쫀득바] 이짓매거진 PA,5719,75,29223,582,0,인지
2026-09-15,120248808846910252,[빙과_쫀득바] 인지광고_인지도_26.08_video,[멜론] [26.08] 인지_바이럴형_백정BP바이럴화_정요한,[26.08]F_V_JD멜_인지_쫀득바출시_바이럴형_ai형_main.렉카_식품업계미투제품.X_스틱바P_황경원_260828_빙과_정요한.mp4,143,0,529,98,98,인지
2026-09-15,120248870767460252,[빙과_쫀득바] 인지광고_인지도_26.08_video,[멜론] 무디_파트너십광고PA,euunjoo.mp4,1216,2,6734,1196,1196,인지
2026-09-15,120248870784370252,[빙과_쫀득바] 인지광고_잠재고객_26.08_video,[멜론] 무디_파트너십광고PA,euunjoo.mp4,1,0,1,1,1,인지
2026-09-15,120248876642030252,[빙과_쫀득바] 인지광고_조회_26.08_video,[복숭아] 9월 1주차_인물리뷰_JD멜,[26.09]F_V_JD복_전환_복쫀바출시_인물리뷰형_써우리BP_main.릴스_편의점.X_스틱바P_황경원_260904_빙과_노현경,1,0,2,0,0,인지
2026-09-15,120248876674700252,[빙과_쫀득바] 인지광고_조회_26.08_video,[복숭아] 9월 1주차_인물리뷰_JD멜,[26.09]F_V_JD복_전환_복쫀바출시_인물리뷰형_써우리BP_var1.릴스_쫀득.X_스틱바P_황경원_260904_빙과_노현경,1,0,2,0,0,인지
2026-09-15,120248876689190252,[빙과_쫀득바] 인지광고_조회_26.08_video,[복숭아] 9월 1주차_인물리뷰_JD멜,[26.09]F_V_JD복_전환_복쫀바출시_인물리뷰형_써우리BP_var2.릴스_납작복숭아.X_스틱바P_황경원_260904_빙과_노현경,122,0,136,28,28,인지
2026-09-15,120248876695680252,[빙과_쫀득바] 인지광고_조회_26.08_video,[복숭아] 9월 1주_납작복숭아(백정우베BP)_JD복,[26.09]F_V_JD복_인지_복쫀바출시_맛인지형_우베BP_main.릴스_납작복숭아.X_스틱바P_황경원_260904_빙과_정요한,1,0,2,0,0,인지
2026-09-15,120248915356560252,[빙과_쫀득바] 인지광고_26.08_트래픽_image,[복숭아] 파트너십 PA,[복숭아쫀득바] 먹킷 PA,52,0,73,12,12,인지
2026-09-15,120248943873050252,[빙과_쫀득바] 인지광고_26.06_참여_image,[복숭아] 파트너십 PA,[복숭아쫀득바] 골목대장 PA,260,3,1995,39,0,인지
2026-09-15,120248943885920252,[빙과_쫀득바] 인지광고_26.06_참여_image,[복숭아] 파트너십 PA,[복숭아쫀득바] 이짓매거진 PA,10268,200,47089,994,0,인지
2026-09-16,120248808846910252,[빙과_쫀득바] 인지광고_인지도_26.08_video,[멜론] [26.08] 인지_바이럴형_백정BP바이럴화_정요한,[26.08]F_V_JD멜_인지_쫀득바출시_바이럴형_ai형_main.렉카_식품업계미투제품.X_스틱바P_황경원_260828_빙과_정요한.mp4,43,0,58,27,27,인지
2026-09-16,120248809125700252,[빙과_쫀득바] 인지광고_트래픽_26.08_video,[복숭아] 파트너십 PA,[복숭아쫀득바] 먹리니 PA,2,0,1,1,1,인지
2026-09-16,120248870767460252,[빙과_쫀득바] 인지광고_인지도_26.08_video,[멜론] 무디_파트너십광고PA,euunjoo.mp4,25,0,71,15,15,인지
2026-09-16,120248876689190252,[빙과_쫀득바] 인지광고_조회_26.08_video,[복숭아] 9월 1주차_인물리뷰_JD멜,[26.09]F_V_JD복_전환_복쫀바출시_인물리뷰형_써우리BP_var2.릴스_납작복숭아.X_스틱바P_황경원_260904_빙과_노현경,45,0,102,17,17,인지
2026-09-16,120248876695680252,[빙과_쫀득바] 인지광고_조회_26.08_video,[복숭아] 9월 1주_납작복숭아(백정우베BP)_JD복,[26.09]F_V_JD복_인지_복쫀바출시_맛인지형_우베BP_main.릴스_납작복숭아.X_스틱바P_황경원_260904_빙과_정요한,1,0,1,0,0,인지
2026-09-16,120248915356560252,[빙과_쫀득바] 인지광고_26.08_트래픽_image,[복숭아] 파트너십 PA,[복숭아쫀득바] 먹킷 PA,8,0,13,1,1,인지
2026-09-16,120248943885920252,[빙과_쫀득바] 인지광고_26.06_참여_image,[복숭아] 파트너십 PA,[복숭아쫀득바] 이짓매거진 PA,9727,191,48340,938,0,인지
2026-09-17,120248736472710252,[빙과_쫀득바] 인지광고_잠재고객_26.08_video,[멜론] [26.08] 인지_바이럴형_백정BP바이럴화_정요한,[26.08]F_V_JD멜_인지_쫀득바출시_바이럴형_정보전달형_main.렉카_식품업계미투제품.X_스틱바P_황경원_260827_빙과_정요한.mp4,3,0,18,3,3,인지
2026-09-17,120248803007500252,[빙과_쫀득바] 인지광고_조회_26.08_video,[멜론] 닥터후,[26.08]F_V_JD멜_인지_쫀득바출시_바이럴형_권위 설득형_var1.렉카_닥터후.현재 5세대 초통령이라는 500만 틱톡커 ㄷㄷ.X_스틱바P_김바다_260826_빙과_김도희.mp4,1,0,7,1,1,인지
2026-09-17,120248808846910252,[빙과_쫀득바] 인지광고_인지도_26.08_video,[멜론] [26.08] 인지_바이럴형_백정BP바이럴화_정요한,[26.08]F_V_JD멜_인지_쫀득바출시_바이럴형_ai형_main.렉카_식품업계미투제품.X_스틱바P_황경원_260828_빙과_정요한.mp4,133,0,491,115,115,인지
2026-09-17,120248870738300252,[빙과_쫀득바] 인지광고_조회_26.08_video,[멜론] 무디_파트너십광고PA,euunjoo.mp4,43,0,68,33,33,인지
2026-09-17,120248870767460252,[빙과_쫀득바] 인지광고_인지도_26.08_video,[멜론] 무디_파트너십광고PA,euunjoo.mp4,39,0,58,34,34,인지
2026-09-17,120248876642030252,[빙과_쫀득바] 인지광고_조회_26.08_video,[복숭아] 9월 1주차_인물리뷰_JD멜,[26.09]F_V_JD복_전환_복쫀바출시_인물리뷰형_써우리BP_main.릴스_편의점.X_스틱바P_황경원_260904_빙과_노현경,3,0,5,1,1,인지
2026-09-17,120248876689190252,[빙과_쫀득바] 인지광고_조회_26.08_video,[복숭아] 9월 1주차_인물리뷰_JD멜,[26.09]F_V_JD복_전환_복쫀바출시_인물리뷰형_써우리BP_var2.릴스_납작복숭아.X_스틱바P_황경원_260904_빙과_노현경,113,0,203,38,38,인지
2026-09-17,120248876695680252,[빙과_쫀득바] 인지광고_조회_26.08_video,[복숭아] 9월 1주_납작복숭아(백정우베BP)_JD복,[26.09]F_V_JD복_인지_복쫀바출시_맛인지형_우베BP_main.릴스_납작복숭아.X_스틱바P_황경원_260904_빙과_정요한,4,0,4,2,2,인지
2026-09-17,120248915356560252,[빙과_쫀득바] 인지광고_26.08_트래픽_image,[복숭아] 파트너십 PA,[복숭아쫀득바] 먹킷 PA,103,0,130,30,30,인지
2026-09-17,120248943873050252,[빙과_쫀득바] 인지광고_26.06_참여_image,[복숭아] 파트너십 PA,[복숭아쫀득바] 골목대장 PA,29,1,142,4,0,인지
2026-09-17,120248943885920252,[빙과_쫀득바] 인지광고_26.06_참여_image,[복숭아] 파트너십 PA,[복숭아쫀득바] 이짓매거진 PA,9855,218,43817,862,0,인지
2026-09-18,120248736472710252,[빙과_쫀득바] 인지광고_잠재고객_26.08_video,[멜론] [26.08] 인지_바이럴형_백정BP바이럴화_정요한,[26.08]F_V_JD멜_인지_쫀득바출시_바이럴형_정보전달형_main.렉카_식품업계미투제품.X_스틱바P_황경원_260827_빙과_정요한.mp4,1,0,3,1,1,인지
2026-09-18,120248808846910252,[빙과_쫀득바] 인지광고_인지도_26.08_video,[멜론] [26.08] 인지_바이럴형_백정BP바이럴화_정요한,[26.08]F_V_JD멜_인지_쫀득바출시_바이럴형_ai형_main.렉카_식품업계미투제품.X_스틱바P_황경원_260828_빙과_정요한.mp4,39,0,86,37,37,인지
2026-09-18,120248870738300252,[빙과_쫀득바] 인지광고_조회_26.08_video,[멜론] 무디_파트너십광고PA,euunjoo.mp4,325,0,903,208,208,인지
2026-09-18,120248870767460252,[빙과_쫀득바] 인지광고_인지도_26.08_video,[멜론] 무디_파트너십광고PA,euunjoo.mp4,439,2,1228,292,292,인지
2026-09-18,120248870784370252,[빙과_쫀득바] 인지광고_잠재고객_26.08_video,[멜론] 무디_파트너십광고PA,euunjoo.mp4,93,0,948,92,92,인지
2026-09-18,120248876689190252,[빙과_쫀득바] 인지광고_조회_26.08_video,[복숭아] 9월 1주차_인물리뷰_JD멜,[26.09]F_V_JD복_전환_복쫀바출시_인물리뷰형_써우리BP_var2.릴스_납작복숭아.X_스틱바P_황경원_260904_빙과_노현경,324,0,762,137,137,인지
2026-09-18,120248876695680252,[빙과_쫀득바] 인지광고_조회_26.08_video,[복숭아] 9월 1주_납작복숭아(백정우베BP)_JD복,[26.09]F_V_JD복_인지_복쫀바출시_맛인지형_우베BP_main.릴스_납작복숭아.X_스틱바P_황경원_260904_빙과_정요한,10,0,14,4,4,인지
2026-09-18,120248915356560252,[빙과_쫀득바] 인지광고_26.08_트래픽_image,[복숭아] 파트너십 PA,[복숭아쫀득바] 먹킷 PA,56,0,83,15,15,인지
2026-09-18,120248943885920252,[빙과_쫀득바] 인지광고_26.06_참여_image,[복숭아] 파트너십 PA,[복숭아쫀득바] 이짓매거진 PA,9403,186,43295,763,0,인지
2026-09-19,120248808846910252,[빙과_쫀득바] 인지광고_인지도_26.08_video,[멜론] [26.08] 인지_바이럴형_백정BP바이럴화_정요한,[26.08]F_V_JD멜_인지_쫀득바출시_바이럴형_ai형_main.렉카_식품업계미투제품.X_스틱바P_황경원_260828_빙과_정요한.mp4,21,0,41,16,16,인지
2026-09-19,120248809125700252,[빙과_쫀득바] 인지광고_트래픽_26.08_video,[복숭아] 파트너십 PA,[복숭아쫀득바] 먹리니 PA,5,0,7,1,1,인지
2026-09-19,120248870738300252,[빙과_쫀득바] 인지광고_조회_26.08_video,[멜론] 무디_파트너십광고PA,euunjoo.mp4,661,0,2960,623,623,인지
2026-09-19,120248870767460252,[빙과_쫀득바] 인지광고_인지도_26.08_video,[멜론] 무디_파트너십광고PA,euunjoo.mp4,33,0,59,33,33,인지
2026-09-19,120248870784370252,[빙과_쫀득바] 인지광고_잠재고객_26.08_video,[멜론] 무디_파트너십광고PA,euunjoo.mp4,36,0,44,32,32,인지
2026-09-19,120248876642030252,[빙과_쫀득바] 인지광고_조회_26.08_video,[복숭아] 9월 1주차_인물리뷰_JD멜,[26.09]F_V_JD복_전환_복쫀바출시_인물리뷰형_써우리BP_main.릴스_편의점.X_스틱바P_황경원_260904_빙과_노현경,2,0,2,1,1,인지
2026-09-19,120248876689190252,[빙과_쫀득바] 인지광고_조회_26.08_video,[복숭아] 9월 1주차_인물리뷰_JD멜,[26.09]F_V_JD복_전환_복쫀바출시_인물리뷰형_써우리BP_var2.릴스_납작복숭아.X_스틱바P_황경원_260904_빙과_노현경,106,0,252,46,46,인지
2026-09-19,120248876695680252,[빙과_쫀득바] 인지광고_조회_26.08_video,[복숭아] 9월 1주_납작복숭아(백정우베BP)_JD복,[26.09]F_V_JD복_인지_복쫀바출시_맛인지형_우베BP_main.릴스_납작복숭아.X_스틱바P_황경원_260904_빙과_정요한,42,0,81,13,13,인지
2026-09-19,120248915356560252,[빙과_쫀득바] 인지광고_26.08_트래픽_image,[복숭아] 파트너십 PA,[복숭아쫀득바] 먹킷 PA,61,0,99,18,18,인지
2026-09-19,120248943873050252,[빙과_쫀득바] 인지광고_26.06_참여_image,[복숭아] 파트너십 PA,[복숭아쫀득바] 골목대장 PA,5,0,75,0,0,인지
2026-09-19,120248943885920252,[빙과_쫀득바] 인지광고_26.06_참여_image,[복숭아] 파트너십 PA,[복숭아쫀득바] 이짓매거진 PA,9559,204,44702,796,0,인지
2026-09-20,120248736472710252,[빙과_쫀득바] 인지광고_잠재고객_26.08_video,[멜론] [26.08] 인지_바이럴형_백정BP바이럴화_정요한,[26.08]F_V_JD멜_인지_쫀득바출시_바이럴형_정보전달형_main.렉카_식품업계미투제품.X_스틱바P_황경원_260827_빙과_정요한.mp4,170,1,1338,164,164,인지
2026-09-20,120248808846910252,[빙과_쫀득바] 인지광고_인지도_26.08_video,[멜론] [26.08] 인지_바이럴형_백정BP바이럴화_정요한,[26.08]F_V_JD멜_인지_쫀득바출시_바이럴형_ai형_main.렉카_식품업계미투제품.X_스틱바P_황경원_260828_빙과_정요한.mp4,279,0,689,184,184,인지
2026-09-20,120248809125700252,[빙과_쫀득바] 인지광고_트래픽_26.08_video,[복숭아] 파트너십 PA,[복숭아쫀득바] 먹리니 PA,1,0,0,0,0,인지
2026-09-20,120248870738300252,[빙과_쫀득바] 인지광고_조회_26.08_video,[멜론] 무디_파트너십광고PA,euunjoo.mp4,27,0,51,11,11,인지
2026-09-20,120248870767460252,[빙과_쫀득바] 인지광고_인지도_26.08_video,[멜론] 무디_파트너십광고PA,euunjoo.mp4,7,0,6,3,3,인지
2026-09-20,120248870784370252,[빙과_쫀득바] 인지광고_잠재고객_26.08_video,[멜론] 무디_파트너십광고PA,euunjoo.mp4,78,0,110,69,69,인지
2026-09-20,120248876689190252,[빙과_쫀득바] 인지광고_조회_26.08_video,[복숭아] 9월 1주차_인물리뷰_JD멜,[26.09]F_V_JD복_전환_복쫀바출시_인물리뷰형_써우리BP_var2.릴스_납작복숭아.X_스틱바P_황경원_260904_빙과_노현경,105,0,228,40,40,인지
2026-09-20,120248876695680252,[빙과_쫀득바] 인지광고_조회_26.08_video,[복숭아] 9월 1주_납작복숭아(백정우베BP)_JD복,[26.09]F_V_JD복_인지_복쫀바출시_맛인지형_우베BP_main.릴스_납작복숭아.X_스틱바P_황경원_260904_빙과_정요한,19,0,31,3,3,인지
2026-09-20,120248876715310252,[빙과_쫀득바] 인지광고_조회_26.08_video,[복숭아] 9월 1주_납작복숭아(백정우베BP)_JD복,[26.09]F_V_JD복_인지_복쫀바출시_신규BP_백정BP_main.릴스_납작복숭아.X_스틱바P_황경원_260904_빙과_정요한,1,0,2,0,0,인지
2026-09-20,120248915356560252,[빙과_쫀득바] 인지광고_26.08_트래픽_image,[복숭아] 파트너십 PA,[복숭아쫀득바] 먹킷 PA,3,0,5,1,1,인지
2026-09-20,120248943885920252,[빙과_쫀득바] 인지광고_26.06_참여_image,[복숭아] 파트너십 PA,[복숭아쫀득바] 이짓매거진 PA,6318,131,28739,488,0,인지
2026-09-08,120248943933330252,[빙과_쫀득바] 인지광고_조회_26.08_video,[복숭아] 파트너십 PA,[복숭아쫀득바] 먹토토 PA,4,0,7,3,3,인지
2026-09-08,120248943941620252,[빙과_쫀득바] 인지광고_조회_26.08_video,[복숭아] 파트너십 PA,[복숭아쫀득바] 슈기 PA,16,0,29,8,8,인지
2026-09-08,120248943978430252,[빙과_쫀득바] 인지광고_조회_26.08_video,[복숭아] 파트너십 PA,[복숭아쫀득바] 얌히 PA,6,0,15,2,2,인지
2026-09-08,120248944021350252,[빙과_쫀득바] 인지광고_조회_26.06_video,[복숭아] 파트너십 PA,[복숭아쫀득바] 얌히 PA,4,0,2,2,2,인지
2026-09-08,120248944033230252,[빙과_쫀득바] 인지광고_조회_26.06_video,[복숭아] 파트너십 PA,[복숭아쫀득바] 슈기 PA,17,0,31,3,3,인지
2026-09-08,120248944036070252,[빙과_쫀득바] 인지광고_조회_26.06_video,[복숭아] 파트너십 PA,[복숭아쫀득바] 하토토 PA,4,0,4,1,1,인지
2026-09-08,120248945137410252,[빙과_쫀득바] 인지광고_트래픽_26.08_video,[복숭아] 파트너십 PA,[복숭아쫀득바] 슈기 PA,5,0,7,2,2,인지
2026-09-08,120248945182500252,[빙과_쫀득바] 인지광고_트래픽_26.08_video,[복숭아] 파트너십 PA,[복숭아쫀득바] 얌히 PA,3,0,3,0,0,인지
2026-09-08,120248945360550252,[빙과_쫀득바] 인지광고_인지도_26.08_video,[복숭아] 파트너십 PA,[복숭아쫀득바] 하토토 PA,14,0,24,10,10,인지
2026-09-08,120248945664280252,[빙과_쫀득바] 인지광고_인지도_26.08_video,[복숭아] 파트너십 PA,[복숭아쫀득바] 오하루 PA,13,0,25,4,4,인지
2026-09-08,120248945673840252,[빙과_쫀득바] 인지광고_조회_26.08_video,[복숭아] 파트너십 PA,[복숭아쫀득바] 오하루 PA,3,0,3,1,1,인지
2026-09-09,120248943933330252,[빙과_쫀득바] 인지광고_조회_26.08_video,[복숭아] 파트너십 PA,[복숭아쫀득바] 먹토토 PA,6,0,12,3,3,인지
2026-09-09,120248943941620252,[빙과_쫀득바] 인지광고_조회_26.08_video,[복숭아] 파트너십 PA,[복숭아쫀득바] 슈기 PA,27,0,50,11,11,인지
2026-09-09,120248943978430252,[빙과_쫀득바] 인지광고_조회_26.08_video,[복숭아] 파트너십 PA,[복숭아쫀득바] 얌히 PA,1,0,1,0,0,인지
2026-09-09,120248944021350252,[빙과_쫀득바] 인지광고_조회_26.06_video,[복숭아] 파트너십 PA,[복숭아쫀득바] 얌히 PA,1,0,3,0,0,인지
2026-09-09,120248944033230252,[빙과_쫀득바] 인지광고_조회_26.06_video,[복숭아] 파트너십 PA,[복숭아쫀득바] 슈기 PA,4,0,7,2,2,인지
2026-09-09,120248944036070252,[빙과_쫀득바] 인지광고_조회_26.06_video,[복숭아] 파트너십 PA,[복숭아쫀득바] 하토토 PA,2,0,5,1,1,인지
2026-09-09,120248944362210252,[빙과_쫀득바] 인지광고_트래픽_26.08_video,[복숭아] 파트너십 PA,[복숭아쫀득바] 하토토 PA,7,0,16,4,4,인지
2026-09-09,120248945137410252,[빙과_쫀득바] 인지광고_트래픽_26.08_video,[복숭아] 파트너십 PA,[복숭아쫀득바] 슈기 PA,8,0,14,1,1,인지
2026-09-09,120248945182500252,[빙과_쫀득바] 인지광고_트래픽_26.08_video,[복숭아] 파트너십 PA,[복숭아쫀득바] 얌히 PA,3,0,5,1,1,인지
2026-09-09,120248945360550252,[빙과_쫀득바] 인지광고_인지도_26.08_video,[복숭아] 파트너십 PA,[복숭아쫀득바] 하토토 PA,11,0,22,5,5,인지
2026-09-09,120248945360560252,[빙과_쫀득바] 인지광고_인지도_26.08_video,[복숭아] 파트너십 PA,[복숭아쫀득바] 슈기 PA,10,0,16,2,2,인지
2026-09-09,120248945664280252,[빙과_쫀득바] 인지광고_인지도_26.08_video,[복숭아] 파트너십 PA,[복숭아쫀득바] 오하루 PA,12,0,20,3,3,인지
2026-09-09,120248945673840252,[빙과_쫀득바] 인지광고_조회_26.08_video,[복숭아] 파트너십 PA,[복숭아쫀득바] 오하루 PA,2,0,0,0,0,인지
2026-09-09,120248954423070252,[빙과_쫀득바] 인지광고_인지도_26.08_video,[복숭아] 파트너십 PA,[복숭아쫀득바] 태민 PA,5,0,12,0,0,인지
2026-09-09,120248954955440252,[빙과_쫀득바] 인지광고_트래픽_26.08_video,[복숭아] 파트너십 PA,[복숭아쫀득바] 태민 PA,20,1,34,12,12,인지
2026-09-09,120248955033690252,[빙과_쫀득바] 인지광고_조회_26.08_video,[복숭아] 파트너십 PA,[복숭아쫀득바] 태민 PA,4,0,4,1,1,인지
2026-09-09,120248955046270252,[빙과_쫀득바] 인지광고_26.06_참여_image,[복숭아] 파트너십 PA,[복숭아쫀득바] 푸드의먹스타그램 PA,2095,26,20724,369,0,인지
2026-09-09,120248961474730252,[빙과_쫀득바] 인지광고_조회_26.08_video,[복숭아] 파트너십 PA,[복숭아쫀득바] 유베니 PA (~2주),21,0,28,17,17,인지
2026-09-10,120248620227930252,[빙과_쫀득바] 인지광고_인지도_26.08_video,[멜론] 0724_추성훈BP_JD멜,[26.07]F_V_JD멜_인지_쫀득바출시_신규BP_추성훈BP_var2.렉카_1204호.7월.수민PJ_1P_영상팀_260724_빙과_이수민,1,0,2,1,1,인지
2026-09-10,120248620228090252,[빙과_쫀득바] 인지광고_인지도_26.08_video,[멜론] 0724_추성훈BP_JD멜,[26.07]F_V_JD멜_인지_쫀득바출시_신규BP_추성훈BP_var4.렉카_택배깡.7월.수민PJ_1P_영상팀_260724_빙과_이수민,2,0,2,0,0,인지
2026-09-10,120248620228420252,[빙과_쫀득바] 인지광고_인지도_26.08_video,[멜론] 0724_추성훈BP_JD멜,[26.07]F_V_JD멜_인지_쫀득바출시_신규BP_추성훈BP_var1.렉카_손이없어서.7월.수민PJ_1P_영상팀_260724_빙과_이수민,1,0,1,0,0,인지
2026-09-10,120248620306480252,[빙과_쫀득바] 인지광고_잠재고객_26.08_video,[멜론] 7월 3주차_육아BP_JD멜,[26.07]F_V_JD멜_인지_쫀득바출시_신규BP_육아bp_var4.릴스_로블록스.X_2P_문선정_260716_빙과_이하림,1,0,2,1,1,인지
2026-09-10,120248943933330252,[빙과_쫀득바] 인지광고_조회_26.08_video,[복숭아] 파트너십 PA,[복숭아쫀득바] 먹토토 PA,1,0,2,1,1,인지
2026-09-10,120248945360550252,[빙과_쫀득바] 인지광고_인지도_26.08_video,[복숭아] 파트너십 PA,[복숭아쫀득바] 하토토 PA,1,0,3,1,1,인지
2026-09-10,120248945360560252,[빙과_쫀득바] 인지광고_인지도_26.08_video,[복숭아] 파트너십 PA,[복숭아쫀득바] 슈기 PA,1,0,1,1,1,인지
2026-09-10,120248945476980252,[빙과_쫀득바] 인지광고_26.08_잠재고객_image,[복숭아] 파트너십 PA,[복숭아쫀득바] 이짓매거진 PA,2,0,0,0,0,인지
2026-09-10,120248945673840252,[빙과_쫀득바] 인지광고_조회_26.08_video,[복숭아] 파트너십 PA,[복숭아쫀득바] 오하루 PA,1,0,2,0,0,인지
2026-09-10,120248955046270252,[빙과_쫀득바] 인지광고_26.06_참여_image,[복숭아] 파트너십 PA,[복숭아쫀득바] 푸드의먹스타그램 PA,2634,37,25472,492,0,인지
2026-09-10,120248961474730252,[빙과_쫀득바] 인지광고_조회_26.08_video,[복숭아] 파트너십 PA,[복숭아쫀득바] 유베니 PA (~2주),25,0,37,22,22,인지
2026-09-10,120248975055510252,[빙과_쫀득바] 인지광고_인지도_26.08_video,[09.10] 쫀득바3종_정보전달형_정요한,[26.09]F_V_JD혼_인지_복쫀바출시_바이럴형_정보전달형_main.렉카_못사게막는이유.X_스틱바P_김바다_260910_빙과_정요한,1,0,0,1,1,인지
2026-09-10,120248975063080252,[빙과_쫀득바] 인지광고_인지도_26.08_video,[09.10] 쫀득바3종_정보전달형_정요한,[26.09]F_V_JD혼_인지_복쫀바출시_바이럴형_정보전달형_var1.렉카_품절되면.X_스틱바P_김바다_260910_빙과_정요한,1,0,0,0,0,인지
2026-09-10,120248975095270252,[빙과_쫀득바] 인지광고_조회_26.08_video,[09.10] 쫀득바3종_정보전달형_정요한,[26.09]F_V_JD혼_인지_복쫀바출시_바이럴형_정보전달형_main.렉카_못사게막는이유.X_스틱바P_김바다_260910_빙과_정요한,1,0,0,0,0,인지
2026-09-10,120248975100450252,[빙과_쫀득바] 인지광고_조회_26.08_video,[09.10] 쫀득바3종_정보전달형_정요한,[26.09]F_V_JD혼_인지_복쫀바출시_바이럴형_정보전달형_var1.렉카_품절되면.X_스틱바P_김바다_260910_빙과_정요한,12,0,7,1,1,인지
2026-09-10,120248976207850252,[빙과_쫀득바] 인지광고_트래픽_26.08_video,[09.10] 쫀득바3종_정보전달형_정요한,[26.09]F_V_JD혼_인지_복쫀바출시_바이럴형_정보전달형_main.렉카_못사게막는이유.X_스틱바P_김바다_260910_빙과_정요한,1,0,1,0,0,인지
2026-09-10,120248976217430252,[빙과_쫀득바] 인지광고_트래픽_26.08_video,[09.10] 쫀득바3종_정보전달형_정요한,[26.09]F_V_JD혼_인지_복쫀바출시_바이럴형_정보전달형_var1.렉카_품절되면.X_스틱바P_김바다_260910_빙과_정요한,9,0,0,4,4,인지
2026-09-11,120248584705700252,[빙과_쫀득바] 인지광고_인지도_26.08_video,[멜론] 무디_파트너십광고PA,yesoolcat,6,0,3,3,3,인지
2026-09-11,120248620227990252,[빙과_쫀득바] 인지광고_인지도_26.08_video,[멜론] 7월 2주차_썰풀기형_JD멜,[26.07]F_V_JD멜_인지_쫀득바출시_바이럴형_썰풀기형_var1.릴스_롱버전.X_1P_문선정_260710_빙과_김진수,3,0,6,1,1,인지
2026-09-11,120248620228420252,[빙과_쫀득바] 인지광고_인지도_26.08_video,[멜론] 0724_추성훈BP_JD멜,[26.07]F_V_JD멜_인지_쫀득바출시_신규BP_추성훈BP_var1.렉카_손이없어서.7월.수민PJ_1P_영상팀_260724_빙과_이수민,1,0,2,1,1,인지
2026-09-11,120248620306000252,[빙과_쫀득바] 인지광고_잠재고객_26.08_video,[멜론] 7월 3주차_육아BP_JD멜,[26.07]F_V_JD멜_인지_쫀득바출시_신규BP_육아bp_var2.릴스_엄마.X_2P_문선정_260716_빙과_이하림,2,0,6,1,1,인지
2026-09-11,120248620306060252,[빙과_쫀득바] 인지광고_잠재고객_26.08_video,[멜론] 7월 1주차_1위단독,[26.07]F_V_JD멜_인지_쫀득바출시_바이럴형_커뮤니티형_var1.릴스_30년만에.신입탕비담당.X_1P_문선정_260702_빙과_김진수,1,0,1,0,0,인지
2026-09-11,120248945360560252,[빙과_쫀득바] 인지광고_인지도_26.08_video,[복숭아] 파트너십 PA,[복숭아쫀득바] 슈기 PA,4,0,6,0,0,인지
2026-09-11,120248954423070252,[빙과_쫀득바] 인지광고_인지도_26.08_video,[복숭아] 파트너십 PA,[복숭아쫀득바] 태민 PA,2,0,3,1,1,인지
2026-09-11,120248954955440252,[빙과_쫀득바] 인지광고_트래픽_26.08_video,[복숭아] 파트너십 PA,[복숭아쫀득바] 태민 PA,2,0,5,1,1,인지
2026-09-11,120248955046270252,[빙과_쫀득바] 인지광고_26.06_참여_image,[복숭아] 파트너십 PA,[복숭아쫀득바] 푸드의먹스타그램 PA,4786,51,39941,575,0,인지
2026-09-11,120248961474730252,[빙과_쫀득바] 인지광고_조회_26.08_video,[복숭아] 파트너십 PA,[복숭아쫀득바] 유베니 PA (~2주),44,0,85,40,40,인지
2026-09-11,120248961521740252,[빙과_쫀득바] 인지광고_인지도_26.08_video,[복숭아] 파트너십 PA,[복숭아쫀득바] 유베니 PA  (~2주),85,0,212,22,22,인지
2026-09-11,120248974706370252,[빙과_쫀득바] 인지광고_잠재고객_26.08_video,[09.10] 쫀득바3종_정보전달형_정요한,[26.09]F_V_JD혼_인지_복쫀바출시_바이럴형_정보전달형_var1.렉카_품절되면.X_스틱바P_김바다_260910_빙과_정요한,11,0,19,3,3,인지
2026-09-11,120248975055510252,[빙과_쫀득바] 인지광고_인지도_26.08_video,[09.10] 쫀득바3종_정보전달형_정요한,[26.09]F_V_JD혼_인지_복쫀바출시_바이럴형_정보전달형_main.렉카_못사게막는이유.X_스틱바P_김바다_260910_빙과_정요한,100,0,118,23,23,인지
2026-09-11,120248975063080252,[빙과_쫀득바] 인지광고_인지도_26.08_video,[09.10] 쫀득바3종_정보전달형_정요한,[26.09]F_V_JD혼_인지_복쫀바출시_바이럴형_정보전달형_var1.렉카_품절되면.X_스틱바P_김바다_260910_빙과_정요한,138,0,163,24,24,인지
2026-09-11,120248975095270252,[빙과_쫀득바] 인지광고_조회_26.08_video,[09.10] 쫀득바3종_정보전달형_정요한,[26.09]F_V_JD혼_인지_복쫀바출시_바이럴형_정보전달형_main.렉카_못사게막는이유.X_스틱바P_김바다_260910_빙과_정요한,7,0,9,2,2,인지
2026-09-11,120248975100450252,[빙과_쫀득바] 인지광고_조회_26.08_video,[09.10] 쫀득바3종_정보전달형_정요한,[26.09]F_V_JD혼_인지_복쫀바출시_바이럴형_정보전달형_var1.렉카_품절되면.X_스틱바P_김바다_260910_빙과_정요한,235,0,293,49,49,인지
2026-09-11,120248976207850252,[빙과_쫀득바] 인지광고_트래픽_26.08_video,[09.10] 쫀득바3종_정보전달형_정요한,[26.09]F_V_JD혼_인지_복쫀바출시_바이럴형_정보전달형_main.렉카_못사게막는이유.X_스틱바P_김바다_260910_빙과_정요한,6,0,5,2,2,인지
2026-09-11,120248976217430252,[빙과_쫀득바] 인지광고_트래픽_26.08_video,[09.10] 쫀득바3종_정보전달형_정요한,[26.09]F_V_JD혼_인지_복쫀바출시_바이럴형_정보전달형_var1.렉카_품절되면.X_스틱바P_김바다_260910_빙과_정요한,256,0,256,48,48,인지
2026-09-11,120248998295960252,[빙과_쫀득바] 인지광고_잠재고객_26.08_video,[09.11] 쫀득바3종_소비자검증형_정요한,[26.09]F_V_JD혼_인지_복쫀바출시_인물리뷰형_소비자검증형_main.릴스_일반.X_스틱바P_김바다_260911_빙과_정요한,1,0,2,0,0,인지
2026-09-11,120248998304570252,[빙과_쫀득바] 인지광고_잠재고객_26.08_video,[09.11] 쫀득바3종_소비자검증형_정요한,[26.09]F_V_JD혼_인지_복쫀바출시_인물리뷰형_소비자검증형_var1.릴스_인트로변경.X_스틱바P_김바다_260911_빙과_정요한,27,0,60,15,15,인지
2026-09-11,120248998578950252,[빙과_쫀득바] 인지광고_잠재고객_26.08_video,[09.11]쫀득바3종_차먹방_노현경,[26.09]F_V_JD혼_전환_복쫀바출시_인물리뷰형_차먹방_main.릴스_차먹방.X_스틱바P_노현경_260911_빙과_노현경,1,0,0,0,0,인지
2026-09-11,120248998679110252,[빙과_쫀득바] 인지광고_인지도_26.08_video,[09.11] 쫀득바3종_소비자검증형_정요한,[26.09]F_V_JD혼_인지_복쫀바출시_인물리뷰형_소비자검증형_main.릴스_일반.X_스틱바P_김바다_260911_빙과_정요한,10,0,20,4,4,인지
2026-09-11,120248998683480252,[빙과_쫀득바] 인지광고_인지도_26.08_video,[09.11] 쫀득바3종_소비자검증형_정요한,[26.09]F_V_JD혼_인지_복쫀바출시_인물리뷰형_소비자검증형_var1.릴스_인트로변경.X_스틱바P_김바다_260911_빙과_정요한,19,0,29,10,10,인지
2026-09-12,120248584705700252,[빙과_쫀득바] 인지광고_인지도_26.08_video,[멜론] 무디_파트너십광고PA,yesoolcat,1,0,0,0,0,인지
2026-09-12,120248943978430252,[빙과_쫀득바] 인지광고_조회_26.08_video,[복숭아] 파트너십 PA,[복숭아쫀득바] 얌히 PA,1,0,1,1,1,인지
2026-09-12,120248944362210252,[빙과_쫀득바] 인지광고_트래픽_26.08_video,[복숭아] 파트너십 PA,[복숭아쫀득바] 하토토 PA,5,1,9,2,2,인지
2026-09-12,120248945360550252,[빙과_쫀득바] 인지광고_인지도_26.08_video,[복숭아] 파트너십 PA,[복숭아쫀득바] 하토토 PA,1,0,1,0,0,인지
2026-09-12,120248945360560252,[빙과_쫀득바] 인지광고_인지도_26.08_video,[복숭아] 파트너십 PA,[복숭아쫀득바] 슈기 PA,3,0,5,2,2,인지
2026-09-12,120248945664280252,[빙과_쫀득바] 인지광고_인지도_26.08_video,[복숭아] 파트너십 PA,[복숭아쫀득바] 오하루 PA,3,0,7,1,1,인지
2026-09-12,120248954955440252,[빙과_쫀득바] 인지광고_트래픽_26.08_video,[복숭아] 파트너십 PA,[복숭아쫀득바] 태민 PA,4,0,7,0,0,인지
2026-09-12,120248955046270252,[빙과_쫀득바] 인지광고_26.06_참여_image,[복숭아] 파트너십 PA,[복숭아쫀득바] 푸드의먹스타그램 PA,4522,60,38942,573,0,인지
2026-09-12,120248961474730252,[빙과_쫀득바] 인지광고_조회_26.08_video,[복숭아] 파트너십 PA,[복숭아쫀득바] 유베니 PA (~2주),68,0,141,58,58,인지
2026-09-12,120248961521740252,[빙과_쫀득바] 인지광고_인지도_26.08_video,[복숭아] 파트너십 PA,[복숭아쫀득바] 유베니 PA  (~2주),36,0,94,22,22,인지
2026-09-12,120248974706370252,[빙과_쫀득바] 인지광고_잠재고객_26.08_video,[09.10] 쫀득바3종_정보전달형_정요한,[26.09]F_V_JD혼_인지_복쫀바출시_바이럴형_정보전달형_var1.렉카_품절되면.X_스틱바P_김바다_260910_빙과_정요한,1,0,1,0,0,인지
2026-09-12,120248975055510252,[빙과_쫀득바] 인지광고_인지도_26.08_video,[09.10] 쫀득바3종_정보전달형_정요한,[26.09]F_V_JD혼_인지_복쫀바출시_바이럴형_정보전달형_main.렉카_못사게막는이유.X_스틱바P_김바다_260910_빙과_정요한,19,0,75,12,12,인지
2026-09-12,120248975063080252,[빙과_쫀득바] 인지광고_인지도_26.08_video,[09.10] 쫀득바3종_정보전달형_정요한,[26.09]F_V_JD혼_인지_복쫀바출시_바이럴형_정보전달형_var1.렉카_품절되면.X_스틱바P_김바다_260910_빙과_정요한,123,0,803,98,98,인지
2026-09-12,120248975095270252,[빙과_쫀득바] 인지광고_조회_26.08_video,[09.10] 쫀득바3종_정보전달형_정요한,[26.09]F_V_JD혼_인지_복쫀바출시_바이럴형_정보전달형_main.렉카_못사게막는이유.X_스틱바P_김바다_260910_빙과_정요한,80,0,355,73,73,인지
2026-09-12,120248975100450252,[빙과_쫀득바] 인지광고_조회_26.08_video,[09.10] 쫀득바3종_정보전달형_정요한,[26.09]F_V_JD혼_인지_복쫀바출시_바이럴형_정보전달형_var1.렉카_품절되면.X_스틱바P_김바다_260910_빙과_정요한,84,0,350,61,61,인지
2026-09-12,120248976207850252,[빙과_쫀득바] 인지광고_트래픽_26.08_video,[09.10] 쫀득바3종_정보전달형_정요한,[26.09]F_V_JD혼_인지_복쫀바출시_바이럴형_정보전달형_main.렉카_못사게막는이유.X_스틱바P_김바다_260910_빙과_정요한,18,0,16,4,4,인지
2026-09-12,120248976217430252,[빙과_쫀득바] 인지광고_트래픽_26.08_video,[09.10] 쫀득바3종_정보전달형_정요한,[26.09]F_V_JD혼_인지_복쫀바출시_바이럴형_정보전달형_var1.렉카_품절되면.X_스틱바P_김바다_260910_빙과_정요한,52,0,57,15,15,인지
2026-09-12,120248998295960252,[빙과_쫀득바] 인지광고_잠재고객_26.08_video,[09.11] 쫀득바3종_소비자검증형_정요한,[26.09]F_V_JD혼_인지_복쫀바출시_인물리뷰형_소비자검증형_main.릴스_일반.X_스틱바P_김바다_260911_빙과_정요한,11,0,27,4,4,인지
2026-09-12,120248998304570252,[빙과_쫀득바] 인지광고_잠재고객_26.08_video,[09.11] 쫀득바3종_소비자검증형_정요한,[26.09]F_V_JD혼_인지_복쫀바출시_인물리뷰형_소비자검증형_var1.릴스_인트로변경.X_스틱바P_김바다_260911_빙과_정요한,2,0,3,2,2,인지
2026-09-12,120248998578950252,[빙과_쫀득바] 인지광고_잠재고객_26.08_video,[09.11]쫀득바3종_차먹방_노현경,[26.09]F_V_JD혼_전환_복쫀바출시_인물리뷰형_차먹방_main.릴스_차먹방.X_스틱바P_노현경_260911_빙과_노현경,9,0,26,2,2,인지
2026-09-12,120248998679110252,[빙과_쫀득바] 인지광고_인지도_26.08_video,[09.11] 쫀득바3종_소비자검증형_정요한,[26.09]F_V_JD혼_인지_복쫀바출시_인물리뷰형_소비자검증형_main.릴스_일반.X_스틱바P_김바다_260911_빙과_정요한,5,0,11,3,3,인지
2026-09-12,120248998683480252,[빙과_쫀득바] 인지광고_인지도_26.08_video,[09.11] 쫀득바3종_소비자검증형_정요한,[26.09]F_V_JD혼_인지_복쫀바출시_인물리뷰형_소비자검증형_var1.릴스_인트로변경.X_스틱바P_김바다_260911_빙과_정요한,7,0,16,4,4,인지
2026-09-13,120248943941620252,[빙과_쫀득바] 인지광고_조회_26.08_video,[복숭아] 파트너십 PA,[복숭아쫀득바] 슈기 PA,6,0,11,2,2,인지
2026-09-13,120248943978430252,[빙과_쫀득바] 인지광고_조회_26.08_video,[복숭아] 파트너십 PA,[복숭아쫀득바] 얌히 PA,1,0,3,1,1,인지
2026-09-13,120248954423070252,[빙과_쫀득바] 인지광고_인지도_26.08_video,[복숭아] 파트너십 PA,[복숭아쫀득바] 태민 PA,1,0,2,0,0,인지
2026-09-13,120248954955440252,[빙과_쫀득바] 인지광고_트래픽_26.08_video,[복숭아] 파트너십 PA,[복숭아쫀득바] 태민 PA,4,0,10,1,1,인지
2026-09-13,120248955046270252,[빙과_쫀득바] 인지광고_26.06_참여_image,[복숭아] 파트너십 PA,[복숭아쫀득바] 푸드의먹스타그램 PA,2802,43,18992,297,0,인지
2026-09-13,120248961474730252,[빙과_쫀득바] 인지광고_조회_26.08_video,[복숭아] 파트너십 PA,[복숭아쫀득바] 유베니 PA (~2주),102,0,230,71,71,인지
2026-09-13,120248961521740252,[빙과_쫀득바] 인지광고_인지도_26.08_video,[복숭아] 파트너십 PA,[복숭아쫀득바] 유베니 PA  (~2주),199,0,510,76,76,인지
2026-09-13,120248974706370252,[빙과_쫀득바] 인지광고_잠재고객_26.08_video,[09.10] 쫀득바3종_정보전달형_정요한,[26.09]F_V_JD혼_인지_복쫀바출시_바이럴형_정보전달형_var1.렉카_품절되면.X_스틱바P_김바다_260910_빙과_정요한,5,0,6,1,1,인지
2026-09-13,120248975063080252,[빙과_쫀득바] 인지광고_인지도_26.08_video,[09.10] 쫀득바3종_정보전달형_정요한,[26.09]F_V_JD혼_인지_복쫀바출시_바이럴형_정보전달형_var1.렉카_품절되면.X_스틱바P_김바다_260910_빙과_정요한,17,0,83,15,15,인지
2026-09-13,120248975100450252,[빙과_쫀득바] 인지광고_조회_26.08_video,[09.10] 쫀득바3종_정보전달형_정요한,[26.09]F_V_JD혼_인지_복쫀바출시_바이럴형_정보전달형_var1.렉카_품절되면.X_스틱바P_김바다_260910_빙과_정요한,55,0,307,32,32,인지
2026-09-13,120248976217430252,[빙과_쫀득바] 인지광고_트래픽_26.08_video,[09.10] 쫀득바3종_정보전달형_정요한,[26.09]F_V_JD혼_인지_복쫀바출시_바이럴형_정보전달형_var1.렉카_품절되면.X_스틱바P_김바다_260910_빙과_정요한,110,0,113,17,17,인지
2026-09-13,120248998295960252,[빙과_쫀득바] 인지광고_잠재고객_26.08_video,[09.11] 쫀득바3종_소비자검증형_정요한,[26.09]F_V_JD혼_인지_복쫀바출시_인물리뷰형_소비자검증형_main.릴스_일반.X_스틱바P_김바다_260911_빙과_정요한,2,0,4,0,0,인지
2026-09-13,120248998304570252,[빙과_쫀득바] 인지광고_잠재고객_26.08_video,[09.11] 쫀득바3종_소비자검증형_정요한,[26.09]F_V_JD혼_인지_복쫀바출시_인물리뷰형_소비자검증형_var1.릴스_인트로변경.X_스틱바P_김바다_260911_빙과_정요한,6,0,14,3,3,인지
2026-09-13,120248998578950252,[빙과_쫀득바] 인지광고_잠재고객_26.08_video,[09.11]쫀득바3종_차먹방_노현경,[26.09]F_V_JD혼_전환_복쫀바출시_인물리뷰형_차먹방_main.릴스_차먹방.X_스틱바P_노현경_260911_빙과_노현경,6,0,7,3,3,인지
2026-09-13,120248998679110252,[빙과_쫀득바] 인지광고_인지도_26.08_video,[09.11] 쫀득바3종_소비자검증형_정요한,[26.09]F_V_JD혼_인지_복쫀바출시_인물리뷰형_소비자검증형_main.릴스_일반.X_스틱바P_김바다_260911_빙과_정요한,3,0,7,2,2,인지
2026-09-13,120248998683480252,[빙과_쫀득바] 인지광고_인지도_26.08_video,[09.11] 쫀득바3종_소비자검증형_정요한,[26.09]F_V_JD혼_인지_복쫀바출시_인물리뷰형_소비자검증형_var1.릴스_인트로변경.X_스틱바P_김바다_260911_빙과_정요한,32,0,60,15,15,인지
2026-09-14,120248943933330252,[빙과_쫀득바] 인지광고_조회_26.08_video,[복숭아] 파트너십 PA,[복숭아쫀득바] 먹토토 PA,4,0,10,3,3,인지
2026-09-14,120248943978430252,[빙과_쫀득바] 인지광고_조회_26.08_video,[복숭아] 파트너십 PA,[복숭아쫀득바] 얌히 PA,1,0,2,0,0,인지
2026-09-14,120248944362210252,[빙과_쫀득바] 인지광고_트래픽_26.08_video,[복숭아] 파트너십 PA,[복숭아쫀득바] 하토토 PA,1,0,2,1,1,인지
2026-09-14,120248945137410252,[빙과_쫀득바] 인지광고_트래픽_26.08_video,[복숭아] 파트너십 PA,[복숭아쫀득바] 슈기 PA,15,0,29,3,3,인지
2026-09-14,120248945182500252,[빙과_쫀득바] 인지광고_트래픽_26.08_video,[복숭아] 파트너십 PA,[복숭아쫀득바] 얌히 PA,1,0,2,0,0,인지
2026-09-14,120248945664280252,[빙과_쫀득바] 인지광고_인지도_26.08_video,[복숭아] 파트너십 PA,[복숭아쫀득바] 오하루 PA,7,0,14,1,1,인지
2026-09-14,120248955046270252,[빙과_쫀득바] 인지광고_26.06_참여_image,[복숭아] 파트너십 PA,[복숭아쫀득바] 푸드의먹스타그램 PA,2178,29,14156,233,0,인지
2026-09-14,120248961474730252,[빙과_쫀득바] 인지광고_조회_26.08_video,[복숭아] 파트너십 PA,[복숭아쫀득바] 유베니 PA (~2주),74,0,152,74,74,인지
2026-09-14,120248961521740252,[빙과_쫀득바] 인지광고_인지도_26.08_video,[복숭아] 파트너십 PA,[복숭아쫀득바] 유베니 PA  (~2주),282,0,894,160,160,인지
2026-09-14,120248974706370252,[빙과_쫀득바] 인지광고_잠재고객_26.08_video,[09.10] 쫀득바3종_정보전달형_정요한,[26.09]F_V_JD혼_인지_복쫀바출시_바이럴형_정보전달형_var1.렉카_품절되면.X_스틱바P_김바다_260910_빙과_정요한,15,0,30,8,8,인지
2026-09-14,120248975063080252,[빙과_쫀득바] 인지광고_인지도_26.08_video,[09.10] 쫀득바3종_정보전달형_정요한,[26.09]F_V_JD혼_인지_복쫀바출시_바이럴형_정보전달형_var1.렉카_품절되면.X_스틱바P_김바다_260910_빙과_정요한,37,0,63,34,34,인지
2026-09-14,120248975100450252,[빙과_쫀득바] 인지광고_조회_26.08_video,[09.10] 쫀득바3종_정보전달형_정요한,[26.09]F_V_JD혼_인지_복쫀바출시_바이럴형_정보전달형_var1.렉카_품절되면.X_스틱바P_김바다_260910_빙과_정요한,212,0,956,178,178,인지
2026-09-14,120248976217430252,[빙과_쫀득바] 인지광고_트래픽_26.08_video,[09.10] 쫀득바3종_정보전달형_정요한,[26.09]F_V_JD혼_인지_복쫀바출시_바이럴형_정보전달형_var1.렉카_품절되면.X_스틱바P_김바다_260910_빙과_정요한,63,0,57,17,17,인지
2026-09-14,120248998295960252,[빙과_쫀득바] 인지광고_잠재고객_26.08_video,[09.11] 쫀득바3종_소비자검증형_정요한,[26.09]F_V_JD혼_인지_복쫀바출시_인물리뷰형_소비자검증형_main.릴스_일반.X_스틱바P_김바다_260911_빙과_정요한,2,0,4,0,0,인지
2026-09-14,120248998304570252,[빙과_쫀득바] 인지광고_잠재고객_26.08_video,[09.11] 쫀득바3종_소비자검증형_정요한,[26.09]F_V_JD혼_인지_복쫀바출시_인물리뷰형_소비자검증형_var1.릴스_인트로변경.X_스틱바P_김바다_260911_빙과_정요한,3,0,7,3,3,인지
2026-09-14,120248998578950252,[빙과_쫀득바] 인지광고_잠재고객_26.08_video,[09.11]쫀득바3종_차먹방_노현경,[26.09]F_V_JD혼_전환_복쫀바출시_인물리뷰형_차먹방_main.릴스_차먹방.X_스틱바P_노현경_260911_빙과_노현경,19,0,25,6,6,인지
2026-09-14,120248998683480252,[빙과_쫀득바] 인지광고_인지도_26.08_video,[09.11] 쫀득바3종_소비자검증형_정요한,[26.09]F_V_JD혼_인지_복쫀바출시_인물리뷰형_소비자검증형_var1.릴스_인트로변경.X_스틱바P_김바다_260911_빙과_정요한,32,0,53,11,11,인지
2026-09-15,120248943941620252,[빙과_쫀득바] 인지광고_조회_26.08_video,[복숭아] 파트너십 PA,[복숭아쫀득바] 슈기 PA,1,0,2,1,1,인지
2026-09-15,120248944362210252,[빙과_쫀득바] 인지광고_트래픽_26.08_video,[복숭아] 파트너십 PA,[복숭아쫀득바] 하토토 PA,11,0,26,1,1,인지
2026-09-15,120248945137410252,[빙과_쫀득바] 인지광고_트래픽_26.08_video,[복숭아] 파트너십 PA,[복숭아쫀득바] 슈기 PA,9,0,23,5,5,인지
2026-09-15,120248945360560252,[빙과_쫀득바] 인지광고_인지도_26.08_video,[복숭아] 파트너십 PA,[복숭아쫀득바] 슈기 PA,1,0,2,0,0,인지
2026-09-15,120248955033690252,[빙과_쫀득바] 인지광고_조회_26.08_video,[복숭아] 파트너십 PA,[복숭아쫀득바] 태민 PA,5,0,12,2,2,인지
2026-09-15,120248955046270252,[빙과_쫀득바] 인지광고_26.06_참여_image,[복숭아] 파트너십 PA,[복숭아쫀득바] 푸드의먹스타그램 PA,453,5,2756,48,0,인지
2026-09-15,120248961474730252,[빙과_쫀득바] 인지광고_조회_26.08_video,[복숭아] 파트너십 PA,[복숭아쫀득바] 유베니 PA (~2주),34,0,82,24,24,인지
2026-09-15,120248961521740252,[빙과_쫀득바] 인지광고_인지도_26.08_video,[복숭아] 파트너십 PA,[복숭아쫀득바] 유베니 PA  (~2주),24,0,59,15,15,인지
2026-09-15,120248974706370252,[빙과_쫀득바] 인지광고_잠재고객_26.08_video,[09.10] 쫀득바3종_정보전달형_정요한,[26.09]F_V_JD혼_인지_복쫀바출시_바이럴형_정보전달형_var1.렉카_품절되면.X_스틱바P_김바다_260910_빙과_정요한,11,0,20,3,3,인지
2026-09-15,120248975063080252,[빙과_쫀득바] 인지광고_인지도_26.08_video,[09.10] 쫀득바3종_정보전달형_정요한,[26.09]F_V_JD혼_인지_복쫀바출시_바이럴형_정보전달형_var1.렉카_품절되면.X_스틱바P_김바다_260910_빙과_정요한,48,0,161,46,46,인지
2026-09-15,120248975100450252,[빙과_쫀득바] 인지광고_조회_26.08_video,[09.10] 쫀득바3종_정보전달형_정요한,[26.09]F_V_JD혼_인지_복쫀바출시_바이럴형_정보전달형_var1.렉카_품절되면.X_스틱바P_김바다_260910_빙과_정요한,47,0,61,44,44,인지
2026-09-15,120248976217430252,[빙과_쫀득바] 인지광고_트래픽_26.08_video,[09.10] 쫀득바3종_정보전달형_정요한,[26.09]F_V_JD혼_인지_복쫀바출시_바이럴형_정보전달형_var1.렉카_품절되면.X_스틱바P_김바다_260910_빙과_정요한,127,0,125,32,32,인지
2026-09-15,120248998304570252,[빙과_쫀득바] 인지광고_잠재고객_26.08_video,[09.11] 쫀득바3종_소비자검증형_정요한,[26.09]F_V_JD혼_인지_복쫀바출시_인물리뷰형_소비자검증형_var1.릴스_인트로변경.X_스틱바P_김바다_260911_빙과_정요한,8,0,15,2,2,인지
2026-09-15,120248998578950252,[빙과_쫀득바] 인지광고_잠재고객_26.08_video,[09.11]쫀득바3종_차먹방_노현경,[26.09]F_V_JD혼_전환_복쫀바출시_인물리뷰형_차먹방_main.릴스_차먹방.X_스틱바P_노현경_260911_빙과_노현경,7,0,10,3,3,인지
2026-09-15,120248998683480252,[빙과_쫀득바] 인지광고_인지도_26.08_video,[09.11] 쫀득바3종_소비자검증형_정요한,[26.09]F_V_JD혼_인지_복쫀바출시_인물리뷰형_소비자검증형_var1.릴스_인트로변경.X_스틱바P_김바다_260911_빙과_정요한,20,0,25,8,8,인지
2026-09-16,120248620306480252,[빙과_쫀득바] 인지광고_잠재고객_26.08_video,[멜론] 7월 3주차_육아BP_JD멜,[26.07]F_V_JD멜_인지_쫀득바출시_신규BP_육아bp_var4.릴스_로블록스.X_2P_문선정_260716_빙과_이하림,1,0,1,0,0,인지
2026-09-16,120248943933330252,[빙과_쫀득바] 인지광고_조회_26.08_video,[복숭아] 파트너십 PA,[복숭아쫀득바] 먹토토 PA,22,0,47,5,5,인지
2026-09-16,120248943941620252,[빙과_쫀득바] 인지광고_조회_26.08_video,[복숭아] 파트너십 PA,[복숭아쫀득바] 슈기 PA,7,0,15,2,2,인지
2026-09-16,120248943978430252,[빙과_쫀득바] 인지광고_조회_26.08_video,[복숭아] 파트너십 PA,[복숭아쫀득바] 얌히 PA,10,0,18,3,3,인지
2026-09-16,120248945137410252,[빙과_쫀득바] 인지광고_트래픽_26.08_video,[복숭아] 파트너십 PA,[복숭아쫀득바] 슈기 PA,16,0,35,4,4,인지
2026-09-16,120248945360550252,[빙과_쫀득바] 인지광고_인지도_26.08_video,[복숭아] 파트너십 PA,[복숭아쫀득바] 하토토 PA,1,0,1,1,1,인지
2026-09-16,120248945673840252,[빙과_쫀득바] 인지광고_조회_26.08_video,[복숭아] 파트너십 PA,[복숭아쫀득바] 오하루 PA,1,0,2,1,1,인지
2026-09-16,120248955046270252,[빙과_쫀득바] 인지광고_26.06_참여_image,[복숭아] 파트너십 PA,[복숭아쫀득바] 푸드의먹스타그램 PA,38,0,202,6,0,인지
2026-09-16,120248961474730252,[빙과_쫀득바] 인지광고_조회_26.08_video,[복숭아] 파트너십 PA,[복숭아쫀득바] 유베니 PA (~2주),136,0,305,130,130,인지
2026-09-16,120248961521740252,[빙과_쫀득바] 인지광고_인지도_26.08_video,[복숭아] 파트너십 PA,[복숭아쫀득바] 유베니 PA  (~2주),131,0,656,128,128,인지
2026-09-16,120248974706370252,[빙과_쫀득바] 인지광고_잠재고객_26.08_video,[09.10] 쫀득바3종_정보전달형_정요한,[26.09]F_V_JD혼_인지_복쫀바출시_바이럴형_정보전달형_var1.렉카_품절되면.X_스틱바P_김바다_260910_빙과_정요한,1,0,2,0,0,인지
2026-09-16,120248975063080252,[빙과_쫀득바] 인지광고_인지도_26.08_video,[09.10] 쫀득바3종_정보전달형_정요한,[26.09]F_V_JD혼_인지_복쫀바출시_바이럴형_정보전달형_var1.렉카_품절되면.X_스틱바P_김바다_260910_빙과_정요한,67,0,249,61,61,인지
2026-09-16,120248975100450252,[빙과_쫀득바] 인지광고_조회_26.08_video,[09.10] 쫀득바3종_정보전달형_정요한,[26.09]F_V_JD혼_인지_복쫀바출시_바이럴형_정보전달형_var1.렉카_품절되면.X_스틱바P_김바다_260910_빙과_정요한,49,0,64,35,35,인지
2026-09-16,120248976217430252,[빙과_쫀득바] 인지광고_트래픽_26.08_video,[09.10] 쫀득바3종_정보전달형_정요한,[26.09]F_V_JD혼_인지_복쫀바출시_바이럴형_정보전달형_var1.렉카_품절되면.X_스틱바P_김바다_260910_빙과_정요한,47,0,54,7,7,인지
2026-09-16,120248998295960252,[빙과_쫀득바] 인지광고_잠재고객_26.08_video,[09.11] 쫀득바3종_소비자검증형_정요한,[26.09]F_V_JD혼_인지_복쫀바출시_인물리뷰형_소비자검증형_main.릴스_일반.X_스틱바P_김바다_260911_빙과_정요한,1,0,2,1,1,인지
2026-09-16,120248998304570252,[빙과_쫀득바] 인지광고_잠재고객_26.08_video,[09.11] 쫀득바3종_소비자검증형_정요한,[26.09]F_V_JD혼_인지_복쫀바출시_인물리뷰형_소비자검증형_var1.릴스_인트로변경.X_스틱바P_김바다_260911_빙과_정요한,4,0,9,1,1,인지
2026-09-16,120248998578950252,[빙과_쫀득바] 인지광고_잠재고객_26.08_video,[09.11]쫀득바3종_차먹방_노현경,[26.09]F_V_JD혼_전환_복쫀바출시_인물리뷰형_차먹방_main.릴스_차먹방.X_스틱바P_노현경_260911_빙과_노현경,5,0,6,0,0,인지
2026-09-16,120248998683480252,[빙과_쫀득바] 인지광고_인지도_26.08_video,[09.11] 쫀득바3종_소비자검증형_정요한,[26.09]F_V_JD혼_인지_복쫀바출시_인물리뷰형_소비자검증형_var1.릴스_인트로변경.X_스틱바P_김바다_260911_빙과_정요한,10,0,26,4,4,인지
2026-09-17,120248944362210252,[빙과_쫀득바] 인지광고_트래픽_26.08_video,[복숭아] 파트너십 PA,[복숭아쫀득바] 하토토 PA,6,0,12,3,3,인지
2026-09-17,120248945137410252,[빙과_쫀득바] 인지광고_트래픽_26.08_video,[복숭아] 파트너십 PA,[복숭아쫀득바] 슈기 PA,44,0,97,14,14,인지
2026-09-17,120248945360550252,[빙과_쫀득바] 인지광고_인지도_26.08_video,[복숭아] 파트너십 PA,[복숭아쫀득바] 하토토 PA,1,0,2,1,1,인지
2026-09-17,120248955033690252,[빙과_쫀득바] 인지광고_조회_26.08_video,[복숭아] 파트너십 PA,[복숭아쫀득바] 태민 PA,2,0,3,0,0,인지
2026-09-17,120248955046270252,[빙과_쫀득바] 인지광고_26.06_참여_image,[복숭아] 파트너십 PA,[복숭아쫀득바] 푸드의먹스타그램 PA,101,3,902,25,0,인지
2026-09-17,120248961474730252,[빙과_쫀득바] 인지광고_조회_26.08_video,[복숭아] 파트너십 PA,[복숭아쫀득바] 유베니 PA (~2주),65,0,163,64,64,인지
2026-09-17,120248961521740252,[빙과_쫀득바] 인지광고_인지도_26.08_video,[복숭아] 파트너십 PA,[복숭아쫀득바] 유베니 PA  (~2주),74,0,134,70,70,인지
2026-09-17,120248974706370252,[빙과_쫀득바] 인지광고_잠재고객_26.08_video,[09.10] 쫀득바3종_정보전달형_정요한,[26.09]F_V_JD혼_인지_복쫀바출시_바이럴형_정보전달형_var1.렉카_품절되면.X_스틱바P_김바다_260910_빙과_정요한,4,0,7,3,3,인지
2026-09-17,120248975055510252,[빙과_쫀득바] 인지광고_인지도_26.08_video,[09.10] 쫀득바3종_정보전달형_정요한,[26.09]F_V_JD혼_인지_복쫀바출시_바이럴형_정보전달형_main.렉카_못사게막는이유.X_스틱바P_김바다_260910_빙과_정요한,22,0,31,20,20,인지
2026-09-17,120248975063080252,[빙과_쫀득바] 인지광고_인지도_26.08_video,[09.10] 쫀득바3종_정보전달형_정요한,[26.09]F_V_JD혼_인지_복쫀바출시_바이럴형_정보전달형_var1.렉카_품절되면.X_스틱바P_김바다_260910_빙과_정요한,40,0,158,39,39,인지
2026-09-17,120248975100450252,[빙과_쫀득바] 인지광고_조회_26.08_video,[09.10] 쫀득바3종_정보전달형_정요한,[26.09]F_V_JD혼_인지_복쫀바출시_바이럴형_정보전달형_var1.렉카_품절되면.X_스틱바P_김바다_260910_빙과_정요한,58,0,275,54,54,인지
2026-09-17,120248976217430252,[빙과_쫀득바] 인지광고_트래픽_26.08_video,[09.10] 쫀득바3종_정보전달형_정요한,[26.09]F_V_JD혼_인지_복쫀바출시_바이럴형_정보전달형_var1.렉카_품절되면.X_스틱바P_김바다_260910_빙과_정요한,51,0,58,11,11,인지
2026-09-17,120248998304570252,[빙과_쫀득바] 인지광고_잠재고객_26.08_video,[09.11] 쫀득바3종_소비자검증형_정요한,[26.09]F_V_JD혼_인지_복쫀바출시_인물리뷰형_소비자검증형_var1.릴스_인트로변경.X_스틱바P_김바다_260911_빙과_정요한,5,0,10,3,3,인지
2026-09-17,120248998578950252,[빙과_쫀득바] 인지광고_잠재고객_26.08_video,[09.11]쫀득바3종_차먹방_노현경,[26.09]F_V_JD혼_전환_복쫀바출시_인물리뷰형_차먹방_main.릴스_차먹방.X_스틱바P_노현경_260911_빙과_노현경,10,0,14,1,1,인지
2026-09-17,120248998683480252,[빙과_쫀득바] 인지광고_인지도_26.08_video,[09.11] 쫀득바3종_소비자검증형_정요한,[26.09]F_V_JD혼_인지_복쫀바출시_인물리뷰형_소비자검증형_var1.릴스_인트로변경.X_스틱바P_김바다_260911_빙과_정요한,19,0,42,9,9,인지
2026-09-18,120248943933330252,[빙과_쫀득바] 인지광고_조회_26.08_video,[복숭아] 파트너십 PA,[복숭아쫀득바] 먹토토 PA,1,0,1,0,0,인지
2026-09-18,120248943941620252,[빙과_쫀득바] 인지광고_조회_26.08_video,[복숭아] 파트너십 PA,[복숭아쫀득바] 슈기 PA,12,0,28,2,2,인지
2026-09-18,120248945137410252,[빙과_쫀득바] 인지광고_트래픽_26.08_video,[복숭아] 파트너십 PA,[복숭아쫀득바] 슈기 PA,12,0,32,6,6,인지
2026-09-18,120248945360560252,[빙과_쫀득바] 인지광고_인지도_26.08_video,[복숭아] 파트너십 PA,[복숭아쫀득바] 슈기 PA,20,0,42,6,6,인지
2026-09-18,120248954955440252,[빙과_쫀득바] 인지광고_트래픽_26.08_video,[복숭아] 파트너십 PA,[복숭아쫀득바] 태민 PA,1,0,1,0,0,인지
2026-09-18,120248955046270252,[빙과_쫀득바] 인지광고_26.06_참여_image,[복숭아] 파트너십 PA,[복숭아쫀득바] 푸드의먹스타그램 PA,561,6,3561,73,0,인지
2026-09-18,120248961474730252,[빙과_쫀득바] 인지광고_조회_26.08_video,[복숭아] 파트너십 PA,[복숭아쫀득바] 유베니 PA (~2주),109,0,284,102,102,인지
2026-09-18,120248961521740252,[빙과_쫀득바] 인지광고_인지도_26.08_video,[복숭아] 파트너십 PA,[복숭아쫀득바] 유베니 PA  (~2주),354,0,1949,346,346,인지
2026-09-18,120248974706370252,[빙과_쫀득바] 인지광고_잠재고객_26.08_video,[09.10] 쫀득바3종_정보전달형_정요한,[26.09]F_V_JD혼_인지_복쫀바출시_바이럴형_정보전달형_var1.렉카_품절되면.X_스틱바P_김바다_260910_빙과_정요한,1,0,1,0,0,인지
2026-09-18,120248975063080252,[빙과_쫀득바] 인지광고_인지도_26.08_video,[09.10] 쫀득바3종_정보전달형_정요한,[26.09]F_V_JD혼_인지_복쫀바출시_바이럴형_정보전달형_var1.렉카_품절되면.X_스틱바P_김바다_260910_빙과_정요한,156,0,675,137,137,인지
2026-09-18,120248975100450252,[빙과_쫀득바] 인지광고_조회_26.08_video,[09.10] 쫀득바3종_정보전달형_정요한,[26.09]F_V_JD혼_인지_복쫀바출시_바이럴형_정보전달형_var1.렉카_품절되면.X_스틱바P_김바다_260910_빙과_정요한,92,0,302,83,83,인지
2026-09-18,120248976217430252,[빙과_쫀득바] 인지광고_트래픽_26.08_video,[09.10] 쫀득바3종_정보전달형_정요한,[26.09]F_V_JD혼_인지_복쫀바출시_바이럴형_정보전달형_var1.렉카_품절되면.X_스틱바P_김바다_260910_빙과_정요한,52,0,59,13,13,인지
2026-09-18,120248998304570252,[빙과_쫀득바] 인지광고_잠재고객_26.08_video,[09.11] 쫀득바3종_소비자검증형_정요한,[26.09]F_V_JD혼_인지_복쫀바출시_인물리뷰형_소비자검증형_var1.릴스_인트로변경.X_스틱바P_김바다_260911_빙과_정요한,5,0,9,3,3,인지
2026-09-18,120248998578950252,[빙과_쫀득바] 인지광고_잠재고객_26.08_video,[09.11]쫀득바3종_차먹방_노현경,[26.09]F_V_JD혼_전환_복쫀바출시_인물리뷰형_차먹방_main.릴스_차먹방.X_스틱바P_노현경_260911_빙과_노현경,11,0,15,3,3,인지
2026-09-18,120248998683480252,[빙과_쫀득바] 인지광고_인지도_26.08_video,[09.11] 쫀득바3종_소비자검증형_정요한,[26.09]F_V_JD혼_인지_복쫀바출시_인물리뷰형_소비자검증형_var1.릴스_인트로변경.X_스틱바P_김바다_260911_빙과_정요한,40,0,89,18,18,인지
2026-09-19,120248620306480252,[빙과_쫀득바] 인지광고_잠재고객_26.08_video,[멜론] 7월 3주차_육아BP_JD멜,[26.07]F_V_JD멜_인지_쫀득바출시_신규BP_육아bp_var4.릴스_로블록스.X_2P_문선정_260716_빙과_이하림,2,0,4,2,2,인지
2026-09-19,120248943933330252,[빙과_쫀득바] 인지광고_조회_26.08_video,[복숭아] 파트너십 PA,[복숭아쫀득바] 먹토토 PA,16,0,37,8,8,인지
2026-09-19,120248943978430252,[빙과_쫀득바] 인지광고_조회_26.08_video,[복숭아] 파트너십 PA,[복숭아쫀득바] 얌히 PA,12,0,28,5,5,인지
2026-09-19,120248945137410252,[빙과_쫀득바] 인지광고_트래픽_26.08_video,[복숭아] 파트너십 PA,[복숭아쫀득바] 슈기 PA,53,0,127,25,25,인지
2026-09-19,120248945360550252,[빙과_쫀득바] 인지광고_인지도_26.08_video,[복숭아] 파트너십 PA,[복숭아쫀득바] 하토토 PA,1,0,2,1,1,인지
2026-09-19,120248955033690252,[빙과_쫀득바] 인지광고_조회_26.08_video,[복숭아] 파트너십 PA,[복숭아쫀득바] 태민 PA,1,0,1,1,1,인지
2026-09-19,120248955046270252,[빙과_쫀득바] 인지광고_26.06_참여_image,[복숭아] 파트너십 PA,[복숭아쫀득바] 푸드의먹스타그램 PA,14,0,111,1,0,인지
2026-09-19,120248961474730252,[빙과_쫀득바] 인지광고_조회_26.08_video,[복숭아] 파트너십 PA,[복숭아쫀득바] 유베니 PA (~2주),6755,0,25058,6632,6632,인지
2026-09-19,120248961521740252,[빙과_쫀득바] 인지광고_인지도_26.08_video,[복숭아] 파트너십 PA,[복숭아쫀득바] 유베니 PA  (~2주),144,0,254,138,138,인지
2026-09-19,120248974706370252,[빙과_쫀득바] 인지광고_잠재고객_26.08_video,[09.10] 쫀득바3종_정보전달형_정요한,[26.09]F_V_JD혼_인지_복쫀바출시_바이럴형_정보전달형_var1.렉카_품절되면.X_스틱바P_김바다_260910_빙과_정요한,16,0,15,4,4,인지
2026-09-19,120248975063080252,[빙과_쫀득바] 인지광고_인지도_26.08_video,[09.10] 쫀득바3종_정보전달형_정요한,[26.09]F_V_JD혼_인지_복쫀바출시_바이럴형_정보전달형_var1.렉카_품절되면.X_스틱바P_김바다_260910_빙과_정요한,66,0,120,64,64,인지
2026-09-19,120248975100450252,[빙과_쫀득바] 인지광고_조회_26.08_video,[09.10] 쫀득바3종_정보전달형_정요한,[26.09]F_V_JD혼_인지_복쫀바출시_바이럴형_정보전달형_var1.렉카_품절되면.X_스틱바P_김바다_260910_빙과_정요한,728,0,5267,705,705,인지
2026-09-19,120248976217430252,[빙과_쫀득바] 인지광고_트래픽_26.08_video,[09.10] 쫀득바3종_정보전달형_정요한,[26.09]F_V_JD혼_인지_복쫀바출시_바이럴형_정보전달형_var1.렉카_품절되면.X_스틱바P_김바다_260910_빙과_정요한,85,0,108,15,15,인지
2026-09-19,120248998304570252,[빙과_쫀득바] 인지광고_잠재고객_26.08_video,[09.11] 쫀득바3종_소비자검증형_정요한,[26.09]F_V_JD혼_인지_복쫀바출시_인물리뷰형_소비자검증형_var1.릴스_인트로변경.X_스틱바P_김바다_260911_빙과_정요한,32,0,69,8,8,인지
2026-09-19,120248998578950252,[빙과_쫀득바] 인지광고_잠재고객_26.08_video,[09.11]쫀득바3종_차먹방_노현경,[26.09]F_V_JD혼_전환_복쫀바출시_인물리뷰형_차먹방_main.릴스_차먹방.X_스틱바P_노현경_260911_빙과_노현경,61,0,95,18,18,인지
2026-09-19,120248998683480252,[빙과_쫀득바] 인지광고_인지도_26.08_video,[09.11] 쫀득바3종_소비자검증형_정요한,[26.09]F_V_JD혼_인지_복쫀바출시_인물리뷰형_소비자검증형_var1.릴스_인트로변경.X_스틱바P_김바다_260911_빙과_정요한,364,1,931,205,205,인지
2026-09-20,120248943941620252,[빙과_쫀득바] 인지광고_조회_26.08_video,[복숭아] 파트너십 PA,[복숭아쫀득바] 슈기 PA,2,0,4,1,1,인지
2026-09-20,120248945137410252,[빙과_쫀득바] 인지광고_트래픽_26.08_video,[복숭아] 파트너십 PA,[복숭아쫀득바] 슈기 PA,57,0,136,24,24,인지
2026-09-20,120248945360560252,[빙과_쫀득바] 인지광고_인지도_26.08_video,[복숭아] 파트너십 PA,[복숭아쫀득바] 슈기 PA,3,0,7,0,0,인지
2026-09-20,120248955046270252,[빙과_쫀득바] 인지광고_26.06_참여_image,[복숭아] 파트너십 PA,[복숭아쫀득바] 푸드의먹스타그램 PA,168,2,1191,12,0,인지
2026-09-20,120248961474730252,[빙과_쫀득바] 인지광고_조회_26.08_video,[복숭아] 파트너십 PA,[복숭아쫀득바] 유베니 PA (~2주),43,0,131,36,36,인지
2026-09-20,120248961521740252,[빙과_쫀득바] 인지광고_인지도_26.08_video,[복숭아] 파트너십 PA,[복숭아쫀득바] 유베니 PA  (~2주),24,0,71,22,22,인지
2026-09-20,120248974706370252,[빙과_쫀득바] 인지광고_잠재고객_26.08_video,[09.10] 쫀득바3종_정보전달형_정요한,[26.09]F_V_JD혼_인지_복쫀바출시_바이럴형_정보전달형_var1.렉카_품절되면.X_스틱바P_김바다_260910_빙과_정요한,4,0,4,1,1,인지
2026-09-20,120248975063080252,[빙과_쫀득바] 인지광고_인지도_26.08_video,[09.10] 쫀득바3종_정보전달형_정요한,[26.09]F_V_JD혼_인지_복쫀바출시_바이럴형_정보전달형_var1.렉카_품절되면.X_스틱바P_김바다_260910_빙과_정요한,210,0,313,182,182,인지
2026-09-20,120248975100450252,[빙과_쫀득바] 인지광고_조회_26.08_video,[09.10] 쫀득바3종_정보전달형_정요한,[26.09]F_V_JD혼_인지_복쫀바출시_바이럴형_정보전달형_var1.렉카_품절되면.X_스틱바P_김바다_260910_빙과_정요한,21,0,24,18,18,인지
2026-09-20,120248976217430252,[빙과_쫀득바] 인지광고_트래픽_26.08_video,[09.10] 쫀득바3종_정보전달형_정요한,[26.09]F_V_JD혼_인지_복쫀바출시_바이럴형_정보전달형_var1.렉카_품절되면.X_스틱바P_김바다_260910_빙과_정요한,68,0,78,20,20,인지
2026-09-20,120248998295960252,[빙과_쫀득바] 인지광고_잠재고객_26.08_video,[09.11] 쫀득바3종_소비자검증형_정요한,[26.09]F_V_JD혼_인지_복쫀바출시_인물리뷰형_소비자검증형_main.릴스_일반.X_스틱바P_김바다_260911_빙과_정요한,1,0,3,0,0,인지
2026-09-20,120248998304570252,[빙과_쫀득바] 인지광고_잠재고객_26.08_video,[09.11] 쫀득바3종_소비자검증형_정요한,[26.09]F_V_JD혼_인지_복쫀바출시_인물리뷰형_소비자검증형_var1.릴스_인트로변경.X_스틱바P_김바다_260911_빙과_정요한,3,0,5,2,2,인지
2026-09-20,120248998578950252,[빙과_쫀득바] 인지광고_잠재고객_26.08_video,[09.11]쫀득바3종_차먹방_노현경,[26.09]F_V_JD혼_전환_복쫀바출시_인물리뷰형_차먹방_main.릴스_차먹방.X_스틱바P_노현경_260911_빙과_노현경,23,0,37,6,6,인지
2026-09-20,120248998679110252,[빙과_쫀득바] 인지광고_인지도_26.08_video,[09.11] 쫀득바3종_소비자검증형_정요한,[26.09]F_V_JD혼_인지_복쫀바출시_인물리뷰형_소비자검증형_main.릴스_일반.X_스틱바P_김바다_260911_빙과_정요한,1,0,3,1,1,인지
2026-09-20,120248998683480252,[빙과_쫀득바] 인지광고_인지도_26.08_video,[09.11] 쫀득바3종_소비자검증형_정요한,[26.09]F_V_JD혼_인지_복쫀바출시_인물리뷰형_소비자검증형_var1.릴스_인트로변경.X_스틱바P_김바다_260911_빙과_정요한,86,0,213,50,50,인지
2026-09-11,120248998717220252,[빙과_쫀득바] 인지광고_인지도_26.08_video,[09.11]쫀득바3종_차먹방노현경,[26.09]F_V_JD혼_전환_복쫀바출시_인물리뷰형_차먹방_main.릴스_차먹방.X_스틱바P_노현경_260911_빙과_노현경,1,0,0,0,0,인지
2026-09-11,120248998732550252,[빙과_쫀득바] 인지광고_조회_26.08_video,[09.11]쫀득바3종_차먹방노현경,[26.09]F_V_JD혼_전환_복쫀바출시_인물리뷰형_차먹방_main.릴스_차먹방.X_스틱바P_노현경_260911_빙과_노현경,249,0,289,58,58,인지
2026-09-11,120248998783430252,[빙과_쫀득바] 인지광고_조회_26.08_video,[09.11] 쫀득바3종_소비자검증형_정요한,[26.09]F_V_JD혼_인지_복쫀바출시_인물리뷰형_소비자검증형_main.릴스_일반.X_스틱바P_김바다_260911_빙과_정요한,22,0,25,9,9,인지
2026-09-11,120248998789160252,[빙과_쫀득바] 인지광고_조회_26.08_video,[09.11] 쫀득바3종_소비자검증형_정요한,[26.09]F_V_JD혼_인지_복쫀바출시_인물리뷰형_소비자검증형_var1.릴스_인트로변경.X_스틱바P_김바다_260911_빙과_정요한,259,0,222,58,58,인지
2026-09-11,120248999060440252,[빙과_쫀득바] 인지광고_잠재고객_26.08_video,[09.11] 쫀득바3종_점수 매기기_노현경,[26.09]F_V_JD혼_전환_복쫀바출시_인물리뷰형_점수매기기_main.릴스_점수매기기.X_스틱바P_노현경_260911_빙과_노현경,4,0,1,2,2,인지
2026-09-11,120248999118920252,[빙과_쫀득바] 인지광고_인지도_26.08_video,[09.11]쫀득바3종_점수 매기기_노현경,[26.09]F_V_JD혼_전환_복쫀바출시_인물리뷰형_점수매기기_main.릴스_점수매기기.X_스틱바P_노현경_260911_빙과_노현경,2,0,1,1,1,인지
2026-09-11,120248999143800252,[빙과_쫀득바] 인지광고_조회_26.08_video,[09.11]쫀득바3종_점수 매기기_노현경,[26.09]F_V_JD혼_전환_복쫀바출시_인물리뷰형_점수매기기_main.릴스_점수매기기.X_스틱바P_노현경_260911_빙과_노현경,217,0,256,59,59,인지
2026-09-12,120248620306080252,[빙과_쫀득바] 인지광고_잠재고객_26.08_video,[멜론] 7월 1주차_1위단독,[26.07]F_V_JD멜_인지_쫀득바출시_바이럴형_커뮤니티형_main.릴스_중소기업.쉬었음청년.X_1P_문선정_260702_빙과_김진수,5,0,12,3,3,인지
2026-09-12,120248746231010252,[빙과_쫀득바] 인지광고_잠재고객_26.08_video,[멜론] 무디_파트너십광고PA,kwaksuaaaa.mp4,1,0,20,1,1,인지
2026-09-12,120248945691420252,[빙과_쫀득바] 인지광고_트래픽_26.08_video,[복숭아] 파트너십 PA,[복숭아쫀득바] 오하루 PA,1,0,1,0,0,인지
2026-09-12,120248998717220252,[빙과_쫀득바] 인지광고_인지도_26.08_video,[09.11]쫀득바3종_차먹방노현경,[26.09]F_V_JD혼_전환_복쫀바출시_인물리뷰형_차먹방_main.릴스_차먹방.X_스틱바P_노현경_260911_빙과_노현경,13,0,24,5,5,인지
2026-09-12,120248998732550252,[빙과_쫀득바] 인지광고_조회_26.08_video,[09.11]쫀득바3종_차먹방노현경,[26.09]F_V_JD혼_전환_복쫀바출시_인물리뷰형_차먹방_main.릴스_차먹방.X_스틱바P_노현경_260911_빙과_노현경,52,0,94,19,19,인지
2026-09-12,120248998783430252,[빙과_쫀득바] 인지광고_조회_26.08_video,[09.11] 쫀득바3종_소비자검증형_정요한,[26.09]F_V_JD혼_인지_복쫀바출시_인물리뷰형_소비자검증형_main.릴스_일반.X_스틱바P_김바다_260911_빙과_정요한,14,0,19,5,5,인지
2026-09-12,120248998789160252,[빙과_쫀득바] 인지광고_조회_26.08_video,[09.11] 쫀득바3종_소비자검증형_정요한,[26.09]F_V_JD혼_인지_복쫀바출시_인물리뷰형_소비자검증형_var1.릴스_인트로변경.X_스틱바P_김바다_260911_빙과_정요한,69,0,192,34,34,인지
2026-09-12,120248999060440252,[빙과_쫀득바] 인지광고_잠재고객_26.08_video,[09.11] 쫀득바3종_점수 매기기_노현경,[26.09]F_V_JD혼_전환_복쫀바출시_인물리뷰형_점수매기기_main.릴스_점수매기기.X_스틱바P_노현경_260911_빙과_노현경,27,0,62,10,10,인지
2026-09-12,120248999118920252,[빙과_쫀득바] 인지광고_인지도_26.08_video,[09.11]쫀득바3종_점수 매기기_노현경,[26.09]F_V_JD혼_전환_복쫀바출시_인물리뷰형_점수매기기_main.릴스_점수매기기.X_스틱바P_노현경_260911_빙과_노현경,44,0,111,21,21,인지
2026-09-12,120248999143800252,[빙과_쫀득바] 인지광고_조회_26.08_video,[09.11]쫀득바3종_점수 매기기_노현경,[26.09]F_V_JD혼_전환_복쫀바출시_인물리뷰형_점수매기기_main.릴스_점수매기기.X_스틱바P_노현경_260911_빙과_노현경,36,0,104,19,19,인지
2026-09-13,120248620306080252,[빙과_쫀득바] 인지광고_잠재고객_26.08_video,[멜론] 7월 1주차_1위단독,[26.07]F_V_JD멜_인지_쫀득바출시_바이럴형_커뮤니티형_main.릴스_중소기업.쉬었음청년.X_1P_문선정_260702_빙과_김진수,1,0,0,0,0,인지
2026-09-13,120248945360570252,[빙과_쫀득바] 인지광고_인지도_26.08_video,[복숭아] 파트너십 PA,[복숭아쫀득바] 얌히 PA,4,0,7,3,3,인지
2026-09-13,120248945691420252,[빙과_쫀득바] 인지광고_트래픽_26.08_video,[복숭아] 파트너십 PA,[복숭아쫀득바] 오하루 PA,2,0,5,0,0,인지
2026-09-13,120248998717220252,[빙과_쫀득바] 인지광고_인지도_26.08_video,[09.11]쫀득바3종_차먹방노현경,[26.09]F_V_JD혼_전환_복쫀바출시_인물리뷰형_차먹방_main.릴스_차먹방.X_스틱바P_노현경_260911_빙과_노현경,8,0,5,1,1,인지
2026-09-13,120248998732550252,[빙과_쫀득바] 인지광고_조회_26.08_video,[09.11]쫀득바3종_차먹방노현경,[26.09]F_V_JD혼_전환_복쫀바출시_인물리뷰형_차먹방_main.릴스_차먹방.X_스틱바P_노현경_260911_빙과_노현경,101,0,351,74,74,인지
2026-09-13,120248998783430252,[빙과_쫀득바] 인지광고_조회_26.08_video,[09.11] 쫀득바3종_소비자검증형_정요한,[26.09]F_V_JD혼_인지_복쫀바출시_인물리뷰형_소비자검증형_main.릴스_일반.X_스틱바P_김바다_260911_빙과_정요한,20,0,116,13,13,인지
2026-09-13,120248998789160252,[빙과_쫀득바] 인지광고_조회_26.08_video,[09.11] 쫀득바3종_소비자검증형_정요한,[26.09]F_V_JD혼_인지_복쫀바출시_인물리뷰형_소비자검증형_var1.릴스_인트로변경.X_스틱바P_김바다_260911_빙과_정요한,81,0,142,53,53,인지
2026-09-13,120248999060440252,[빙과_쫀득바] 인지광고_잠재고객_26.08_video,[09.11] 쫀득바3종_점수 매기기_노현경,[26.09]F_V_JD혼_전환_복쫀바출시_인물리뷰형_점수매기기_main.릴스_점수매기기.X_스틱바P_노현경_260911_빙과_노현경,57,0,89,22,22,인지
2026-09-13,120248999118920252,[빙과_쫀득바] 인지광고_인지도_26.08_video,[09.11]쫀득바3종_점수 매기기_노현경,[26.09]F_V_JD혼_전환_복쫀바출시_인물리뷰형_점수매기기_main.릴스_점수매기기.X_스틱바P_노현경_260911_빙과_노현경,28,0,51,10,10,인지
2026-09-13,120248999143800252,[빙과_쫀득바] 인지광고_조회_26.08_video,[09.11]쫀득바3종_점수 매기기_노현경,[26.09]F_V_JD혼_전환_복쫀바출시_인물리뷰형_점수매기기_main.릴스_점수매기기.X_스틱바P_노현경_260911_빙과_노현경,68,0,269,58,58,인지
2026-09-14,120248620306080252,[빙과_쫀득바] 인지광고_잠재고객_26.08_video,[멜론] 7월 1주차_1위단독,[26.07]F_V_JD멜_인지_쫀득바출시_바이럴형_커뮤니티형_main.릴스_중소기업.쉬었음청년.X_1P_문선정_260702_빙과_김진수,1,0,1,1,1,인지
2026-09-14,120248945360570252,[빙과_쫀득바] 인지광고_인지도_26.08_video,[복숭아] 파트너십 PA,[복숭아쫀득바] 얌히 PA,4,0,5,1,1,인지
2026-09-14,120248998717220252,[빙과_쫀득바] 인지광고_인지도_26.08_video,[09.11]쫀득바3종_차먹방노현경,[26.09]F_V_JD혼_전환_복쫀바출시_인물리뷰형_차먹방_main.릴스_차먹방.X_스틱바P_노현경_260911_빙과_노현경,5,0,5,2,2,인지
2026-09-14,120248998732550252,[빙과_쫀득바] 인지광고_조회_26.08_video,[09.11]쫀득바3종_차먹방노현경,[26.09]F_V_JD혼_전환_복쫀바출시_인물리뷰형_차먹방_main.릴스_차먹방.X_스틱바P_노현경_260911_빙과_노현경,62,0,237,38,38,인지
2026-09-14,120248998783430252,[빙과_쫀득바] 인지광고_조회_26.08_video,[09.11] 쫀득바3종_소비자검증형_정요한,[26.09]F_V_JD혼_인지_복쫀바출시_인물리뷰형_소비자검증형_main.릴스_일반.X_스틱바P_김바다_260911_빙과_정요한,32,0,68,24,24,인지
2026-09-14,120248998789160252,[빙과_쫀득바] 인지광고_조회_26.08_video,[09.11] 쫀득바3종_소비자검증형_정요한,[26.09]F_V_JD혼_인지_복쫀바출시_인물리뷰형_소비자검증형_var1.릴스_인트로변경.X_스틱바P_김바다_260911_빙과_정요한,49,0,90,32,32,인지
2026-09-14,120248999060440252,[빙과_쫀득바] 인지광고_잠재고객_26.08_video,[09.11] 쫀득바3종_점수 매기기_노현경,[26.09]F_V_JD혼_전환_복쫀바출시_인물리뷰형_점수매기기_main.릴스_점수매기기.X_스틱바P_노현경_260911_빙과_노현경,48,0,76,16,16,인지
2026-09-14,120248999118920252,[빙과_쫀득바] 인지광고_인지도_26.08_video,[09.11]쫀득바3종_점수 매기기_노현경,[26.09]F_V_JD혼_전환_복쫀바출시_인물리뷰형_점수매기기_main.릴스_점수매기기.X_스틱바P_노현경_260911_빙과_노현경,23,0,45,11,11,인지
2026-09-14,120248999143800252,[빙과_쫀득바] 인지광고_조회_26.08_video,[09.11]쫀득바3종_점수 매기기_노현경,[26.09]F_V_JD혼_전환_복쫀바출시_인물리뷰형_점수매기기_main.릴스_점수매기기.X_스틱바P_노현경_260911_빙과_노현경,63,0,232,60,60,인지
2026-09-15,120248620228310252,[빙과_쫀득바] 인지광고_인지도_26.08_video,[멜론] 7월 2주차_바이럴(오하루)_JD멜,[26.07]F_V_JD멜_바이럴_쫀득바출시_바이럴형_바이럴형_var3.렉카_소금빵.버터떡.흰.X_2P_이재원_260703_빙과_최재헌,4,0,3,0,0,인지
2026-09-15,120248620306080252,[빙과_쫀득바] 인지광고_잠재고객_26.08_video,[멜론] 7월 1주차_1위단독,[26.07]F_V_JD멜_인지_쫀득바출시_바이럴형_커뮤니티형_main.릴스_중소기업.쉬었음청년.X_1P_문선정_260702_빙과_김진수,1,0,1,0,0,인지
2026-09-15,120248620306150252,[빙과_쫀득바] 인지광고_잠재고객_26.08_video,[멜론] 7월 2주차_바이럴(오하루)_JD멜,[26.07]F_V_JD멜_바이럴_쫀득바출시_바이럴형_바이럴형_var3.렉카_소금빵.버터떡.흰.X_2P_이재원_260703_빙과_최재헌,2,0,2,0,0,인지
2026-09-15,120248998717220252,[빙과_쫀득바] 인지광고_인지도_26.08_video,[09.11]쫀득바3종_차먹방노현경,[26.09]F_V_JD혼_전환_복쫀바출시_인물리뷰형_차먹방_main.릴스_차먹방.X_스틱바P_노현경_260911_빙과_노현경,3,0,4,0,0,인지
2026-09-15,120248998732550252,[빙과_쫀득바] 인지광고_조회_26.08_video,[09.11]쫀득바3종_차먹방노현경,[26.09]F_V_JD혼_전환_복쫀바출시_인물리뷰형_차먹방_main.릴스_차먹방.X_스틱바P_노현경_260911_빙과_노현경,71,0,252,50,50,인지
2026-09-15,120248998789160252,[빙과_쫀득바] 인지광고_조회_26.08_video,[09.11] 쫀득바3종_소비자검증형_정요한,[26.09]F_V_JD혼_인지_복쫀바출시_인물리뷰형_소비자검증형_var1.릴스_인트로변경.X_스틱바P_김바다_260911_빙과_정요한,160,0,701,104,104,인지
2026-09-15,120248999060440252,[빙과_쫀득바] 인지광고_잠재고객_26.08_video,[09.11] 쫀득바3종_점수 매기기_노현경,[26.09]F_V_JD혼_전환_복쫀바출시_인물리뷰형_점수매기기_main.릴스_점수매기기.X_스틱바P_노현경_260911_빙과_노현경,50,0,79,10,10,인지
2026-09-15,120248999118920252,[빙과_쫀득바] 인지광고_인지도_26.08_video,[09.11]쫀득바3종_점수 매기기_노현경,[26.09]F_V_JD혼_전환_복쫀바출시_인물리뷰형_점수매기기_main.릴스_점수매기기.X_스틱바P_노현경_260911_빙과_노현경,6,0,7,1,1,인지
2026-09-15,120248999143800252,[빙과_쫀득바] 인지광고_조회_26.08_video,[09.11]쫀득바3종_점수 매기기_노현경,[26.09]F_V_JD혼_전환_복쫀바출시_인물리뷰형_점수매기기_main.릴스_점수매기기.X_스틱바P_노현경_260911_빙과_노현경,45,0,80,41,41,인지
2026-09-16,120248620228310252,[빙과_쫀득바] 인지광고_인지도_26.08_video,[멜론] 7월 2주차_바이럴(오하루)_JD멜,[26.07]F_V_JD멜_바이럴_쫀득바출시_바이럴형_바이럴형_var3.렉카_소금빵.버터떡.흰.X_2P_이재원_260703_빙과_최재헌,2,0,3,1,1,인지
2026-09-16,120248746231010252,[빙과_쫀득바] 인지광고_잠재고객_26.08_video,[멜론] 무디_파트너십광고PA,kwaksuaaaa.mp4,4,0,7,4,4,인지
2026-09-16,120248998717220252,[빙과_쫀득바] 인지광고_인지도_26.08_video,[09.11]쫀득바3종_차먹방노현경,[26.09]F_V_JD혼_전환_복쫀바출시_인물리뷰형_차먹방_main.릴스_차먹방.X_스틱바P_노현경_260911_빙과_노현경,2,0,3,1,1,인지
2026-09-16,120248998732550252,[빙과_쫀득바] 인지광고_조회_26.08_video,[09.11]쫀득바3종_차먹방노현경,[26.09]F_V_JD혼_전환_복쫀바출시_인물리뷰형_차먹방_main.릴스_차먹방.X_스틱바P_노현경_260911_빙과_노현경,79,0,304,76,76,인지
2026-09-16,120248998789160252,[빙과_쫀득바] 인지광고_조회_26.08_video,[09.11] 쫀득바3종_소비자검증형_정요한,[26.09]F_V_JD혼_인지_복쫀바출시_인물리뷰형_소비자검증형_var1.릴스_인트로변경.X_스틱바P_김바다_260911_빙과_정요한,106,0,275,82,82,인지
2026-09-16,120248999060440252,[빙과_쫀득바] 인지광고_잠재고객_26.08_video,[09.11] 쫀득바3종_점수 매기기_노현경,[26.09]F_V_JD혼_전환_복쫀바출시_인물리뷰형_점수매기기_main.릴스_점수매기기.X_스틱바P_노현경_260911_빙과_노현경,52,0,68,15,15,인지
2026-09-16,120248999118920252,[빙과_쫀득바] 인지광고_인지도_26.08_video,[09.11]쫀득바3종_점수 매기기_노현경,[26.09]F_V_JD혼_전환_복쫀바출시_인물리뷰형_점수매기기_main.릴스_점수매기기.X_스틱바P_노현경_260911_빙과_노현경,4,0,6,1,1,인지
2026-09-16,120248999143800252,[빙과_쫀득바] 인지광고_조회_26.08_video,[09.11]쫀득바3종_점수 매기기_노현경,[26.09]F_V_JD혼_전환_복쫀바출시_인물리뷰형_점수매기기_main.릴스_점수매기기.X_스틱바P_노현경_260911_빙과_노현경,436,0,2382,423,423,인지
2026-09-16,120249058142640252,[빙과_쫀득바] 인지광고_조회_26.08_video,[3SKU] [09.15] 쫀득바3종_ai_함주현,[26.09]F_I_JD혼_인지_상시_혜택강조형__.릴스_3종.AI건.복쫀바.대세감.__김바다_260915_빙과_함주현,100,0,140,22,22,인지
2026-09-16,120249058146010252,[빙과_쫀득바] 인지광고_조회_26.08_video,[3SKU] [09.15] 쫀득바3종_ai_함주현,[26.09]F_I_JD혼_인지_상시_혜택강조형__.릴스_3종.AI건.복쫀바.맛인지.__김바다_260915_빙과_함주현,164,0,240,48,48,인지
2026-09-16,120249058157630252,[빙과_쫀득바] 인지광고_인지도_26.08_video,[3SKU] [09.15] 쫀득바3종_AI_함주현,[26.09]F_I_JD혼_인지_상시_혜택강조형__.릴스_3종.AI건.복쫀바.대세감.__김바다_260915_빙과_함주현,46,0,54,18,18,인지
2026-09-16,120249058161540252,[빙과_쫀득바] 인지광고_인지도_26.08_video,[3SKU] [09.15] 쫀득바3종_AI_함주현,[26.09]F_I_JD혼_인지_상시_혜택강조형__.릴스_3종.AI건.복쫀바.맛인지.__김바다_260915_빙과_함주현,10,0,9,1,1,인지
2026-09-16,120249058192520252,[빙과_쫀득바] 인지광고_잠재고객_26.08_video,[3SKU] [09.15] 쫀득바3종_AI_함주현,[26.09]F_I_JD혼_인지_상시_혜택강조형__.릴스_3종.AI건.복쫀바.대세감.__김바다_260915_빙과_함주현,23,0,30,9,9,인지
2026-09-16,120249058207400252,[빙과_쫀득바] 인지광고_잠재고객_26.08_video,[3SKU] [09.15] 쫀득바3종_AI_함주현,[26.09]F_I_JD혼_인지_상시_혜택강조형__.릴스_3종.AI건.복쫀바.맛인지.__김바다_260915_빙과_함주현,6,0,7,1,1,인지
2026-09-17,120248620306080252,[빙과_쫀득바] 인지광고_잠재고객_26.08_video,[멜론] 7월 1주차_1위단독,[26.07]F_V_JD멜_인지_쫀득바출시_바이럴형_커뮤니티형_main.릴스_중소기업.쉬었음청년.X_1P_문선정_260702_빙과_김진수,1,0,2,1,1,인지
2026-09-17,120248998717220252,[빙과_쫀득바] 인지광고_인지도_26.08_video,[09.11]쫀득바3종_차먹방노현경,[26.09]F_V_JD혼_전환_복쫀바출시_인물리뷰형_차먹방_main.릴스_차먹방.X_스틱바P_노현경_260911_빙과_노현경,4,0,11,2,2,인지
2026-09-17,120248998732550252,[빙과_쫀득바] 인지광고_조회_26.08_video,[09.11]쫀득바3종_차먹방노현경,[26.09]F_V_JD혼_전환_복쫀바출시_인물리뷰형_차먹방_main.릴스_차먹방.X_스틱바P_노현경_260911_빙과_노현경,83,0,360,77,77,인지
2026-09-17,120248998789160252,[빙과_쫀득바] 인지광고_조회_26.08_video,[09.11] 쫀득바3종_소비자검증형_정요한,[26.09]F_V_JD혼_인지_복쫀바출시_인물리뷰형_소비자검증형_var1.릴스_인트로변경.X_스틱바P_김바다_260911_빙과_정요한,156,0,449,133,133,인지
2026-09-17,120248999060440252,[빙과_쫀득바] 인지광고_잠재고객_26.08_video,[09.11] 쫀득바3종_점수 매기기_노현경,[26.09]F_V_JD혼_전환_복쫀바출시_인물리뷰형_점수매기기_main.릴스_점수매기기.X_스틱바P_노현경_260911_빙과_노현경,63,0,95,19,19,인지
2026-09-17,120248999118920252,[빙과_쫀득바] 인지광고_인지도_26.08_video,[09.11]쫀득바3종_점수 매기기_노현경,[26.09]F_V_JD혼_전환_복쫀바출시_인물리뷰형_점수매기기_main.릴스_점수매기기.X_스틱바P_노현경_260911_빙과_노현경,6,0,9,0,0,인지
2026-09-17,120248999143800252,[빙과_쫀득바] 인지광고_조회_26.08_video,[09.11]쫀득바3종_점수 매기기_노현경,[26.09]F_V_JD혼_전환_복쫀바출시_인물리뷰형_점수매기기_main.릴스_점수매기기.X_스틱바P_노현경_260911_빙과_노현경,41,0,64,41,41,인지
2026-09-17,120249058142640252,[빙과_쫀득바] 인지광고_조회_26.08_video,[3SKU] [09.15] 쫀득바3종_ai_함주현,[26.09]F_I_JD혼_인지_상시_혜택강조형__.릴스_3종.AI건.복쫀바.대세감.__김바다_260915_빙과_함주현,30,0,200,27,27,인지
2026-09-17,120249058146010252,[빙과_쫀득바] 인지광고_조회_26.08_video,[3SKU] [09.15] 쫀득바3종_ai_함주현,[26.09]F_I_JD혼_인지_상시_혜택강조형__.릴스_3종.AI건.복쫀바.맛인지.__김바다_260915_빙과_함주현,33,0,235,30,30,인지
2026-09-17,120249058157630252,[빙과_쫀득바] 인지광고_인지도_26.08_video,[3SKU] [09.15] 쫀득바3종_AI_함주현,[26.09]F_I_JD혼_인지_상시_혜택강조형__.릴스_3종.AI건.복쫀바.대세감.__김바다_260915_빙과_함주현,92,0,131,24,24,인지
2026-09-17,120249058161540252,[빙과_쫀득바] 인지광고_인지도_26.08_video,[3SKU] [09.15] 쫀득바3종_AI_함주현,[26.09]F_I_JD혼_인지_상시_혜택강조형__.릴스_3종.AI건.복쫀바.맛인지.__김바다_260915_빙과_함주현,17,0,19,7,7,인지
2026-09-17,120249058192520252,[빙과_쫀득바] 인지광고_잠재고객_26.08_video,[3SKU] [09.15] 쫀득바3종_AI_함주현,[26.09]F_I_JD혼_인지_상시_혜택강조형__.릴스_3종.AI건.복쫀바.대세감.__김바다_260915_빙과_함주현,55,0,96,15,15,인지
2026-09-17,120249058207400252,[빙과_쫀득바] 인지광고_잠재고객_26.08_video,[3SKU] [09.15] 쫀득바3종_AI_함주현,[26.09]F_I_JD혼_인지_상시_혜택강조형__.릴스_3종.AI건.복쫀바.맛인지.__김바다_260915_빙과_함주현,5,0,3,2,2,인지
2026-09-18,120248620306150252,[빙과_쫀득바] 인지광고_잠재고객_26.08_video,[멜론] 7월 2주차_바이럴(오하루)_JD멜,[26.07]F_V_JD멜_바이럴_쫀득바출시_바이럴형_바이럴형_var3.렉카_소금빵.버터떡.흰.X_2P_이재원_260703_빙과_최재헌,7,0,10,1,1,인지
2026-09-18,120248998732550252,[빙과_쫀득바] 인지광고_조회_26.08_video,[09.11]쫀득바3종_차먹방노현경,[26.09]F_V_JD혼_전환_복쫀바출시_인물리뷰형_차먹방_main.릴스_차먹방.X_스틱바P_노현경_260911_빙과_노현경,54,0,83,45,45,인지
2026-09-18,120248998783430252,[빙과_쫀득바] 인지광고_조회_26.08_video,[09.11] 쫀득바3종_소비자검증형_정요한,[26.09]F_V_JD혼_인지_복쫀바출시_인물리뷰형_소비자검증형_main.릴스_일반.X_스틱바P_김바다_260911_빙과_정요한,1,0,10,1,1,인지
2026-09-18,120248998789160252,[빙과_쫀득바] 인지광고_조회_26.08_video,[09.11] 쫀득바3종_소비자검증형_정요한,[26.09]F_V_JD혼_인지_복쫀바출시_인물리뷰형_소비자검증형_var1.릴스_인트로변경.X_스틱바P_김바다_260911_빙과_정요한,77,0,487,64,64,인지
2026-09-18,120248999060440252,[빙과_쫀득바] 인지광고_잠재고객_26.08_video,[09.11] 쫀득바3종_점수 매기기_노현경,[26.09]F_V_JD혼_전환_복쫀바출시_인물리뷰형_점수매기기_main.릴스_점수매기기.X_스틱바P_노현경_260911_빙과_노현경,84,0,133,23,23,인지
2026-09-18,120248999118920252,[빙과_쫀득바] 인지광고_인지도_26.08_video,[09.11]쫀득바3종_점수 매기기_노현경,[26.09]F_V_JD혼_전환_복쫀바출시_인물리뷰형_점수매기기_main.릴스_점수매기기.X_스틱바P_노현경_260911_빙과_노현경,4,0,10,0,0,인지
2026-09-18,120248999143800252,[빙과_쫀득바] 인지광고_조회_26.08_video,[09.11]쫀득바3종_점수 매기기_노현경,[26.09]F_V_JD혼_전환_복쫀바출시_인물리뷰형_점수매기기_main.릴스_점수매기기.X_스틱바P_노현경_260911_빙과_노현경,105,0,308,104,104,인지
2026-09-18,120249058142640252,[빙과_쫀득바] 인지광고_조회_26.08_video,[3SKU] [09.15] 쫀득바3종_ai_함주현,[26.09]F_I_JD혼_인지_상시_혜택강조형__.릴스_3종.AI건.복쫀바.대세감.__김바다_260915_빙과_함주현,34,0,43,33,33,인지
2026-09-18,120249058146010252,[빙과_쫀득바] 인지광고_조회_26.08_video,[3SKU] [09.15] 쫀득바3종_ai_함주현,[26.09]F_I_JD혼_인지_상시_혜택강조형__.릴스_3종.AI건.복쫀바.맛인지.__김바다_260915_빙과_함주현,15,0,19,15,15,인지
2026-09-18,120249058157630252,[빙과_쫀득바] 인지광고_인지도_26.08_video,[3SKU] [09.15] 쫀득바3종_AI_함주현,[26.09]F_I_JD혼_인지_상시_혜택강조형__.릴스_3종.AI건.복쫀바.대세감.__김바다_260915_빙과_함주현,92,0,137,26,26,인지
2026-09-18,120249058161540252,[빙과_쫀득바] 인지광고_인지도_26.08_video,[3SKU] [09.15] 쫀득바3종_AI_함주현,[26.09]F_I_JD혼_인지_상시_혜택강조형__.릴스_3종.AI건.복쫀바.맛인지.__김바다_260915_빙과_함주현,2,0,4,0,0,인지
2026-09-18,120249058192520252,[빙과_쫀득바] 인지광고_잠재고객_26.08_video,[3SKU] [09.15] 쫀득바3종_AI_함주현,[26.09]F_I_JD혼_인지_상시_혜택강조형__.릴스_3종.AI건.복쫀바.대세감.__김바다_260915_빙과_함주현,53,0,78,18,18,인지
2026-09-18,120249110682440252,[빙과_쫀득바] 인지광고_조회_26.08_video,[복숭아] 9월 3주차_주현_맛인지,[26.09]F_I_JD복_인지_상시_혜택강조형__.릴스_고효율베리.그릭맛강조.__이재원_260918_빙과_함주현,2,0,1,0,0,인지
2026-09-18,120249110688640252,[빙과_쫀득바] 인지광고_조회_26.08_video,[복숭아] 9월 3주차_주현_맛인지,[26.09]F_I_JD복_인지_상시_혜택강조형__.릴스_고효율베리.그릭모모.__이재원_260918_빙과_함주현,90,0,96,16,16,인지
2026-09-18,120249110704520252,[빙과_쫀득바] 인지광고_조회_26.08_video,[복숭아] 9월 3주차_주현_맛인지,[26.09]F_I_JD복_인지_상시_혜택강조형__.릴스_고효율베리.생그릭요거트.__이재원_260918_빙과_함주현.,266,0,266,59,59,인지
2026-09-18,120249110710020252,[빙과_쫀득바] 인지광고_조회_26.08_video,[복숭아] 9월 3주차_주현_맛인지,[26.09]F_I_JD복_인지_상시_혜택강조형__.릴스_고효율베리.요거트비교.__이재원_260918_빙과_함주현,124,0,130,19,19,인지
2026-09-18,120249110720310252,[빙과_쫀득바] 인지광고_조회_26.08_video,[복숭아] 9월 3주차_주현_맛인지,[26.09]F_I_JD복_인지_상시_혜택강조형__.릴스_고효율베리.한정선.__이재원_260918_빙과_함주현,11,0,8,4,4,인지
2026-09-19,120248620228010252,[빙과_쫀득바] 인지광고_인지도_26.08_video,[멜론] 0724_추성훈BP_JD멜,[26.07]F_V_JD멜_인지_쫀득바출시_신규BP_추성훈BP_var5.렉카_매출1등.7월.수민PJ_1P_영상팀_260724_빙과_이수민,1,0,0,0,0,인지
2026-09-19,120248620228310252,[빙과_쫀득바] 인지광고_인지도_26.08_video,[멜론] 7월 2주차_바이럴(오하루)_JD멜,[26.07]F_V_JD멜_바이럴_쫀득바출시_바이럴형_바이럴형_var3.렉카_소금빵.버터떡.흰.X_2P_이재원_260703_빙과_최재헌,13,0,13,7,7,인지
2026-09-19,120248620228370252,[빙과_쫀득바] 인지광고_인지도_26.08_video,[멜론] 7월 3주차_현장감BP_JD멜,[26.07]F_V_JD멜_인지_쫀득바출시_신규BP_현장감BP_var3.릴스_사재기.싫은.X_2P_문선정_260716_빙과_유영현,2,0,2,1,1,인지
2026-09-19,120248620306070252,[빙과_쫀득바] 인지광고_잠재고객_26.08_video,[멜론] 7월 1주차_1위단독,[26.07]F_V_JD멜_인지_쫀득바출시_바이럴형_커뮤니티형_var4.릴스_판매중단.모쏠친구.X_1P_문선정_260703_빙과_김진수,3,0,2,0,0,인지
2026-09-19,120248620306080252,[빙과_쫀득바] 인지광고_잠재고객_26.08_video,[멜론] 7월 1주차_1위단독,[26.07]F_V_JD멜_인지_쫀득바출시_바이럴형_커뮤니티형_main.릴스_중소기업.쉬었음청년.X_1P_문선정_260702_빙과_김진수,5,0,10,1,1,인지
2026-09-19,120248945691420252,[빙과_쫀득바] 인지광고_트래픽_26.08_video,[복숭아] 파트너십 PA,[복숭아쫀득바] 오하루 PA,1,0,2,1,1,인지
2026-09-19,120248998717220252,[빙과_쫀득바] 인지광고_인지도_26.08_video,[09.11]쫀득바3종_차먹방노현경,[26.09]F_V_JD혼_전환_복쫀바출시_인물리뷰형_차먹방_main.릴스_차먹방.X_스틱바P_노현경_260911_빙과_노현경,19,0,34,10,10,인지
2026-09-19,120248998732550252,[빙과_쫀득바] 인지광고_조회_26.08_video,[09.11]쫀득바3종_차먹방노현경,[26.09]F_V_JD혼_전환_복쫀바출시_인물리뷰형_차먹방_main.릴스_차먹방.X_스틱바P_노현경_260911_빙과_노현경,181,0,933,171,171,인지
2026-09-19,120248998783430252,[빙과_쫀득바] 인지광고_조회_26.08_video,[09.11] 쫀득바3종_소비자검증형_정요한,[26.09]F_V_JD혼_인지_복쫀바출시_인물리뷰형_소비자검증형_main.릴스_일반.X_스틱바P_김바다_260911_빙과_정요한,1,0,8,1,1,인지
2026-09-19,120248998789160252,[빙과_쫀득바] 인지광고_조회_26.08_video,[09.11] 쫀득바3종_소비자검증형_정요한,[26.09]F_V_JD혼_인지_복쫀바출시_인물리뷰형_소비자검증형_var1.릴스_인트로변경.X_스틱바P_김바다_260911_빙과_정요한,121,0,215,101,101,인지
2026-09-19,120248999060440252,[빙과_쫀득바] 인지광고_잠재고객_26.08_video,[09.11] 쫀득바3종_점수 매기기_노현경,[26.09]F_V_JD혼_전환_복쫀바출시_인물리뷰형_점수매기기_main.릴스_점수매기기.X_스틱바P_노현경_260911_빙과_노현경,87,0,167,38,38,인지
2026-09-19,120248999118920252,[빙과_쫀득바] 인지광고_인지도_26.08_video,[09.11]쫀득바3종_점수 매기기_노현경,[26.09]F_V_JD혼_전환_복쫀바출시_인물리뷰형_점수매기기_main.릴스_점수매기기.X_스틱바P_노현경_260911_빙과_노현경,13,0,20,4,4,인지
2026-09-19,120248999143800252,[빙과_쫀득바] 인지광고_조회_26.08_video,[09.11]쫀득바3종_점수 매기기_노현경,[26.09]F_V_JD혼_전환_복쫀바출시_인물리뷰형_점수매기기_main.릴스_점수매기기.X_스틱바P_노현경_260911_빙과_노현경,129,0,496,118,118,인지
2026-09-19,120249058142640252,[빙과_쫀득바] 인지광고_조회_26.08_video,[3SKU] [09.15] 쫀득바3종_ai_함주현,[26.09]F_I_JD혼_인지_상시_혜택강조형__.릴스_3종.AI건.복쫀바.대세감.__김바다_260915_빙과_함주현,219,0,1392,213,213,인지
2026-09-19,120249058157630252,[빙과_쫀득바] 인지광고_인지도_26.08_video,[3SKU] [09.15] 쫀득바3종_AI_함주현,[26.09]F_I_JD혼_인지_상시_혜택강조형__.릴스_3종.AI건.복쫀바.대세감.__김바다_260915_빙과_함주현,4,0,9,1,1,인지
2026-09-19,120249058161540252,[빙과_쫀득바] 인지광고_인지도_26.08_video,[3SKU] [09.15] 쫀득바3종_AI_함주현,[26.09]F_I_JD혼_인지_상시_혜택강조형__.릴스_3종.AI건.복쫀바.맛인지.__김바다_260915_빙과_함주현,1,0,1,0,0,인지
2026-09-19,120249058192520252,[빙과_쫀득바] 인지광고_잠재고객_26.08_video,[3SKU] [09.15] 쫀득바3종_AI_함주현,[26.09]F_I_JD혼_인지_상시_혜택강조형__.릴스_3종.AI건.복쫀바.대세감.__김바다_260915_빙과_함주현,63,0,82,18,18,인지
2026-09-19,120249110682440252,[빙과_쫀득바] 인지광고_조회_26.08_video,[복숭아] 9월 3주차_주현_맛인지,[26.09]F_I_JD복_인지_상시_혜택강조형__.릴스_고효율베리.그릭맛강조.__이재원_260918_빙과_함주현,4,0,4,1,1,인지
2026-09-19,120249110704520252,[빙과_쫀득바] 인지광고_조회_26.08_video,[복숭아] 9월 3주차_주현_맛인지,[26.09]F_I_JD복_인지_상시_혜택강조형__.릴스_고효율베리.생그릭요거트.__이재원_260918_빙과_함주현.,12,0,111,11,11,인지
2026-09-19,120249110710020252,[빙과_쫀득바] 인지광고_조회_26.08_video,[복숭아] 9월 3주차_주현_맛인지,[26.09]F_I_JD복_인지_상시_혜택강조형__.릴스_고효율베리.요거트비교.__이재원_260918_빙과_함주현,42,0,353,34,34,인지
2026-09-20,120248620228310252,[빙과_쫀득바] 인지광고_인지도_26.08_video,[멜론] 7월 2주차_바이럴(오하루)_JD멜,[26.07]F_V_JD멜_바이럴_쫀득바출시_바이럴형_바이럴형_var3.렉카_소금빵.버터떡.흰.X_2P_이재원_260703_빙과_최재헌,1,0,1,1,1,인지
2026-09-20,120248620306080252,[빙과_쫀득바] 인지광고_잠재고객_26.08_video,[멜론] 7월 1주차_1위단독,[26.07]F_V_JD멜_인지_쫀득바출시_바이럴형_커뮤니티형_main.릴스_중소기업.쉬었음청년.X_1P_문선정_260702_빙과_김진수,1,0,2,0,0,인지
2026-09-20,120248945360570252,[빙과_쫀득바] 인지광고_인지도_26.08_video,[복숭아] 파트너십 PA,[복숭아쫀득바] 얌히 PA,6,0,12,1,1,인지
2026-09-20,120248998717220252,[빙과_쫀득바] 인지광고_인지도_26.08_video,[09.11]쫀득바3종_차먹방노현경,[26.09]F_V_JD혼_전환_복쫀바출시_인물리뷰형_차먹방_main.릴스_차먹방.X_스틱바P_노현경_260911_빙과_노현경,8,0,11,2,2,인지
2026-09-20,120248998732550252,[빙과_쫀득바] 인지광고_조회_26.08_video,[09.11]쫀득바3종_차먹방노현경,[26.09]F_V_JD혼_전환_복쫀바출시_인물리뷰형_차먹방_main.릴스_차먹방.X_스틱바P_노현경_260911_빙과_노현경,101,0,147,87,87,인지
2026-09-20,120248998789160252,[빙과_쫀득바] 인지광고_조회_26.08_video,[09.11] 쫀득바3종_소비자검증형_정요한,[26.09]F_V_JD혼_인지_복쫀바출시_인물리뷰형_소비자검증형_var1.릴스_인트로변경.X_스틱바P_김바다_260911_빙과_정요한,380,0,689,293,293,인지
2026-09-20,120248999060440252,[빙과_쫀득바] 인지광고_잠재고객_26.08_video,[09.11] 쫀득바3종_점수 매기기_노현경,[26.09]F_V_JD혼_전환_복쫀바출시_인물리뷰형_점수매기기_main.릴스_점수매기기.X_스틱바P_노현경_260911_빙과_노현경,82,0,226,43,43,인지
2026-09-20,120248999118920252,[빙과_쫀득바] 인지광고_인지도_26.08_video,[09.11]쫀득바3종_점수 매기기_노현경,[26.09]F_V_JD혼_전환_복쫀바출시_인물리뷰형_점수매기기_main.릴스_점수매기기.X_스틱바P_노현경_260911_빙과_노현경,73,0,191,37,37,인지
2026-09-20,120248999143800252,[빙과_쫀득바] 인지광고_조회_26.08_video,[09.11]쫀득바3종_점수 매기기_노현경,[26.09]F_V_JD혼_전환_복쫀바출시_인물리뷰형_점수매기기_main.릴스_점수매기기.X_스틱바P_노현경_260911_빙과_노현경,3,0,17,3,3,인지
2026-09-20,120249058142640252,[빙과_쫀득바] 인지광고_조회_26.08_video,[3SKU] [09.15] 쫀득바3종_ai_함주현,[26.09]F_I_JD혼_인지_상시_혜택강조형__.릴스_3종.AI건.복쫀바.대세감.__김바다_260915_빙과_함주현,7,0,9,7,7,인지
2026-09-20,120249058157630252,[빙과_쫀득바] 인지광고_인지도_26.08_video,[3SKU] [09.15] 쫀득바3종_AI_함주현,[26.09]F_I_JD혼_인지_상시_혜택강조형__.릴스_3종.AI건.복쫀바.대세감.__김바다_260915_빙과_함주현,76,0,112,20,20,인지
2026-09-20,120249058192520252,[빙과_쫀득바] 인지광고_잠재고객_26.08_video,[3SKU] [09.15] 쫀득바3종_AI_함주현,[26.09]F_I_JD혼_인지_상시_혜택강조형__.릴스_3종.AI건.복쫀바.대세감.__김바다_260915_빙과_함주현,29,0,49,11,11,인지
2026-09-20,120249058207400252,[빙과_쫀득바] 인지광고_잠재고객_26.08_video,[3SKU] [09.15] 쫀득바3종_AI_함주현,[26.09]F_I_JD혼_인지_상시_혜택강조형__.릴스_3종.AI건.복쫀바.맛인지.__김바다_260915_빙과_함주현,1,0,1,1,1,인지
2026-09-20,120249110682440252,[빙과_쫀득바] 인지광고_조회_26.08_video,[복숭아] 9월 3주차_주현_맛인지,[26.09]F_I_JD복_인지_상시_혜택강조형__.릴스_고효율베리.그릭맛강조.__이재원_260918_빙과_함주현,5,0,3,2,2,인지
2026-09-20,120249110704520252,[빙과_쫀득바] 인지광고_조회_26.08_video,[복숭아] 9월 3주차_주현_맛인지,[26.09]F_I_JD복_인지_상시_혜택강조형__.릴스_고효율베리.생그릭요거트.__이재원_260918_빙과_함주현.,5,0,4,2,2,인지
2026-09-20,120249110710020252,[빙과_쫀득바] 인지광고_조회_26.08_video,[복숭아] 9월 3주차_주현_맛인지,[26.09]F_I_JD복_인지_상시_혜택강조형__.릴스_고효율베리.요거트비교.__이재원_260918_빙과_함주현,39,0,33,13,13,인지
2026-09-20,120249110720310252,[빙과_쫀득바] 인지광고_조회_26.08_video,[복숭아] 9월 3주차_주현_맛인지,[26.09]F_I_JD복_인지_상시_혜택강조형__.릴스_고효율베리.한정선.__이재원_260918_빙과_함주현,15,0,10,2,2,인지
