date,ad_id,campaign_name,adset_name,ad_name,impressions,clicks,spend,conversions,thruplay,광고목적
2026-09-07,120243940488790659,[빙과_파인트_초코] 26.02_복요파출시_수동_전환_video_전체타겟,쩜오건_3월 3주차,[26.03]F_V_P초_전환_복요파출시_쩜오건_밈활용_var1.릴스_기본.03_00_이봄_260320_1T_이봄1,41405,484,708799,35,1308,전환
2026-09-07,120249872523430659,[빙과_파인트_망고] 26.05_망요파출시_수동_전환_image_전체타겟,0623_애플민트,[26.06]F_I_P애_전환_상시_혜택강조형__.배너_.대세감.딱100원.다시는없습니다.__박지연_260623_빙과_홍정민,14340,204,169755,8,0,전환
2026-09-07,120250719511590659,[빙과_스틱바_듬뿍바] 26.06_듬뿍바출시_ASC_전환_video_전체타겟_7월 2주차_풀리오BP/지인네고,[빙과_스틱바_듬뿍바] 26.06_듬뿍바출시_ASC_전환_video_전체타겟_7월 2주차_풀리오BP/지인네고,[26.07]F_V_DB베_전환_듬뿍바출시이벤트_네고형_지인네고형_var2.릴스_대세감.X_1P_고가영_260710_빙과_이수민,7311,99,126201,11,368,전환
2026-09-07,120251470127770659,[빙과_파인트_골키파] 26.07_골키파출시_수동_전환_image_전체타겟,0807_100원_P골,[26.07]F_I_P혼_전환_상시__혜택강조형__.배너_죄송합니다.여름한정제품이라.여름과일상큼함.과일보다낮은당류.__이도경_260807_빙과_김민우,51961,542,460859,31,0,전환
2026-09-07,120248737510830659,(운영X) [빙과_스틱바_멜론쫀득] 26.05_쫀득바출시_ASC_전환_video_전체타겟_6월 1주차_맛인지/원가강조,[빙과_스틱바_멜론쫀득] 26.05_쫀득바출시_ASC_전환_video_전체타겟_6월 1주차_맛인지/원가강조,[26.06]F_V_JD멜_전환_쫀득바출시_맛인지형_우베BP_var1.릴스_혜택.X_2P_김유진_260605_빙과_김지연,59522,1049,862979,64,2347,전환
2026-09-07,120250087539300659,(운영X) [빙과_스틱바_멜론쫀득] 26.05_쫀득바출시_수동_전환_image_전체타겟,0626_멜론쫀득바,[26.06]F_I_JD멜_전환_쫀득바출시_직원설득형__.배너_고효율.가격실수안내.__문선정_260625_빙과_오형선,1550,54,30300,2,0,전환
2026-09-07,120250879871970659,[빙과_파인트_말차] 26.07_말차재입고_수동_전환_video_전체타겟,7월 3주차_지인네고형_P말,[26.07]F_V_P말_전환_말차재입고_네고형_지인네고형_var4.릴스_젤라또몽둥이.7월.수민PJ_1P_영상팀_260716_빙과_이수민,20067,428,336176,17,2474,전환
2026-09-07,120250881592360659,(운영X) [빙과_스틱바_멜론쫀득] 26.07_쫀득바출시_ASC_전환_video_전체타겟_7월 3주차_백정BP,[빙과_스틱바_멜론쫀득] 26.07_쫀득바출시_ASC_전환_video_전체타겟_7월 3주차_백정BP,[26.07]F_V_JD멜_전환_쫀득바출시_기타_백정BP_var4.릴스_OEM.X_2P_김유진_260716_빙과_조의진,1060,45,19348,0,211,전환
2026-09-07,120251095920660659,(운영X) [빙과_스틱바_멜론쫀득] 26.05_쫀득바출시_수동_전환_image_전체타겟,0724_JD멜,[26.07]F_I_JD멜_전환_쫀득바출시_AI영상자동화_혜택강조형__.릴스_ai캐릭터.고효율베리.오열멜론1.지금이젤싸요.__김유진_260724_빙과_홍정민,249,5,5960,0,5,전환
2026-09-07,120251570800890659,[빙과_파인트] 26.08_재집행_수동_전환_video_남성타겟,8월 2주차_재집행_P초_2,[26.03]F_V_P초_전환_복요파출시_네고형_실수네고형_var3.릴스_살려주세요.03_00_고가영_260320_1T_윤성미,4981,89,77451,4,540,전환
2026-09-07,120251694571720659,[빙과_파인트_골키파] 26.08_골키파출시_ASC_전환_video_전체타겟_8월 2주차_지인네고/안다르BP,[빙과_파인트_골키파] 26.08_골키파출시_ASC_전환_video_전체타겟_8월 2주차_지인네고/안다르BP,[26.08]F_V_P초_전환_골키파출시_네고형_지인네고형_main.릴스_공통.8월.수민PJ_파인트P_이도경_260814_빙과_김지연,2030,20,20769,1,110,전환
2026-09-07,120251696400670659,[빙과_파인트_골키파] 26.08_골키파출시_ASC_전환_video_전체타겟_8월 2주차_지인네고/안다르BP,[빙과_파인트_골키파] 26.08_골키파출시_ASC_전환_video_전체타겟_8월 2주차_지인네고/안다르BP,[26.08]F_V_P말_전환_골키파출시_맛인지형_안다르BP_var2.릴스_말차.시즌종료.8월.수민PJ_파인트P_영상팀_260814_빙과_이수민,589,9,6591,0,6,전환
2026-09-07,120251696467610659,[빙과_파인트_골키파] 26.08_골키파출시_ASC_전환_video_전체타겟_8월 2주차_전화네고/도담우BP,[빙과_파인트_골키파] 26.08_골키파출시_ASC_전환_video_전체타겟_8월 2주차_전화네고/도담우BP,[26.08]F_V_P말_전환_골키파출시_신규BP_도담우 BP_main.릴스_3억.X_스틱바P_영상팀_260814_빙과_노현경,513,24,14318,1,111,전환
2026-09-07,120245678853640659,[빙과_파인트_망고] 26.04_망요파출시_ASC_전환_video_전체타겟_4월 4주차_유인맨즈BP/전라도청년BP,[파인트_망고] 26.04_망요파출시_ASC_전환_video_전체타겟_4월 4주차_유인맨즈BP/전라도청년BP,[26.04]F_V_P망_전환_망요파출시_네고형_관계성네고형_var1.릴스_규모감.X_1C_고가영_260424_1T_이미진,23098,432,315193,20,2569,전환
2026-09-07,120250683091110659,[빙과_파인트] 26.04_파인트990원_수동_전환_image_전체타겟,0709_990원_P말,[26.07]F_I_P말_전환_상시_직원설득형__.배너_원재료강조.수급.텍스트소구.구매제한.공지문.현장감.표.제한적인특성상.종료.__손유곤_260709_빙과_김민우,22275,410,228816,15,0,전환
2026-09-07,120251930850820659,[빙과_파인트_골키파] 26.07_골키파출시_수동_전환_video_전체타겟,8월 3주차_전라도청년BP_P바,[26.08]F_V_P바_전환_골키파출시_네고형_전라도청년BP_var2.릴스_시어머니분노.X_파인트P_영상팀_260821_빙과_정하얀,13067,350,151563,9,3834,전환
2026-09-07,120252003632390659,[빙과_파인트] 26.08_재집행_수동_전환_video_2039전체타겟,8월 2주차_재집행_P요/바/우,[25.09]F_V_P우_전환_멜론바리뉴얼기념_네고형_기본_main.릴스_쫀득._2509KR3_안예빈_250912_1T_서상현,1884,14,19318,1,72,전환
2026-09-07,120252008781600659,(운영X) 빙과_스틱바_멜론쫀득] 26.08_쫀득바출시_ASC_전환_image_전체타겟_재입고,[멜론쫀득바] 26.08_쫀득바출시_ASC_전환_image_전체타겟_이나연&고효율배리,[26.07]F_I_JD멜_전환_상시_혜택강조형__.배너_안내문.직원할인.아이돌.미슐랭.곧정가로돌아갑니다.__황경원_260825_빙과_이채윤,18400,290,263563,25,946,전환
2026-09-07,120252008798870659,(운영X) 빙과_스틱바_멜론쫀득] 26.08_쫀득바출시_ASC_전환_image_전체타겟_재입고,[멜론쫀득바] 26.08_쫀득바출시_ASC_전환_image_전체타겟_이나연&고효율배리,[26.07]F_I_JD멜_전환_상시_혜택강조형__.배너_단계할인.맛.닥터후.초등유행.맘카페에서이거사려고대기.__황경원_260825_빙과_이채윤,2,1,296,0,0,전환
2026-09-07,120252008805010659,(운영X) 빙과_스틱바_멜론쫀득] 26.08_쫀득바출시_ASC_전환_image_전체타겟_재입고,[멜론쫀득바] 26.08_쫀득바출시_ASC_전환_image_전체타겟_이나연&고효율배리,[26.07]F_I_JD멜_전환_상시_혜택강조형__.배너_단계할인.맛.아이돌.고급호텔.이번재고까지만.__황경원_260825_빙과_이채윤,12088,209,206211,20,0,전환
2026-09-07,120252008808950659,(운영X) 빙과_스틱바_멜론쫀득] 26.08_쫀득바출시_ASC_전환_image_전체타겟_재입고,[멜론쫀득바] 26.08_쫀득바출시_ASC_전환_image_전체타겟_이나연&고효율배리,[26.07]F_I_JD멜_전환_상시_혜택강조형__.배너_단계할인.맛.연예인.고급호텔.똑똑한사람들은이때를노림.__황경원_260825_빙과_이채윤,7702,98,100030,7,0,전환
2026-09-07,120252029185920659,[빙과_파인트_골키파] 26.07_골키파출시_수동_전환_image_전체타겟,0826_100원_오마카세,[26.08]F_I_P말_전환_상시__혜택강조형__.배너_네고형.유명오마카세픽.고급오마카세후식.__이도경_260826_빙과_김민우,11344,111,112776,5,0,전환
2026-09-07,120252029251180659,[빙과_파인트] 26.04_파인트990원_수동_전환_image_전체타겟,0826_990원_오마카세,[26.08]F_I_P말_전환_파인트990원__혜택강조형__.배너_오마카세.쓴다는.화제의젤라또.__이도경_260826_빙과_김민우,1883,19,19232,0,0,전환
2026-09-07,120252046686140659,[빙과_파인트_골키파] 26.07_골키파출시_수동_전환_image_전체타겟,0827_100원_프리미엄_스테디3종,[26.08]F_I_P혼_전환_상시__혜택강조형__.배너_스테디3종.상황할인.안내문.파인트가격실수안내.__고가영_260827_빙과_이채윤,825,16,12416,0,0,전환
2026-09-07,120252046694960659,[빙과_파인트] 26.04_파인트990원_수동_전환_image_전체타겟,0827_990원_프리미엄_스테디3종,[26.08]F_I_P혼_전환_파인트990원__혜택강조형__.배너_스테디3종.4분할.맛.비싼원재료만아낌없이들어가고급지게찐한젤라또맛.__고가영_260827_빙과_이채윤,2088,11,26663,0,0,전환
2026-09-07,120252047869490659,[빙과_파인트] 26.04_파인트990원_수동_전환_image_전체타겟,0827_P혼_990원,[26.08]F_I_P혼_전환_파인트990원__혜택강조형__.릴스_양강조.한달간.젤라또.무제한제공.__이도경_260827_빙과_김민우,5399,73,70444,3,107,전환
2026-09-07,120252063484950659,[빙과_파인트_골키파] 26.07_골키파출시_수동_전환_video_전체타겟,8월 4주차_먹스타형_P말,[26.08]F_V_P말_전환_골키파출시_맛인지형_신규BP.먹스타형_var4.릴스_1등.8월.수민PJ_파인트P_영상팀_260828_빙과_이수민,37539,839,534398,27,1982,전환
2026-09-07,120252064376510659,[빙과_파인트_골키파] 26.07_골키파출시_수동_전환_image_전체타겟,0828_100원,[26.08]F_I_P말_전환_상시__혜택강조형__.배너_상황할인.안내문.현장감.100원헤택.오마카세.__고가영_260828_빙과_김민우,5216,87,74295,4,0,전환
2026-09-07,120252064387790659,[빙과_파인트] 26.04_파인트990원_수동_전환_image_전체타겟,0828_990원,[26.08]F_I_P혼_전환_파인트990원__혜택강조형__.배너_여름한정.셔벗3종.상황할인.안내문.현장감.시즌종료안내.990원.__고가영_260828_빙과_김민우,1405,14,15230,1,0,전환
2026-09-07,120252064388620659,[빙과_파인트] 26.04_파인트990원_수동_전환_image_전체타겟,0828_990원,[26.08]F_I_P혼_전환_파인트990원__혜택강조형__.배너_최저할인.무제한990원.글로벌프리미엄아이스크림제치고1등.__고가영_260828_빙과_김민우,7690,140,101603,6,0,전환
2026-09-07,120252097866560659,[빙과_파인트] 26.04_파인트990원_수동_전환_image_전체타겟,0831_성분강조형_990원,[26.08]F_I_P혼_전환_파인트990원__직원설득형__.배너_성분강조.타사제품대비.공지문.상황할인.성분논란안내.당비교.편의점고급아이스크림.__고가영_260831_빙과_이채윤,1,0,16,0,0,전환
2026-09-07,120252097867900659,[빙과_파인트] 26.04_파인트990원_수동_전환_image_전체타겟,0831_성분강조형_990원,[26.08]F_I_P혼_전환_파인트990원__직원설득형__.배너_성분강조.타사제품대비.공지문.현장감.상황할인.성분논란안내.당비교.글로벌1위프리미엄아이스크림.__고가영_260831_빙과_이채윤,8,0,159,0,0,전환
2026-09-07,120252097873490659,[빙과_파인트] 26.04_파인트990원_수동_전환_image_전체타겟,0831_성분강조형_990원,[26.08]F_I_P혼_전환_파인트990원__직원설득형__.배너_성분강조.타사제품대비.공지문.현장감.상황할인.성분논란안내.당비교.부자아이스크림.__고가영_260831_빙과_이채윤,10,0,35,0,0,전환
2026-09-07,120252097905350659,[빙과_파인트_골키파] 26.07_골키파출시_수동_전환_image_전체타겟,0831_페르소나_100원,[26.08]F_I_P혼_전환_파인트990원__제품강조형__.배너_페르소나.타사제품대비.헬스트레이너도 쟁여놓는.당5배.__고가영_260831_빙과_함주현,9,0,129,0,0,전환
2026-09-07,120252097913180659,[빙과_파인트_골키파] 26.07_골키파출시_수동_전환_image_전체타겟,0831_페르소나_100원,[26.08]F_I_P혼_전환_파인트990원__혜택강조형__.배너_페르소나.타사제품대비.내일부터정상가.100원.__고가영_260831_빙과_함주현,976,23,15883,0,0,전환
2026-09-07,120252097918600659,[빙과_파인트_골키파] 26.07_골키파출시_수동_전환_image_전체타겟,0831_페르소나_100원,[26.08]F_I_P혼_전환_파인트990원__혜택강조형__.배너_페르소나.타사제품대비.사과문.100원.한정수량특가.__고가영_260831_빙과_함주현,9,0,129,0,0,전환
2026-09-07,120252097945260659,[빙과_파인트] 26.08_파인트990원_ASC_전환_video_전체타겟_9월 1주차_재집행,[빙과_파인트] 26.08_파인트990원_ASC_전환_video_전체타겟_9월 1주차_재집행,[26.05]F_V_P망_전환_파인트990원_네고형_지인네고형_var1.릴스_취식.X_1C_박지연_260515_1T_조의진,169,4,2443,0,17,전환
2026-09-07,120252097960370659,[빙과_파인트] 26.08_파인트990원_ASC_전환_video_전체타겟_9월 1주차_재집행,[빙과_파인트] 26.08_파인트990원_ASC_전환_video_전체타겟_9월 1주차_재집행,[26.05]F_V_P애_전환_파인트990원_신규BP_파르셀BP_main.릴스_본론.X_1C_고가영_260522_1T_이봄1,189,0,1811,0,7,전환
2026-09-07,120252097972220659,[빙과_파인트] 26.08_파인트990원_ASC_전환_video_전체타겟_9월 1주차_재집행,[빙과_파인트] 26.08_파인트990원_ASC_전환_video_전체타겟_9월 1주차_재집행,[26.05]F_V_P혼_전환_파인트990원_네고형_CS전화네고형_var1.릴스_취식.X_1C_윤성미_260515_1T_윤성미,66,2,642,0,8,전환
2026-09-07,120252097973470659,[빙과_파인트] 26.08_파인트990원_ASC_전환_image_전체타겟_9월 1주차_재집행,[빙과_파인트] 26.08_파인트990원_ASC_전환_image_전체타겟_9월 1주차_재집행,[26.04]F_I_P혼_전환_파인트990원_혜택강조형_혜택.100_.릴스_혜택O.쟁임혜택형.한정성강조.예외적할인.여름맞이.무제한990원_확장_문선정_260429_1셀_김민우,2729,48,36265,2,113,전환
2026-09-07,120252097991330659,[빙과_파인트] 26.08_파인트990원_ASC_전환_image_전체타겟_9월 1주차_재집행,[빙과_파인트] 26.08_파인트990원_ASC_전환_image_전체타겟_9월 1주차_재집행,[26.07]F_I_P말_전환_파인트990원_AI영상자동화_혜택강조형__.릴스_희소성.달리는모션.다시는없습니다.구하기힘든첫물말차.__손유곤_260709_빙과_김민우,633,11,8745,1,26,전환
2026-09-07,120252097999860659,[빙과_파인트] 26.08_파인트990원_ASC_전환_video_전체타겟_9월 1주차_재집행,[빙과_파인트] 26.08_파인트990원_ASC_전환_video_전체타겟_9월 1주차_재집행,[26.05]F_V_P혼_전환_파인트990원_네고형_소비자보이스극대화_var1.릴스_악플읽기.X_1C_고가영_260508_1T_김진수,3540,91,52184,8,358,전환
2026-09-07,120252098005240659,[빙과_파인트] 26.08_파인트990원_ASC_전환_image_전체타겟_9월 1주차_재집행,[빙과_파인트] 26.08_파인트990원_ASC_전환_image_전체타겟_9월 1주차_재집행,[26.06]F_I_P혼_전환_파인트990원_혜택강조형__.배너_페인포인트.타제품 비교.한달젤라또무제한.올여름시원하게.__손유곤_260630_빙과_김민우,425,11,6389,0,0,전환
2026-09-07,120252098009930659,[빙과_파인트] 26.08_파인트990원_ASC_전환_image_전체타겟_9월 1주차_재집행,[빙과_파인트] 26.08_파인트990원_ASC_전환_image_전체타겟_9월 1주차_재집행,[26.07]F_I_P말_전환_상시_직원설득형__.배너_원재료강조.수급.텍스트소구.구매제한.공지문.현장감.표.제한적인특성상.종료.__손유곤_260709_빙과_김민우,174,1,1581,0,0,전환
2026-09-07,120252098015080659,[빙과_파인트] 26.08_파인트990원_ASC_전환_video_전체타겟_9월 1주차_재집행,[빙과_파인트] 26.08_파인트990원_ASC_전환_video_전체타겟_9월 1주차_재집행,[26.05]F_V_P혼_전환_파인트990원_네고형_소비자보이스극대화_var2.릴스_뺨후킹.X_1C_고가영_260508_1T_김진수,371,9,4683,0,21,전환
2026-09-07,120252098018640659,[빙과_파인트] 26.08_파인트990원_ASC_전환_image_전체타겟_9월 1주차_재집행,[빙과_파인트] 26.08_파인트990원_ASC_전환_image_전체타겟_9월 1주차_재집행,[26.07]F_I_P복_전환_파인트990원__혜택강조형__.배너_고효율.공지문.재입고어렵습니다.원가상승.엄선된복숭아.__고가영_260723_빙과_김민우,2,0,65,0,0,전환
2026-09-07,120252098020910659,[빙과_파인트] 26.08_파인트990원_ASC_전환_image_전체타겟_9월 1주차_재집행,[빙과_파인트] 26.08_파인트990원_ASC_전환_image_전체타겟_9월 1주차_재집행,[26.08]F_I_P혼_전환_파인트990원__혜택강조형__.배너_페인포인트.네고형.지금사면.한달간.젤라또무제한.__이도경_260811_빙과_김민우,314,11,6035,0,0,전환
2026-09-07,120252098028020659,[빙과_파인트] 26.08_파인트990원_ASC_전환_video_전체타겟_9월 1주차_재집행,[빙과_파인트] 26.08_파인트990원_ASC_전환_video_전체타겟_9월 1주차_재집행,[26.05]F_V_P혼_전환_파인트990원_손해상황강조형_대성축산BP_main.릴스_호기심시작.X_1C_박지연_260515_1T_김진수,84,1,882,0,3,전환
2026-09-07,120252098044400659,[빙과_파인트] 26.08_파인트990원_ASC_전환_video_전체타겟_9월 1주차_재집행,[빙과_파인트] 26.08_파인트990원_ASC_전환_video_전체타겟_9월 1주차_재집행,[26.05]F_V_P혼_전환_파인트990원_신규BP_홍게BP_var3.릴스_990원.X_1C_박지연_260501_1T_이봄1,1713,49,23282,2,81,전환
2026-09-07,120252098067700659,[빙과_파인트] 26.08_파인트990원_ASC_전환_video_전체타겟_9월 1주차_재집행,[빙과_파인트] 26.08_파인트990원_ASC_전환_video_전체타겟_9월 1주차_재집행,[26.05]F_V_P혼_전환_파인트990원_원데이건_랭킹닭컴BP_main.릴스_담을수록싸다.재원PJ1_4C_강다빈_260512_1T_강다빈,822,16,9426,0,27,전환
2026-09-07,120252098107100659,[빙과_파인트] 26.08_파인트990원_ASC_전환_video_전체타겟_9월 1주차_재집행,[빙과_파인트] 26.08_파인트990원_ASC_전환_video_전체타겟_9월 1주차_재집행,[26.05]F_V_P혼_전환_파인트990원_원데이건_직원리뷰형_var1.릴스_맛비주얼후킹.재원PJ1_1C_이봄_260501_1T_이봄1,45,2,600,0,5,전환
2026-09-07,120252098131510659,[빙과_파인트] 26.08_파인트990원_ASC_전환_video_전체타겟_9월 1주차_재집행,[빙과_파인트] 26.08_파인트990원_ASC_전환_video_전체타겟_9월 1주차_재집행,[26.05]F_V_P혼_전환_파인트990원_원데이건_토마토BP_var1.릴스_맛비주얼.재원PJ1_1C_이봄_260504_1T_이봄1,7278,73,53489,3,285,전환
2026-09-07,120252098148370659,[빙과_파인트] 26.08_파인트990원_ASC_전환_video_전체타겟_9월 1주차_재집행,[빙과_파인트] 26.08_파인트990원_ASC_전환_video_전체타겟_9월 1주차_재집행,[26.05]F_V_P혼_전환_파인트990원_원데이건_혜택강조형_main.릴스_990원.재원PJ1_1C_조의진_260501_1T_조의진,9078,229,117304,9,718,전환
2026-09-07,120252098156860659,[빙과_파인트] 26.08_파인트990원_ASC_전환_video_전체타겟_9월 1주차_재집행,[빙과_파인트] 26.08_파인트990원_ASC_전환_video_전체타겟_9월 1주차_재집행,[26.05]F_V_P혼_전환_파인트990원_인플루언서형_인플루언서형_main.릴스_본론.X_1C_고가영_260515_1T_이봄1,27,1,439,0,2,전환
2026-09-07,120252098168260659,[빙과_파인트] 26.08_파인트990원_ASC_전환_video_전체타겟_9월 1주차_재집행,[빙과_파인트] 26.08_파인트990원_ASC_전환_video_전체타겟_9월 1주차_재집행,[26.05]F_V_P혼_전환_파인트990원_인플루언서형_인플루언서형_var2.릴스_맛.X_1C_고가영_260515_1T_이봄1,15,0,149,0,1,전환
2026-09-07,120252098172240659,[빙과_파인트] 26.08_파인트990원_ASC_전환_video_전체타겟_9월 1주차_재집행,[빙과_파인트] 26.08_파인트990원_ASC_전환_video_전체타겟_9월 1주차_재집행,[26.05]F_V_P혼_전환_파인트990원_인플루언서형_인플루언서형_var3.릴스_알고리즘.X_1C_고가영_260515_1T_이봄1,2,0,31,0,0,전환
2026-09-07,120252098357400659,[빙과_파인트] 26.08_파인트990원_수동_전환_video_전체타겟_재집행,0831_영상재집행_1,[26.05]F_V_P애_전환_파인트990원_신규BP_파르셀BP_main.릴스_본론.X_1C_고가영_260522_1T_이봄1,2128,35,24877,0,104,전환
2026-09-07,120252098370410659,[빙과_파인트] 26.08_파인트990원_수동_전환_video_전체타겟_재집행,0831_영상재집행_1,[26.05]F_V_P혼_전환_파인트990원_신규BP_홍게BP_var3.릴스_990원.X_1C_박지연_260501_1T_이봄1,14185,350,188086,13,588,전환
2026-09-07,120252098376070659,[빙과_파인트] 26.08_파인트990원_수동_전환_video_전체타겟_재집행,0831_영상재집행_2,[26.05]F_V_P혼_전환_파인트990원_네고형_CS전화네고형_var1.릴스_취식.X_1C_윤성미_260515_1T_윤성미,4711,85,60664,4,495,전환
2026-09-07,120252098807470659,[빙과_파인트] 26.08_파인트990원_수동_전환_video_전체타겟_재집행,0831_영상재집행_3,[26.05]F_V_P혼_전환_파인트990원_원데이건_혜택강조형_main.릴스_990원.재원PJ1_1C_조의진_260501_1T_조의진,17311,388,226240,11,1335,전환
2026-09-07,120252098847790659,[빙과_파인트] 26.08_파인트990원_수동_전환_video_전체타겟_재집행,0831_영상재집행_5,[26.05]F_V_P혼_전환_파인트990원_원데이건_랭킹닭컴BP_main.릴스_담을수록싸다.재원PJ1_4C_강다빈_260512_1T_강다빈,328,10,3994,1,27,전환
2026-09-07,120252098868520659,[빙과_파인트] 26.08_파인트990원_수동_전환_video_전체타겟_재집행,0831_영상재집행_5,[26.05]F_V_P혼_전환_파인트990원_원데이건_토마토BP_var1.릴스_맛비주얼.재원PJ1_1C_이봄_260504_1T_이봄1,28895,386,211676,17,1226,전환
2026-09-07,120252098984880659,[빙과_파인트] 26.08_파인트990원_수동_전환_image_전체타겟_재집행,0831_배너재집행_2,[26.07]F_I_P말_전환_상시_직원설득형__.배너_원재료강조.수급.텍스트소구.구매제한.공지문.현장감.표.제한적인특성상.종료.__손유곤_260709_빙과_김민우,1488,29,15521,0,0,전환
2026-09-07,120252105933750659,[빙과_파인트] 26.08_파인트990원_수동_전환_image_전체타겟_재집행,0831_배너재집행_1,[26.06]F_I_P혼_전환_파인트990원_혜택강조형__.배너_페인포인트.타제품 비교.한달젤라또무제한.올여름시원하게.__손유곤_260630_빙과_김민우,62,1,1102,0,0,전환
2026-09-07,120252105972910659,[빙과_파인트] 26.08_파인트990원_수동_전환_image_전체타겟_재집행,0831_배너재집행_2,[26.07]F_I_P말_전환_파인트990원_직원설득형__.배너_이제다시는없습니다.1년중단한번.제주말차.__손유곤_260703_빙과_김민우,7,0,89,0,0,전환
2026-09-07,120252115630020659,[빙과_파인트_골키파] 26.07_골키파출시_수동_전환_image_전체타겟,0901_P혼_성분비교,[26.09]F_I_P혼_전환_상시__제품강조형__.배너_성분강조.타사제품대비.100원.당때문에망설이셨죠.글로벌프리미엄아이스크림.__이도경_260901_빙과_이채윤,3644,29,48962,2,0,전환
2026-09-07,120252115639570659,[빙과_파인트_골키파] 26.07_골키파출시_수동_전환_image_전체타겟,0901_P혼_성분비교,[26.09]F_I_P혼_전환_상시__제품강조형__.배너_성분강조.타사제품대비.100원.부자아이스크림보다98%.당걱정없이마음껏.__이도경_260901_빙과_이채윤,2410,27,36343,2,0,전환
2026-09-07,120252115903700659,[빙과_파인트_골키파] 26.07_골키파출시_수동_전환_image_전체타겟,0901_P말_프리미엄원재료,[26.09]F_I_P말_전환_상시__혜택강조형__.배너_프리미엄원재료.네고형.다시는없어요.__이도경_260901_빙과_함주현,892,18,19737,1,0,전환
2026-09-07,120252115912250659,[빙과_파인트_골키파] 26.07_골키파출시_수동_전환_image_전체타겟,0901_P말_프리미엄원재료,[26.09]F_I_P말_전환_상시__혜택강조형__.배너_프리미엄원재료.쌀때쟁이세요.제주말차.__이도경_260901_빙과_함주현,3,0,62,0,0,전환
2026-09-07,120252115972060659,[빙과_파인트_골키파] 26.07_골키파출시_수동_전환_image_전체타겟,0901_P혼_프리미엄원재료,[26.09]F_I_P혼_전환_상시__혜택강조형__.배너_프리미엄원재료.스테디3종.100원.워낙비싼원재료라곧정상가로돌아갑니다.__이도경_260901_빙과_이채윤,2145,45,38898,2,0,전환
2026-09-07,120252116045540659,[빙과_파인트] 26.04_파인트990원_수동_전환_image_전체타겟,0901_990원_프리미엄원재료,[26.09]F_I_P말_전환_파인트990원__혜택강조형__.배너_프리미엄원재료.네고형.다시는없어요.__이도경_260901_빙과_함주현,12,0,93,0,0,전환
2026-09-07,120252116054990659,[빙과_파인트] 26.04_파인트990원_수동_전환_image_전체타겟,0901_990원_프리미엄원재료,[26.09]F_I_P혼_전환_파인트990원__혜택강조형__.배너_프리미엄원재료.스테디3종.다시는없어요.고급수입산원재료.__이도경_260901_빙과_이채윤,1661,31,24976,0,0,전환
2026-09-07,120252116060950659,[빙과_파인트] 26.04_파인트990원_수동_전환_image_전체타겟,0901_P복,[26.09]F_I_P복_전환_파인트990원__혜택강조형__.배너_납작복숭아.쫀쫀한.생그릭요거트.지금만나오는.__이도경_260901_빙과_김민우,2,0,13,0,0,전환
2026-09-07,120252147920250659,[빙과_파인트] 26.04_파인트990원_수동_전환_image_전체타겟,260903_P혼_990원,[26.09]F_I_P혼_전환_파인트990원__혜택강조형__.배너_샤벳3종.여름한정성.제철과일.과일이라못먹어요.__이도경_260903_빙과_이채윤,2715,33,26050,6,0,전환
2026-09-07,120252147921560659,[빙과_파인트] 26.04_파인트990원_수동_전환_image_전체타겟,260903_P혼_990원,[26.09]F_I_P혼_전환_파인트990원__혜택강조형__.배너_성분강조.글로벌프리미엄아이스크림제치고1등기념.__이도경_260903_빙과_김민우,41486,594,441913,21,0,전환
2026-09-07,120252147931120659,[빙과_파인트_골키파] 26.07_골키파출시_수동_전환_image_전체타겟,0903_P혼_성분,[26.09]F_I_P혼_전환_상시__혜택강조형__.배너_ 성분강조.100원.역대최초글로벌프리미엄.제치고1위.__이도경_260903_빙과_김민우,565,11,8227,1,0,전환
2026-09-07,120252147932220659,[빙과_파인트_골키파] 26.07_골키파출시_수동_전환_image_전체타겟,0903_P혼_성분,[26.09]F_I_P혼_전환_상시__혜택강조형__.배너_성분강조.100원.글로벌프리미엄아이스크림제치고1등기념.부담없이이기회에.__이도경_260903_빙과_김민우,21809,270,258734,13,0,전환
2026-09-07,120252147933720659,[빙과_파인트_골키파] 26.07_골키파출시_수동_전환_image_전체타겟,0903_P혼_성분,[26.09]F_I_P혼_전환_상시__혜택강조형__.배너_성분강조.100원.편의점1등아이스크림제쳤다.__이도경_260903_빙과_김민우,2,0,30,0,0,전환
2026-09-07,120252148017670659,[빙과_파인트_골키파] 26.07_골키파출시_수동_전환_image_전체타겟,0903_P셔벗,[26.09]F_I_P혼_전환_상시__혜택강조형__.배너_샤벳3종.여름한정성.제철과일.100원.애플민트.올해마지막청사과.__이도경_260903_빙과_이채윤,1547,12,18326,0,0,전환
2026-09-07,120252216214950659,(운영X) [빙과_스틱바_멜론쫀득] 26.05_쫀득바출시_수동_전환_image_전체타겟 - 사본,0814_기존 고효율 배리 - 사본,(운영X)[26.08]F_I_JD멜_전환_상시__혜택강조형__.배너_현장감.공지문.이나연.특가안내.프로슈토급.재고부족.소량재입고.__황경원_260814_빙과_김민우,4,0,54,0,0,전환
2026-09-07,120252216215020659,(운영X) [빙과_스틱바_멜론쫀득] 26.05_쫀득바출시_수동_전환_image_전체타겟 - 사본,0814_이나연 세트 - 사본,(운영X)[26.08]F_I_JD멜_전환_상시__혜택강조형__.릴스_고효율.이나연.렉카형.맛없는건못먹는.멜쫀바1박스.0원.__황경원_260814_빙과_김민우,3,0,39,0,0,전환
2026-09-07,120252216215040659,(운영X) [빙과_스틱바_멜론쫀득] 26.05_쫀득바출시_수동_전환_image_전체타겟 - 사본,0814_이나연 세트 - 사본,(운영X)[26.08]F_I_JD멜_전환_상시__혜택강조형__.릴스_고효율.이나연.매거진.이나연이선택한에르메스급.__황경원_260814_빙과_김민우,4,0,90,0,0,전환
2026-09-07,120252216215110659,(운영X) [빙과_스틱바_멜론쫀득] 26.05_쫀득바출시_수동_전환_image_전체타겟 - 사본,0825_JD멜_닥터후&미슐랭 - 사본,[26.07]F_I_JD멜_전환_상시_혜택강조형__.배너_단계할인.맛.연예인.고급호텔.언제품절될지모르는데왜나중에사세요.__황경원_260825_빙과_이채윤,1,0,13,0,0,전환
2026-09-07,120252216215120659,(운영X) [빙과_스틱바_멜론쫀득] 26.05_쫀득바출시_수동_전환_image_전체타겟 - 사본,0825_JD멜_닥터후&미슐랭 - 사본,[26.07]F_I_JD멜_전환_상시_혜택강조형__.배너_안내문.맛.닥터후.초등유행.가격실수안내.__황경원_260825_빙과_이채윤,1,0,2,0,0,전환
2026-09-07,120252216215240659,(운영X) [빙과_스틱바_멜론쫀득] 26.05_쫀득바출시_수동_전환_image_전체타겟 - 사본,0720_JD멜(1) - 사본,(운영X)[26.07]F_I_JD멜_전환_쫀득바출시__혜택강조형__.배너_현장감.공지문.결제오류안내.슈기대세감.__김유진_260720_빙과_홍정민,1,0,5,0,0,전환
2026-09-07,120252216215300659,(운영X) [빙과_스틱바_멜론쫀득] 26.05_쫀득바출시_수동_전환_image_전체타겟 - 사본,0723_JD멜(1) - 사본,(운영X)[26.07]F_I_JD멜_전환_쫀득바출시__직원설득형__.배너_공지문.슈기권위확장.가격실수.신전떡볶이.__김유진_260723_빙과_홍정민,2,0,32,0,0,전환
2026-09-07,120252216215320659,(운영X) [빙과_스틱바_멜론쫀득] 26.05_쫀득바출시_수동_전환_image_전체타겟 - 사본,0716_JD멜 - 사본,[26.07]F_I_JD망_전환_쫀득바출시__직원설득형__.배너_스토리형.소비자후기형.직원실수폭로.__김유진_260716_빙과_홍정민,3,0,83,0,0,전환
2026-09-07,120252216215370659,(운영X) [빙과_스틱바_멜론쫀득] 26.05_쫀득바출시_수동_전환_image_전체타겟 - 사본,0723_JD멜(1) - 사본,(운영X)[26.07]F_I_JD멜_전환_쫀득바출시__직원설득형__.배너_공지문.슈기파급력확장.가격실수.먹방러따라먹기.먹잘알.__김유진_260723_빙과_홍정민,6,1,96,0,0,전환
2026-09-07,120252216215380659,(운영X) [빙과_스틱바_멜론쫀득] 26.05_쫀득바출시_수동_전환_image_전체타겟 - 사본,0723_JD멜(2) - 사본,(운영X)[26.07]F_I_JD멜_전환_쫀득바출시_AI영상자동화_혜택강조형__.배너_공지문.현장감.대세감.슈기.가격실수.__김유진_260713_빙과_홍정민-1,2,0,16,0,0,전환
2026-09-07,120252216215410659,(운영X) [빙과_스틱바_멜론쫀득] 26.05_쫀득바출시_수동_전환_image_전체타겟 - 사본,0814_기존 고효율 배리 - 사본,(운영X)[26.08]F_I_JD멜_전환_상시__혜택강조형__.배너_고효율.이나연.곧끝난대요.비밀링크.__황경원_260814_빙과_김민우,2,0,74,0,0,전환
2026-09-07,120252216215530659,(운영X) [빙과_스틱바_멜론쫀득] 26.05_쫀득바출시_수동_전환_image_전체타겟 - 사본,0723_JD멜(1) - 사본,(운영X)[26.07]F_I_JD멜_전환_쫀득바출시__직원설득형__.배너_공지문.슈기권위확장.가격실수.1세대먹방.__김유진_260723_빙과_홍정민,5,0,47,0,0,전환
2026-09-07,120252216215560659,(운영X) [빙과_스틱바_멜론쫀득] 26.05_쫀득바출시_수동_전환_image_전체타겟 - 사본,0723_JD멜(2) - 사본,(운영X)[26.07]F_I_JD멜_전환_쫀득바출시_AI영상자동화_혜택강조형__.배너_공지문.현장감.대세감.슈기.가격실수.__김유진_260713_빙과_홍정민-2,1,0,6,0,0,전환
2026-09-07,120252216215610659,(운영X) [빙과_스틱바_멜론쫀득] 26.05_쫀득바출시_수동_전환_image_전체타겟 - 사본,0814_이나연 세트 - 사본,(운영X)[26.08]F_I_JD멜_전환_상시__혜택강조형__.릴스_고효율.이나연.백화점에서산다는이나연.고급멜론.__황경원_260814_빙과_김민우,1,0,149,0,0,전환
2026-09-07,120252216215640659,(운영X) [빙과_스틱바_멜론쫀득] 26.05_쫀득바출시_수동_전환_image_전체타겟 - 사본,0825_JD멜_닥터후&미슐랭 - 사본,[26.07]F_I_JD멜_전환_상시_혜택강조형__.배너_4분할.맛.닥터후.급식.찐한주황멜론원물맛이진짜최고예요.__황경원_260825_빙과_이채윤,1,0,13,0,0,전환
2026-09-07,120252216215800659,(운영X) [빙과_스틱바_멜론쫀득] 26.05_쫀득바출시_수동_전환_image_전체타겟 - 사본,0723_JD멜(1) - 사본,(운영X)[26.07]F_I_JD멜_전환_쫀득바출시__혜택강조형__.배너_공지문.슈기권위확장.곧끝난대요.1세대먹방.__김유진_260723_빙과_홍정민,1,0,0,0,0,전환
2026-09-07,120252216215900659,(운영X) [빙과_스틱바_멜론쫀득] 26.05_쫀득바출시_수동_전환_image_전체타겟 - 사본,0814_이나연 세트 - 사본,(운영X)[26.08]F_I_JD멜_전환_상시__혜택강조형__.릴스_고효율.이나연.강민경고효율.고급입맛.이나연이선택한.__황경원_260814_빙과_김민우,2,0,73,0,0,전환
2026-09-07,120252216215920659,(운영X) [빙과_스틱바_멜론쫀득] 26.05_쫀득바출시_수동_전환_image_전체타겟 - 사본,0720_JD멜(2) - 사본,(운영X)[26.07]F_I_JD멜_전환_쫀득바출시__혜택강조형__.배너_슈기.대세감.공지.감사하고죄송합니다.멜쫀바단독.직원실수.__김유진_260720_빙과_홍정민,1,0,0,0,0,전환
2026-09-07,120252216320810659,(운영X) [빙과_스틱바_멜론쫀득] 26.05_쫀득바출시_수동_전환_image_전체타겟 - 사본,0713_JD멜(1) - 사본,(운영X)[26.07]F_I_JD멜_전환_쫀득바출시__직원설득형__.배너_공지문.현장감.대세감.슈기.한정수량품절.__김유진_260713_빙과_홍정민,5,0,65,0,0,전환
2026-09-07,120252216320820659,(운영X) [빙과_스틱바_멜론쫀득] 26.05_쫀득바출시_수동_전환_image_전체타겟 - 사본,0713_JD멜(1) - 사본,(운영X)[26.07]F_I_JD멜_전환_쫀득바출시__직원설득형__.배너_공지문.현장감.대세감.슈기.가격실수.__김유진_260713_빙과_홍정민,4,2,173,0,0,전환
2026-09-07,120252216528820659,(운영X) [빙과_스틱바_멜론쫀득] 26.05_쫀득바출시_수동_전환_image_전체타겟 - 사본,(운영X) 0612_멜론쫀득바_시즌성/판매중단 - 사본,(운영X) [26.06]F_I_JD멜_전환_쫀득바출시_혜택강조형_희소성_.배너_시즌성.멜쫀바단독.오늘끝나면안녕.__문선정_260612_빙과_오형선,2,0,36,0,0,전환
2026-09-07,120252216574260659,(운영X) [빙과_스틱바_멜론쫀득] 26.05_쫀득바출시_수동_전환_image_전체타겟 - 사본,(재러닝) 0509_망고쫀득바_메시지테스트_망고맛 - 사본,[26.05]F_I_JD망_전환_쫀득바출시_제품강조형_제품력.100_.배너_혜택O.제품력.메시지테스트.25브릭스고당도.1_확장_김바다_260508_2셀_최아연,1,0,1,0,0,전환
2026-09-07,120252216574770659,(운영X) [빙과_스틱바_멜론쫀득] 26.05_쫀득바출시_수동_전환_image_전체타겟 - 사본,(재러닝) 0509_망고쫀득바_메시지테스트_쫀득함 - 사본,[26.05]F_I_JD망_전환_쫀득바출시_제품강조형_제품력.100_.배너_혜택O.제품력.메시지테스트.한국상륙.1_확장_김바다_260508_2셀_최아연,4,0,15,0,0,전환
2026-09-07,120252216574910659,(운영X) [빙과_스틱바_멜론쫀득] 26.05_쫀득바출시_수동_전환_image_전체타겟 - 사본,0508_망고쫀득바_고효율 - 사본,[26.05]F_I_JD망_전환_쫀득바출시_제품강조형_제품력.100_.배너_혜택O.제품력.쫀득함극대화.리얼망고쫀득바_확장_김바다_260508_2셀_최아연,12,0,151,0,0,전환
2026-09-07,120252216320790659,(운영X) [빙과_스틱바_멜론쫀득] 26.05_쫀득바출시_수동_전환_image_전체타겟 - 사본,0707_JD멜 - 사본,[26.07]F_I_JD멜_전환_쫀득바출시_혜택강조형__.릴스_AI캐릭터.이득.수량희소성.대세감.최저가뿌립니다.달려나오기.__문선정_260707_빙과_오형선,3,0,40,0,0,전환
2026-09-07,120252216321110659,(운영X) [빙과_스틱바_멜론쫀득] 26.05_쫀득바출시_수동_전환_image_전체타겟 - 사본,0713_JD멜(2) - 사본,[26.07]F_I_JD멜_전환_쫀득바출시_AI영상자동화_직원설득형__.릴스_직원실수.가격.지금이젤싸요.감정갈등.__김유진_260713_빙과_오형선,2,0,100,0,0,전환
2026-09-07,120252216321150659,(운영X) [빙과_스틱바_멜론쫀득] 26.05_쫀득바출시_수동_전환_image_전체타겟 - 사본,0708_JD멜 - 사본,[26.07]F_I_JD멜_전환_쫀득바출시_AI영상자동화_혜택강조형__.릴스_이득.가격.판매자손해.지금이젤싸요.__김유진_260708_빙과_오형선,2,0,8,0,0,전환
2026-09-07,120252216321270659,(운영X) [빙과_스틱바_멜론쫀득] 26.05_쫀득바출시_수동_전환_image_전체타겟 - 사본,0714_JD멜(1) - 사본,[26.07]F_I_JD멜_전환_쫀득바출시__혜택강조형__.배너_맛강조.4분할.SNS에서대박난노을멜론처럼찐하고고급진.__김유진_260714_빙과_오형선,4,0,88,0,0,전환
2026-09-07,120252216321280659,(운영X) [빙과_스틱바_멜론쫀득] 26.05_쫀득바출시_수동_전환_image_전체타겟 - 사본,0707_JD멜 - 사본,[26.07]F_I_JD멜_전환_쫀득바출시_혜택강조형__.릴스_AI캐릭터.이득.수량희소성.대세감.최저가뿌립니다.멜쫀바밀기.__문선정_260707_빙과_오형선,5,0,13,0,0,전환
2026-09-07,120252216321310659,(운영X) [빙과_스틱바_멜론쫀득] 26.05_쫀득바출시_수동_전환_image_전체타겟 - 사본,0713_JD멜(2) - 사본,[26.07]F_I_JD멜_전환_쫀득바출시_AI영상자동화_직원설득형__.릴스_직원실수.가격.지금이젤싸요.사내비상.__김유진_260713_빙과_오형선,3,0,102,0,0,전환
2026-09-07,120252216321330659,(운영X) [빙과_스틱바_멜론쫀득] 26.05_쫀득바출시_수동_전환_image_전체타겟 - 사본,0708_JD멜 - 사본,[26.07]F_I_JD멜_전환_쫀득바출시__혜택강조형__.배너_다시는없습니다.재입고기념0원.__김유진_260708_빙과_오형선,1,0,24,0,0,전환
2026-09-07,120252216321360659,(운영X) [빙과_스틱바_멜론쫀득] 26.05_쫀득바출시_수동_전환_image_전체타겟 - 사본,0707_JD멜 - 사본,[26.07]F_I_JD멜_전환_쫀득바출시_혜택강조형__.릴스_AI캐릭터.이득.가격희소성.0원축하.__문선정_260707_빙과_오형선,1,0,8,0,0,전환
2026-09-07,120252216455100659,(운영X) [빙과_스틱바_멜론쫀득] 26.05_쫀득바출시_수동_전환_image_전체타겟 - 사본,0630_망고쫀득바/멜론쫀득바 - 사본,[26.06]F_I_혼합_전환_쫀득바출시_혜택강조형__.배너_리얼쫀득바2종.직원실수.가격실수안내.최상급원물.__김유진_260630_빙과_홍정민,1,0,31,0,0,전환
2026-09-07,120252216455170659,(운영X) [빙과_스틱바_멜론쫀득] 26.05_쫀득바출시_수동_전환_image_전체타겟 - 사본,0626_멜론쫀득바 - 사본,[26.06]F_I_JD멜_전환_쫀득바출시_직원설득형__.배너_고효율.마지막0원.__문선정_260625_빙과_오형선,1,0,9,0,0,전환
2026-09-07,120252216455190659,(운영X) [빙과_스틱바_멜론쫀득] 26.05_쫀득바출시_수동_전환_image_전체타겟 - 사본,0630_망고쫀득바_젤리확장 - 사본,[26.06]F_I_JD망_전환_쫀득바출시_혜택강조형__.배너_할인희소성.국내최초.이제다시는없습니다.__김유진_260630_빙과_홍정민,1,0,8,0,0,전환
2026-09-07,120252216455200659,(운영X) [빙과_스틱바_멜론쫀득] 26.05_쫀득바출시_수동_전환_image_전체타겟 - 사본,0630_망고쫀득바/멜론쫀득바 - 사본,[26.06]F_I_혼합_전환_쫀득바출시_혜택강조형__.배너_리얼쫀득바2종.직원실수.이번까지만.0원에드립니다.__김유진_260630_빙과_홍정민,1,0,116,0,0,전환
2026-09-07,120252216455210659,(운영X) [빙과_스틱바_멜론쫀득] 26.05_쫀득바출시_수동_전환_image_전체타겟 - 사본,0630_망고쫀득바/멜론쫀득바 - 사본,[26.06]F_I_혼합_전환_쫀득바출시_혜택강조형__.배너_리얼쫀득바2종.직원실수.사과문.__김유진_260630_빙과_홍정민,5,0,76,0,0,전환
2026-09-07,120252216455360659,(운영X) [빙과_스틱바_멜론쫀득] 26.05_쫀득바출시_수동_전환_image_전체타겟 - 사본,0623_망고쫀득바/멜론쫀득바 - 사본,[26.06]F_I_JD망_전환_쫀득바출시_혜택강조형__.배너_.고효율베리.드디어재입고됐어요.재고소진시바로종료.__김유진_260622_빙과_김민우,18,0,395,0,0,전환
2026-09-07,120252216455420659,(운영X) [빙과_스틱바_멜론쫀득] 26.05_쫀득바출시_수동_전환_image_전체타겟 - 사본,0630_망고쫀득바_젤리확장 - 사본,[26.06]F_I_JD망_전환_쫀득바출시_혜택강조형__.배너_할인희소성.국내최초.이번이마지막.__김유진_260630_빙과_홍정민,1,0,23,0,0,전환
2026-09-07,120252216455510659,(운영X) [빙과_스틱바_멜론쫀득] 26.05_쫀득바출시_수동_전환_image_전체타겟 - 사본,0630_망고쫀득바/멜론쫀득바 - 사본,[26.06]F_I_혼합_전환_쫀득바출시_혜택강조형__.배너_리얼쫀득바2종.직원실수.가격실수안내.노을멜론.망고젤리.__김유진_260630_빙과_홍정민,2,0,9,0,0,전환
2026-09-07,120252216455630659,(운영X) [빙과_스틱바_멜론쫀득] 26.05_쫀득바출시_수동_전환_image_전체타겟 - 사본,0630_망고쫀득바_젤리확장 - 사본,[26.06]F_I_JD망_전환_쫀득바출시_혜택강조형__.배너_할인희소성.국내최초.이번이마지막.이겨내세요.__김유진_260630_빙과_홍정민,1,0,20,0,0,전환
2026-09-07,120252216455760659,(운영X) [빙과_스틱바_멜론쫀득] 26.05_쫀득바출시_수동_전환_image_전체타겟 - 사본,0623_망고쫀득바 - 사본,[26.06]F_I_JD망_전환_쫀득바출시_혜택강조형__.배너_.품절대란.연일품절대란.완판기록.__김유진_260622_빙과_홍정민,4,0,79,0,0,전환
2026-09-07,120252216455770659,(운영X) [빙과_스틱바_멜론쫀득] 26.05_쫀득바출시_수동_전환_image_전체타겟 - 사본,0630_망고쫀득바/멜론쫀득바 - 사본,[26.06]F_I_혼합_전환_쫀득바출시_혜택강조형__.배너_리얼쫀득바2종.직원실수.한정수량.모니터.__김유진_260630_빙과_홍정민,1,0,106,0,0,전환
2026-09-07,120252216455800659,(운영X) [빙과_스틱바_멜론쫀득] 26.05_쫀득바출시_수동_전환_image_전체타겟 - 사본,0623_망고쫀득바 - 사본,[26.06]F_I_JD망_전환_쫀득바출시_혜택강조형__.배너_.품절대란.실시간주문폭주.__김유진_260622_빙과_홍정민,1,0,0,0,0,전환
2026-09-07,120252216455810659,(운영X) [빙과_스틱바_멜론쫀득] 26.05_쫀득바출시_수동_전환_image_전체타겟 - 사본,0623_망고쫀득바 - 사본,[26.06]F_I_JD망_전환_쫀득바출시_혜택강조형__.배너_.품절대란.국내최초망고젤리아이스크림.__김유진_260622_빙과_홍정민,16,0,233,0,0,전환
2026-09-07,120252216455840659,(운영X) [빙과_스틱바_멜론쫀득] 26.05_쫀득바출시_수동_전환_image_전체타겟 - 사본,0630_망고쫀득바_젤리확장 - 사본,[26.06]F_I_JD망_전환_쫀득바출시_혜택강조형__.배너_할인희소성.국내최초.미리죄송합니다.__김유진_260630_빙과_홍정민,1,0,74,0,0,전환
2026-09-07,120252216528260659,(운영X) [빙과_스틱바_멜론쫀득] 26.05_쫀득바출시_수동_전환_image_전체타겟 - 사본,(운영X) 0612_멜론쫀득바_공급자손해/실수상황 - 사본,[26.06]F_I_JD멜_전환_쫀득바출시_혜택강조형_희소성_.배너_공급자손해.한통에4만원넘는고급멜론.쟁임.__문선정_260612_빙과_오형선,1,0,13,0,0,전환
2026-09-07,120252216574210659,(운영X) [빙과_스틱바_멜론쫀득] 26.05_쫀득바출시_수동_전환_image_전체타겟 - 사본,0508_망고쫀득바_메시지테스트_망고맛 - 사본,[26.05]F_I_JD망_전환_쫀득바출시_제품강조형_제품력.100_.배너_혜택O.제품력.메시지테스트.25브릭스고당도.2_확장_김바다_260508_2셀_최아연,2,0,15,0,0,전환
2026-09-07,120252216574220659,(운영X) [빙과_스틱바_멜론쫀득] 26.05_쫀득바출시_수동_전환_image_전체타겟 - 사본,(재러닝) 0509_망고쫀득바_메시지테스트_망고맛 - 사본,[26.05]F_I_JD망_전환_쫀득바출시_제품강조형_제품력.100_.배너_혜택O.제품력.메시지테스트.베트남유명망고젤리.2_확장_김바다_260508_2셀_최아연,7,0,62,0,0,전환
2026-09-07,120252216574240659,(운영X) [빙과_스틱바_멜론쫀득] 26.05_쫀득바출시_수동_전환_image_전체타겟 - 사본,0508_망고쫀득바_메시지테스트_망고맛 - 사본,[26.05]F_I_JD망_전환_쫀득바출시_제품강조형_제품력.100_.배너_혜택O.제품력.메시지테스트.통망고를뜯어먹는듯.2_확장_김바다_260508_2셀_최아연,5,0,18,0,0,전환
2026-09-07,120252216574250659,(운영X) [빙과_스틱바_멜론쫀득] 26.05_쫀득바출시_수동_전환_image_전체타겟 - 사본,0508_망고쫀득바_메시지테스트_고구성테스트 - 사본,[26.05]F_I_JD망_전환_쫀득바출시_혜택강조형_혜택.100_.배너_혜택O.고구성강조.곧돌아가요_확장_김바다_260508_1셀_오혜정,3,0,38,0,0,전환
2026-09-07,120252216574300659,(운영X) [빙과_스틱바_멜론쫀득] 26.05_쫀득바출시_수동_전환_image_전체타겟 - 사본,0515_원물강조_메시지테스트 - 사본,[26.05]F_I_JD망_전환_쫀득바출시_제품강조형_제품력.100_.릴스_마팀기획.원물강조.MPA.한입먹으면뿔이생기는_확장_김바다_260515_1셀_오형선,37,0,693,0,4,전환
2026-09-07,120252216574460659,(운영X) [빙과_스틱바_멜론쫀득] 26.05_쫀득바출시_수동_전환_image_전체타겟 - 사본,0508_망고쫀득바_메시지테스트_쫀득함 - 사본,[26.05]F_I_JD망_전환_쫀득바출시_제품강조형_제품력.100_.배너_혜택O.제품력.메시지테스트.쫀득한뿔_확장_김바다_260508_2셀_최아연,1,0,1,0,0,전환
2026-09-07,120252216574490659,(운영X) [빙과_스틱바_멜론쫀득] 26.05_쫀득바출시_수동_전환_image_전체타겟 - 사본,0508_망고쫀득바_메시지테스트_망고맛 - 사본,[26.05]F_I_JD망_전환_쫀득바출시_제품강조형_제품력.100_.배너_혜택O.제품력.메시지테스트.망고갈비액기스.3_확장_김바다_260508_2셀_최아연,1,0,1,0,0,전환
2026-09-07,120252216574540659,(운영X) [빙과_스틱바_멜론쫀득] 26.05_쫀득바출시_수동_전환_image_전체타겟 - 사본,(재러닝) 0509_망고쫀득바_메시지테스트_쫀득함 - 사본,[26.05]F_I_JD망_전환_쫀득바출시_제품강조형_제품력.100_.배너_혜택O.제품력.메시지테스트.젤라또급쫀득_확장_김바다_260508_2셀_최아연,3,0,25,0,0,전환
2026-09-07,120252216574670659,(운영X) [빙과_스틱바_멜론쫀득] 26.05_쫀득바출시_수동_전환_image_전체타겟 - 사본,(재러닝) 0509_망고쫀득바_메시지테스트_망고맛 - 사본,[26.05]F_I_JD망_전환_쫀득바출시_제품강조형_제품력.100_.배너_혜택O.제품력.메시지테스트.망고갈비액기스.3_확장_김바다_260508_2셀_최아연,1,0,10,0,0,전환
2026-09-07,120252216574780659,(운영X) [빙과_스틱바_멜론쫀득] 26.05_쫀득바출시_수동_전환_image_전체타겟 - 사본,(재러닝) 0509_망고쫀득바_메시지테스트_쫀득함 - 사본,[26.05]F_I_JD망_전환_쫀득바출시_제품강조형_제품력.100_.배너_혜택O.제품력.메시지테스트.실제망고결_확장_김바다_260508_2셀_최아연,1,0,8,0,0,전환
2026-09-07,120252216574870659,(운영X) [빙과_스틱바_멜론쫀득] 26.05_쫀득바출시_수동_전환_image_전체타겟 - 사본,0508_망고쫀득바_메시지테스트_망고맛 - 사본,[26.05]F_I_JD망_전환_쫀득바출시_제품강조형_제품력.100_.배너_혜택O.제품력.메시지테스트.제대로후숙된.2_확장_김바다_260508_2셀_최아연,1,0,156,0,0,전환
2026-09-07,120252216574880659,(운영X) [빙과_스틱바_멜론쫀득] 26.05_쫀득바출시_수동_전환_image_전체타겟 - 사본,0508_망고쫀득바_메시지테스트_망고맛 - 사본,[26.05]F_I_JD망_전환_쫀득바출시_제품강조형_제품력.100_.배너_혜택O.제품력.메시지테스트.망고갈비액기스.1_확장_김바다_260508_2셀_최아연,5,0,70,0,0,전환
2026-09-07,120252216574920659,(운영X) [빙과_스틱바_멜론쫀득] 26.05_쫀득바출시_수동_전환_image_전체타겟 - 사본,0508_망고쫀득바_메시지테스트_쫀득함 - 사본,[26.05]F_I_JD망_전환_쫀득바출시_제품강조형_제품력.100_.배너_혜택O.제품력.메시지테스트.한국상륙.1_확장_김바다_260508_2셀_최아연,4,0,76,0,0,전환
2026-09-07,120252216574950659,(운영X) [빙과_스틱바_멜론쫀득] 26.05_쫀득바출시_수동_전환_image_전체타겟 - 사본,0522_멜론쫀득바_메시지테스트_칸달로프 - 사본,[26.05]F_I_JD멜_전환_쫀득바출시_혜택강조형_제품력.50_.배너_마팀기획.칸달로프멜론.한통에50만원_확장_김유진_260521_1셀_오형선,4,0,12,0,0,전환
2026-09-07,120252216575000659,(운영X) [빙과_스틱바_멜론쫀득] 26.05_쫀득바출시_수동_전환_image_전체타겟 - 사본,(재러닝) 0509_망고쫀득바_메시지테스트_망고맛 - 사본,[26.05]F_I_JD망_전환_쫀득바출시_제품강조형_제품력.100_.배너_혜택O.제품력.메시지테스트.통망고를뜯어먹는듯.2_확장_김바다_260508_2셀_최아연,2,0,14,0,0,전환
2026-09-07,120252216575020659,(운영X) [빙과_스틱바_멜론쫀득] 26.05_쫀득바출시_수동_전환_image_전체타겟 - 사본,(재러닝) 0509_망고쫀득바_메시지테스트_망고맛 - 사본,[26.05]F_I_JD망_전환_쫀득바출시_제품강조형_제품력.100_.배너_혜택O.제품력.메시지테스트.통망고를뜯어먹는듯.1_확장_김바다_260508_2셀_최아연,1,0,9,0,0,전환
2026-09-07,120252216214980659,(운영X) [빙과_스틱바_멜론쫀득] 26.05_쫀득바출시_수동_전환_image_전체타겟 - 사본,0814_이나연 세트 - 사본,(운영X)[26.08]F_I_JD멜_전환_상시__혜택강조형__.릴스_고효율.이나연.럭셔리템권위자.에르메스급.고급.__황경원_260814_빙과_김민우,8,0,112,0,0,전환
2026-09-07,120252216215090659,(운영X) [빙과_스틱바_멜론쫀득] 26.05_쫀득바출시_수동_전환_image_전체타겟 - 사본,0825_JD멜_닥터후&미슐랭 - 사본,[26.07]F_I_JD멜_전환_상시_혜택강조형__.배너_4분할.맛.5성급호텔.미슐랭.고급진주황멜론원물맛그자체.__황경원_260825_빙과_이채윤,1,0,10,0,0,전환
2026-09-07,120252216215420659,(운영X) [빙과_스틱바_멜론쫀득] 26.05_쫀득바출시_수동_전환_image_전체타겟 - 사본,0814_기존 고효율 배리 - 사본,[26.08]F_I_JD멜_전환_상시__혜택강조형__.릴스_고효율.Ai.곧끝나요.언제품절될지모르는.__황경원_260814_빙과_김민우,11,0,144,0,1,전환
2026-09-07,120252216215570659,(운영X) [빙과_스틱바_멜론쫀득] 26.05_쫀득바출시_수동_전환_image_전체타겟 - 사본,0814_이나연 세트 - 사본,(운영X)[26.08]F_I_JD멜_전환_상시__혜택강조형__.릴스_고효율.이나연.매거진.이나연이선택한최상급품종.__황경원_260814_빙과_김민우,16,0,314,0,1,전환
2026-09-07,120252216215590659,(운영X) [빙과_스틱바_멜론쫀득] 26.05_쫀득바출시_수동_전환_image_전체타겟 - 사본,0814_이나연 세트 - 사본,(운영X)[26.08]F_I_JD멜_전환_상시__혜택강조형__.배너_고효율.이나연.강민경고효율.쫀득달달멜쫀바.__황경원_260814_빙과_김민우,1,0,6,0,0,전환
2026-09-07,120252216215690659,(운영X) [빙과_스틱바_멜론쫀득] 26.05_쫀득바출시_수동_전환_image_전체타겟 - 사본,0724_JD멜 - 사본,[26.07]F_I_JD멜_전환_쫀득바출시_AI영상자동화_혜택강조형__.릴스_ai캐릭터.고효율베리.오열멜론1.지금이젤싸요.__김유진_260724_빙과_홍정민,19,0,421,0,1,전환
2026-09-07,120252216215710659,(운영X) [빙과_스틱바_멜론쫀득] 26.05_쫀득바출시_수동_전환_image_전체타겟 - 사본,0716_JD멜 - 사본,[26.07]F_I_JD망_전환_쫀득바출시__혜택강조형__.배너_떼샷.곧끝난대요.__김유진_260716_빙과_홍정민,3,0,52,0,0,전환
2026-09-07,120252216215770659,(운영X) [빙과_스틱바_멜론쫀득] 26.05_쫀득바출시_수동_전환_image_전체타겟 - 사본,0716_JD멜 - 사본,[26.07]F_I_JD망_전환_쫀득바출시__직원설득형__.배너_스토리형.직원유출형.직원실수.__김유진_260716_빙과_홍정민,78,2,1326,0,0,전환
2026-09-07,120252216215890659,(운영X) [빙과_스틱바_멜론쫀득] 26.05_쫀득바출시_수동_전환_image_전체타겟 - 사본,0814_기존 고효율 배리 - 사본,[26.08]F_I_JD멜_전환_상시__혜택강조형__.배너_현장감.공지문.재입고안내.단독편의점입점.멜론바제치고1위.소량재입고.한정수량.__황경원_260814_빙과_김민우,6,0,36,0,0,전환
2026-09-07,120252216320840659,(운영X) [빙과_스틱바_멜론쫀득] 26.05_쫀득바출시_수동_전환_image_전체타겟 - 사본,0714_JD멜 - 사본,[26.07]F_I_JD멜_전환_쫀득바출시_AI영상자동화_혜택강조형__.릴스_ai캐릭터.가격강조.대세감강조.0원곧끝나요.불안.__김유진_260714_빙과_오형선,27,0,1114,0,0,전환
2026-09-07,120252216320850659,(운영X) [빙과_스틱바_멜론쫀득] 26.05_쫀득바출시_수동_전환_image_전체타겟 - 사본,0714_JD멜 - 사본,[26.07]F_I_JD멜_전환_쫀득바출시_AI영상자동화_혜택강조형__.릴스_ai캐릭터.물량강조.대세감.마지막쟁일.편의점앞.떼샷.__김유진_260714_빙과_홍정민,43,1,676,0,0,전환
2026-09-07,120252216320860659,(운영X) [빙과_스틱바_멜론쫀득] 26.05_쫀득바출시_수동_전환_image_전체타겟 - 사본,0714_JD멜 - 사본,[26.07]F_I_JD멜_전환_쫀득바출시_AI영상자동화_혜택강조형__.릴스_ai캐릭터.물량강조.대세감.사람들.쟁이는연출.__김유진_260714_빙과_홍정민,36,0,793,0,0,전환
2026-09-07,120252216320930659,(운영X) [빙과_스틱바_멜론쫀득] 26.05_쫀득바출시_수동_전환_image_전체타겟 - 사본,0714_JD멜(1) - 사본,[26.07]F_I_JD멜_전환_쫀득바출시__혜택강조형__.배너_맛강조.4분할.SNS에서대박난노을멜론처럼찐하고고급진(1).__김유진_260714_빙과_오형선,6,0,52,0,0,전환
2026-09-07,120252216320940659,(운영X) [빙과_스틱바_멜론쫀득] 26.05_쫀득바출시_수동_전환_image_전체타겟 - 사본,0715_JD멜 - 사본,[26.07]F_I_JD멜_전환_쫀득바출시__혜택강조형__.배너_직원실수.공지문.맛비주얼.3단.__김유진_260715_빙과_홍정민,11,0,313,0,0,전환
2026-09-07,120252216320980659,(운영X) [빙과_스틱바_멜론쫀득] 26.05_쫀득바출시_수동_전환_image_전체타겟 - 사본,0713_JD멜(2) - 사본,[26.07]F_I_JD멜_전환_쫀득바출시_AI영상자동화_직원설득형__.릴스_손해강조형.판매자.빈털터리.사무실.나눔.__김유진_260713_빙과_홍정민,15,0,598,0,0,전환
2026-09-07,120252216321060659,(운영X) [빙과_스틱바_멜론쫀득] 26.05_쫀득바출시_수동_전환_image_전체타겟 - 사본,0707_JD멜 - 사본,[26.07]F_I_JD멜_전환_쫀득바출시_혜택강조형__.릴스_AI캐릭터.이득.수량희소성.대세감.최저가뿌립니다.제품뿌리기.__문선정_260707_빙과_오형선,4,0,145,0,0,전환
2026-09-07,120252216321080659,(운영X) [빙과_스틱바_멜론쫀득] 26.05_쫀득바출시_수동_전환_image_전체타겟 - 사본,0714_JD멜 - 사본,[26.07]F_I_JD멜_전환_쫀득바출시_AI영상자동화_혜택강조형__.릴스_ai캐릭터.물량강조.원재료강조.다신없어요.__김유진_260714_빙과_홍정민,62,1,1510,0,2,전환
2026-09-07,120252216321100659,(운영X) [빙과_스틱바_멜론쫀득] 26.05_쫀득바출시_수동_전환_image_전체타겟 - 사본,0713_JD멜(2) - 사본,[26.07]F_I_JD멜_전환_쫀득바출시_AI영상자동화_직원설득형__.릴스_직원실수.날짜.지금이젤싸요.날짜착각.__김유진_260713_빙과_오형선,2,0,40,0,0,전환
2026-09-07,120252216321190659,(운영X) [빙과_스틱바_멜론쫀득] 26.05_쫀득바출시_수동_전환_image_전체타겟 - 사본,0708_JD멜 - 사본,[26.07]F_I_JD멜_전환_쫀득바출시_AI영상자동화_혜택강조형__.릴스_이득.가격.직원실수.역대급가격실수.__김유진_260708_빙과_오형선,12,0,287,0,0,전환
2026-09-07,120252216321300659,(운영X) [빙과_스틱바_멜론쫀득] 26.05_쫀득바출시_수동_전환_image_전체타겟 - 사본,0714_JD멜 - 사본,[26.07]F_I_JD멜_전환_쫀득바출시_AI영상자동화_혜택강조형__.릴스_ai캐릭터.물량강조.원재료강조.품절풀렸대요.__김유진_260714_빙과_홍정민,18,0,747,0,0,전환
2026-09-07,120252216321380659,(운영X) [빙과_스틱바_멜론쫀득] 26.05_쫀득바출시_수동_전환_image_전체타겟 - 사본,0702_멜론쫀득바 - 사본,[26.07]F_I_JD멜_전환_쫀득바출시_혜택강조형__.릴스_AI캐릭터.이득강조.직원실수.죄송합니다.__문선정_260702_빙과_오형선,2,0,25,0,0,전환
2026-09-07,120252216455110659,(운영X) [빙과_스틱바_멜론쫀득] 26.05_쫀득바출시_수동_전환_image_전체타겟 - 사본,0623_망고쫀득바 - 사본,[26.06]F_I_JD망_전환_쫀득바출시_혜택강조형__.배너_.가격실수상황.죄송합니다.__김유진_260622_빙과_홍정민,20,0,330,0,0,전환
2026-09-07,120252216455380659,(운영X) [빙과_스틱바_멜론쫀득] 26.05_쫀득바출시_수동_전환_image_전체타겟 - 사본,0626_멜론쫀득바 - 사본,[26.06]F_I_JD멜_전환_쫀득바출시_직원설득형__.배너_판매자손해.비교프레임.마지막0원.__문선정_260625_빙과_오형선,17,0,382,0,0,전환
2026-09-07,120252216455480659,(운영X) [빙과_스틱바_멜론쫀득] 26.05_쫀득바출시_수동_전환_image_전체타겟 - 사본,0626_멜론쫀득바 - 사본,[26.06]F_I_JD멜_전환_쫀득바출시_직원설득형__.배너_판매자손해.비교프레임.특가시작.__문선정_260625_빙과_오형선,10,0,53,0,0,전환
2026-09-07,120252216455530659,(운영X) [빙과_스틱바_멜론쫀득] 26.05_쫀득바출시_수동_전환_image_전체타겟 - 사본,0626_멜론쫀득바 - 사본,[26.06]F_I_JD멜_전환_쫀득바출시_직원설득형__.배너_고효율.지금이젤싸요.__문선정_260625_빙과_오형선,11,1,642,0,0,전환
2026-09-07,120252216455610659,(운영X) [빙과_스틱바_멜론쫀득] 26.05_쫀득바출시_수동_전환_image_전체타겟 - 사본,0626_멜론쫀득바 - 사본,[26.06]F_I_JD멜_전환_쫀득바출시_직원설득형__.배너_판매자손해.비교프레임.특가곧종료.__문선정_260625_빙과_오형선,1,0,2,0,0,전환
2026-09-07,120252216528290659,(운영X) [빙과_스틱바_멜론쫀득] 26.05_쫀득바출시_수동_전환_image_전체타겟 - 사본,(운영X) 0612_멜론쫀득바_시즌성/판매중단 - 사본,(운영X) [26.06]F_I_JD멜_전환_쫀득바출시_혜택강조형_희소성_.배너_시즌성.멜론2종.공지문.판매중단.__문선정_260612_빙과_오형선,1,0,13,0,0,전환
2026-09-07,120252216574200659,(운영X) [빙과_스틱바_멜론쫀득] 26.05_쫀득바출시_수동_전환_image_전체타겟 - 사본,0508_망고쫀득바_고효율 - 사본,[26.05]F_I_JD망_전환_쫀득바출시_제품강조형_제품력.100_.배너_혜택O.제품력.2중식감.오독오독망고쉘_확장_김바다_260508_2셀_최아연,2,0,12,0,0,전환
2026-09-07,120252216574340659,(운영X) [빙과_스틱바_멜론쫀득] 26.05_쫀득바출시_수동_전환_image_전체타겟 - 사본,0522_멜론쫀득바_고효율 - 사본,[26.05]F_I_JD멜_전환_쫀득바출시_혜택강조형_제품력.50_.배너_브팀기획.칸달로프멜론.일본에서만.4분할.일본에서만먹을수있던_확장_김유진_260521_1셀_오형선,3,0,38,0,0,전환
2026-09-07,120252216574400659,(운영X) [빙과_스틱바_멜론쫀득] 26.05_쫀득바출시_수동_전환_image_전체타겟 - 사본,0508_망고쫀득바_메시지테스트_고구성테스트 - 사본,[26.05]F_I_JD망_전환_쫀득바출시_혜택강조형_혜택.100_.배너_혜택O.고구성강조.쟁일수록싸다_확장_김바다_260508_1셀_오혜정,1,0,30,0,0,전환
2026-09-07,120252216574500659,(운영X) [빙과_스틱바_멜론쫀득] 26.05_쫀득바출시_수동_전환_image_전체타겟 - 사본,0508_망고쫀득바_메시지테스트_고구성테스트 - 사본,[26.05]F_I_JD망_전환_쫀득바출시_혜택강조형_혜택.100_.배너_혜택O.할인가강조.미리구매하신분들_확장_김바다_260508_1셀_오혜정,2,0,1,0,0,전환
2026-09-07,120252216574560659,(운영X) [빙과_스틱바_멜론쫀득] 26.05_쫀득바출시_수동_전환_image_전체타겟 - 사본,0522_멜론쫀득바_고효율 - 사본,[26.05]F_I_JD멜_전환_쫀득바출시_혜택강조형_제품력.50_.배너_브팀기획.쫀득뿔.뿔이생길정도로쪼온득_확장_김유진_260521_1셀_오형선,1,0,6,0,0,전환
2026-09-07,120252216574570659,(운영X) [빙과_스틱바_멜론쫀득] 26.05_쫀득바출시_수동_전환_image_전체타겟 - 사본,0522_멜론쫀득바_고효율 - 사본,[26.05]F_I_JD멜_전환_쫀득바출시_혜택강조형_제품력.50_.배너_브팀기획.칸달로프멜론.프랑스왕실.매거진.출시_확장_김유진_260521_1셀_오형선,3,0,27,0,0,전환
2026-09-07,120252216574650659,(운영X) [빙과_스틱바_멜론쫀득] 26.05_쫀득바출시_수동_전환_image_전체타겟 - 사본,0522_멜론쫀득바_고효율 - 사본,(운영X) [26.05]F_I_JD멜_전환_쫀득바출시_혜택강조형_제품력.50_.배너_브팀기획.한통에50만원.최고급칸달로프멜론듬뿍_확장_김유진_260521_1셀_오형선,4,0,54,0,0,전환
2026-09-07,120252216574820659,(운영X) [빙과_스틱바_멜론쫀득] 26.05_쫀득바출시_수동_전환_image_전체타겟 - 사본,0522_멜론쫀득바_고효율 - 사본,(운영X) [26.05]F_I_JD멜_전환_쫀득바출시_혜택강조형_제품력.50_.배너_브팀기획.멜론계최상위.마지막0원_확장_김유진_260521_1셀_오형선,2,0,17,0,0,전환
2026-09-07,120252216574890659,(운영X) [빙과_스틱바_멜론쫀득] 26.05_쫀득바출시_수동_전환_image_전체타겟 - 사본,0508_망고쫀득바_메시지테스트_고구성테스트 - 사본,[26.05]F_I_JD망_전환_쫀득바출시_혜택강조형_혜택.100_.배너_혜택O.고구성강조.최저가구성_확장_김바다_260508_1셀_오혜정,2,0,53,0,0,전환
2026-09-07,120252216574940659,(운영X) [빙과_스틱바_멜론쫀득] 26.05_쫀득바출시_수동_전환_image_전체타겟 - 사본,0508_망고쫀득바_메시지테스트_고구성테스트 - 사본,[26.05]F_I_JD망_전환_쫀득바출시_혜택강조형_혜택.100_.배너_혜택O.고구성강조.이링크에서만_확장_김바다_260508_1셀_오혜정,6,0,43,0,0,전환
2026-09-07,120252216574960659,(운영X) [빙과_스틱바_멜론쫀득] 26.05_쫀득바출시_수동_전환_image_전체타겟 - 사본,0508_망고쫀득바_메시지테스트_고구성테스트 - 사본,[26.05]F_I_JD망_전환_쫀득바출시_혜택강조형_혜택.100_.배너_혜택O.할인가강조.신상출시_확장_김바다_260508_1셀_오혜정,3,1,11,0,0,전환
2026-09-07,120252216574970659,(운영X) [빙과_스틱바_멜론쫀득] 26.05_쫀득바출시_수동_전환_image_전체타겟 - 사본,0508_망고쫀득바_메시지테스트_고구성테스트 - 사본,[26.05]F_I_JD망_전환_쫀득바출시_혜택강조형_혜택.100_.배너_혜택O.할인가강조.10만원더냈네요.2_확장_김바다_260508_1셀_오혜정,1,0,9,0,0,전환
2026-09-07,120252216455180659,(운영X) [빙과_스틱바_멜론쫀득] 26.05_쫀득바출시_수동_전환_image_전체타겟 - 사본,0630_멜론쫀득바 - 사본,[26.06]F_I_JD멜_전환_쫀득바출시_혜택강조형__.릴스_AI캐릭터.이득강조.물량.품절풀렸대요.__문선정_260626_빙과_오형선,1,0,30,0,0,전환
2026-09-07,120252216455230659,(운영X) [빙과_스틱바_멜론쫀득] 26.05_쫀득바출시_수동_전환_image_전체타겟 - 사본,(운영X) 0618_망고쫀득바 - 사본,[26.06]F_I_JD망_전환_상시_직원설득형_공지문_.배너_AI이미지자동화.가격오류안내.국내최초.역대급쫀득.__문선정_260618_빙과_오혜정,4,0,42,0,0,전환
2026-09-07,120252216455240659,(운영X) [빙과_스틱바_멜론쫀득] 26.05_쫀득바출시_수동_전환_image_전체타겟 - 사본,(운영X) 0618_망고쫀득바 - 사본,[26.06]F_I_JD망_전환_상시_직원설득형_공지문_.배너_AI이미지자동화.가격오류안내.인수인계과정.__문선정_260618_빙과_오혜정,27,0,268,0,0,전환
2026-09-07,120252216455270659,(운영X) [빙과_스틱바_멜론쫀득] 26.05_쫀득바출시_수동_전환_image_전체타겟 - 사본,0623_망고쫀득바 - 사본,[26.06]F_I_JD망_전환_쫀득바출시_혜택강조형__.배너_.품절대란.조기마감임박.__김유진_260622_빙과_홍정민,6,0,47,0,0,전환
2026-09-07,120252216455280659,(운영X) [빙과_스틱바_멜론쫀득] 26.05_쫀득바출시_수동_전환_image_전체타겟 - 사본,0623_멜론쫀득바_AI - 사본,[26.06]F_I_JD멜_전환_쫀득바출시_혜택강조형__.릴스_AI영상자동화.AI캐릭터.손해강조.재입고없어요.__문선정_260623_빙과_오형선,3,0,44,0,0,전환
2026-09-07,120252216455310659,(운영X) [빙과_스틱바_멜론쫀득] 26.05_쫀득바출시_수동_전환_image_전체타겟 - 사본,(운영X) 0618_망고쫀득바 - 사본,[26.06]F_I_JD망_전환_상시_직원설득형_공지문_.배너_AI이미지자동화.가격오류안내.사은품증정.__문선정_260618_빙과_오혜정,108,3,2436,0,0,전환
2026-09-07,120252216455320659,(운영X) [빙과_스틱바_멜론쫀득] 26.05_쫀득바출시_수동_전환_image_전체타겟 - 사본,(운영X) 0618_망고쫀득바 - 사본,[26.06]F_I_JD망_전환_상시_직원설득형_공지문_.배너_AI이미지자동화.가격오류안내.시스템오류.__문선정_260618_빙과_오혜정,3,2,203,0,0,전환
2026-09-07,120252216455410659,(운영X) [빙과_스틱바_멜론쫀득] 26.05_쫀득바출시_수동_전환_image_전체타겟 - 사본,0630_멜론쫀득바 - 사본,[26.06]F_I_JD멜_전환_쫀득바출시_혜택강조형__.릴스_AI캐릭터.이득강조.판매자손해.제가졌습니다.__문선정_260626_빙과_오형선,2,0,42,0,0,전환
2026-09-07,120252216455440659,(운영X) [빙과_스틱바_멜론쫀득] 26.05_쫀득바출시_수동_전환_image_전체타겟 - 사본,(운영X) 0618_망고쫀득바 - 사본,[26.06]F_I_JD망_전환_상시_직원설득형_공지문_.배너_AI이미지자동화.가격오류안내.직원단독등록.__문선정_260618_빙과_오혜정,5,0,51,0,0,전환
2026-09-07,120252216455450659,(운영X) [빙과_스틱바_멜론쫀득] 26.05_쫀득바출시_수동_전환_image_전체타겟 - 사본,(운영X) 0618_망고쫀득바 - 사본,[26.06]F_I_JD망_전환_상시_직원설득형_공지문_.배너_AI이미지자동화.가격오류안내.할인조건설정.__문선정_260618_빙과_오혜정,13,0,218,0,0,전환
2026-09-07,120252216455460659,(운영X) [빙과_스틱바_멜론쫀득] 26.05_쫀득바출시_수동_전환_image_전체타겟 - 사본,(운영X) 0618_망고쫀득바 - 사본,[26.06]F_I_JD망_전환_상시_직원설득형_공지문_.배너_AI이미지자동화.가격오류안내.신입사원실수.__문선정_260618_빙과_오혜정,7,0,73,0,0,전환
2026-09-07,120252216455490659,(운영X) [빙과_스틱바_멜론쫀득] 26.05_쫀득바출시_수동_전환_image_전체타겟 - 사본,0623_멜론쫀득바_AI - 사본,[26.06]F_I_JD멜_전환_쫀득바출시_혜택강조형__.릴스_AI영상자동화.AI캐릭터.손해강조.먼저사신분들울겠어요.__문선정_260623_빙과_오형선,38,2,852,1,0,전환
2026-09-07,120252216455500659,(운영X) [빙과_스틱바_멜론쫀득] 26.05_쫀득바출시_수동_전환_image_전체타겟 - 사본,0623_멜론쫀득바_AI - 사본,[26.06]F_I_JD멜_전환_쫀득바출시_혜택강조형__.릴스_AI영상자동화.AI캐릭터.손해강조.먼저사신분들은요.__문선정_260623_빙과_오형선,29,0,485,0,0,전환
2026-09-07,120252216455580659,(운영X) [빙과_스틱바_멜론쫀득] 26.05_쫀득바출시_수동_전환_image_전체타겟 - 사본,0623_망고쫀득바/멜론쫀득바 - 사본,[26.06]F_I_JD멜_전환_쫀득바출시_혜택강조형__.배너_.고효율베리.드디어재입고됐어요.재고소진시바로종료.__김유진_260622_빙과_김민우,1,0,14,0,0,전환
2026-09-07,120252216455620659,(운영X) [빙과_스틱바_멜론쫀득] 26.05_쫀득바출시_수동_전환_image_전체타겟 - 사본,(운영X) 0618_망고쫀득바 - 사본,[26.06]F_I_JD망_전환_상시_직원설득형_공지문_.배너_AI이미지자동화.가격오류안내.국내최초.__문선정_260618_빙과_오혜정,149,2,2716,0,0,전환
2026-09-07,120252216455650659,(운영X) [빙과_스틱바_멜론쫀득] 26.05_쫀득바출시_수동_전환_image_전체타겟 - 사본,0630_망고쫀득바_젤리확장 - 사본,[26.06]F_I_JD망_전환_쫀득바출시_혜택강조형__.배너_할인희소성.국내최초.이번물량만.0원.__김유진_260630_빙과_홍정민,4,0,50,0,0,전환
2026-09-07,120252216455670659,(운영X) [빙과_스틱바_멜론쫀득] 26.05_쫀득바출시_수동_전환_image_전체타겟 - 사본,0623_망고쫀득바 - 사본,[26.06]F_I_JD망_전환_쫀득바출시_혜택강조형__.배너_.품절대란.다시는없어요.__김유진_260622_빙과_홍정민,9,1,263,1,0,전환
2026-09-07,120252216455680659,(운영X) [빙과_스틱바_멜론쫀득] 26.05_쫀득바출시_수동_전환_image_전체타겟 - 사본,0623_멜론쫀득바_AI - 사본,[26.06]F_I_JD멜_전환_쫀득바출시_혜택강조형__.릴스_AI영상자동화.AI캐릭터.이득강조.품절풀렸대요.__문선정_260623_빙과_오형선,24,0,495,0,0,전환
2026-09-07,120252216455720659,(운영X) [빙과_스틱바_멜론쫀득] 26.05_쫀득바출시_수동_전환_image_전체타겟 - 사본,(운영X) 0618_망고쫀득바 - 사본,[26.06]F_I_JD망_전환_상시_직원설득형__.배너_AI이미지자동화.가격오류안내.신입사원실수.__문선정_260618_빙과_오혜정,40,0,632,0,0,전환
2026-09-07,120252216455730659,(운영X) [빙과_스틱바_멜론쫀득] 26.05_쫀득바출시_수동_전환_image_전체타겟 - 사본,(운영X) 0618_망고쫀득바 - 사본,[26.06]F_I_JD망_전환_상시_직원설득형_공지문_.배너_AI이미지자동화.가격오류안내.웰컴쿠폰.__문선정_260618_빙과_오혜정,8,0,192,0,0,전환
2026-09-07,120252216455820659,(운영X) [빙과_스틱바_멜론쫀득] 26.05_쫀득바출시_수동_전환_image_전체타겟 - 사본,0623_망고쫀득바 - 사본,[26.06]F_I_JD망_전환_쫀득바출시_혜택강조형__.배너_.가격실수상황.다시는없어요.__김유진_260622_빙과_홍정민,6,0,97,0,0,전환
2026-09-07,120252216527970659,(운영X) [빙과_스틱바_멜론쫀득] 26.05_쫀득바출시_수동_전환_image_전체타겟 - 사본,(운영X) 0612_망고쫀득바_멜론치환 - 사본,[26.06]F_I_JD망_전환_쫀득바출시_혜택강조형_희소성_.배너_직원실수상황.대세감메세지확장.직원복지축소.원물유사성.내부행사용가격.__문선정_260612_빙과_오형선,32,1,794,0,0,전환
2026-09-07,120252216528050659,(운영X) [빙과_스틱바_멜론쫀득] 26.05_쫀득바출시_수동_전환_image_전체타겟 - 사본,(운영X) 0612_멜론쫀득바_공급자손해/실수상황 - 사본,[26.06]F_I_JD멜_전환_쫀득바출시_혜택강조형_희소성_.배너_직원실수상황.대세감메세지확장.직원복지축소.__문선정_260612_빙과_오형선,136,3,2261,1,0,전환
2026-09-07,120252216528080659,(운영X) [빙과_스틱바_멜론쫀득] 26.05_쫀득바출시_수동_전환_image_전체타겟 - 사본,(운영X) 0612_망고쫀득바_멜론치환 - 사본,[26.06]F_I_JD망_전환_쫀득바출시_혜택강조형_희소성_.배너_직원실수상황.대세감메세지확장.직원복지축소.원물유사성.__문선정_260612_빙과_오형선,382,6,6156,1,0,전환
2026-09-07,120252216528130659,(운영X) [빙과_스틱바_멜론쫀득] 26.05_쫀득바출시_수동_전환_image_전체타겟 - 사본,(운영X)0616_망고쫀득바_멜론치환2 - 사본,[26.06]F_I_JD망_전환_쫀득바출시_혜택강조형_희소성_.배너_수량제한.한박스에4만원.후숙된찐한망고맛그대로.공지문.3일간0원1개.__문선정_260616_빙과_김민우,3,0,18,0,0,전환
2026-09-07,120252216528150659,(운영X) [빙과_스틱바_멜론쫀득] 26.05_쫀득바출시_수동_전환_image_전체타겟 - 사본,(운영X) 0617_망고쫀득바 - 사본,(운영X) [26.06]F_I_JD망_전환_상시_직원설득형_공지문_.배너_AI이미지자동화.판매중단안내.제철원물수급마감.__문선정_260617_빙과_오혜정,185,2,2209,0,0,전환
2026-09-07,120252216528180659,(운영X) [빙과_스틱바_멜론쫀득] 26.05_쫀득바출시_수동_전환_image_전체타겟 - 사본,0522_멜론쫀득바_메시지테스트_쫀득 - 사본,[26.05]F_I_JD멜_전환_쫀득바출시_혜택강조형_제품력.50_.배너_마팀기획.쫀득과육.쫀득뿔_확장_김유진_260521_1셀_오형선,7,1,175,1,0,전환
2026-09-07,120252216528210659,(운영X) [빙과_스틱바_멜론쫀득] 26.05_쫀득바출시_수동_전환_image_전체타겟 - 사본,(운영X) 0604_멜론쫀득바_판매중단 - 사본,[26.06]F_I_JD멜_전환_쫀득바출시이벤트_혜택강조형__.배너_판매중단.구매한정성극대화.노을멜론.대세감.물량부족.안내문.__김유진_260604_빙과_오형선,39,1,773,0,0,전환
2026-09-07,120252216528220659,(운영X) [빙과_스틱바_멜론쫀득] 26.05_쫀득바출시_수동_전환_image_전체타겟 - 사본,(운영X) 0604_멜론쫀득바_판매중단 - 사본,[26.06]F_I_JD멜_전환_쫀득바출시이벤트_혜택강조형__.배너_판매중단.구매한정성극대화.시즌한정성.원물수급.쌀때쟁이세요.__김유진_260604_빙과_오형선,30,2,787,1,0,전환
2026-09-07,120252216528250659,(운영X) [빙과_스틱바_멜론쫀득] 26.05_쫀득바출시_수동_전환_image_전체타겟 - 사본,(운영X) 0612_멜론쫀득바_공급자손해/실수상황 - 사본,[26.06]F_I_JD멜_전환_쫀득바출시_혜택강조형_희소성_.배너_공급자손해.제가졌어요.SNS대란노을멜론.맛비주얼.__문선정_260612_빙과_오형선,1,0,86,0,0,전환
2026-09-07,120252216528300659,(운영X) [빙과_스틱바_멜론쫀득] 26.05_쫀득바출시_수동_전환_image_전체타겟 - 사본,(운영X) 0612_망고쫀득바_멜론치환 - 사본,[26.06]F_I_JD망_전환_쫀득바출시_혜택강조형_희소성_.배너_시즌성.후숙망고.오늘끝나면안녕.__문선정_260612_빙과_오형선,25,1,255,0,0,전환
2026-09-07,120252216528360659,(운영X) [빙과_스틱바_멜론쫀득] 26.05_쫀득바출시_수동_전환_image_전체타겟 - 사본,(운영X) 0604_멜론쫀득바_판매중단 - 사본,[26.06]F_I_JD멜_전환_쫀득바출시이벤트_혜택강조형__.배너_판매중단.구매한정성극대화.노을멜론.대세감.원물수급.사과문.__김유진_260604_빙과_오형선,27,1,607,0,0,전환
2026-09-07,120252216528390659,(운영X) [빙과_스틱바_멜론쫀득] 26.05_쫀득바출시_수동_전환_image_전체타겟 - 사본,(운영X) 0604_멜론쫀득바_판매중단 - 사본,[26.06]F_I_JD멜_전환_쫀득바출시이벤트_혜택강조형__.배너_판매중단.구매한정성극대화.시즌한정성.원물수급.오늘끝나면안녕.귀한주황빛멜론.스쿱.__김유진_260604_빙과_오형선,16,0,464,0,0,전환
2026-09-07,120252216528550659,(운영X) [빙과_스틱바_멜론쫀득] 26.05_쫀득바출시_수동_전환_image_전체타겟 - 사본,0522_멜론쫀득바_메시지테스트_쫀득 - 사본,[26.05]F_I_JD멜_전환_쫀득바출시_혜택강조형_제품력.50_.배너_마팀기획.쫀득과육.20브릭스최고당도_확장_김유진_260521_1셀_오형선,3,0,33,0,0,전환
2026-09-07,120252216528600659,(운영X) [빙과_스틱바_멜론쫀득] 26.05_쫀득바출시_수동_전환_image_전체타겟 - 사본,(운영X) 0617_망고쫀득바 - 사본,(운영X) [26.06]F_I_JD망_전환_상시_직원설득형__.배너_AI이미지자동화.판매중단안내.역대급폭염.__문선정_260617_빙과_오혜정,123,4,2298,1,0,전환
2026-09-07,120252216528670659,(운영X) [빙과_스틱바_멜론쫀득] 26.05_쫀득바출시_수동_전환_image_전체타겟 - 사본,(운영X) 0604_멜론쫀득바_판매중단 - 사본,[26.06]F_I_JD멜_전환_쫀득바출시이벤트_혜택강조형__.배너_판매중단.구매한정성극대화.노을멜론.대세감.물량부족.사과문.__김유진_260604_빙과_오형선,7,0,92,0,0,전환
2026-09-07,120252216528680659,(운영X) [빙과_스틱바_멜론쫀득] 26.05_쫀득바출시_수동_전환_image_전체타겟 - 사본,(운영X) 0604_멜론쫀득바_판매중단 - 사본,[26.06]F_I_JD멜_전환_쫀득바출시이벤트_혜택강조형__.배너_판매중단.구매한정성극대화.시즌한정성.원물수급.오늘끝나면안녕.귀한주황빛멜론.잇자국.__김유진_260604_빙과_오형선,3,0,36,0,0,전환
2026-09-07,120252216528740659,(운영X) [빙과_스틱바_멜론쫀득] 26.05_쫀득바출시_수동_전환_image_전체타겟 - 사본,(운영X) 0612_멜론쫀득바_공급자손해/실수상황 - 사본,[26.06]F_I_JD멜_전환_쫀득바출시_혜택강조형_희소성_.배너_공급자손해.제가졌습니다.SNS대란노을멜론.맛비주얼.__문선정_260612_빙과_오형선,2,0,7,0,0,전환
2026-09-07,120252216528760659,(운영X) [빙과_스틱바_멜론쫀득] 26.05_쫀득바출시_수동_전환_image_전체타겟 - 사본,(운영X) 0612_멜론쫀득바_공급자손해/실수상황 - 사본,[26.06]F_I_JD멜_전환_쫀득바출시_혜택강조형_희소성_.배너_공급자손해.SNS대란노을멜론.제가졌어요.맛비주얼.__문선정_260612_빙과_오형선,3,1,56,0,0,전환
2026-09-07,120252216528850659,(운영X) [빙과_스틱바_멜론쫀득] 26.05_쫀득바출시_수동_전환_image_전체타겟 - 사본,(운영X) 0612_망고쫀득바_멜론치환 - 사본,[26.06]F_I_JD망_전환_쫀득바출시_혜택강조형_희소성_.배너_공급자손해.제가졌어요.SNS대란노을멜론.쟁임.__문선정_260612_빙과_오형선,28,1,1031,0,0,전환
2026-09-07,120248645756310659,(운영X) [빙과_스틱바_멜론쫀득] 26.05_쫀득바출시_수동_전환_video_전체타겟 - 사본,0522_멜론쫀득바_CS형,[26.05]F_V_JD멜_전환_쫀득바출시_제조과정형_CS제조과정형_main.릴스_전화.현경PJ1_2C_김유진_260522_2T_유영현,1497,10,18012,2,136,전환
2026-09-07,120252216528100659,(운영X) [빙과_스틱바_멜론쫀득] 26.05_쫀득바출시_수동_전환_image_전체타겟 - 사본,(운영X) 0615_멜론쫀득바 - 사본,[26.06]F_I_JD멜_전환_쫀득바출시_혜택강조형_희소성_.배너_직원네고.한통에4만원.공급자손해.지금이젤싸요.__문선정_260615_빙과_오형선,3,0,48,0,0,전환
2026-09-07,120252216528110659,(운영X) [빙과_스틱바_멜론쫀득] 26.05_쫀득바출시_수동_전환_image_전체타겟 - 사본,(운영X) 0615_멜론쫀득바 - 사본,[26.06]F_I_JD멜_전환_쫀득바출시_혜택강조형_희소성_.배너_직원네고.한통에4만원.공급자손해.폭싹깎았어요.__문선정_260615_빙과_오형선,7,1,184,0,0,전환
2026-09-07,120252216528440659,(운영X) [빙과_스틱바_멜론쫀득] 26.05_쫀득바출시_수동_전환_image_전체타겟 - 사본,(운영X) 0615_멜론쫀득바 - 사본,[26.06]F_I_JD멜_전환_쫀득바출시_혜택강조형_희소성_.배너_직원네고.한통에4만원.공급자손해.시말서는미리써뒀습니다.__문선정_260615_빙과_오형선,7,1,152,0,0,전환
2026-09-07,120252216528460659,(운영X) [빙과_스틱바_멜론쫀득] 26.05_쫀득바출시_수동_전환_image_전체타겟 - 사본,(운영X) 0612_멜론쫀득바_시즌성/판매중단 - 사본,(운영X) [26.06]F_I_JD멜_전환_쫀득바출시_혜택강조형_희소성_.배너_판매중단.후숙된찐한멜론맛그대로.공지문.__문선정_260612_빙과_오형선,25,1,870,0,0,전환
2026-09-07,120252216528470659,(운영X) [빙과_스틱바_멜론쫀득] 26.05_쫀득바출시_수동_전환_image_전체타겟 - 사본,(운영X) 0612_멜론쫀득바_시즌성/판매중단 - 사본,[26.06]F_I_JD멜_전환_쫀득바출시_혜택강조형_희소성_.배너_판매중단.한통에4만원넘는고급멜론.공지문.현장감.__문선정_260612_빙과_오형선,292,2,3350,0,0,전환
2026-09-07,120252216528490659,(운영X) [빙과_스틱바_멜론쫀득] 26.05_쫀득바출시_수동_전환_image_전체타겟 - 사본,(운영X) 0612_멜론쫀득바_시즌성/판매중단 - 사본,(운영X) [26.06]F_I_JD멜_전환_쫀득바출시_혜택강조형_희소성_.배너_시즌성.멜쫀바단독.공지문.판매중단.__문선정_260612_빙과_오형선,16,0,214,0,0,전환
2026-09-07,120252216528800659,(운영X) [빙과_스틱바_멜론쫀득] 26.05_쫀득바출시_수동_전환_image_전체타겟 - 사본,(운영X) 0612_멜론쫀득바_시즌성/판매중단 - 사본,(운영X) [26.06]F_I_JD멜_전환_쫀득바출시_혜택강조형_희소성_.배너_판매중단.한통에4만원넘는고급멜론.공지문.__문선정_260612_빙과_오형선,1,0,11,0,0,전환
2026-09-07,120252216528830659,(운영X) [빙과_스틱바_멜론쫀득] 26.05_쫀득바출시_수동_전환_image_전체타겟 - 사본,(운영X) 0612_멜론쫀득바_시즌성/판매중단 - 사본,(운영X) [26.06]F_I_JD멜_전환_쫀득바출시_혜택강조형_희소성_.배너_시즌성.멜론2종.오늘끝나면안녕.__문선정_260612_빙과_오형선,8,0,145,0,0,전환
2026-09-07,120252216574180659,(운영X) [빙과_스틱바_멜론쫀득] 26.05_쫀득바출시_수동_전환_image_전체타겟 - 사본,0515_원물강조_메시지테스트 - 사본,[26.05]F_I_JD망_전환_쫀득바출시_직원설득형_제품력.100_.배너_마팀기획.원물강조.공지문.후숙망고그대로얼린듯찐한_확장_김바다_260515_1셀_오형선,38,0,565,0,0,전환
2026-09-07,120252216574190659,(운영X) [빙과_스틱바_멜론쫀득] 26.05_쫀득바출시_수동_전환_image_전체타겟 - 사본,0508_망고쫀득바_메시지테스트_망고맛 - 사본,[26.05]F_I_JD망_전환_쫀득바출시_제품강조형_제품력.100_.배너_혜택O.제품력.메시지테스트.베트남유명망고젤리.2_확장_김바다_260508_2셀_최아연,4,0,71,0,0,전환
2026-09-07,120252216574230659,(운영X) [빙과_스틱바_멜론쫀득] 26.05_쫀득바출시_수동_전환_image_전체타겟 - 사본,0508_망고쫀득바_메시지테스트_망고맛 - 사본,[26.05]F_I_JD망_전환_쫀득바출시_제품강조형_제품력.100_.배너_혜택O.제품력.메시지테스트.망고갈비액기스.2_확장_김바다_260508_2셀_최아연,10,0,256,0,0,전환
2026-09-07,120252216574270659,(운영X) [빙과_스틱바_멜론쫀득] 26.05_쫀득바출시_수동_전환_image_전체타겟 - 사본,(재러닝) 0509_망고쫀득바_메시지테스트_쫀득함 - 사본,[26.05]F_I_JD망_전환_쫀득바출시_제품강조형_제품력.100_.배너_혜택O.제품력.메시지테스트.마쉬멜로우인줄_확장_김바다_260508_2셀_최아연,12,1,124,0,0,전환
2026-09-07,120252216574290659,(운영X) [빙과_스틱바_멜론쫀득] 26.05_쫀득바출시_수동_전환_image_전체타겟 - 사본,0508_망고쫀득바_고효율 - 사본,[26.05]F_I_JD망_전환_쫀득바출시_제품강조형_제품력.100_.배너_혜택O.제품력.쫀득함극대화.쫀득한뿔_확장_김바다_260508_2셀_최아연,20,0,171,0,0,전환
2026-09-07,120252216574320659,(운영X) [빙과_스틱바_멜론쫀득] 26.05_쫀득바출시_수동_전환_image_전체타겟 - 사본,0522_멜론쫀득바_고효율 - 사본,(운영X) [26.05]F_I_JD멜_전환_쫀득바출시_혜택강조형_제품력.50_.배너_브팀기획.쫀득뿔.마지막0원_확장_김유진_260521_1셀_오형선,13,0,389,0,0,전환
2026-09-07,120252216574390659,(운영X) [빙과_스틱바_멜론쫀득] 26.05_쫀득바출시_수동_전환_image_전체타겟 - 사본,0508_망고쫀득바_고효율 - 사본,[26.05]F_I_JD망_전환_쫀득바출시_제품강조형_제품력.100_.배너_혜택O.제품력.쫀득함극대화.망고4분할_확장_김바다_260508_2셀_최아연,27,0,354,0,0,전환
2026-09-07,120252216574410659,(운영X) [빙과_스틱바_멜론쫀득] 26.05_쫀득바출시_수동_전환_image_전체타겟 - 사본,0508_망고쫀득바_고효율 - 사본,[26.05]F_I_JD망_전환_쫀득바출시_혜택강조형_혜택.100_.배너_혜택O.0원강조.내부공지_확장_김바다_260508_1셀_오혜정,147,1,2259,0,0,전환
2026-09-07,120252216574480659,(운영X) [빙과_스틱바_멜론쫀득] 26.05_쫀득바출시_수동_전환_image_전체타겟 - 사본,0508_망고쫀득바_메시지테스트_망고맛 - 사본,[26.05]F_I_JD망_전환_쫀득바출시_제품강조형_제품력.100_.배너_혜택O.제품력.메시지테스트.베트남유명망고젤리.1_확장_김바다_260508_2셀_최아연,9,1,103,0,0,전환
2026-09-07,120252216574520659,(운영X) [빙과_스틱바_멜론쫀득] 26.05_쫀득바출시_수동_전환_image_전체타겟 - 사본,(재러닝) 0509_망고쫀득바_메시지테스트_망고맛 - 사본,[26.05]F_I_JD망_전환_쫀득바출시_제품강조형_제품력.100_.배너_혜택O.제품력.메시지테스트.베트남유명망고젤리.1_확장_김바다_260508_2셀_최아연,3,0,116,0,0,전환
2026-09-07,120252216574630659,(운영X) [빙과_스틱바_멜론쫀득] 26.05_쫀득바출시_수동_전환_image_전체타겟 - 사본,0522_멜론쫀득바_고효율 - 사본,[26.05]F_I_JD멜_전환_쫀득바출시_혜택강조형_제품력.50_.배너_브팀기획.노을멜론.백화점프리미엄.4분할_확장_김유진_260521_1셀_오형선,40,0,301,0,0,전환
2026-09-07,120252216574660659,(운영X) [빙과_스틱바_멜론쫀득] 26.05_쫀득바출시_수동_전환_image_전체타겟 - 사본,0522_멜론쫀득바_메시지테스트_칸달로프 - 사본,[26.05]F_I_JD멜_전환_쫀득바출시_혜택강조형_제품력.50_.배너_마팀기획.칸달로프멜론.멜론계최상위_확장_김유진_260521_1셀_오형선,9,0,398,0,0,전환
2026-09-07,120252216574700659,(운영X) [빙과_스틱바_멜론쫀득] 26.05_쫀득바출시_수동_전환_image_전체타겟 - 사본,(재러닝) 0509_망고쫀득바_메시지테스트_망고맛 - 사본,[26.05]F_I_JD망_전환_쫀득바출시_제품강조형_제품력.100_.배너_혜택O.제품력.메시지테스트.망고갈비액기스.2_확장_김바다_260508_2셀_최아연,2,0,8,0,0,전환
2026-09-07,120252216574710659,(운영X) [빙과_스틱바_멜론쫀득] 26.05_쫀득바출시_수동_전환_image_전체타겟 - 사본,0522_멜론쫀득바_메시지테스트_칸달로프 - 사본,[26.05]F_I_JD멜_전환_쫀득바출시_혜택강조형_제품력.50_.배너_마팀기획.칸달로프멜론.프랑스왕실_확장_김유진_260521_1셀_오형선,16,1,399,0,0,전환
2026-09-07,120252216574730659,(운영X) [빙과_스틱바_멜론쫀득] 26.05_쫀득바출시_수동_전환_image_전체타겟 - 사본,0522_멜론쫀득바_고효율 - 사본,(운영X) [26.05]F_I_JD멜_전환_쫀득바출시_혜택강조형_제품력.50_.배너_브팀기획.칸달로프멜론.프랑스왕실.4분할.멜론듬뿍_확장_김유진_260521_1셀_오형선,5,0,152,0,0,전환
2026-09-07,120252216574800659,(운영X) [빙과_스틱바_멜론쫀득] 26.05_쫀득바출시_수동_전환_image_전체타겟 - 사본,(재러닝) 0509_망고쫀득바_메시지테스트_쫀득함 - 사본,[26.05]F_I_JD망_전환_쫀득바출시_제품강조형_제품력.100_.배너_혜택O.제품력.메시지테스트.한국상륙.2_확장_김바다_260508_2셀_최아연,3,0,14,0,0,전환
2026-09-07,120252216574830659,(운영X) [빙과_스틱바_멜론쫀득] 26.05_쫀득바출시_수동_전환_image_전체타겟 - 사본,0522_멜론쫀득바_고효율 - 사본,[26.05]F_I_JD멜_전환_쫀득바출시_혜택강조형_제품력.50_.배너_브팀기획.멜론계최상위.칸탈로프멜론듬뿍_확장_김유진_260521_1셀_오형선,8,0,148,0,0,전환
2026-09-07,120252216574840659,(운영X) [빙과_스틱바_멜론쫀득] 26.05_쫀득바출시_수동_전환_image_전체타겟 - 사본,0508_망고쫀득바_메시지테스트_망고맛 - 사본,[26.05]F_I_JD망_전환_쫀득바출시_제품강조형_제품력.100_.배너_혜택O.제품력.메시지테스트.통망고를뜯어먹는듯.1_확장_김바다_260508_2셀_최아연,2,0,22,0,0,전환
2026-09-07,120252216574900659,(운영X) [빙과_스틱바_멜론쫀득] 26.05_쫀득바출시_수동_전환_image_전체타겟 - 사본,0508_망고쫀득바_고효율 - 사본,[26.05]F_I_JD망_전환_쫀득바출시_제품강조형_제품력.100_.배너_혜택O.제품력.2중식감.망고4분할_확장_김바다_260508_2셀_최아연,18,0,197,0,0,전환
2026-09-07,120252216574930659,(운영X) [빙과_스틱바_멜론쫀득] 26.05_쫀득바출시_수동_전환_image_전체타겟 - 사본,0508_망고쫀득바_메시지테스트_망고맛 - 사본,[26.05]F_I_JD망_전환_쫀득바출시_제품강조형_제품력.100_.배너_혜택O.제품력.메시지테스트.25브릭스고당도.1_확장_김바다_260508_2셀_최아연,2,0,5,0,0,전환
2026-09-07,120252216574980659,(운영X) [빙과_스틱바_멜론쫀득] 26.05_쫀득바출시_수동_전환_image_전체타겟 - 사본,0508_망고쫀득바_메시지테스트_고구성테스트 - 사본,[26.05]F_I_JD망_전환_쫀득바출시_혜택강조형_혜택.100_.배너_혜택O.할인가강조.10만원더냈네요.1_확장_김바다_260508_1셀_오혜정,11,0,191,0,0,전환
2026-09-07,120252216575010659,(운영X) [빙과_스틱바_멜론쫀득] 26.05_쫀득바출시_수동_전환_image_전체타겟 - 사본,0515_원물강조_메시지테스트 - 사본,[26.05]F_I_JD망_전환_쫀득바출시_직원설득형_제품력.100_.배너_마팀기획.원물강조.공지문.가격실수.후숙망고그대로얼린듯찐한_확장_김바다_260515_1셀_오형선,36,2,525,0,0,전환
2026-09-07,120252216214960659,(운영X) [빙과_스틱바_멜론쫀득] 26.05_쫀득바출시_수동_전환_image_전체타겟 - 사본,0814_기존 고효율 배리 - 사본,[26.08]F_I_JD멜_전환_상시__혜택강조형__.배너_현장감.공지문.재입고안내.멜론바제치고1위.소량재입고.__황경원_260814_빙과_김민우,13,0,271,0,0,전환
2026-09-07,120252216215060659,(운영X) [빙과_스틱바_멜론쫀득] 26.05_쫀득바출시_수동_전환_image_전체타겟 - 사본,0825_JD멜_닥터후&미슐랭 - 사본,[26.07]F_I_JD멜_전환_상시_혜택강조형__.배너_최저할인.맛.연예인.미슐랭.한박스0원최저가.__황경원_260825_빙과_이채윤,1,0,4,0,0,전환
2026-09-07,120252216215390659,(운영X) [빙과_스틱바_멜론쫀득] 26.05_쫀득바출시_수동_전환_image_전체타겟 - 사본,0724_JD멜 - 사본,[26.07]F_I_JD멜_전환_쫀득바출시_AI영상자동화_혜택강조형__.릴스_ai캐릭터.고효율베리.곧끝나요.__김유진_260724_빙과_홍정민,56,2,1808,0,0,전환
2026-09-07,120252216215470659,(운영X) [빙과_스틱바_멜론쫀득] 26.05_쫀득바출시_수동_전환_image_전체타겟 - 사본,0721_JD멜 - 사본,(운영X)[26.07]F_I_JD멜_전환_쫀득바출시__직원설득형__.배너_공지문.주문폭주.비상상황.결제오류.긴급공지.슈기.__김유진_260721_빙과_홍정민,1,0,11,0,0,전환
2026-09-07,120252216215490659,(운영X) [빙과_스틱바_멜론쫀득] 26.05_쫀득바출시_수동_전환_image_전체타겟 - 사본,0825_JD멜_닥터후&미슐랭 - 사본,[26.07]F_I_JD멜_전환_상시_혜택강조형__.배너_안내문.닥터후.초등유행.가격실수안내.__황경원_260825_빙과_이채윤,384,16,5379,0,0,전환
2026-09-07,120252216215630659,(운영X) [빙과_스틱바_멜론쫀득] 26.05_쫀득바출시_수동_전환_image_전체타겟 - 사본,0825_JD멜_닥터후&미슐랭 - 사본,[26.07]F_I_JD멜_전환_상시_혜택강조형__.배너_안내문.직원할인.닥터후.품절대란.곧정가로돌아갑니다.__황경원_260825_빙과_이채윤,131,1,1599,0,2,전환
2026-09-07,120252216215670659,(운영X) [빙과_스틱바_멜론쫀득] 26.05_쫀득바출시_수동_전환_image_전체타겟 - 사본,0825_JD멜_닥터후&미슐랭 - 사본,[26.07]F_I_JD멜_전환_상시_혜택강조형__.배너_안내문.연예인.고급호텔.가격실수안내.__황경원_260825_빙과_이채윤,373,10,4400,0,0,전환
2026-09-07,120252216215850659,(운영X) [빙과_스틱바_멜론쫀득] 26.05_쫀득바출시_수동_전환_image_전체타겟 - 사본,0716_JD멜 - 사본,[26.07]F_I_JD멜_전환_쫀득바출시__혜택강조형__.배너_구매제한.현장감.공지문.표추가.__김유진_260716_빙과_홍정민,58,1,932,1,0,전환
2026-09-07,120252216215400659,(운영X) [빙과_스틱바_멜론쫀득] 26.05_쫀득바출시_수동_전환_image_전체타겟 - 사본,0724_JD멜 - 사본,[26.07]F_I_JD멜_전환_쫀득바출시_AI영상자동화_혜택강조형__.릴스_ai캐릭터.고효율베리.오열멜론2.지금이젤싸요.__김유진_260724_빙과_홍정민,241,6,5566,0,4,전환
2026-09-07,120252216215440659,(운영X) [빙과_스틱바_멜론쫀득] 26.05_쫀득바출시_수동_전환_image_전체타겟 - 사본,0724_JD멜 - 사본,[26.07]F_I_JD멜_전환_쫀득바출시_AI영상자동화_혜택강조형__.릴스_ai캐릭터.고효율베리.승리하셨습니다.__김유진_260724_빙과_홍정민,41,0,707,0,1,전환
2026-09-07,120252216320780659,(운영X) [빙과_스틱바_멜론쫀득] 26.05_쫀득바출시_수동_전환_image_전체타겟 - 사본,0707_JD멜(2) - 사본,[26.07]F_I_JD멜_전환_쫀득바출시_직원설득형__.배너_공지문.직원실수.대세감.원조제치고1등.맛먼저.__김유진_260707_빙과_오형선,186,7,2780,0,0,전환
2026-09-07,120252216320830659,(운영X) [빙과_스틱바_멜론쫀득] 26.05_쫀득바출시_수동_전환_image_전체타겟 - 사본,0715_JD멜 - 사본,[26.07]F_I_JD멜_전환_쫀득바출시__직원설득형__.릴스_직원실수.공지문.물량사라지는연출.__김유진_260715_빙과_오형선,144,0,2500,0,0,전환
2026-09-07,120252216320920659,(운영X) [빙과_스틱바_멜론쫀득] 26.05_쫀득바출시_수동_전환_image_전체타겟 - 사본,0715_JD멜 - 사본,[26.07]F_I_JD멜_전환_쫀득바출시__혜택강조형__.배너_직원실수.스토리형.후기.__김유진_260715_빙과_홍정민,7,0,110,0,0,전환
2026-09-07,120252216320960659,(운영X) [빙과_스틱바_멜론쫀득] 26.05_쫀득바출시_수동_전환_image_전체타겟 - 사본,0714_JD멜 - 사본,[26.07]F_I_JD멜_전환_쫀득바출시_AI영상자동화_혜택강조형__.릴스_ai캐릭터.가격강조.대세감강조.0원곧끝나요.긍정.__김유진_260714_빙과_오형선,10,0,214,0,0,전환
2026-09-07,120252216321010659,(운영X) [빙과_스틱바_멜론쫀득] 26.05_쫀득바출시_수동_전환_image_전체타겟 - 사본,0709_JD멜 - 사본,[26.07]F_I_JD멜_전환_쫀득바출시_AI영상자동화_혜택강조형__.릴스_AI캐릭터.이득.물량.품절직전.대세감.원조제치고1등.곧끝나요.__김유진_260709_빙과_오형선,299,3,5689,0,4,전환
2026-09-07,120252216321030659,(운영X) [빙과_스틱바_멜론쫀득] 26.05_쫀득바출시_수동_전환_image_전체타겟 - 사본,0707_JD멜(2) - 사본,[26.07]F_I_JD멜_전환_쫀득바출시_혜택강조형__.릴스_AI캐릭터.이득.수량희소성.대세감.원조제치고1등.편의점.__김유진_260707_빙과_오형선,145,0,1810,0,2,전환
2026-09-07,120252216321040659,(운영X) [빙과_스틱바_멜론쫀득] 26.05_쫀득바출시_수동_전환_image_전체타겟 - 사본,0707_JD멜 - 사본,[26.07]F_I_JD멜_전환_쫀득바출시_혜택강조형__.릴스_AI캐릭터.이득.가격희소성.판매자손해.울기.__문선정_260707_빙과_오형선,90,2,2620,0,3,전환
2026-09-07,120252216321070659,(운영X) [빙과_스틱바_멜론쫀득] 26.05_쫀득바출시_수동_전환_image_전체타겟 - 사본,0707_JD멜(2) - 사본,[26.07]F_I_JD멜_전환_쫀득바출시_혜택강조형__.릴스_AI캐릭터.이득.수량희소성.대세감.원조제치고1등.쟁이기.__김유진_260707_빙과_오형선,42,0,487,0,1,전환
2026-09-07,120252216321140659,(운영X) [빙과_스틱바_멜론쫀득] 26.05_쫀득바출시_수동_전환_image_전체타겟 - 사본,0708_JD멜 - 사본,[26.07]F_I_JD멜_전환_쫀득바출시_AI영상자동화_혜택강조형__.릴스_이득.가격.판매자손해.제가졌습니다.__김유진_260708_빙과_오형선,14,0,463,0,1,전환
2026-09-07,120252216321160659,(운영X) [빙과_스틱바_멜론쫀득] 26.05_쫀득바출시_수동_전환_image_전체타겟 - 사본,0702_멜론쫀득바 - 사본,[26.07]F_I_JD멜_전환_쫀득바출시_혜택강조형__.릴스_직원페르소나.asmr.미아납니다.__문선정_260702_빙과_오형선,5,0,63,0,0,전환
2026-09-07,120252216321210659,(운영X) [빙과_스틱바_멜론쫀득] 26.05_쫀득바출시_수동_전환_image_전체타겟 - 사본,0707_JD멜(2) - 사본,[26.07]F_I_JD멜_전환_쫀득바출시_직원설득형__.배너_공지문.직원실수.대세감.원조제치고1등.직원할인가에서더싸게.__김유진_260707_빙과_오형선,263,3,4493,0,0,전환
2026-09-07,120252216321230659,(운영X) [빙과_스틱바_멜론쫀득] 26.05_쫀득바출시_수동_전환_image_전체타겟 - 사본,0714_JD멜 - 사본,[26.07]F_I_JD멜_전환_쫀득바출시_AI영상자동화_혜택강조형__.릴스_ai캐릭터.가격강조.원재료강조.지금이젤싸요.농장.__김유진_260714_빙과_오형선,131,3,4342,1,1,전환
2026-09-07,120252216321250659,(운영X) [빙과_스틱바_멜론쫀득] 26.05_쫀득바출시_수동_전환_image_전체타겟 - 사본,0715_JD멜 - 사본,[26.07]F_I_JD멜_전환_쫀득바출시__직원설득형__.릴스_직원실수.공지문.물량쌓이는연출.__김유진_260715_빙과_오형선,520,3,10700,0,4,전환
2026-09-07,120252216321370659,(운영X) [빙과_스틱바_멜론쫀득] 26.05_쫀득바출시_수동_전환_image_전체타겟 - 사본,0707_JD멜(2) - 사본,[26.07]F_I_JD멜_전환_쫀득바출시_직원설득형__.배너_공지문.직원실수.대세감.원조제치고1등.대세감먼저.__김유진_260707_빙과_오형선,325,12,4629,0,0,전환
2026-09-07,120252216455120659,(운영X) [빙과_스틱바_멜론쫀득] 26.05_쫀득바출시_수동_전환_image_전체타겟 - 사본,0623_망고쫀득바 - 사본,[26.06]F_I_JD망_전환_쫀득바출시_혜택강조형__.배너_.가격실수상황.복구후즉시정상가.__김유진_260622_빙과_홍정민,58,2,1091,0,0,전환
2026-09-07,120252216455260659,(운영X) [빙과_스틱바_멜론쫀득] 26.05_쫀득바출시_수동_전환_image_전체타겟 - 사본,0623_망고쫀득바/멜론쫀득바 - 사본,[26.06]F_I_JD멜_전환_쫀득바출시_혜택강조형__.배너_.고효율베리.다시는없어요.1박스0원.__김유진_260622_빙과_김민우,3,0,27,0,0,전환
2026-09-07,120252216455290659,(운영X) [빙과_스틱바_멜론쫀득] 26.05_쫀득바출시_수동_전환_image_전체타겟 - 사본,0626_멜론쫀득바 - 사본,[26.06]F_I_JD멜_전환_쫀득바출시_직원설득형__.배너_고효율.가격실수안내.__문선정_260625_빙과_오형선,821,14,9904,0,0,전환
2026-09-07,120252216455390659,(운영X) [빙과_스틱바_멜론쫀득] 26.05_쫀득바출시_수동_전환_image_전체타겟 - 사본,0623_멜론쫀득바_AI - 사본,[26.06]F_I_JD멜_전환_쫀득바출시_혜택강조형__.릴스_AI영상자동화.AI캐릭터.손해강조.이번만0원.__문선정_260623_빙과_오형선,1414,16,24491,2,12,전환
2026-09-07,120252216455520659,(운영X) [빙과_스틱바_멜론쫀득] 26.05_쫀득바출시_수동_전환_image_전체타겟 - 사본,0625_멜론쫀득바 - 사본,[26.06]F_I_JD멜_전환_쫀득바출시_혜택강조형__.릴스_AI캐릭터.이득강조.희소성.특가.곧끝나요.__문선정_260625_빙과_오형선,475,2,10251,0,9,전환
2026-09-07,120252216455690659,(운영X) [빙과_스틱바_멜론쫀득] 26.05_쫀득바출시_수동_전환_image_전체타겟 - 사본,0623_멜론쫀득바_AI - 사본,[26.06]F_I_JD멜_전환_쫀득바출시_혜택강조형__.릴스_AI영상자동화.AI캐릭터.이득강조.드디어재입고.__문선정_260623_빙과_오형선,49,0,710,0,0,전환
2026-09-07,120252216455750659,(운영X) [빙과_스틱바_멜론쫀득] 26.05_쫀득바출시_수동_전환_image_전체타겟 - 사본,0626_멜론쫀득바 - 사본,[26.06]F_I_JD멜_전환_쫀득바출시_직원설득형__.릴스_판매자손해.오늘더내렸습니다.__문선정_260625_빙과_홍정민,316,11,9431,1,5,전환
2026-09-07,120252216455790659,(운영X) [빙과_스틱바_멜론쫀득] 26.05_쫀득바출시_수동_전환_image_전체타겟 - 사본,0630_멜론쫀득바 - 사본,[26.06]F_I_JD멜_전환_쫀득바출시_혜택강조형__.릴스_AI캐릭터.이득강조.구성.먼저산사람울겠어요.__문선정_260626_빙과_오형선,1,0,20,0,0,전환
2026-09-07,120252216455830659,(운영X) [빙과_스틱바_멜론쫀득] 26.05_쫀득바출시_수동_전환_image_전체타겟 - 사본,0623_망고쫀득바 - 사본,[26.06]F_I_JD망_전환_쫀득바출시_혜택강조형__.배너_.가격실수상황.역대급폭염전.__김유진_260622_빙과_홍정민,6,0,184,0,0,전환
2026-09-07,120252216455850659,(운영X) [빙과_스틱바_멜론쫀득] 26.05_쫀득바출시_수동_전환_image_전체타겟 - 사본,0623_망고쫀득바/멜론쫀득바 - 사본,[26.06]F_I_JD멜_전환_쫀득바출시_혜택강조형__.배너_.고효율베리.0원에쟁이세요.여름특가.__김유진_260622_빙과_김민우,4,0,101,0,0,전환
2026-09-07,120252216527980659,(운영X) [빙과_스틱바_멜론쫀득] 26.05_쫀득바출시_수동_전환_image_전체타겟 - 사본,0604_멜론쫀득바_실수상황 - 사본,(운영X) [26.06]F_I_JD멜_전환_쫀득바출시이벤트_혜택강조형__.배너_실수상황극대화.페르소나.직원.실수.안내문.가격실수안내.__김유진_260604_빙과_오형선,200,4,2814,0,0,전환
2026-09-07,120252216528010659,(운영X) [빙과_스틱바_멜론쫀득] 26.05_쫀득바출시_수동_전환_image_전체타겟 - 사본,0604_멜론쫀득바_실수상황 - 사본,(운영X) [26.06]F_I_JD멜_전환_쫀득바출시이벤트_혜택강조형__.배너_실수상황극대화.페르소나.직원실수.저는구제불능입니다.__김유진_260604_빙과_오형선,5,0,38,0,0,전환
2026-09-07,120252216528030659,(운영X) [빙과_스틱바_멜론쫀득] 26.05_쫀득바출시_수동_전환_image_전체타겟 - 사본,0604_멜론쫀득바_실수상황 - 사본,[26.06]F_I_JD멜_전환_쫀득바출시이벤트_혜택강조형__.배너_네고.대세감.노을멜론.실수로너무깎아버렸어요.SNS조회수대박난.__김유진_260604_빙과_오형선,464,7,6046,0,5,전환
2026-09-07,120252216528040659,(운영X) [빙과_스틱바_멜론쫀득] 26.05_쫀득바출시_수동_전환_image_전체타겟 - 사본,(운영X) 0612_멜론쫀득바_공급자손해/실수상황 - 사본,[26.06]F_I_JD멜_전환_쫀득바출시_혜택강조형_희소성_.배너_직원실수상황.실수상황확장.내부행사용가격.__문선정_260612_빙과_오형선,397,14,4899,0,0,전환
2026-09-07,120252216528060659,(운영X) [빙과_스틱바_멜론쫀득] 26.05_쫀득바출시_수동_전환_image_전체타겟 - 사본,(운영X) 0612_멜론쫀득바_공급자손해/실수상황 - 사본,[26.06]F_I_JD멜_전환_쫀득바출시_혜택강조형_희소성_.배너_직원실수상황.대세감메세지확장.제일비싼고급벨론.__문선정_260612_빙과_오형선,524,8,8195,1,0,전환
2026-09-07,120252216528170659,(운영X) [빙과_스틱바_멜론쫀득] 26.05_쫀득바출시_수동_전환_image_전체타겟 - 사본,(운영X) 0617_망고쫀득바 - 사본,(운영X) [26.06]F_I_JD망_전환_상시_직원설득형_공지문_.배너_AI이미지자동화.판매중단안내.젤리식감구현.__문선정_260617_빙과_오혜정,118,2,1826,0,0,전환
2026-09-07,120252216528240659,(운영X) [빙과_스틱바_멜론쫀득] 26.05_쫀득바출시_수동_전환_image_전체타겟 - 사본,0604_멜론쫀득바_실수상황 - 사본,[26.06]F_I_JD멜_전환_쫀득바출시이벤트_혜택강조형__.배너_네고.대세감.노을멜론.실수로너무깎아버렸어요.1년에딱한번.__김유진_260604_빙과_오형선,94,0,1766,0,0,전환
2026-09-07,120252216528270659,(운영X) [빙과_스틱바_멜론쫀득] 26.05_쫀득바출시_수동_전환_image_전체타겟 - 사본,(운영X) 0612_멜론쫀득바_공급자손해/실수상황 - 사본,[26.06]F_I_JD멜_전환_쫀득바출시_혜택강조형_희소성_.배너_직원실수상황.실수상황확장.회사손해구체화.__문선정_260612_빙과_오형선,135,2,2670,0,0,전환
2026-09-07,120252216528280659,(운영X) [빙과_스틱바_멜론쫀득] 26.05_쫀득바출시_수동_전환_image_전체타겟 - 사본,(운영X) 0612_멜론쫀득바_공급자손해/실수상황 - 사본,[26.06]F_I_JD멜_전환_쫀득바출시_혜택강조형_희소성_.배너_직원실수상황.실수상황확장.실수주체변경.대표님.__문선정_260612_빙과_오형선,221,8,3458,0,0,전환
2026-09-07,120252216528410659,(운영X) [빙과_스틱바_멜론쫀득] 26.05_쫀득바출시_수동_전환_image_전체타겟 - 사본,0604_멜론쫀득바_실수상황 - 사본,(운영X) [26.06]F_I_JD멜_전환_쫀득바출시이벤트_혜택강조형__.배너_실수상황극대화.페르소나.직원실수.안내문.편의점단독입점.가격실수안내.__김유진_260604_빙과_오형선,368,12,5195,0,0,전환
2026-09-07,120252216528620659,(운영X) [빙과_스틱바_멜론쫀득] 26.05_쫀득바출시_수동_전환_image_전체타겟 - 사본,(운영X) 0617_망고쫀득바 - 사본,(운영X) [26.06]F_I_JD망_전환_상시_직원설득형_공지문_.배너_AI이미지자동화.판매중단안내.진한동남아생망고.__문선정_260617_빙과_오혜정,155,3,3200,0,0,전환
2026-09-07,120252216528630659,(운영X) [빙과_스틱바_멜론쫀득] 26.05_쫀득바출시_수동_전환_image_전체타겟 - 사본,(운영X) 0617_망고쫀득바 - 사본,(운영X) [26.06]F_I_JD망_전환_상시_직원설득형_공지문_.배너_AI이미지자동화.판매중단안내.원재료수급불안.__문선정_260617_빙과_오혜정,332,5,3690,0,0,전환
2026-09-07,120252216528700659,(운영X) [빙과_스틱바_멜론쫀득] 26.05_쫀득바출시_수동_전환_image_전체타겟 - 사본,(운영X) 0604_멜론쫀득바_판매중단 - 사본,[26.06]F_I_JD멜_전환_쫀득바출시이벤트_혜택강조형__.배너_공급자손해.SNS조회수폭발.저희도당황스럽습니다.__김유진_260604_빙과_오형선,164,2,3810,0,0,전환
2026-09-07,120252216528750659,(운영X) [빙과_스틱바_멜론쫀득] 26.05_쫀득바출시_수동_전환_image_전체타겟 - 사본,(운영X) 0617_망고쫀득바 - 사본,(운영X) [26.06]F_I_JD망_전환_상시_직원설득형_공지문_.배너_AI이미지자동화.판매중단안내.진짜망고젤리급.__문선정_260617_빙과_오혜정,270,3,3720,0,0,전환
2026-09-07,120252216215070659,(운영X) [빙과_스틱바_멜론쫀득] 26.05_쫀득바출시_수동_전환_image_전체타겟 - 사본,0814_기존 고효율 배리 - 사본,(운영X)[26.08]F_I_JD멜_전환_상시__혜택강조형__.배너_현장감.공지문.이나연.특가안내.고급백화점멜론.재고부족.소량재입고.__황경원_260814_빙과_김민우,221,2,3037,0,0,전환
2026-09-07,120252216215200659,(운영X) [빙과_스틱바_멜론쫀득] 26.05_쫀득바출시_수동_전환_image_전체타겟 - 사본,0716_JD멜 - 사본,[26.07]F_I_JD멜_전환_쫀득바출시__직원설득형__.배너_가격실수.제품력.한통.4만원.__김유진_260716_빙과_홍정민,228,6,3053,0,0,전환
2026-09-07,120252216215340659,(운영X) [빙과_스틱바_멜론쫀득] 26.05_쫀득바출시_수동_전환_image_전체타겟 - 사본,0720_JD멜(2) - 사본,(운영X)[26.07]F_I_JD멜_전환_쫀득바출시__직원설득형__.배너_슈기.대세감.파인트원리이식.공지문.구매수량제한.현장감.__김유진_260720_빙과_김민우,3,0,216,0,0,전환
2026-09-07,120252216215700659,(운영X) [빙과_스틱바_멜론쫀득] 26.05_쫀득바출시_수동_전환_image_전체타겟 - 사본,0716_JD멜 - 사본,[26.07]F_I_JD망_전환_쫀득바출시__직원설득형__.배너_가격실수.공지문.현장감.__김유진_260716_빙과_홍정민,13,0,117,0,0,전환
2026-09-07,120252216215720659,(운영X) [빙과_스틱바_멜론쫀득] 26.05_쫀득바출시_수동_전환_image_전체타겟 - 사본,0716_JD멜 - 사본,[26.07]F_I_JD멜_전환_쫀득바출시__직원설득형__.배너_가격실수.대세감.편의점원정.__김유진_260716_빙과_홍정민,84,1,1292,0,0,전환
2026-09-07,120252216215780659,(운영X) [빙과_스틱바_멜론쫀득] 26.05_쫀득바출시_수동_전환_image_전체타겟 - 사본,0716_JD멜 - 사본,[26.07]F_I_JD멜_전환_쫀득바출시__직원설득형__.배너_가격실수.대세감.초등학생.__김유진_260716_빙과_홍정민,430,14,7333,2,0,전환
2026-09-07,120252216215820659,(운영X) [빙과_스틱바_멜론쫀득] 26.05_쫀득바출시_수동_전환_image_전체타겟 - 사본,0716_JD멜 - 사본,[26.07]F_I_JD멜_전환_쫀득바출시__혜택강조형__.배너_구매제한.현장감.공지문.__김유진_260716_빙과_홍정민,467,3,7446,0,0,전환
2026-09-07,120252216528020659,(운영X) [빙과_스틱바_멜론쫀득] 26.05_쫀득바출시_수동_전환_image_전체타겟 - 사본,(운영X) 0612_망고쫀득바_멜론치환 - 사본,[26.06]F_I_JD망_전환_쫀득바출시_혜택강조형_희소성_.배너_직원실수상황.대세감메세지확장.직원복지축소.의외성식감.회사손해구체화.__문선정_260612_빙과_오형선,383,7,6734,0,0,전환
2026-09-07,120252216528070659,(운영X) [빙과_스틱바_멜론쫀득] 26.05_쫀득바출시_수동_전환_image_전체타겟 - 사본,(운영X) 0612_멜론쫀득바_시즌성/판매중단 - 사본,(운영X) [26.06]F_I_JD멜_전환_쫀득바출시_혜택강조형_희소성_.배너_판매중단.후숙된찐한멜론맛그대로.공지문.현장감.__문선정_260612_빙과_오형선,1687,30,29150,0,0,전환
2026-09-07,120252216528120659,(운영X) [빙과_스틱바_멜론쫀득] 26.05_쫀득바출시_수동_전환_image_전체타겟 - 사본,(운영X) 0615_멜론쫀득바 - 사본,[26.06]F_I_JD멜_전환_쫀득바출시_직원설득형_희소성_.배너_판매중단.한통에4만원.후숙된찐한멜론맛그대로.공지문.현장감극대화.손글씨.긴급공지.__문선정_260615_빙과_김민우,80,1,1474,0,0,전환
2026-09-07,120252216528200659,(운영X) [빙과_스틱바_멜론쫀득] 26.05_쫀득바출시_수동_전환_image_전체타겟 - 사본,(운영X) 0615_멜론쫀득바 - 사본,[26.06]F_I_JD멜_전환_쫀득바출시_직원설득형_희소성_.배너_판매중단.한통에4만원.후숙된찐한멜론맛그대로.공지문.현장감극대화.맛비주얼추가.노트북앞.__문선정_260615_빙과_김민우,86,1,1184,0,0,전환
2026-09-07,120252216528310659,(운영X) [빙과_스틱바_멜론쫀득] 26.05_쫀득바출시_수동_전환_image_전체타겟 - 사본,0529_멜론쫀득바_희소성 - 사본,[26.05]F_I_JD멜_전환_쫀득바출시_혜택강조형_혜택.100_.배너_혜택O.맛.희소성.노을멜론.1년에딱한달.직원.스토리형.취식후기_확장_김유진_260529_1셀_오형선,544,4,9892,0,6,전환
2026-09-07,120252216528480659,(운영X) [빙과_스틱바_멜론쫀득] 26.05_쫀득바출시_수동_전환_image_전체타겟 - 사본,(운영X) 0612_멜론쫀득바_시즌성/판매중단 - 사본,[26.06]F_I_JD멜_전환_쫀득바출시_혜택강조형_희소성_.배너_시즌성.멜론2종.공지문.가격인상.__문선정_260612_빙과_오형선,121,1,3241,0,0,전환
2026-09-07,120252216528540659,(운영X) [빙과_스틱바_멜론쫀득] 26.05_쫀득바출시_수동_전환_image_전체타겟 - 사본,(운영X)0616_망고쫀득바_멜론치환2 - 사본,(운영X) [26.06]F_I_JD망_전환_쫀득바출시_혜택강조형_희소성_.배너_판매중단.한박스에4만원.후숙된찐한망고맛그대로.공지문.현장감.고효율베리.__문선정_260616_빙과_김민우,297,4,6297,0,0,전환
2026-09-07,120252216528570659,(운영X) [빙과_스틱바_멜론쫀득] 26.05_쫀득바출시_수동_전환_image_전체타겟 - 사본,(운영X) 0615_멜론쫀득바 - 사본,[26.06]F_I_JD멜_전환_쫀득바출시_직원설득형_희소성_.배너_판매중단.한통에4만원.후숙된찐한멜론맛그대로.공지문.현장감극대화.모니터앞.__문선정_260615_빙과_김민우,629,18,15365,0,1,전환
2026-09-07,120252216528580659,(운영X) [빙과_스틱바_멜론쫀득] 26.05_쫀득바출시_수동_전환_image_전체타겟 - 사본,(운영X) 0615_멜론쫀득바 - 사본,[26.06]F_I_JD멜_전환_쫀득바출시_혜택강조형_희소성_.릴스_판매중단.한통에4만원.후숙된찐한멜론맛그대로.공지문.프롬프트읽기.__문선정_260615_빙과_오형선,136,0,2229,0,6,전환
2026-09-07,120252216528590659,(운영X) [빙과_스틱바_멜론쫀득] 26.05_쫀득바출시_수동_전환_image_전체타겟 - 사본,(운영X) 0615_멜론쫀득바 - 사본,[26.06]F_I_JD멜_전환_쫀득바출시_혜택강조형_희소성_.배너_직원네고.한통에4만원.공급자손해.정말괜찮습니다.__문선정_260615_빙과_오형선,17,0,708,0,0,전환
2026-09-07,120252216528710659,(운영X) [빙과_스틱바_멜론쫀득] 26.05_쫀득바출시_수동_전환_image_전체타겟 - 사본,(운영X) 0604_멜론쫀득바_판매중단 - 사본,[26.06]F_I_JD멜_전환_쫀득바출시이벤트_혜택강조형__.배너_공급자손해.지금이젤싸요.__김유진_260604_빙과_오형선,62,1,1130,0,0,전환
2026-09-07,120252216528840659,(운영X) [빙과_스틱바_멜론쫀득] 26.05_쫀득바출시_수동_전환_image_전체타겟 - 사본,(운영X) 0612_망고쫀득바_멜론치환 - 사본,[26.06]F_I_JD망_전환_쫀득바출시_혜택강조형_희소성_.배너_직원실수상황.대세감메세지확장.직원복지축소.의외성식감.__문선정_260612_빙과_오형선,127,4,2249,0,0,전환
2026-09-07,120252216574310659,(운영X) [빙과_스틱바_멜론쫀득] 26.05_쫀득바출시_수동_전환_image_전체타겟 - 사본,0515_원물강조_메시지테스트 - 사본,[26.05]F_I_JD망_전환_쫀득바출시_제품강조형_제품력.100_.릴스_마팀기획.원물강조.MPA.후숙망고그대로얼린듯_확장_김바다_260515_1셀_오형선,334,3,4322,0,18,전환
2026-09-07,120252216574580659,(운영X) [빙과_스틱바_멜론쫀득] 26.05_쫀득바출시_수동_전환_image_전체타겟 - 사본,0522_멜론쫀득바_메시지테스트_칸달로프 - 사본,[26.05]F_I_JD멜_전환_쫀득바출시_혜택강조형_제품력.50_.배너_마팀기획.칸달로프멜론.일본에서만_확장_김유진_260521_1셀_오형선,219,1,2843,0,0,전환
2026-09-07,120252216574610659,(운영X) [빙과_스틱바_멜론쫀득] 26.05_쫀득바출시_수동_전환_image_전체타겟 - 사본,0508_망고쫀득바_고효율 - 사본,(운영X) [26.05]F_I_JD망_전환_쫀득바출시_혜택강조형_혜택.100_.배너_혜택O.고구성강조.오늘까지래요_확장_김바다_260508_1셀_오혜정,95,3,1433,0,0,전환
2026-09-07,120252216574810659,(운영X) [빙과_스틱바_멜론쫀득] 26.05_쫀득바출시_수동_전환_image_전체타겟 - 사본,0515_원물강조_메시지테스트 - 사본,[26.05]F_I_JD망_전환_쫀득바출시_제품강조형_제품력.100_.릴스_마팀기획.원물강조.MPA.제대로후숙된통망고_확장_김바다_260515_1셀_오형선,62,0,875,0,2,전환
2026-09-07,120252216575030659,(운영X) [빙과_스틱바_멜론쫀득] 26.05_쫀득바출시_수동_전환_image_전체타겟 - 사본,0522_멜론쫀득바_고효율 - 사본,(운영X) [26.05]F_I_JD멜_전환_쫀득바출시_혜택강조형_제품력.50_.배너_브팀기획.20브릭스최고당도.긴급1박스0원최저가_확장_김유진_260521_1셀_오형선,3,0,43,0,0,전환
2026-09-07,120252216874380659,(운영X) [빙과_스틱바_멜론쫀득] 26.05_쫀득바출시_ASC_전환_video_전체타겟_공구네고형 - 사본,[스틱바_멜론쫀득] 26.05_쫀득바출시_ASC_전환_video_전체타겟_공구네고형,[26.05]F_V_JD멜_전환_쫀득바출시_네고형_공구네고형_var3.릴스_취식.진수.X_2C_김유진_260529_2T_피재은,98,1,2587,1,5,전환
2026-09-07,120252216874400659,(운영X) [빙과_스틱바_멜론쫀득] 26.05_쫀득바출시_ASC_전환_video_전체타겟_공구네고형 - 사본,[스틱바_멜론쫀득] 26.05_쫀득바출시_ASC_전환_video_전체타겟_공구네고형,[26.05]F_V_JD멜_전환_쫀득바출시_네고형_공구네고형_var1.릴스_예예 자체.진수.X_2C_김유진_260529_2T_피재은,99,1,1822,0,4,전환
2026-09-07,120252216874410659,(운영X) [빙과_스틱바_멜론쫀득] 26.05_쫀득바출시_ASC_전환_video_전체타겟_공구네고형 - 사본,[스틱바_멜론쫀득] 26.05_쫀득바출시_ASC_전환_video_전체타겟_공구네고형,[26.05]F_V_JD멜_전환_쫀득바출시_네고형_공구네고형_var2.릴스_예예 콘텐츠1.진수.X_2C_김유진_260529_2T_피재은,162,4,2657,0,10,전환
2026-09-07,120252216874420659,(운영X) [빙과_스틱바_멜론쫀득] 26.05_쫀득바출시_ASC_전환_video_전체타겟_공구네고형 - 사본,[스틱바_멜론쫀득] 26.05_쫀득바출시_ASC_전환_video_전체타겟_공구네고형,[26.05]F_V_JD멜_전환_쫀득바출시_네고형_공구네고형_main.릴스_본론.진수.X_2C_김유진_260529_2T_피재은,384,6,7434,2,11,전환
2026-09-07,120252216874430659,(운영X) [빙과_스틱바_멜론쫀득] 26.05_쫀득바출시_ASC_전환_video_전체타겟_공구네고형 - 사본,[스틱바_멜론쫀득] 26.05_쫀득바출시_ASC_전환_video_전체타겟_공구네고형,[26.05]F_V_JD멜_전환_쫀득바출시_네고형_공구네고형_var6.릴스_예예콘텐츠2.진수.X_2C_김유진_260529_2T_피재은,1469,33,26109,1,105,전환
2026-09-07,120252216874440659,(운영X) [빙과_스틱바_멜론쫀득] 26.05_쫀득바출시_ASC_전환_video_전체타겟_공구네고형 - 사본,[스틱바_멜론쫀득] 26.05_쫀득바출시_ASC_전환_video_전체타겟_공구네고형,[26.05]F_V_JD멜_전환_쫀득바출시_네고형_공구네고형_var4.릴스_에르메스.진수.X_2C_김유진_260529_2T_피재은,165,5,2823,1,8,전환
2026-09-07,120252216874460659,(운영X) [빙과_스틱바_멜론쫀득] 26.05_쫀득바출시_ASC_전환_video_전체타겟_공구네고형 - 사본,[스틱바_멜론쫀득] 26.05_쫀득바출시_ASC_전환_video_전체타겟_공구네고형,[26.05]F_V_JD멜_전환_쫀득바출시_네고형_공구네고형_var5.릴스_BP.진수.X_2C_김유진_260529_2T_피재은,1387,44,32047,7,147,전환
2026-09-07,120252216215080659,(운영X) [빙과_스틱바_멜론쫀득] 26.05_쫀득바출시_수동_전환_image_전체타겟 - 사본,0825_JD멜_닥터후&미슐랭 - 사본,[26.07]F_I_JD멜_전환_상시_혜택강조형__.배너_안내문.직원할인.아이돌.미슐랭.곧정가로돌아갑니다.__황경원_260825_빙과_이채윤,13,0,192,0,0,전환
2026-09-07,120252216215430659,(운영X) [빙과_스틱바_멜론쫀득] 26.05_쫀득바출시_수동_전환_image_전체타겟 - 사본,0814_기존 고효율 배리 - 사본,[26.08]F_I_JD멜_전환_상시__혜택강조형__.릴스_고효율.Ai.다시는없어요.안사고버티신분들.__황경원_260814_빙과_김민우,36,1,1238,0,2,전환
2026-09-07,120252216215580659,(운영X) [빙과_스틱바_멜론쫀득] 26.05_쫀득바출시_수동_전환_image_전체타겟 - 사본,0724_JD멜 - 사본,[26.07]F_I_JD멜_전환_쫀득바출시_AI영상자동화_혜택강조형__.릴스_ai캐릭터.고효율베리.진짜팍팍깎았어요.__김유진_260724_빙과_홍정민,57,3,727,0,1,전환
2026-09-07,120252216320740659,(운영X) [빙과_스틱바_멜론쫀득] 26.05_쫀득바출시_수동_전환_image_전체타겟 - 사본,0713_JD멜(2) - 사본,[26.07]F_I_JD멜_전환_쫀득바출시_AI영상자동화_직원설득형__.릴스_손해강조형.판매자.빈털터리.창고.나눔.다시는없어요.__김유진_260713_빙과_홍정민,18,0,569,0,0,전환
2026-09-07,120252216320750659,(운영X) [빙과_스틱바_멜론쫀득] 26.05_쫀득바출시_수동_전환_image_전체타겟 - 사본,0715_JD멜 - 사본,[26.07]F_I_JD멜_전환_쫀득바출시__직원설득형__.릴스_직원실수.회의실몰래.협상과정.__김유진_260715_빙과_오형선,28,0,327,0,0,전환
2026-09-07,120252216320770659,(운영X) [빙과_스틱바_멜론쫀득] 26.05_쫀득바출시_수동_전환_image_전체타겟 - 사본,0707_JD멜 - 사본,[26.07]F_I_JD멜_전환_쫀득바출시_혜택강조형__.릴스_AI캐릭터.이득.가격희소성.판매자손해.네고.가격.__문선정_260707_빙과_오형선,66,1,2376,0,2,전환
2026-09-07,120252216320800659,(운영X) [빙과_스틱바_멜론쫀득] 26.05_쫀득바출시_수동_전환_image_전체타겟 - 사본,0709_JD멜 - 사본,(운영X)[26.07]F_I_JD멜_전환_쫀득바출시__혜택강조형__.배너_슈기.품절직전.마지막재고예요.원조제치고1등.품절대란.__김유진_260709_빙과_오형선,35,0,679,0,0,전환
2026-09-07,120252216320950659,(운영X) [빙과_스틱바_멜론쫀득] 26.05_쫀득바출시_수동_전환_image_전체타겟 - 사본,0714_JD멜 - 사본,[26.07]F_I_JD멜_전환_쫀득바출시_AI영상자동화_혜택강조형__.릴스_ai캐릭터.가격강조.원재료강조.지금이젤싸요.공장.__김유진_260714_빙과_오형선,84,1,4598,0,0,전환
2026-09-07,120252216321020659,(운영X) [빙과_스틱바_멜론쫀득] 26.05_쫀득바출시_수동_전환_image_전체타겟 - 사본,0707_JD멜(2) - 사본,[26.07]F_I_JD멜_전환_쫀득바출시_혜택강조형__.릴스_AI캐릭터.이득.수량희소성.대세감.1등특가끝나기전에쟁여요.원조제치고1등.뿌리기.__김유진_260707_빙과_오형선,3,0,31,0,0,전환
2026-09-07,120252216321050659,(운영X) [빙과_스틱바_멜론쫀득] 26.05_쫀득바출시_수동_전환_image_전체타겟 - 사본,0707_JD멜 - 사본,[26.07]F_I_JD멜_전환_쫀득바출시_혜택강조형__.릴스_AI캐릭터.이득.가격희소성.판매자손해.네고.춤.__문선정_260707_빙과_오형선,73,0,1975,0,1,전환
2026-09-07,120252216321090659,(운영X) [빙과_스틱바_멜론쫀득] 26.05_쫀득바출시_수동_전환_image_전체타겟 - 사본,0713_JD멜(2) - 사본,[26.07]F_I_JD멜_전환_쫀득바출시_AI영상자동화_직원설득형__.릴스_직원실수.발주.지금이젤싸요.물량폭주.__김유진_260713_빙과_오형선,34,0,609,0,1,전환
2026-09-07,120252216321170659,(운영X) [빙과_스틱바_멜론쫀득] 26.05_쫀득바출시_수동_전환_image_전체타겟 - 사본,0708_JD멜 - 사본,[26.07]F_I_JD멜_전환_쫀득바출시_AI영상자동화_혜택강조형__.릴스_이득.가격.직원실수.가격실수안내.__김유진_260708_빙과_오형선,77,1,2339,0,2,전환
2026-09-07,120252216321220659,(운영X) [빙과_스틱바_멜론쫀득] 26.05_쫀득바출시_수동_전환_image_전체타겟 - 사본,0707_JD멜(2) - 사본,[26.07]F_I_JD멜_전환_쫀득바출시_혜택강조형__.릴스_AI캐릭터.이득.수량희소성.대세감.품절되기전에쟁여요.원조제치고1등.편의점.__김유진_260707_빙과_오형선,1,0,15,0,0,전환
2026-09-07,120252216321290659,(운영X) [빙과_스틱바_멜론쫀득] 26.05_쫀득바출시_수동_전환_image_전체타겟 - 사본,0702_멜론쫀득바 - 사본,[26.07]F_I_JD멜_전환_쫀득바출시_혜택강조형__.릴스_직원페르소나.품절돼서못사신분들.__문선정_260702_빙과_오형선,16,0,487,0,0,전환
2026-09-07,120252216455140659,(운영X) [빙과_스틱바_멜론쫀득] 26.05_쫀득바출시_수동_전환_image_전체타겟 - 사본,0623_망고쫀득바/멜론쫀득바 - 사본,[26.06]F_I_JD망_전환_쫀득바출시_혜택강조형__.배너_.고효율베리.다시는없어요.1박스0원.__김유진_260622_빙과_김민우,11,1,425,0,0,전환
2026-09-07,120252216455250659,(운영X) [빙과_스틱바_멜론쫀득] 26.05_쫀득바출시_수동_전환_image_전체타겟 - 사본,(운영X) 0618_망고쫀득바 - 사본,[26.06]F_I_JD망_전환_상시_직원설득형_공지문_.배너_AI이미지자동화.가격오류안내.입력실수.__문선정_260618_빙과_오혜정,224,3,3442,0,0,전환
2026-09-07,120252216455300659,(운영X) [빙과_스틱바_멜론쫀득] 26.05_쫀득바출시_수동_전환_image_전체타겟 - 사본,(운영X) 0618_망고쫀득바 - 사본,[26.06]F_I_JD망_전환_상시_직원설득형_공지문_.배너_AI이미지자동화.가격오류안내.직원가격복구.__문선정_260618_빙과_오혜정,66,0,1125,0,0,전환
2026-09-07,120252216455370659,(운영X) [빙과_스틱바_멜론쫀득] 26.05_쫀득바출시_수동_전환_image_전체타겟 - 사본,0625_멜론쫀득바 - 사본,[26.06]F_I_JD멜_전환_쫀득바출시_혜택강조형__.릴스_AI캐릭터.이득강조.희소성.특가.남들보다싸게샀어요.__문선정_260625_빙과_오형선,21,1,321,0,2,전환
2026-09-07,120252216455470659,(운영X) [빙과_스틱바_멜론쫀득] 26.05_쫀득바출시_수동_전환_image_전체타겟 - 사본,0623_망고쫀득바 - 사본,[26.06]F_I_JD망_전환_쫀득바출시_혜택강조형__.배너_.가격실수상황.정말죄송합니다.__김유진_260622_빙과_홍정민,7,1,172,0,0,전환
2026-09-07,120252216455560659,(운영X) [빙과_스틱바_멜론쫀득] 26.05_쫀득바출시_수동_전환_image_전체타겟 - 사본,0626_멜론쫀득바 - 사본,[26.06]F_I_JD멜_전환_쫀득바출시_직원설득형__.배너_판매자손해.쌀때쟁이세요.__문선정_260625_빙과_홍정민,44,0,1165,0,0,전환
2026-09-07,120252216455640659,(운영X) [빙과_스틱바_멜론쫀득] 26.05_쫀득바출시_수동_전환_image_전체타겟 - 사본,0625_멜론쫀득바_2 - 사본,[26.06]F_I_JD멜_전환_쫀득바출시_직원설득형_브T기획_.릴스_직원페르소나.신입인턴.0원딜.__김유진_260626_빙과_홍정민,102,2,1621,0,2,전환
2026-09-07,120252216455660659,(운영X) [빙과_스틱바_멜론쫀득] 26.05_쫀득바출시_수동_전환_image_전체타겟 - 사본,0630_망고쫀득바/멜론쫀득바 - 사본,[26.06]F_I_혼합_전환_쫀득바출시_혜택강조형__.배너_리얼쫀득바2종.직원실수.사죄드립니다.__김유진_260630_빙과_홍정민,22,1,763,0,0,전환
2026-09-07,120252216455700659,(운영X) [빙과_스틱바_멜론쫀득] 26.05_쫀득바출시_수동_전환_image_전체타겟 - 사본,0625_멜론쫀득바 - 사본,[26.06]F_V_JD멜_전환_쫀득바출시_기타_AI활용형_var6.릴스_달리기.재집행.AI건_1P_이석영_260625_빙과_함주현,11,0,123,0,0,전환
2026-09-07,120252216455710659,(운영X) [빙과_스틱바_멜론쫀득] 26.05_쫀득바출시_수동_전환_image_전체타겟 - 사본,0626_멜론쫀득바 - 사본,[26.06]F_I_JD망_전환_쫀득바출시_직원설득형__.배너_고효율.가격실수안내.__문선정_260625_빙과_오형선,105,2,1266,1,0,전환
2026-09-07,120252216455740659,(운영X) [빙과_스틱바_멜론쫀득] 26.05_쫀득바출시_수동_전환_image_전체타겟 - 사본,0626_멜론쫀득바 - 사본,[26.06]F_I_JD멜_전환_쫀득바출시_직원설득형__.릴스_판매자손해.안사고버티신분들.__문선정_260625_빙과_홍정민,157,7,6146,1,9,전환
2026-09-07,120252216455780659,(운영X) [빙과_스틱바_멜론쫀득] 26.05_쫀득바출시_수동_전환_image_전체타겟 - 사본,0625_멜론쫀득바_2 - 사본,[26.06]F_I_JD멜_전환_쫀득바출시_직원설득형_브T기획_.릴스_직원페르소나.오직여기서만.__김유진_260626_빙과_홍정민,252,3,3446,0,2,전환
2026-09-07,120252216528090659,(운영X) [빙과_스틱바_멜론쫀득] 26.05_쫀득바출시_수동_전환_image_전체타겟 - 사본,0604_멜론쫀득바_실수상황 - 사본,(운영X) [26.06]F_I_JD멜_전환_쫀득바출시이벤트_혜택강조형__.배너_실수상황극대화.대세감.인플루언서샤라웃.긴급공지.__김유진_260604_빙과_오형선,3,0,79,0,0,전환
2026-09-07,120252216528140659,(운영X) [빙과_스틱바_멜론쫀득] 26.05_쫀득바출시_수동_전환_image_전체타겟 - 사본,(운영X)0616_망고쫀득바_멜론치환2 - 사본,[26.06]F_I_JD망_전환_쫀득바출시_혜택강조형_희소성_.배너_직원실수.한박스에4만원.후숙된찐한망고맛그대로.공지문.현장감.로비.맛비주얼추가.__문선정_260616_빙과_김민우,141,5,3214,0,0,전환
2026-09-07,120252216528230659,(운영X) [빙과_스틱바_멜론쫀득] 26.05_쫀득바출시_수동_전환_image_전체타겟 - 사본,(운영X) 0604_멜론쫀득바_판매중단 - 사본,[26.06]F_I_JD멜_전환_쫀득바출시이벤트_혜택강조형__.배너_공급자손해.제가졌습니다.__김유진_260604_빙과_오형선,17,0,418,0,0,전환
2026-09-07,120252216528340659,(운영X) [빙과_스틱바_멜론쫀득] 26.05_쫀득바출시_수동_전환_image_전체타겟 - 사본,(운영X)0616_망고쫀득바_멜론치환2 - 사본,[26.06]F_I_JD망_전환_쫀득바출시_혜택강조형_희소성_.배너_수량제한.18000원박스0원.주문량감당어려운상황.공지문.3일간0원1개.__문선정_260616_빙과_김민우,92,2,1499,0,0,전환
2026-09-07,120252216528350659,(운영X) [빙과_스틱바_멜론쫀득] 26.05_쫀득바출시_수동_전환_image_전체타겟 - 사본,0529_멜론쫀득바_희소성 - 사본,[26.05]F_I_JD멜_전환_쫀득바출시_혜택강조형_혜택.100_.배너_혜택O.맛.희소성.노을멜론.1년에딱한달.직원.스토리형.구매여정_확장_김유진_260529_1셀_오형선,83,1,1224,0,0,전환
2026-09-07,120252216528370659,(운영X) [빙과_스틱바_멜론쫀득] 26.05_쫀득바출시_수동_전환_image_전체타겟 - 사본,(운영X)0616_망고쫀득바_멜론치환2 - 사본,[26.06]F_I_JD망_전환_쫀득바출시_혜택강조형_희소성_.배너_직원실수.한박스에4만원.후숙된찐한망고맛그대로.공지문.현장감.모니터앞.__문선정_260616_빙과_김민우,330,3,5173,0,0,전환
2026-09-07,120252216528380659,(운영X) [빙과_스틱바_멜론쫀득] 26.05_쫀득바출시_수동_전환_image_전체타겟 - 사본,(운영X)0616_망고쫀득바_멜론치환2 - 사본,(운영X) [26.06]F_I_JD망_전환_쫀득바출시_혜택강조형_희소성_.배너_판매중단.공지문.현장감.국제유가불안정.망고수급.3일간1박스.0원..__문선정_260616_빙과_김민우,165,6,2955,2,1,전환
2026-09-07,120252216528400659,(운영X) [빙과_스틱바_멜론쫀득] 26.05_쫀득바출시_수동_전환_image_전체타겟 - 사본,(운영X) 0604_멜론쫀득바_판매중단 - 사본,[26.06]F_I_JD멜_전환_쫀득바출시이벤트_혜택강조형__.배너_판매중단.구매한정성극대화.시즌한정성.원물수급.오늘끝나면안녕.1년에딱한번.잇자국.__김유진_260604_빙과_오형선,273,5,3907,2,0,전환
2026-09-07,120252216528500659,(운영X) [빙과_스틱바_멜론쫀득] 26.05_쫀득바출시_수동_전환_image_전체타겟 - 사본,(운영X) 0617_망고쫀득바 - 사본,(운영X) [26.06]F_I_JD망_전환_상시_직원설득형_공지문_.배너_AI이미지자동화.판매중단안내.원물가격급등.__문선정_260617_빙과_오혜정,149,2,2048,0,0,전환
2026-09-07,120252216528610659,(운영X) [빙과_스틱바_멜론쫀득] 26.05_쫀득바출시_수동_전환_image_전체타겟 - 사본,(운영X)0616_망고쫀득바_멜론치환2 - 사본,(운영X) [26.06]F_I_JD망_전환_쫀득바출시_혜택강조형_희소성_.배너_판매중단.한박스에4만원.후숙된찐한망고맛그대로.공지문.현장감.__문선정_260616_빙과_김민우,79,1,1558,0,0,전환
2026-09-07,120252216528660659,(운영X) [빙과_스틱바_멜론쫀득] 26.05_쫀득바출시_수동_전환_image_전체타겟 - 사본,(운영X) 0604_멜론쫀득바_판매중단 - 사본,[26.06]F_V_JD멜_전환_쫀득바출시_기타_AI활용형_var4.릴스_막차운행.멜쫀.음악.X_1P_이석영_260604_빙과_함주현,275,6,5640,1,4,전환
2026-09-07,120252216528720659,(운영X) [빙과_스틱바_멜론쫀득] 26.05_쫀득바출시_수동_전환_image_전체타겟 - 사본,(운영X) 0604_멜론쫀득바_판매중단 - 사본,[26.06]F_I_JD멜_전환_쫀득바출시이벤트_혜택강조형__.배너_판매중단.구매한정성극대화.시즌한정성.원물수급.오늘끝나면안녕.1년에딱한번.스쿱.__김유진_260604_빙과_오형선,78,1,1851,0,0,전환
2026-09-07,120252216528780659,(운영X) [빙과_스틱바_멜론쫀득] 26.05_쫀득바출시_수동_전환_image_전체타겟 - 사본,(운영X) 0612_멜론쫀득바_공급자손해/실수상황 - 사본,[26.06]F_I_JD멜_전환_쫀득바출시_혜택강조형_희소성_.배너_직원실수상황.대세감메세지확장.고객품절문의.__문선정_260612_빙과_오형선,31,0,812,0,0,전환
2026-09-07,120252216528790659,(운영X) [빙과_스틱바_멜론쫀득] 26.05_쫀득바출시_수동_전환_image_전체타겟 - 사본,(운영X) 0612_멜론쫀득바_공급자손해/실수상황 - 사본,[26.06]F_I_JD멜_전환_쫀득바출시_혜택강조형_희소성_.배너_직원실수상황.실수상황확장.실수주체변경.인턴.__문선정_260612_빙과_오형선,54,2,1253,0,0,전환
2026-09-07,120252176816620659,[빙과_파인트_골키파] 26.09_골키파출시_ASC_전환_video_전체타겟_9월 1주차_소비자네고/불신해소형,[빙과_파인트_골키파] 26.09_골키파출시_ASC_전환_video_전체타겟_9월 1주차_소비자네고/불신해소형,[26.09]F_V_P말_전환_골키파출시_네고형_소비자네고형_var2.릴스_편의점1등.9월.수민PJ_파인트P_이도경_260904_빙과_김지연,1,0,3,0,0,전환
2026-09-07,120252176826550659,[빙과_파인트_골키파] 26.09_골키파출시_ASC_전환_video_전체타겟_9월 1주차_소비자네고/불신해소형,[빙과_파인트_골키파] 26.09_골키파출시_ASC_전환_video_전체타겟_9월 1주차_소비자네고/불신해소형,[26.09]F_V_P말_전환_골키파출시_네고형_소비자네고형_var3.릴스_pov.9월.수민PJ_파인트P_이도경_260904_빙과_김지연,186,8,3494,0,18,전환
2026-09-07,120252177769750659,[빙과_파인트] 26.04_파인트990원_수동_전환_image_전체타겟,260904_P혼_990원,[26.09]F_I_P혼_전환_상시_혜택강조형__.릴스_물량.외부BP.다신없을99%할인.100원.공장24시풀가동중.__고가영_260904_빙과_김민우,1814,29,31321,2,59,전환
2026-09-07,120252179830550659,[빙과_스틱바_복숭아쫀득] 26.09_쫀득바출시_ASC_전환_image_전체타겟,[복숭아쫀득바] 26.09_복쫀바출시_ASC_전환_image_전체타겟_식감,[26.09]F_I_JD복_전환_복쫀바출시_제품강조형__.배너_과일계에르메스.네고형.납작복숭아만큼달달쫀득해요.__고가영_260904_빙과_이채윤,287,5,4331,0,0,전환
2026-09-07,120252179830660659,[빙과_스틱바_복숭아쫀득] 26.09_쫀득바출시_ASC_전환_image_전체타겟,[복숭아쫀득바] 26.09_복쫀바출시_ASC_전환_image_전체타겟_식감,[26.09]F_I_JD복_전환_복쫀바출시_제품강조형__.배너_과일계에르메스.다시는없어요.0원증정.__고가영_260904_빙과_이채윤,2170,37,30740,1,0,전환
2026-09-07,120252179830690659,[빙과_스틱바_복숭아쫀득] 26.09_쫀득바출시_ASC_전환_image_전체타겟,[복숭아쫀득바] 26.09_복쫀바출시_ASC_전환_image_전체타겟_대세감,[26.09]F_I_JD복_전환_복쫀바출시_혜택강조형__.배너_대세감.다시는없어요.누적판매량400만개.0원증정.__고가영_260904_빙과_이채윤,57,0,1251,0,0,전환
2026-09-07,120252179830710659,[빙과_스틱바_복숭아쫀득] 26.09_쫀득바출시_ASC_전환_image_전체타겟,[복숭아쫀득바] 26.09_복쫀바출시_ASC_전환_image_전체타겟_한정성,[26.09]F_I_JD복_전환_복쫀바출시_혜택강조형__.배너_시즌한정성.라라스윗에서만나는올해마지막납작복숭아맛.__고가영_260904_빙과_이채윤,14,0,130,0,0,전환
2026-09-07,120252179830780659,[빙과_스틱바_복숭아쫀득] 26.09_쫀득바출시_ASC_전환_image_전체타겟,[복숭아쫀득바] 26.09_복쫀바출시_ASC_전환_image_전체타겟_식감,[26.09]F_I_JD복_전환_복쫀바출시_직원설득형__.배너_과일계에르메스.내부공지.현장감.가격실수.__고가영_260904_빙과_이채윤,157,3,3204,0,0,전환
2026-09-07,120252179830820659,[빙과_스틱바_복숭아쫀득] 26.09_쫀득바출시_ASC_전환_image_전체타겟,[복숭아쫀득바] 26.09_복쫀바출시_ASC_전환_image_전체타겟_대세감,[26.09]F_I_JD복_전환_복쫀바출시_직원설득형__.배너_대세감.내부공지.현장감.가격실수.누적400만개.__고가영_260904_빙과_이채윤,1424,19,17860,0,0,전환
2026-09-07,120252181337000659,[빙과_스틱바_복숭아쫀득] 26.09_쫀득바출시_수동_전환_image_전체타겟,[복숭아쫀득바] 26.09_복쫀바출시_전환_image_전체타겟_한정성,[26.09]F_I_JD복_전환_복쫀바출시_혜택강조형__.배너_시즌한정성.다시는없어요.제철납작복숭아맛마지막으로즐길기회.__고가영_260904_빙과_이채윤,20,0,203,0,0,전환
2026-09-07,120252181350430659,[빙과_스틱바_복숭아쫀득] 26.09_쫀득바출시_수동_전환_image_전체타겟,[복숭아쫀득바] 26.09_복쫀바출시_전환_image_전체타겟_대세감,[26.09]F_I_JD복_전환_복쫀바출시_혜택강조형__.배너_대세감.누적판매량400만개.쫀득바신상복숭아맛출시.출시특가0원.__고가영_260904_빙과_이채윤,68,1,1647,0,0,전환
2026-09-07,120252182855620659,[빙과_스틱바_복숭아쫀득] 26.09_쫀득바출시_ASC_전환_video_전체타겟,[복숭아] 납작복숭아(백정우베BP) _전환,[26.09]F_V_JD복_전환_복쫀바출시_신규BP_백정BP_main.릴스_납작복숭아.X_스틱바P_황경원_260904_빙과_정요한,5391,71,49382,2,689,전환
2026-09-07,120252216528320659,(운영X) [빙과_스틱바_멜론쫀득] 26.05_쫀득바출시_수동_전환_image_전체타겟 - 사본,(운영X) 0615_멜론쫀득바 - 사본,[26.06]F_I_JD멜_전환_쫀득바출시_직원설득형_희소성_.배너_판매중단.한통에4만원.후숙된찐한멜론맛그대로.공지문.현장감극대화.맛비주얼추가.문앞.__문선정_260615_빙과_김민우,32,0,415,0,0,전환
2026-09-07,120252216528330659,(운영X) [빙과_스틱바_멜론쫀득] 26.05_쫀득바출시_수동_전환_image_전체타겟 - 사본,(운영X) 0615_멜론쫀득바 - 사본,[26.06]F_I_JD멜_전환_쫀득바출시_혜택강조형_희소성_.릴스_판매중단.한통에4만원.후숙된찐한멜론맛그대로.공지문.프롬프트읽기.현장감.__문선정_260615_빙과_오형선,135,2,2667,0,2,전환
2026-09-07,120252216528430659,(운영X) [빙과_스틱바_멜론쫀득] 26.05_쫀득바출시_수동_전환_image_전체타겟 - 사본,(운영X) 0612_망고쫀득바_멜론치환 - 사본,[26.06]F_I_JD망_전환_쫀득바출시_혜택강조형_희소성_.배너_공급자손해.SNS대란노을멜론.제가졌어요.맛비주얼.__문선정_260612_빙과_오형선,6,0,38,0,0,전환
2026-09-07,120252216528450659,(운영X) [빙과_스틱바_멜론쫀득] 26.05_쫀득바출시_수동_전환_image_전체타겟 - 사본,(운영X) 0615_멜론쫀득바 - 사본,[26.06]F_I_JD멜_전환_쫀득바출시_직원설득형_희소성_.배너_판매중단.한통에4만원.후숙된찐한멜론맛그대로.공지문.현장감극대화.손글씨.매직.__문선정_260615_빙과_김민우,76,1,1629,0,0,전환
2026-09-07,120252216528530659,(운영X) [빙과_스틱바_멜론쫀득] 26.05_쫀득바출시_수동_전환_image_전체타겟 - 사본,(운영X) 0612_망고쫀득바_멜론치환 - 사본,[26.06]F_I_JD망_전환_쫀득바출시_혜택강조형_희소성_.배너_시즌성.쫀득망고.오늘끝나면안녕.__문선정_260612_빙과_오형선,10,0,230,0,0,전환
2026-09-07,120252176800230659,[빙과_파인트_골키파] 26.07_골키파출시_수동_전환_video_전체타겟,9월 1주차_소비자네고형_P말,[26.09]F_V_P말_전환_골키파출시_네고형_소비자네고형_var1.릴스_공통.9월.수민PJ_파인트P_이도경_260904_빙과_김지연,313,10,7891,2,22,전환
2026-09-07,120252176836590659,[빙과_파인트_골키파] 26.07_골키파출시_수동_전환_video_전체타겟,9월 1주차_클룹BP_P말,[26.09]F_V_P말_전환_골키파출시_신규BP_클룹BP_var3.릴스_POV.몸짱.9월.수민PJ_파인트P_영상팀_260904_빙과_이수민,251,9,5690,1,28,전환
2026-09-07,120252177770770659,[빙과_파인트] 26.04_파인트990원_수동_전환_image_전체타겟,260904_P혼_990원,[26.09]F_I_P혼_전환_상시_혜택강조형__.배너_물량.100원.경축.글로벌프리미엄브랜드제치고1위.1위한정기념특가.__고가영_260904_빙과_김민우,32483,636,425161,25,0,전환
2026-09-07,120252177773820659,[빙과_파인트] 26.04_파인트990원_수동_전환_image_전체타겟,260904_P혼_990원,[26.09]F_I_P혼_전환_파인트990원_혜택강조형__.배너_물량.감사합니다.1위기념특가.__고가영_260904_빙과_김민우,478,6,4086,0,0,전환
2026-09-07,120252177777610659,[빙과_파인트] 26.04_파인트990원_수동_전환_image_전체타겟,260904_P혼_990원,[26.09]F_I_P혼_전환_파인트990원_혜택강조형__.배너_물량.경축.글로벌프리미엄브랜드제치고1위.1위한정기념특가.__고가영_260904_빙과_김민우,2924,54,59015,1,0,전환
2026-09-07,120252177778790659,[빙과_파인트] 26.04_파인트990원_수동_전환_image_전체타겟,260904_P혼_990원,[26.09]F_I_P혼_전환_파인트990원_혜택강조형__.배너_물량.외부BP.고객감사특가.주문폭주특가.__고가영_260904_빙과_김민우,3410,37,28097,0,0,전환
2026-09-07,120252177907200659,[빙과_파인트_골키파] 26.09_골키파출시_ASC_전환_video_전체타겟_9월 1주차_소비자네고/불신해소형,[빙과_파인트_골키파] 26.09_골키파출시_ASC_전환_video_전체타겟_9월 1주차_소비자네고/불신해소형,[26.09]F_V_P말_전환_골키파출시_맛인지형_견과BP_var3.릴스_개발자히스토리.9월.수민PJ_파인트P_영상팀_260904_빙과_정하얀,34506,572,532870,26,3118,전환
2026-09-07,120252177942320659,[빙과_파인트_골키파] 26.07_골키파출시_수동_전환_video_전체타겟,9월 1주차_불신해소형_P말,[26.09]F_V_P말_전환_골키파출시_맛인지형_불신해소형_var1.릴스_설탕양비교.9월.수민PJ_파인트P_영상팀_260904_빙과_정하얀,13,1,615,0,2,전환
2026-09-07,120252181361910659,[빙과_스틱바_복숭아쫀득] 26.09_쫀득바출시_수동_전환_image_전체타겟,[복숭아쫀득바] 26.09_복쫀바출시_전환_image_전체타겟_고효율,[26.09]F_I_JD복_전환_복쫀바출시_직원설득형__.배너_고효율.내부공지.현장감.가격조정안내.품절성원보답.__고가영_260904_빙과_이채윤,307,2,2498,0,0,전환
2026-09-07,120252181361930659,[빙과_스틱바_복숭아쫀득] 26.09_쫀득바출시_수동_전환_image_전체타겟,[복숭아쫀득바] 26.09_복쫀바출시_전환_image_전체타겟_고효율,[26.09]F_I_JD복_전환_복쫀바출시_혜택강조형__.배너_가격이득.4만원을0원에.다시는없어요.0원에맛볼기회는.__고가영_260904_빙과_이채윤,16,0,397,0,0,전환
2026-09-07,120252179830560659,[빙과_스틱바_복숭아쫀득] 26.09_쫀득바출시_ASC_전환_image_전체타겟,[복숭아쫀득바] 26.09_복쫀바출시_ASC_전환_image_전체타겟_한정성,[26.09]F_I_JD복_전환_복쫀바출시_직원설득형__.배너_시즌한정성.내부공지.매거진형.여름제철납작복숭아.__고가영_260904_빙과_이채윤,376,4,4155,0,0,전환
2026-09-07,120252179830570659,[빙과_스틱바_복숭아쫀득] 26.09_쫀득바출시_ASC_전환_image_전체타겟,[복숭아쫀득바] 26.09_복쫀바출시_ASC_전환_image_전체타겟_고효율,[26.09]F_I_JD복_전환_복쫀바출시_혜택강조형__.배너_고효율.쌀때쟁이세요.주문폭주.출시특가.__고가영_260904_빙과_이채윤,11,0,115,0,2,전환
2026-09-07,120252179830580659,[빙과_스틱바_복숭아쫀득] 26.09_쫀득바출시_ASC_전환_image_전체타겟,[복숭아쫀득바] 26.09_복쫀바출시_ASC_전환_image_전체타겟_한정성,[26.09]F_I_JD복_전환_복쫀바출시_혜택강조형__.배너_시즌한정성.납작복숭아시즌종료마지막세일.출시특가0원.__고가영_260904_빙과_이채윤,162,3,2111,0,0,전환
2026-09-07,120252179830590659,[빙과_스틱바_복숭아쫀득] 26.09_쫀득바출시_ASC_전환_image_전체타겟,[복숭아쫀득바] 26.09_복쫀바출시_ASC_전환_image_전체타겟_고효율,[26.09]F_I_JD복_전환_복쫀바출시_혜택강조형__.배너_고효율.출시특가만할인해요.sns난리.__고가영_260904_빙과_이채윤,60,4,734,0,0,전환
2026-09-07,120252179830600659,[빙과_스틱바_복숭아쫀득] 26.09_쫀득바출시_ASC_전환_image_전체타겟,[복숭아쫀득바] 26.09_복쫀바출시_ASC_전환_image_전체타겟_고효율,[26.09]F_I_JD복_전환_복쫀바출시_혜택강조형__.배너_고효율.사과문.sns대란4만원.원가이하판매링크.__고가영_260904_빙과_이채윤,332,2,5277,1,0,전환
2026-09-07,120252179830610659,[빙과_스틱바_복숭아쫀득] 26.09_쫀득바출시_ASC_전환_image_전체타겟,[복숭아쫀득바] 26.09_복쫀바출시_ASC_전환_image_전체타겟_고효율,[26.09]F_I_JD복_전환_복쫀바출시_혜택강조형__.배너_고효율.미리구매하신분들.죄송합니다.출시특가.__고가영_260904_빙과_이채윤,539,8,12692,0,0,전환
2026-09-07,120252179830620659,[빙과_스틱바_복숭아쫀득] 26.09_쫀득바출시_ASC_전환_image_전체타겟,[복숭아쫀득바] 26.09_복쫀바출시_ASC_전환_image_전체타겟_고효율,[26.09]F_I_JD복_전환_복쫀바출시_혜택강조형__.배너_가격이득.4만원을0원에.다시는없어요.0원에맛볼기회는.__고가영_260904_빙과_이채윤,131,3,3215,0,0,전환
2026-09-07,120252179830630659,[빙과_스틱바_복숭아쫀득] 26.09_쫀득바출시_ASC_전환_image_전체타겟,[복숭아쫀득바] 26.09_복쫀바출시_ASC_전환_image_전체타겟_고효율,[26.09]F_I_JD복_전환_복쫀바출시_혜택강조형__.배너_고효율.네고형.지금이제일싼데왜나중에사요.__고가영_260904_빙과_이채윤,365,1,2926,0,0,전환
2026-09-07,120252179830670659,[빙과_스틱바_복숭아쫀득] 26.09_쫀득바출시_ASC_전환_image_전체타겟,[복숭아쫀득바] 26.09_복쫀바출시_ASC_전환_image_전체타겟_식감,[26.09]F_I_JD복_전환_복쫀바출시_제품강조형__.배너_과일계에르메스.과일계에르X스처럼달달쫀득.__고가영_260904_빙과_이채윤,285,4,4208,1,0,전환
2026-09-07,120252179830680659,[빙과_스틱바_복숭아쫀득] 26.09_쫀득바출시_ASC_전환_image_전체타겟,[복숭아쫀득바] 26.09_복쫀바출시_ASC_전환_image_전체타겟_고효율,[26.09]F_I_JD복_전환_복쫀바출시_혜택강조형__.배너_가격이득.4만원을0원에.네고형.4만원대 납작복숭아맛을0원에즐길기회.__고가영_260904_빙과_이채윤,398,2,3985,0,29,전환
2026-09-07,120252179830740659,[빙과_스틱바_복숭아쫀득] 26.09_쫀득바출시_ASC_전환_image_전체타겟,[복숭아쫀득바] 26.09_복쫀바출시_ASC_전환_image_전체타겟_한정성,[26.09]F_I_JD복_전환_복쫀바출시_혜택강조형__.배너_시즌한정성.다시는없어요.제철납작복숭아맛마지막으로즐길기회.__고가영_260904_빙과_이채윤,1334,24,26779,3,0,전환
2026-09-07,120252179830750659,[빙과_스틱바_복숭아쫀득] 26.09_쫀득바출시_ASC_전환_image_전체타겟,[복숭아쫀득바] 26.09_복쫀바출시_ASC_전환_image_전체타겟_한정성,[26.09]F_I_JD복_전환_복쫀바출시_혜택강조형__.배너_시즌한정성.네고형.지금놓치면1년을기다려야해요.__고가영_260904_빙과_이채윤,3234,35,31919,4,363,전환
2026-09-07,120252179830770659,[빙과_스틱바_복숭아쫀득] 26.09_쫀득바출시_ASC_전환_image_전체타겟,[복숭아쫀득바] 26.09_복쫀바출시_ASC_전환_image_전체타겟_고효율,[26.09]F_I_JD복_전환_복쫀바출시_혜택강조형__.배너_가격이득.4만원을0원에.매거진형.4만원대납작복숭아를0원에?.__고가영_260904_빙과_이채윤,120,3,957,0,0,전환
2026-09-07,120252179830830659,[빙과_스틱바_복숭아쫀득] 26.09_쫀득바출시_ASC_전환_image_전체타겟,[복숭아쫀득바] 26.09_복쫀바출시_ASC_전환_image_전체타겟_고효율,[26.09]F_I_JD복_전환_복쫀바출시_혜택강조형__.배너_가격이득.4만원을0원에.출시특가반짝세일.출시특가0원.__고가영_260904_빙과_이채윤,2426,29,34206,2,1,전환
2026-09-07,120252180408780659,[빙과_스틱바_복숭아쫀득] 26.09_쫀득바출시_수동_전환_image_전체타겟,[복숭아쫀득바] 26.09_복쫀바출시_전환_image_전체타겟_식감,[26.09]F_I_JD복_전환_복쫀바출시_제품강조형__.배너_과일계에르메스.과일계에르X스처럼달달쫀득.__고가영_260904_빙과_이채윤,195,2,2604,0,0,전환
2026-09-07,120252181016220659,[빙과_스틱바_복숭아쫀득] 26.09_쫀득바출시_수동_전환_image_전체타겟,[복숭아쫀득바] 26.09_복쫀바출시_전환_image_전체타겟_식감,[26.09]F_I_JD복_전환_복쫀바출시_제품강조형__.배너_과일계에르메스.다시는없어요.0원증정.__고가영_260904_빙과_이채윤,1996,56,42913,5,0,전환
2026-09-07,120252181179570659,[빙과_스틱바_복숭아쫀득] 26.09_쫀득바출시_수동_전환_image_전체타겟,[복숭아쫀득바] 26.09_복쫀바출시_전환_image_전체타겟_식감,[26.09]F_I_JD복_전환_복쫀바출시_제품강조형__.배너_과일계에르메스.출시기념반짝세일.출시특가0원.__고가영_260904_빙과_이채윤,347,1,5017,0,0,전환
2026-09-07,120252181337010659,[빙과_스틱바_복숭아쫀득] 26.09_쫀득바출시_수동_전환_image_전체타겟,[복숭아쫀득바] 26.09_복쫀바출시_전환_image_전체타겟_한정성,[26.09]F_I_JD복_전환_복쫀바출시_혜택강조형__.배너_시즌한정성.라라스윗에서만나는올해마지막납작복숭아맛.__고가영_260904_빙과_이채윤,7,0,107,0,0,전환
2026-09-07,120252181337020659,[빙과_스틱바_복숭아쫀득] 26.09_쫀득바출시_수동_전환_image_전체타겟,[복숭아쫀득바] 26.09_복쫀바출시_전환_image_전체타겟_한정성,[26.09]F_I_JD복_전환_복쫀바출시_혜택강조형__.배너_시즌한정성.매거진형.곧여름끝나면안녕.__고가영_260904_빙과_이채윤,17,0,103,0,0,전환
2026-09-07,120252181361900659,[빙과_스틱바_복숭아쫀득] 26.09_쫀득바출시_수동_전환_image_전체타겟,[복숭아쫀득바] 26.09_복쫀바출시_전환_image_전체타겟_고효율,[26.09]F_I_JD복_전환_복쫀바출시_직원설득형__.배너_가격이득.4만원을0원에.내부공지.현장감.가격실수.__고가영_260904_빙과_이채윤,478,6,9263,0,0,전환
2026-09-07,120252181361940659,[빙과_스틱바_복숭아쫀득] 26.09_쫀득바출시_수동_전환_image_전체타겟,[복숭아쫀득바] 26.09_복쫀바출시_전환_image_전체타겟_고효율,[26.09]F_I_JD복_전환_복쫀바출시_혜택강조형__.배너_가격이득.4만원을0원에.매거진형.4만원대납작복숭아를0원에?.__고가영_260904_빙과_이채윤,19,0,175,0,0,전환
2026-09-07,120252181361950659,[빙과_스틱바_복숭아쫀득] 26.09_쫀득바출시_수동_전환_image_전체타겟,[복숭아쫀득바] 26.09_복쫀바출시_전환_image_전체타겟_고효율,[26.09]F_I_JD복_전환_복쫀바출시_혜택강조형__.배너_가격이득.4만원을0원에.먹을수있대요.출시특가.__고가영_260904_빙과_이채윤,7,1,156,0,0,전환
2026-09-07,120252181361970659,[빙과_스틱바_복숭아쫀득] 26.09_쫀득바출시_수동_전환_image_전체타겟,[복숭아쫀득바] 26.09_복쫀바출시_전환_image_전체타겟_고효율,[26.09]F_I_JD복_전환_복쫀바출시_혜택강조형__.배너_고효율.곧종료됩니다.출시특가.무료증정.__고가영_260904_빙과_이채윤,5,0,31,0,0,전환
2026-09-07,120252181361990659,[빙과_스틱바_복숭아쫀득] 26.09_쫀득바출시_수동_전환_image_전체타겟,[복숭아쫀득바] 26.09_복쫀바출시_전환_image_전체타겟_고효율,[26.09]F_I_JD복_전환_복쫀바출시_혜택강조형__.배너_고효율.미리구매하신분들.죄송합니다.출시특가.__고가영_260904_빙과_이채윤,2304,35,23572,5,0,전환
2026-09-07,120252176792700659,[빙과_파인트_골키파] 26.07_골키파출시_수동_전환_video_전체타겟,9월 1주차_소비자네고형_P말,[26.09]F_V_P말_전환_골키파출시_네고형_소비자네고형_main.릴스_페인포인트.가격.9월.수민PJ_파인트P_이도경_260904_빙과_김지연,773,33,23058,1,146,전환
2026-09-07,120252176812940659,[빙과_파인트_골키파] 26.07_골키파출시_수동_전환_video_전체타겟,9월 1주차_클룹BP_P말,[26.09]F_V_P말_전환_골키파출시_신규BP_클룹BP_main.릴스_공통.기본.9월.수민PJ_파인트P_영상팀_260904_빙과_이수민,2765,54,28908,0,318,전환
2026-09-07,120252176815310659,[빙과_파인트_골키파] 26.07_골키파출시_수동_전환_video_전체타겟,9월 1주차_소비자네고형_P말,[26.09]F_V_P말_전환_골키파출시_네고형_소비자네고형_var2.릴스_편의점1등.9월.수민PJ_파인트P_이도경_260904_빙과_김지연,21186,314,326463,21,1388,전환
2026-09-07,120252176825240659,[빙과_파인트_골키파] 26.07_골키파출시_수동_전환_video_전체타겟,9월 1주차_소비자네고형_P말,[26.09]F_V_P말_전환_골키파출시_네고형_소비자네고형_var3.릴스_pov.9월.수민PJ_파인트P_이도경_260904_빙과_김지연,1186,29,30883,1,113,전환
2026-09-07,120252176834750659,[빙과_파인트_골키파] 26.07_골키파출시_수동_전환_video_전체타겟,9월 1주차_소비자네고형_P말,[26.09]F_V_P말_전환_골키파출시_네고형_소비자네고형_var4.릴스_젤라또.9월.수민PJ_파인트P_이도경_260904_빙과_김지연,4475,60,60167,7,392,전환
2026-09-07,120252177748860659,[빙과_파인트_골키파] 26.07_골키파출시_수동_전환_image_전체타겟,260904_P혼_100원,[26.09]F_I_P혼_전환_파인트990원_혜택강조형__.릴스_물량.외부BP.다신없을99%할인.공장24시풀가동중.__고가영_260904_빙과_김민우,376,9,11028,0,18,전환
2026-09-07,120252177752510659,[빙과_파인트_골키파] 26.07_골키파출시_수동_전환_image_전체타겟,260904_P혼_100원,[26.09]F_I_P혼_전환_상시_혜택강조형__.배너_물량.100원.당98%낮춰글로벌프리미엄브랜드제친기념.이벤트끝나면정상가.__고가영_260904_빙과_김민우,743,20,18619,0,0,전환
2026-09-07,120252177957290659,[빙과_파인트_골키파] 26.07_골키파출시_수동_전환_video_전체타겟,9월 1주차_불신해소형_P말,[26.09]F_V_P말_전환_골키파출시_맛인지형_불신해소형_var2.릴스_개발자권위.9월.수민PJ_파인트P_영상팀_260904_빙과_정하얀,58,0,1707,0,7,전환
2026-09-07,120252176793430659,[빙과_파인트_골키파] 26.09_골키파출시_ASC_전환_video_전체타겟_9월 1주차_소비자네고/불신해소형,[빙과_파인트_골키파] 26.09_골키파출시_ASC_전환_video_전체타겟_9월 1주차_소비자네고/불신해소형,[26.09]F_V_P말_전환_골키파출시_네고형_소비자네고형_main.릴스_페인포인트.가격.9월.수민PJ_파인트P_이도경_260904_빙과_김지연,19872,341,321840,26,2174,전환
2026-09-07,120252176800940659,[빙과_파인트_골키파] 26.09_골키파출시_ASC_전환_video_전체타겟_9월 1주차_소비자네고/불신해소형,[빙과_파인트_골키파] 26.09_골키파출시_ASC_전환_video_전체타겟_9월 1주차_소비자네고/불신해소형,[26.09]F_V_P말_전환_골키파출시_네고형_소비자네고형_var1.릴스_공통.9월.수민PJ_파인트P_이도경_260904_빙과_김지연,545,4,8677,0,47,전환
2026-09-07,120252176828750659,[빙과_파인트_골키파] 26.07_골키파출시_수동_전환_video_전체타겟,9월 1주차_클룹BP_P말,[26.09]F_V_P말_전환_골키파출시_신규BP_클룹BP_var2.릴스_POV.15kg.9월.수민PJ_파인트P_영상팀_260904_빙과_이수민,432,19,10503,2,50,전환
2026-09-07,120252176829250659,[빙과_파인트_골키파] 26.09_골키파출시_ASC_전환_video_전체타겟_9월 1주차_클룹BP,[빙과_파인트_골키파] 26.09_골키파출시_ASC_전환_video_전체타겟_9월 1주차_클룹BP,[26.09]F_V_P말_전환_골키파출시_신규BP_클룹BP_var2.릴스_POV.15kg.9월.수민PJ_파인트P_영상팀_260904_빙과_이수민,4831,89,106851,3,433,전환
2026-09-07,120252176837550659,[빙과_파인트_골키파] 26.09_골키파출시_ASC_전환_video_전체타겟_9월 1주차_클룹BP,[빙과_파인트_골키파] 26.09_골키파출시_ASC_전환_video_전체타겟_9월 1주차_클룹BP,[26.09]F_V_P말_전환_골키파출시_신규BP_클룹BP_var3.릴스_POV.몸짱.9월.수민PJ_파인트P_영상팀_260904_빙과_이수민,12981,217,207666,12,1735,전환
2026-09-07,120252176848290659,[빙과_파인트_골키파] 26.07_골키파출시_수동_전환_video_전체타겟,9월 1주차_클룹BP_P말,[26.09]F_V_P말_전환_골키파출시_신규BP_클룹BP_var4.릴스_맛SP.9월.수민PJ_파인트P_영상팀_260904_빙과_이수민,35,3,581,1,6,전환
2026-09-07,120252176848670659,[빙과_파인트_골키파] 26.09_골키파출시_ASC_전환_video_전체타겟_9월 1주차_클룹BP,[빙과_파인트_골키파] 26.09_골키파출시_ASC_전환_video_전체타겟_9월 1주차_클룹BP,[26.09]F_V_P말_전환_골키파출시_신규BP_클룹BP_var4.릴스_맛SP.9월.수민PJ_파인트P_영상팀_260904_빙과_이수민,1632,18,29603,1,111,전환
2026-09-07,120252177754830659,[빙과_파인트_골키파] 26.07_골키파출시_수동_전환_image_전체타겟,260904_P혼_100원,[26.09]F_I_P혼_전환_상시_혜택강조형__.배너_물량.감사합니다.한정수량100원.1위기념특가.__고가영_260904_빙과_김민우,65,0,1868,0,0,전환
2026-09-07,120252177757120659,[빙과_파인트_골키파] 26.07_골키파출시_수동_전환_image_전체타겟,260904_P혼_100원,[26.09]F_I_P혼_전환_상시_혜택강조형__.배너_물량.외부BP.한정수량100원.고객감사특가.주문폭주특가.__고가영_260904_빙과_김민우,16,0,390,0,0,전환
2026-09-07,120252177921050659,[빙과_파인트_골키파] 26.09_골키파출시_ASC_전환_video_전체타겟_9월 1주차_소비자네고/불신해소형,[빙과_파인트_골키파] 26.09_골키파출시_ASC_전환_video_전체타겟_9월 1주차_소비자네고/불신해소형,[26.09]F_V_P말_전환_골키파출시_맛인지형_불신해소형_main.릴스_공통부터.9월.수민PJ_파인트P_영상팀_260904_빙과_정하얀,2437,21,31961,1,141,전환
2026-09-07,120252179830530659,[빙과_스틱바_복숭아쫀득] 26.09_쫀득바출시_ASC_전환_image_전체타겟,[복숭아쫀득바] 26.09_복쫀바출시_ASC_전환_image_전체타겟_대세감,[26.09]F_I_JD복_전환_복쫀바출시_혜택강조형__.배너_대세감.네고형.누적판매량400만개쫀득바신상이0원이래요.__고가영_260904_빙과_이채윤,527,7,5725,1,0,전환
2026-09-07,120252179830540659,[빙과_스틱바_복숭아쫀득] 26.09_쫀득바출시_ASC_전환_image_전체타겟,[복숭아쫀득바] 26.09_복쫀바출시_ASC_전환_image_전체타겟_대세감,[26.09]F_I_JD복_전환_복쫀바출시_혜택강조형__.배너_대세감.편의점1위찍은쫀득바복숭아맛출시.__고가영_260904_빙과_이채윤,657,3,7725,0,0,전환
2026-09-07,120252179830790659,[빙과_스틱바_복숭아쫀득] 26.09_쫀득바출시_ASC_전환_image_전체타겟,[복숭아쫀득바] 26.09_복쫀바출시_ASC_전환_image_전체타겟_식감,[26.09]F_I_JD복_전환_복쫀바출시_제품강조형__.배너_과일계에르메스.출시기념반짝세일.출시특가0원.__고가영_260904_빙과_이채윤,3323,37,49778,3,0,전환
2026-09-07,120252179830800659,[빙과_스틱바_복숭아쫀득] 26.09_쫀득바출시_ASC_전환_image_전체타겟,[복숭아쫀득바] 26.09_복쫀바출시_ASC_전환_image_전체타겟_식감,[26.09]F_I_JD복_전환_복쫀바출시_제품강조형__.배너_과일계에르메스.매거진형.출시특가.__고가영_260904_빙과_이채윤,582,12,7893,0,0,전환
2026-09-07,120252180867880659,[빙과_스틱바_복숭아쫀득] 26.09_쫀득바출시_수동_전환_image_전체타겟,[복숭아쫀득바] 26.09_복쫀바출시_전환_image_전체타겟_식감,[26.09]F_I_JD복_전환_복쫀바출시_제품강조형__.배너_과일계에르메스.네고형.납작복숭아만큼달달쫀득해요.__고가영_260904_빙과_이채윤,3555,37,43532,5,0,전환
2026-09-07,120252181092750659,[빙과_스틱바_복숭아쫀득] 26.09_쫀득바출시_수동_전환_image_전체타겟,[복숭아쫀득바] 26.09_복쫀바출시_전환_image_전체타겟_식감,[26.09]F_I_JD복_전환_복쫀바출시_제품강조형__.배너_과일계에르메스.매거진형.출시특가.__고가영_260904_빙과_이채윤,1369,21,18052,1,0,전환
2026-09-07,120252181179580659,[빙과_스틱바_복숭아쫀득] 26.09_쫀득바출시_수동_전환_image_전체타겟,[복숭아쫀득바] 26.09_복쫀바출시_전환_image_전체타겟_식감,[26.09]F_I_JD복_전환_복쫀바출시_직원설득형__.배너_과일계에르메스.내부공지.현장감.가격실수.__고가영_260904_빙과_이채윤,384,10,6195,0,0,전환
2026-09-07,120252181336980659,[빙과_스틱바_복숭아쫀득] 26.09_쫀득바출시_수동_전환_image_전체타겟,[복숭아쫀득바] 26.09_복쫀바출시_전환_image_전체타겟_한정성,[26.09]F_I_JD복_전환_복쫀바출시_혜택강조형__.배너_시즌한정성.납작복숭아시즌종료마지막세일.출시특가0원.__고가영_260904_빙과_이채윤,140,0,1452,0,0,전환
2026-09-07,120252181336990659,[빙과_스틱바_복숭아쫀득] 26.09_쫀득바출시_수동_전환_image_전체타겟,[복숭아쫀득바] 26.09_복쫀바출시_전환_image_전체타겟_한정성,[26.09]F_I_JD복_전환_복쫀바출시_혜택강조형__.배너_시즌한정성.네고형.지금놓치면1년을기다려야해요.__고가영_260904_빙과_이채윤,13134,177,156347,15,0,전환
2026-09-07,120252181350410659,[빙과_스틱바_복숭아쫀득] 26.09_쫀득바출시_수동_전환_image_전체타겟,[복숭아쫀득바] 26.09_복쫀바출시_전환_image_전체타겟_대세감,[26.09]F_I_JD복_전환_복쫀바출시_직원설득형__.배너_대세감.내부공지.현장감.가격실수.누적400만개.__고가영_260904_빙과_이채윤,293,6,5600,0,0,전환
2026-09-07,120252181350420659,[빙과_스틱바_복숭아쫀득] 26.09_쫀득바출시_수동_전환_image_전체타겟,[복숭아쫀득바] 26.09_복쫀바출시_전환_image_전체타겟_대세감,[26.09]F_I_JD복_전환_복쫀바출시_혜택강조형__.배너_대세감.네고형.누적판매량400만개쫀득바신상이0원이래요.__고가영_260904_빙과_이채윤,2317,23,33757,3,0,전환
2026-09-07,120252181350440659,[빙과_스틱바_복숭아쫀득] 26.09_쫀득바출시_수동_전환_image_전체타겟,[복숭아쫀득바] 26.09_복쫀바출시_전환_image_전체타겟_대세감,[26.09]F_I_JD복_전환_복쫀바출시_혜택강조형__.배너_대세감.다시는없어요.누적판매량400만개.0원증정.__고가영_260904_빙과_이채윤,1200,22,23285,0,0,전환
2026-09-07,120252181350450659,[빙과_스틱바_복숭아쫀득] 26.09_쫀득바출시_수동_전환_image_전체타겟,[복숭아쫀득바] 26.09_복쫀바출시_전환_image_전체타겟_대세감,[26.09]F_I_JD복_전환_복쫀바출시_혜택강조형__.배너_대세감.매거진형.편의점1위쫀득바신상그릭복숭아쫀득바출시.__고가영_260904_빙과_이채윤,1040,16,15223,1,0,전환
2026-09-07,120252181350460659,[빙과_스틱바_복숭아쫀득] 26.09_쫀득바출시_수동_전환_image_전체타겟,[복숭아쫀득바] 26.09_복쫀바출시_전환_image_전체타겟_대세감,[26.09]F_I_JD복_전환_복쫀바출시_혜택강조형__.배너_대세감.편의점1위찍은쫀득바복숭아맛출시.__고가영_260904_빙과_이채윤,305,1,2174,0,0,전환
2026-09-07,120252181361890659,[빙과_스틱바_복숭아쫀득] 26.09_쫀득바출시_수동_전환_image_전체타겟,[복숭아쫀득바] 26.09_복쫀바출시_전환_image_전체타겟_고효율,[26.09]F_I_JD복_전환_복쫀바출시_혜택강조형__.배너_고효율.쌀때쟁이세요.주문폭주.출시특가.__고가영_260904_빙과_이채윤,212,5,3427,0,0,전환
2026-09-07,120252181361960659,[빙과_스틱바_복숭아쫀득] 26.09_쫀득바출시_수동_전환_image_전체타겟,[복숭아쫀득바] 26.09_복쫀바출시_전환_image_전체타겟_고효율,[26.09]F_I_JD복_전환_복쫀바출시_혜택강조형__.배너_가격이득.4만원을0원에.출시특가반짝세일.출시특가0원.__고가영_260904_빙과_이채윤,4240,49,59262,4,0,전환
2026-09-07,120252181362000659,[빙과_스틱바_복숭아쫀득] 26.09_쫀득바출시_수동_전환_image_전체타겟,[복숭아쫀득바] 26.09_복쫀바출시_전환_image_전체타겟_고효율,[26.09]F_I_JD복_전환_복쫀바출시_혜택강조형__.배너_고효율.사과문.sns대란4만원.원가이하판매링크.__고가영_260904_빙과_이채윤,217,6,4220,0,0,전환
2026-09-07,120252181362010659,[빙과_스틱바_복숭아쫀득] 26.09_쫀득바출시_수동_전환_image_전체타겟,[복숭아쫀득바] 26.09_복쫀바출시_전환_image_전체타겟_고효율,[26.09]F_I_JD복_전환_복쫀바출시_혜택강조형__.배너_고효율.출시특가만할인해요.sns난리.__고가영_260904_빙과_이채윤,7,1,389,0,0,전환
2026-09-07,120252179830720659,[빙과_스틱바_복숭아쫀득] 26.09_쫀득바출시_ASC_전환_image_전체타겟,[복숭아쫀득바] 26.09_복쫀바출시_ASC_전환_image_전체타겟_대세감,[26.09]F_I_JD복_전환_복쫀바출시_혜택강조형__.배너_대세감.매거진형.편의점1위쫀득바신상그릭복숭아쫀득바출시.__고가영_260904_빙과_이채윤,658,7,7952,0,0,전환
2026-09-07,120252179830810659,[빙과_스틱바_복숭아쫀득] 26.09_쫀득바출시_ASC_전환_image_전체타겟,[복숭아쫀득바] 26.09_복쫀바출시_ASC_전환_image_전체타겟_대세감,[26.09]F_I_JD복_전환_복쫀바출시_혜택강조형__.배너_대세감.누적판매량400만개.쫀득바신상복숭아맛출시.출시특가0원.__고가영_260904_빙과_이채윤,285,2,3940,0,0,전환
2026-09-07,120252181361920659,[빙과_스틱바_복숭아쫀득] 26.09_쫀득바출시_수동_전환_image_전체타겟,[복숭아쫀득바] 26.09_복쫀바출시_전환_image_전체타겟_고효율,[26.09]F_I_JD복_전환_복쫀바출시_혜택강조형__.배너_가격이득.4만원을0원에.네고형.4만원대 납작복숭아맛을0원에즐길기회.__고가영_260904_빙과_이채윤,40,0,516,0,0,전환
2026-09-07,120252181361980659,[빙과_스틱바_복숭아쫀득] 26.09_쫀득바출시_수동_전환_image_전체타겟,[복숭아쫀득바] 26.09_복쫀바출시_전환_image_전체타겟_고효율,[26.09]F_I_JD복_전환_복쫀바출시_혜택강조형__.배너_고효율.네고형.지금이제일싼데왜나중에사요.__고가영_260904_빙과_이채윤,241,2,2641,0,0,전환
2026-09-07,120252182664620659,[빙과_스틱바_복숭아쫀득] 26.09_쫀득바출시_ASC_전환_video_전체타겟,[복숭아] 납작복숭아(백정우베BP) _전환,[26.09]F_V_JD복_전환_복쫀바출시_맛인지형_우베BP_main.릴스_납작복숭아.X_스틱바P_황경원_260904_빙과_정요한,2254,17,26501,2,86,전환
2026-09-07,120252183059730659,[빙과_스틱바_복숭아쫀득] 26.09_쫀득바출시_수동_전환_video_전체타겟,[복숭아] 납작복숭아(백정우베BP) _전환,[26.09]F_V_JD복_전환_복쫀바출시_신규BP_백정BP_main.릴스_납작복숭아.X_스틱바P_황경원_260904_빙과_정요한,5145,60,59856,3,633,전환
2026-09-07,120252216455400659,(운영X) [빙과_스틱바_멜론쫀득] 26.05_쫀득바출시_수동_전환_image_전체타겟 - 사본,0625_멜론쫀득바_2 - 사본,[26.06]F_I_JD멜_전환_쫀득바출시_직원설득형_브T기획_.릴스_직원페르소나.찐덕후신입인턴.__김유진_260626_빙과_홍정민,76,1,1687,0,0,전환
2026-09-07,120247473355580252,[빙과_쫀득바] 인지광고_25.07_참여_image,7월 1주차_바이럴배너,[26.06]F_I_JD멜_바이럴_상시_바이럴형_제품특장점_.배너_.장소(GS25).일본편의점권위.__허재희_260619_빙과_오형선,26022,108,81701,1657,0,인지
2026-09-07,120247473355620252,[빙과_쫀득바] 인지광고_25.07_참여_image,7월 1주차_바이럴배너,[26.06]F_I_JD멜_바이럴_상시_바이럴형_제품특장점_main.배너_출시하자마자 품절되어버린 GS 신상.__이재원_260624_빙과_김현빈,11,0,52,2,0,인지
2026-09-07,120247567820770252,[빙과_쫀득바] 인지광고_25.07_참여_image,7월 2주차_바이럴배너_JD멜,[26.07]F_I_JD멜_바이럴_상시_바이럴형_편의점1위_.배너_gs에 요즘 많이 들어온다는 컴플레인.__이재원_260703_빙과_홍정민 (2),141,3,924,15,0,인지
2026-09-07,120247567820780252,[빙과_쫀득바] 인지광고_25.07_참여_image,7월 2주차_바이럴배너_JD멜,[26.07]F_I_JD멜_바이럴_상시_바이럴형_편의점1위_.배너_gs에 요즘 많이 들어온다는 컴플레인.__이재원_260703_빙과_홍정민 (1),5261,21,24854,260,0,인지
2026-09-07,120247970433590252,[빙과_쫀득바] 인지광고_조회_26.06_video,[멜론] 0724_온드_비하인드(1)_JD멜,[26.07]F_V_JD멜_인지_쫀득바출시_신규BP_비하인드 다큐_main.렉카_멜쫀바폐기.X_2P_문선정_260724_빙과_노현경,3,0,5,2,2,인지
2026-09-07,120248318361260252,[빙과_쫀득바] 인지광고_조회_26.08_video,[멜론] 0728_영현_바이럴(1)_JD멜,클릭유도형_자동화데모_0807,79,0,55,10,10,인지
2026-09-07,120248583592460252,[빙과_쫀득바] 인지광고_조회_26.06_video,[멜론] 무디_파트너십광고PA,cmonprefere__k,4,0,15,4,4,인지
2026-09-07,120248584705740252,[빙과_쫀득바] 인지광고_인지도_26.08_video,[멜론] 무디_파트너십광고PA,kdaaeng,2,0,8,2,2,인지
2026-09-07,120248584755320252,[빙과_쫀득바] 인지광고_잠재고객_26.08_video,[멜론] 무디_파트너십광고PA,niker_jaen,1,0,4,1,1,인지
2026-09-07,120248584755410252,[빙과_쫀득바] 인지광고_잠재고객_26.08_video,[멜론] 무디_파트너십광고PA,cmonprefere__k,84,0,231,82,82,인지
2026-09-07,120248584774210252,[빙과_쫀득바] 인지광고_조회_26.08_video,[멜론] 무디_파트너십광고PA,dodoscene,1,0,0,0,0,인지
2026-09-07,120248584774240252,[빙과_쫀득바] 인지광고_조회_26.08_video,[멜론] 무디_파트너십광고PA,suj_43,1,0,1,0,0,인지
2026-09-07,120248584774300252,[빙과_쫀득바] 인지광고_조회_26.08_video,[멜론] 무디_파트너십광고PA,eunbynko,396,0,2502,393,393,인지
2026-09-07,120248584774310252,[빙과_쫀득바] 인지광고_조회_26.08_video,[멜론] 무디_파트너십광고PA,kdaaeng,2,0,7,2,2,인지
2026-09-07,120248600308530252,[빙과_쫀득바] 인지광고_조회_26.08_video,[멜론] 7월 4주차_요한_바이럴(1)_JD멜,[26.07]F_V_JD멜_인지_쫀득바출시_바이럴형_정보전달형_main.렉카_건희소스활용.X_1P_김유진_260721_빙과_정요한,2,0,2,2,2,인지
2026-09-07,120248600308690252,[빙과_쫀득바] 인지광고_조회_26.08_video,[멜론] 0724_온드_비하인드(1)_JD멜,[26.07]F_V_JD멜_인지_쫀득바출시_신규BP_비하인드 다큐_main.렉카_멜쫀바폐기.X_2P_문선정_260724_빙과_노현경,1,0,2,1,1,인지
2026-09-07,120248736472710252,[빙과_쫀득바] 인지광고_잠재고객_26.08_video,[멜론] [26.08] 인지_바이럴형_백정BP바이럴화_정요한,[26.08]F_V_JD멜_인지_쫀득바출시_바이럴형_정보전달형_main.렉카_식품업계미투제품.X_스틱바P_황경원_260827_빙과_정요한.mp4,1,0,1,1,1,인지
2026-09-07,120248737633380252,[빙과_쫀득바] 인지광고_조회_26.08_video,[멜론] [26.08] 인지_바이럴형_백정BP바이럴화_정요한,[26.08]F_V_JD멜_인지_쫀득바출시_바이럴형_썰풀기형_main.렉카_대기업협박.X_스틱바P_황경원_260827_빙과_정요한.mp4,70,0,53,12,12,인지
2026-09-07,120248746209820252,[빙과_쫀득바] 인지광고_조회_26.08_video,[멜론] 무디_파트너십광고PA,miju_yah.mp4,1,0,3,1,1,인지
2026-09-07,120248746209830252,[빙과_쫀득바] 인지광고_조회_26.08_video,[멜론] 무디_파트너십광고PA,kwaksuaaaa.mp4,2,0,13,2,2,인지
2026-09-07,120248746367040252,[빙과_쫀득바] 인지광고_인지도_26.08_video,[멜론] 무디_파트너십광고PA,kwaksuaaaa.mp4,11,0,12,9,9,인지
2026-09-07,120248751360490252,[빙과_쫀득바] 인지광고_잠재고객_26.08_video,[멜론] [26.08] 인지_바이럴형_백정BP바이럴화_정요한,[26.08]F_V_JD멜_인지_쫀득바출시_바이럴형_ai형_main.렉카_식품업계미투제품.X_스틱바P_황경원_260828_빙과_정요한,117,0,187,75,75,인지
2026-09-07,120248754314730252,[빙과_쫀득바] 인지광고_조회_26.08_video,[복숭아] 8월4주차_현경_맛인지,[26.08]F_V_JD복_인지_복쫀바출시_맛인지형_오먹_var5.릴스_생그릭요거트.X_스틱바P_이재원_260828_빙과_노현경,48,0,37,13,13,인지
2026-09-07,120248754314750252,[빙과_쫀득바] 인지광고_조회_26.08_video,[복숭아] 8월4주차_현경_맛인지,[26.08]F_V_JD복_인지_복쫀바출시_맛인지형_오먹_var1.릴스_과일계 에르메스.X_스틱바P_이재원_260828_빙과_노현경,4,0,4,1,1,인지
2026-09-07,120248754314760252,[빙과_쫀득바] 인지광고_조회_26.08_video,[복숭아] 8월4주차_현경_맛인지,[26.08]F_V_JD복_인지_복쫀바출시_맛인지형_오먹_var7.릴스_유럽.X_스틱바P_이재원_260828_빙과_노현경,1,0,0,0,0,인지
2026-09-07,120248754314800252,[빙과_쫀득바] 인지광고_조회_26.08_video,[복숭아] 8월4주차_현경_맛인지,[26.08]F_V_JD복_인지_복쫀바출시_맛인지형_오먹_var3.릴스_쫀득복숭아.X_스틱바P_이재원_260828_빙과_노현경,15,0,11,2,2,인지
2026-09-07,120248754344830252,[빙과_쫀득바] 인지광고_트래픽_26.08_video,[복숭아] 8월4주차_현경_맛인지,[26.08]F_V_JD복_인지_복쫀바출시_맛인지형_오먹_var2.릴스_후숙복숭아.X_스틱바P_이재원_260828_빙과_노현경,19,0,11,8,8,인지
2026-09-07,120248754344880252,[빙과_쫀득바] 인지광고_트래픽_26.08_video,[복숭아] 8월4주차_현경_맛인지,[26.08]F_V_JD복_인지_복쫀바출시_맛인지형_오먹_var7.릴스_유럽.X_스틱바P_이재원_260828_빙과_노현경,7,0,3,1,1,인지
2026-09-07,120248754344900252,[빙과_쫀득바] 인지광고_트래픽_26.08_video,[복숭아] 8월4주차_현경_맛인지,[26.08]F_V_JD복_인지_복쫀바출시_맛인지형_오먹_var5.릴스_생그릭요거트.X_스틱바P_이재원_260828_빙과_노현경,5,0,2,2,2,인지
2026-09-07,120248754344910252,[빙과_쫀득바] 인지광고_트래픽_26.08_video,[복숭아] 8월4주차_현경_맛인지,[26.08]F_V_JD복_인지_복쫀바출시_맛인지형_오먹_var3.릴스_쫀득복숭아.X_스틱바P_이재원_260828_빙과_노현경,115,0,87,24,24,인지
2026-09-07,120248754354950252,[빙과_쫀득바] 인지광고_인지도_26.08_video,[복숭아] 8월4주차_현경_맛인지,[26.08]F_V_JD복_인지_복쫀바출시_맛인지형_오먹_var5.릴스_생그릭요거트.X_스틱바P_이재원_260828_빙과_노현경,20,0,12,7,7,인지
2026-09-07,120248754354960252,[빙과_쫀득바] 인지광고_인지도_26.08_video,[복숭아] 8월4주차_현경_맛인지,[26.08]F_V_JD복_인지_복쫀바출시_맛인지형_오먹_var4.릴스_100프로복숭아농축액.X_스틱바P_이재원_260828_빙과_노현경,40,0,29,9,9,인지
2026-09-07,120248787860310252,[빙과_쫀득바] 인지광고_조회_26.08_video,[복숭아] 파트너십 PA,[복숭아쫀득바] 먹리니 PA,7,0,5,1,1,인지
2026-09-07,120248802305420252,[빙과_쫀득바] 인지광고_인지도_26.08_video,[멜론] 닥터후,[26.08]F_V_JD멜_인지_쫀득바출시_바이럴형_권위 설득형_main.렉카_닥터후.500만 틱톡커가 먹어본 초딩 유행템_.X_스틱바P_김바다_260826_빙과_김도희.mp4,218,0,396,123,123,인지
2026-09-07,120248802305430252,[빙과_쫀득바] 인지광고_인지도_26.08_video,[멜론] 닥터후,[26.08]F_V_JD멜_인지_쫀득바출시_바이럴형_권위 설득형_var1.렉카_닥터후.현재 5세대 초통령이라는 500만 틱톡커 ㄷㄷ.X_스틱바P_김바다_260826_빙과_김도희.mp4,2,0,3,2,2,인지
2026-09-07,120248803007530252,[빙과_쫀득바] 인지광고_조회_26.08_video,[멜론] 닥터후,[26.08]F_V_JD멜_인지_쫀득바출시_바이럴형_권위 설득형_main.렉카_닥터후.500만 틱톡커가 먹어본 초딩 유행템_.X_스틱바P_김바다_260826_빙과_김도희.mp4,103,0,183,82,82,인지
2026-09-07,120248808846910252,[빙과_쫀득바] 인지광고_인지도_26.08_video,[멜론] [26.08] 인지_바이럴형_백정BP바이럴화_정요한,[26.08]F_V_JD멜_인지_쫀득바출시_바이럴형_ai형_main.렉카_식품업계미투제품.X_스틱바P_황경원_260828_빙과_정요한.mp4,47,0,62,13,13,인지
2026-09-07,120248809095300252,[빙과_쫀득바] 인지광고_조회_26.06_video,[복숭아] 파트너십 PA,[복숭아쫀득바] 먹리니 PA,20,0,16,4,4,인지
2026-09-07,120248809125700252,[빙과_쫀득바] 인지광고_트래픽_26.08_video,[복숭아] 파트너십 PA,[복숭아쫀득바] 먹리니 PA,42,0,38,9,9,인지
2026-09-07,120248809288150252,[빙과_쫀득바] 인지광고_인지도_26.08_video,[복숭아] 파트너십 PA,[복숭아쫀득바] 먹리니 PA,3,0,1,0,0,인지
2026-09-07,120248822338980252,[빙과_쫀득바] 인지광고_26.06_참여_image,[복숭아] 파트너십 PA,[복숭아쫀득바] 먹킷 PA,1289,17,10565,200,0,인지
2026-09-07,120248870767460252,[빙과_쫀득바] 인지광고_인지도_26.08_video,[멜론] 무디_파트너십광고PA,euunjoo.mp4,48,0,77,48,48,인지
2026-09-07,120248871657560252,[빙과_쫀득바] 인지광고_트래픽_26.08_video,[복숭아] 9월 1주_납작복숭아(백정우베BP)_JD복,[26.09]F_V_JD복_인지_복쫀바출시_신규BP_백정BP_main.릴스_납작복숭아.X_스틱바P_황경원_260904_빙과_정요한,1,0,33,0,0,인지
2026-09-07,120248872192630252,[빙과_쫀득바] 인지광고_조회_26.06_video,[멜론] 무디_파트너십광고PA,euunjoo.mp4,76,0,147,53,53,인지
2026-09-07,120248876674700252,[빙과_쫀득바] 인지광고_조회_26.08_video,[복숭아] 9월 1주차_인물리뷰_JD멜,[26.09]F_V_JD복_전환_복쫀바출시_인물리뷰형_써우리BP_var1.릴스_쫀득.X_스틱바P_황경원_260904_빙과_노현경,5,0,3,3,3,인지
2026-09-07,120248876689190252,[빙과_쫀득바] 인지광고_조회_26.08_video,[복숭아] 9월 1주차_인물리뷰_JD멜,[26.09]F_V_JD복_전환_복쫀바출시_인물리뷰형_써우리BP_var2.릴스_납작복숭아.X_스틱바P_황경원_260904_빙과_노현경,14,0,8,4,4,인지
2026-09-07,120248876715310252,[빙과_쫀득바] 인지광고_조회_26.08_video,[복숭아] 9월 1주_납작복숭아(백정우베BP)_JD복,[26.09]F_V_JD복_인지_복쫀바출시_신규BP_백정BP_main.릴스_납작복숭아.X_스틱바P_황경원_260904_빙과_정요한,13,0,16,1,1,인지
2026-09-07,120248915182340252,[빙과_쫀득바] 인지광고_트래픽_26.08_video,[복숭아] 파트너십 PA,[복숭아쫀득바] 먹킷 PA,18,0,13,7,7,인지
2026-09-07,120248915182400252,[빙과_쫀득바] 인지광고_조회_26.08_video,[복숭아] 파트너십 PA,[복숭아쫀득바] 먹킷 PA,16,0,12,5,5,인지
2026-09-07,120248915223070252,[빙과_쫀득바] 인지광고_26.06_참여_image,[복숭아] 파트너십 PA,[복숭아쫀득바] 먹킷 PA,3604,44,28621,586,0,인지
2026-09-07,120248915239610252,[빙과_쫀득바] 인지광고_26.06_참여_image,[복숭아] 파트너십 PA - 사본,[복숭아쫀득바] 먹킷 PA,43,1,258,7,0,인지
2026-09-07,120248915356560252,[빙과_쫀득바] 인지광고_26.08_트래픽_image,[복숭아] 파트너십 PA,[복숭아쫀득바] 먹킷 PA,1,0,0,1,1,인지
2026-09-07,120248915406400252,[빙과_쫀득바] 인지광고_26.08_인지도_image,[복숭아] 파트너십 PA,[복숭아쫀득바] 먹킷 PA,5,0,3,1,1,인지
2026-09-07,120248915406410252,[빙과_쫀득바] 인지광고_26.08_인지도_image,[복숭아] 파트너십 PA,[복숭아쫀득바] 먹리니 PA,6,0,1,0,0,인지
2026-09-07,120248916115480252,[빙과_쫀득바] 인지광고_26.08_잠재고객_image,[복숭아] 파트너십 PA,[복숭아쫀득바] 먹킷 PA,3,0,0,0,0,인지
