date,ad_id,campaign_name,adset_name,ad_name,impressions,clicks,spend,conversions,thruplay,광고목적
2026-09-08,1875122824693297,[빙과_스틱바]_쫀득바_인지2_video,[멜론] 닥터후,[26.08]F_V_JD멜_인지_쫀득바출시_바이럴형_권위 설득형_main.렉카_닥터후.500만 틱톡커가 먹어본 초딩 유행템_.X_스틱바P_김바다_260826_빙과_김도희_TrglhEwL.mp4_[26.08]F_V_JD멜_인지_쫀득바출시_바이럴형_권위 설득형_main.렉카_닥터후.500만 틱톡커가 먹어본 초딩 유행템_.X_스틱바P_김바다_260826_빙과_김도희,1636,0,2478.0,0,479,인지
2026-09-08,1873959576604178,[빙과_스틱바]_쫀득바_인지2_video,[멜론] 써우리BP_6.4W,[26.06]F_V_JD멜_인지_쫀득바출시_맛인지형_맛인지형.인지_var4.릴스_노을멜론.X_1P_문선정_260612_빙과_이수민_c8GfOUgM.mp4_[26.06]F_V_JD멜_인지_쫀득바출시_맛인지형_맛인지형.인지_var4.릴스_노을멜론.X_1P_문선정_260612_빙과_이수민,462,0,682.0,0,128,인지
2026-09-08,1874030341331282,[빙과_스틱바]_쫀득바_인지2_video,[멜론] 전세계에서일본에만_7.1W,[26.07]F_V_JD멜_인지_쫀득바출시_인물리뷰형_인물리뷰형_var1.릴스_상단.국내출시.X_2P_문선정_260703_빙과_유영현_hYJso2jc.mp4_[26.07]F_V_JD멜_인지_쫀득바출시_인물리뷰형_인물리뷰형_var1.릴스_상단.국내출시.X_2P_문선정_260703_빙과_유영현,247,0,244.0,0,51,인지
2026-09-08,1868782462892353,[빙과_스틱바]_쫀득바_전환_video,[멜론쫀득바] 네고형_6.3W,[26.06]F_V_JD멜_전환_쫀득바출시_네고형_네고형_var1.릴스_에르메스.X_1P_문선정_260619_빙과_이수민_6Gb7hU0n.mp4_[26.06]F_V_JD멜_전환_쫀득바출시_네고형_네고형_var1.릴스_에르메스.X_1P_문선정_260619_빙과_이수민,102,3,558.0,0,0,전환
2026-09-08,1874762145489089,[빙과_스틱바]_복쫀바_인지2_video,[복숭아] 8월4주차_맛인지_노현경,_26.08_F_V_JD__________var2.___.X__P___260828_____808ac332390d.mp4_[26.08]F_V_JD복_인지_복쫀바출시_맛인지형_오먹_var2.릴스_후숙복숭아.X_스틱바P_이재원_260828_빙과_노현경.mp4,83,0,70.0,0,13,인지
2026-09-08,1874056375748754,[빙과_스틱바]_쫀득바_인지_video,[멜론] 무디 파트너십 광고 (26년 10월까지만 활용 가능),unyouu,13,0,14.0,0,7,인지
2026-09-08,1874762145489121,[빙과_스틱바]_복쫀바_인지2_video,[복숭아] 8월4주차_맛인지_노현경,_26.08_F_V_JD__________var4.__100_.X__P___260828_____fd8396e09804.mp4_[26.08]F_V_JD복_인지_복쫀바출시_맛인지형_오먹_var4.릴스_100프로복숭아농축액.X_스틱바P_이재원_260828_빙과_노현경.mp4,502,0,1695.0,0,320,인지
2026-09-08,1874676672569601,[빙과_스틱바]_쫀득바_인지2_video,[멜론쫀득바] [26.08] 인지_바이럴형_백정BP바이럴화_정요한,[26.08]F_V_JD멜_인지_쫀득바출시_바이럴형_정보전달형_main.렉카_식품업계미투제품.X_스틱바P_황경원_260827_빙과_정요한_K4UxAq8r.mp4_[26.08]F_V_JD멜_인지_쫀득바출시_바이럴형_정보전달형_main.렉카_식품업계미투제품.X_스틱바P_황경원_260827_빙과_정요한.mp4,3485,0,5433.0,0,1100,인지
2026-09-08,1874056375748786,[빙과_스틱바]_쫀득바_인지_video,[멜론] 무디 파트너십 광고 (26년 10월까지만 활용 가능),yesoolcat,6,0,7.0,0,4,인지
2026-09-08,1874370068335249,[빙과_스틱바]_쫀득바_인지2_video,[멜론] 무디 파트너십 광고 (26년 10월까지만 활용 가능),cmonprefere__k_Hx4qLXWs.mp4_cmonprefere__k,180,0,302.0,0,56,인지
2026-09-08,1874762142926161,[빙과_스틱바]_복쫀바_인지2_video,[복숭아] 8월4주차_맛인지_노현경,_26.08_F_V_JD__________var5.___.X__P___260828_____f7aba5a3a3f8.mp4_[26.08]F_V_JD복_인지_복쫀바출시_맛인지형_오먹_var5.릴스_생그릭요거트.X_스틱바P_이재원_260828_빙과_노현경.mp4,473,0,643.0,0,120,인지
2026-09-08,1874370091722833,[빙과_스틱바]_쫀득바_인지2_video,[멜론] 무디 파트너십 광고 (26년 10월까지만 활용 가능),payforyouth__j28UIP7Q.mp4_payforyouth_,121,0,295.0,0,60,인지
2026-09-08,1875114422829106,[빙과_스틱바]_쫀득바_인지_video,[멜론] 닥터후,[26.08]F_V_JD멜_인지_쫀득바출시_바이럴형_권위 설득형_var1.렉카_닥터후.현재 5세대 초통령이라는 500만 틱톡커 ㄷㄷ.X_스틱바P_김바다_260826_빙과_김도희,7,0,4.0,0,1,인지
2026-09-08,1874056375751890,[빙과_스틱바]_쫀득바_인지_video,[멜론] 무디 파트너십 광고 (26년 10월까지만 활용 가능),aekyeong11,0,0,3.0,0,2,인지
2026-09-08,1874669204093442,[빙과_스틱바]_쫀득바_인지_video,[멜론쫀득바] [26.08] 인지_바이럴형_백정BP바이럴화_정요한,[26.08]F_V_JD멜_인지_쫀득바출시_바이럴형_썰풀기형_main.렉카_대기업협박.X_스틱바P_황경원_260827_빙과_정요한.mp4,280,0,206.0,0,66,인지
2026-09-08,1875422375583826,[빙과_스틱바]_복쫀바_인지2_video,[복숭아] 8월4주차_맛인지_노현경,_26.08_F_V_JD__________var6.__1_.X__P___260828_____d81b8c5f2f85.mp4_[26.08]F_V_JD복_인지_복쫀바출시_맛인지형_오먹_var6.릴스_1위.X_스틱바P_이재원_260828_빙과_노현경.mp4,68,0,127.0,0,26,인지
2026-09-08,1874676672568577,[빙과_스틱바]_쫀득바_인지2_video,[멜론쫀득바] [26.08] 인지_바이럴형_백정BP바이럴화_정요한,[26.08]F_V_JD멜_인지_쫀득바출시_바이럴형_썰풀기형_main.렉카_대기업협박.X_스틱바P_황경원_260827_빙과_정요한_B1EMbrPN.mp4_[26.08]F_V_JD멜_인지_쫀득바출시_바이럴형_썰풀기형_main.렉카_대기업협박.X_스틱바P_황경원_260827_빙과_정요한.mp4,867,0,1406.0,0,262,인지
2026-09-08,1873959656457905,[빙과_스틱바]_쫀득바_인지2_video,[멜론] 요거트바BP_6.3W,[26.06]F_V_JD멜_인지_쫀득바출시_인물리뷰형_편의점원정_var2.릴스_퀄리티.X_1P_문선정_260612_빙과_정요한_F6rWEnOX.mp4_[26.06]F_V_JD멜_인지_쫀득바출시_인물리뷰형_편의점원정_var2.릴스_퀄리티.X_1P_문선정_260612_빙과_정요한,21,0,16.0,0,3,인지
2026-09-08,1874729216782561,[빙과_스틱바]_쫀득바_인지_video,[멜론] 무디 파트너십 광고 (26년 10월까지만 활용 가능),miju_yah.mp4,28,0,48.0,0,19,인지
2026-09-08,1873959502194113,[빙과_스틱바]_쫀득바_인지2_video,[멜론] 현지인도못구하는_7.1W,[26.07]F_V_JD멜_인지_쫀득바출시_인플루언서형_인플루언서형_main.릴스_비행기표취소.X_1P_문선정_260703_빙과_정하얀_6J9yLGRu.mp4_[26.07]F_V_JD멜_인지_쫀득바출시_인플루언서형_인플루언서형_main.릴스_비행기표취소.X_1P_문선정_260703_빙과_정하얀,226,0,271.0,0,51,인지
2026-09-08,1874370060202321,[빙과_스틱바]_쫀득바_인지2_video,[멜론] 무디 파트너십 광고 (26년 10월까지만 활용 가능),eunbynko_XVZyBHut.mp4_eunbynko,77,0,129.0,0,28,인지
2026-09-08,1875410602721410,[빙과_스틱바]_복쫀바_인지2_video,[복숭아] 9월 1주차_인물리뷰_JD복,7681681809516380180__26.09_F_V_JD복_전환_복쫀바출시_인물리뷰형_써우리BP_var1.릴스_쫀득.X_스틱바P_황경원_260904_빙과_노현경,1350,0,2185.0,0,389,인지
2026-09-08,1874056375754002,[빙과_스틱바]_쫀득바_인지_video,[멜론] 무디 파트너십 광고 (26년 10월까지만 활용 가능),haaube,68,0,61.0,0,21,인지
2026-09-08,1874056375752978,[빙과_스틱바]_쫀득바_인지_video,[멜론] 무디 파트너십 광고 (26년 10월까지만 활용 가능),ddu___0,9,0,33.0,0,9,인지
2026-09-08,1874056375749906,[빙과_스틱바]_쫀득바_인지_video,[멜론] 무디 파트너십 광고 (26년 10월까지만 활용 가능),niker_jaen,43,0,64.0,0,26,인지
2026-09-08,1874056375746834,[빙과_스틱바]_쫀득바_인지_video,[멜론] 무디 파트너십 광고 (26년 10월까지만 활용 가능),quan_d_,35,0,44.0,0,16,인지
2026-09-08,1874370098478129,[빙과_스틱바]_쫀득바_인지2_video,[멜론] 무디 파트너십 광고 (26년 10월까지만 활용 가능),kdaaeng_5cY4RH6h.mp4_kdaaeng,259,0,639.0,0,143,인지
2026-09-08,1874370083000546,[빙과_스틱바]_쫀득바_인지2_video,[멜론] 무디 파트너십 광고 (26년 10월까지만 활용 가능),s_eo__fit_xO7qAYSe.mp4_s_eo__fit,53,0,113.0,0,26,인지
2026-09-08,1874056375754034,[빙과_스틱바]_쫀득바_인지_video,[멜론] 무디 파트너십 광고 (26년 10월까지만 활용 가능),honijam,7,0,12.0,0,5,인지
2026-09-08,1874056375753010,[빙과_스틱바]_쫀득바_인지_video,[멜론] 무디 파트너십 광고 (26년 10월까지만 활용 가능),doyouknow_omg,8,0,30.0,0,8,인지
2026-09-08,1875410600000769,[빙과_스틱바]_복쫀바_인지2_video,[복숭아] 9월 1주차_인물리뷰_JD복,7681681811000311829__26.09_F_V_JD복_전환_복쫀바출시_인물리뷰형_써우리BP_var2.릴스_납작복숭아.X_스틱바P_황경원_260904_빙과_노현경,224,0,256.0,0,54,인지
2026-09-08,1874056375749938,[빙과_스틱바]_쫀득바_인지_video,[멜론] 무디 파트너십 광고 (26년 10월까지만 활용 가능),minimore.927,13,0,17.0,0,6,인지
2026-09-08,1875662207350850,[빙과_스틱바]_쫀득바_인지2_video,[멜론] 무디 파트너십 광고 (26년 10월까지만 활용 가능),myhoney_717.mp4_myhoney_717.mp4,3596,0,9501.0,0,2216,인지
2026-09-08,1875122823986498,[빙과_스틱바]_쫀득바_인지2_video,[멜론] 닥터후,[26.08]F_V_JD멜_인지_쫀득바출시_바이럴형_권위 설득형_var1.렉카_닥터후.현재 5세대 초통령이라는 500만 틱톡커 ㄷㄷ.X_스틱바P_김바다_260826_빙과_김도희 (1)_VQhzNg47.mp4_[26.08]F_V_JD멜_인지_쫀득바출시_바이럴형_권위 설득형_var1.렉카_닥터후.현재 5세대 초통령이라는 500만 틱톡커 ㄷㄷ.X_스틱바P_김바다_260826_빙과_김도희,67250,0,116146.0,0,22666,인지
2026-09-08,1874370092553873,[빙과_스틱바]_쫀득바_인지2_video,[멜론] 무디 파트너십 광고 (26년 10월까지만 활용 가능),riverbinn_N8nEPrUl.mp4_riverbinn,855,0,2201.0,0,418,인지
2026-09-08,1874668517411906,[빙과_스틱바]_쫀득바_인지_video,[멜론쫀득바] [26.08] 인지_바이럴형_백정BP바이럴화_정요한,[26.08]F_V_JD멜_인지_쫀득바출시_바이럴형_정보전달형_main.렉카_식품업계미투제품.X_스틱바P_황경원_260827_빙과_정요한.mp4,650,0,519.0,0,150,인지
2026-09-08,1874061791905057,[빙과_스틱바]_쫀득바_전환_video,[멜론쫀득바] 네고형_6.3W,HighCostBau-v10033g50000d9vdlknog65mictv53u0_[26.06]F_V_JD멜_전환_쫀득바출시_네고형_네고형_var1.릴스_에르메스.X_1P_문선정_260619_빙과_이수민,28,0,160.0,0,0,전환
2026-09-08,1874753276174786,[빙과_스틱바]_쫀득바_인지_video,[복숭아] 8월4주차_맛인지_노현경,[26.08]F_V_JD복_인지_복쫀바출시_맛인지형_오먹_var1.릴스_과일계 에르메스.X_스틱바P_이재원_260828_빙과_노현경.mp4,10637,0,46987.0,0,1254,인지
2026-09-08,1875644222116001,[빙과_스틱바]_쫀득바_전환_video,[멜론쫀득바] 바운스번BP_6.3W,AI Generated Video-5_VQS8GL_3_[26.06]F_V_JD멜_전환_쫀득바출시_신규BP_바운스번BP_main.릴스_BP.X_2P_고가영_260612_빙과_조의진,66,1,641.0,0,0,전환
2026-09-08,1875644222119073,[빙과_스틱바]_쫀득바_전환_video,[멜론쫀득바] 바운스번BP_6.3W,AI Generated Video-3_[26.06]F_V_JD멜_전환_쫀득바출시_신규BP_바운스번BP_main.릴스_BP.X_2P_고가영_260612_빙과_조의진,266,14,2068.0,1,0,전환
2026-09-08,1874476587671650,[빙과_스틱바]_쫀득바_인지2_video,[멜론] 무디 파트너십 광고 (26년 10월까지만 활용 가능),xcvijy_TySpdgnO.mp4_xcvijy,25787,0,24722.0,0,4872,인지
2026-09-08,1874030323030129,[빙과_스틱바]_쫀득바_인지2_video,[멜론] 인플루언서형_6.3W,[26.06]F_V_JD멜_인지_상시_인플루언서형_인플루언서형.인지_main.릴스_공통.X_1P_문선정_260619_빙과_이수민_OcQS8Jtk.mp4_Copy 3 of [26.06]F_V_JD멜_인지_상시_인플루언서형_인플루언서형.인지_main.릴스_공통.X_1P_문선정_260619_빙과_이수민,15,0,8.0,0,2,인지
2026-09-08,1874061791905025,[빙과_스틱바]_쫀득바_전환_video,[멜론쫀득바] 네고형_6.3W,AI Generated Video-2_[26.06]F_V_JD멜_전환_쫀득바출시_네고형_네고형_var1.릴스_에르메스.X_1P_문선정_260619_빙과_이수민,1847,55,18703.0,3,0,전환
2026-09-08,1875644222119041,[빙과_스틱바]_쫀득바_전환_video,[멜론쫀득바] 바운스번BP_6.3W,AI Generated Video-2_[26.06]F_V_JD멜_전환_쫀득바출시_신규BP_바운스번BP_main.릴스_BP.X_2P_고가영_260612_빙과_조의진,266,21,1829.0,0,0,전환
2026-09-08,1875660247666289,[빙과_스틱바]_쫀득바_전환2_video,[복숭아] 납작복숭아(백정우베BP) _전환,[26.09]F_V_JD복_전환_복쫀바출시_맛인지형_우베BP_main.릴스_납작복숭아.X_스틱바P_황경원_260904_빙과_정요한.mp4_[26.09]F_V_JD복_전환_복쫀바출시_맛인지형_우베BP_main.릴스_납작복숭아.X_스틱바P_황경원_260904_빙과_정요한.mp4,11121,490,76920.0,27,0,전환
2026-09-08,1873959600941425,[빙과_스틱바]_쫀득바_인지2_video,[멜론] 인플루언서형_6.3W,[26.06]F_V_JD멜_인지_상시_인플루언서형_인플루언서형.인지_var1.릴스_쫀득 후킹.X_1P_문선정_260619_빙과_이수민_HCZXPTgo.mp4_[26.06]F_V_JD멜_인지_상시_인플루언서형_인플루언서형.인지_var1.릴스_쫀득 후킹.X_1P_문선정_260619_빙과_이수민,30,0,62.0,0,16,인지
2026-09-08,1874762142929441,[빙과_스틱바]_복쫀바_인지2_video,[복숭아] 8월4주차_맛인지_노현경,_26.08_F_V_JD__________var7.___.X__P___260828_____ca0f6be6a99e.mp4_[26.08]F_V_JD복_인지_복쫀바출시_맛인지형_오먹_var7.릴스_유럽.X_스틱바P_이재원_260828_빙과_노현경.mp4,296,0,668.0,0,130,인지
2026-09-08,1873959574894593,[빙과_스틱바]_쫀득바_인지2_video,[멜론] 써우리BP_6.4W,[26.06]F_V_JD멜_인지_쫀득바출시_맛인지형_맛인지형.인지_var2.릴스_품절대란.X_1P_문선정_260612_빙과_이수민_X4dmxg8T.mp4_[26.06]F_V_JD멜_인지_쫀득바출시_맛인지형_맛인지형.인지_var2.릴스_품절대란.X_1P_문선정_260612_빙과_이수민,386,0,1141.0,0,262,인지
2026-09-08,1873959601100177,[빙과_스틱바]_쫀득바_인지2_video,[멜론] 인플루언서형_6.3W,[26.06]F_V_JD멜_인지_상시_인플루언서형_인플루언서형.인지_var2.릴스_대세감.X_1P_문선정_260619_빙과_이수민_Bwvr3K0z.mp4_[26.06]F_V_JD멜_인지_상시_인플루언서형_인플루언서형.인지_var2.릴스_대세감.X_1P_문선정_260619_빙과_이수민,78,0,206.0,0,44,인지
2026-09-08,1874370076917153,[빙과_스틱바]_쫀득바_인지2_video,[멜론] 무디 파트너십 광고 (26년 10월까지만 활용 가능),niker_jaen_dE0hLqZD.mp4_niker_jaen,606,0,1535.0,0,328,인지
2026-09-08,1875644222118705,[빙과_스틱바]_쫀득바_전환_video,[멜론쫀득바] 바운스번BP_6.3W,트로플라몽칩-Music_Refresh-3-10_[26.06]F_V_JD멜_전환_쫀득바출시_신규BP_바운스번BP_main.릴스_BP.X_2P_고가영_260612_빙과_조의진,264,14,1817.0,0,0,전환
2026-09-08,1873959559414897,[빙과_스틱바]_쫀득바_인지2_video,[멜론] 부자들만먹는_6.4W,[26.06]F_V_JD멜_인지_쫀득바출시_신규BP_먹방형_var2.릴스_먹방.X_1P_문선정_260626_빙과_이수민_jNE7zmU8.mp4_[26.06]F_V_JD멜_인지_쫀득바출시_신규BP_먹방형_var2.릴스_먹방.X_1P_문선정_260626_빙과_이수민,9,0,6.0,0,1,인지
2026-09-08,1874056375751922,[빙과_스틱바]_쫀득바_인지_video,[멜론] 무디 파트너십 광고 (26년 10월까지만 활용 가능),cmonprefere__k,9,0,23.0,0,6,인지
2026-09-08,1874056375746802,[빙과_스틱바]_쫀득바_인지_video,[멜론] 무디 파트너십 광고 (26년 10월까지만 활용 가능),s_eo__fit,6,0,13.0,0,4,인지
2026-09-08,1874762142924033,[빙과_스틱바]_복쫀바_인지2_video,[복숭아] 8월4주차_맛인지_노현경,_26.08_F_V_JD__________var3.___.X__P___260828_____1ddee9a8eb9c.mp4_[26.08]F_V_JD복_인지_복쫀바출시_맛인지형_오먹_var3.릴스_쫀득복숭아.X_스틱바P_이재원_260828_빙과_노현경.mp4,240,1,155.0,0,29,인지
2026-09-08,1875644222118673,[빙과_스틱바]_쫀득바_전환_video,[멜론쫀득바] 바운스번BP_6.3W,AI Generated Video-2_WQjmWh_3_[26.06]F_V_JD멜_전환_쫀득바출시_신규BP_바운스번BP_main.릴스_BP.X_2P_고가영_260612_빙과_조의진,162,5,1629.0,0,0,전환
2026-09-08,1873959526530242,[빙과_스틱바]_쫀득바_인지2_video,[멜론] 책상네고 대체_6.4W,[26.06]F_V_JD멜_인지_쫀득바출시_기타_비하인드썰풀기_var2.릴스_POV.X_1P_김유진_260626_빙과_강다빈_dvNEWTwx.mp4_[26.06]F_V_JD멜_인지_쫀득바출시_기타_비하인드썰풀기_var2.릴스_POV.X_1P_김유진_260626_빙과_강다빈,55,0,49.0,0,16,인지
2026-09-08,1873959559414865,[빙과_스틱바]_쫀득바_인지2_video,[멜론] 부자들만먹는_6.4W,[26.06]F_V_JD멜_인지_쫀득바출시_신규BP_먹방형_main.릴스_공통.X_1P_문선정_260626_빙과_이수민_6K4RW1kr.mp4_[26.06]F_V_JD멜_인지_쫀득바출시_신규BP_먹방형_main.릴스_공통.X_1P_문선정_260626_빙과_이수민,228,0,414.0,0,79,인지
2026-09-08,1873959526530274,[빙과_스틱바]_쫀득바_인지2_video,[멜론] 책상네고 대체_6.4W,[26.06]F_V_JD멜_인지_쫀득바출시_기타_비하인드썰풀기_var1.릴스_짤림후킹.X_1P_김유진_260626_빙과_강다빈_N8xnAoaE.mp4_[26.06]F_V_JD멜_인지_쫀득바출시_기타_비하인드썰풀기_var1.릴스_짤림후킹.X_1P_김유진_260626_빙과_강다빈,157,0,147.0,0,32,인지
2026-09-08,1874055831450833,[빙과_스틱바]_쫀득바_인지_video,[멜론] 무디 파트너십 광고 (26년 10월까지만 활용 가능),kdaaeng,14,0,14.0,0,6,인지
2026-09-08,1874061791907041,[빙과_스틱바]_쫀득바_전환_video,[멜론쫀득바] 네고형_6.3W,트로플 하몽깡-Music_Refresh-4-5_[26.06]F_V_JD멜_전환_쫀득바출시_네고형_네고형_var1.릴스_에르메스.X_1P_문선정_260619_빙과_이수민,109,4,1018.0,1,0,전환
2026-09-08,1873959512707137,[빙과_스틱바]_쫀득바_인지2_video,[멜론] 일본원정템_7.1W,[26.07]F_V_JD멜_인지_쫀득바출시_신규BP_외부BP_var3.릴스_화내기.X_2P_문선정_260703_빙과_이하림_G6x0joRE.mp4_[26.07]F_V_JD멜_인지_쫀득바출시_신규BP_외부BP_var3.릴스_화내기.X_2P_문선정_260703_빙과_이하림,2,0,6.0,0,1,인지
2026-09-08,1874061791907009,[빙과_스틱바]_쫀득바_전환_video,[멜론쫀득바] 네고형_6.3W,Black Truffle Ham Series-Music_Refresh-1-1_B1s5qg_4_[26.06]F_V_JD멜_전환_쫀득바출시_네고형_네고형_var1.릴스_에르메스.X_1P_문선정_260619_빙과_이수민,42,4,252.0,0,0,전환
2026-09-08,1874030333521250,[빙과_스틱바]_쫀득바_인지2_video,[멜론] 초딩유행템2_6.4W,[26.06]F_V_JD멜_인지_쫀득바출시_신규BP_써우리BP_var2.릴스_혜택.X_1P_문선정_260626_빙과_김진수_AGmDZ35w.mp4_[26.06]F_V_JD멜_인지_쫀득바출시_신규BP_써우리BP_var2.릴스_혜택.X_1P_문선정_260626_빙과_김진수,339,0,928.0,0,200,인지
2026-09-08,1873959585040561,[빙과_스틱바]_쫀득바_인지2_video,[망고] 맛인지_6.3W,[26.06]F_V_JD망_인지_쫀득바출시_맛인지형_맛인지형.인지_var3.릴스_대세감.진수.6월.수민PJ_2P_문선정_260619_빙과_김지연_694xYrHj.mp4_[26.06]F_V_JD망_인지_쫀득바출시_맛인지형_맛인지형.인지_var3.릴스_대세감.진수.6월.수민PJ_2P_문선정_260619_빙과_김지연,14,0,18.0,0,4,인지
2026-09-08,1874759704807857,[빙과_스틱바]_쫀득바_인지2_video,[멜론쫀득바] [26.08] 인지_바이럴형_백정BP바이럴화_정요한,[26.08]F_V_JD멜_인지_쫀득바출시_바이럴형_ai형_main.렉카_식품업계미투제품.X_스틱바P_황경원_260828_빙과_정요한.mp4_[26.08]F_V_JD멜_인지_쫀득바출시_바이럴형_ai형_main.렉카_식품업계미투제품.X_스틱바P_황경원_260828_빙과_정요한.mp4,9053,0,16720.0,0,3450,인지
2026-09-08,1874476587075634,[빙과_스틱바]_쫀득바_인지2_video,[멜론] 무디 파트너십 광고 (26년 10월까지만 활용 가능),okindflower_tiktok_16x9_F9pfKXPt.mp4_okindflower,4370,0,14449.0,0,3172,인지
2026-09-08,1873959606553906,[빙과_스틱바]_쫀득바_인지2_video,[멜론] 수박BP_6.3W,[26.06]F_V_JD멜_인지_쫀득바출시_맛인지형_수박BP_main.릴스_1년에딱.X_1P_김유진_260619_빙과_정하얀_4WnKJzct.mp4_[26.06]F_V_JD멜_인지_쫀득바출시_맛인지형_수박BP_main.릴스_1년에딱.X_1P_김유진_260619_빙과_정하얀,103,0,191.0,0,42,인지
2026-09-08,1873959572271185,[빙과_스틱바]_쫀득바_인지2_video,[멜론] 써우리BP_6.4W,[26.06]F_V_JD멜_인지_쫀득바출시_맛인지형_맛인지형.인지_var1.릴스_왁뿌볼.X_1P_문선정_260612_빙과_이수민_EwQB6yWu.mp4_[26.06]F_V_JD멜_인지_쫀득바출시_맛인지형_맛인지형.인지_var1.릴스_왁뿌볼.X_1P_문선정_260612_빙과_이수민,19,0,31.0,0,6,인지
2026-09-08,1875115166150738,[빙과_스틱바]_쫀득바_인지_video,[멜론] 닥터후,[26.08]F_V_JD멜_인지_쫀득바출시_바이럴형_권위 설득형_main.렉카_닥터후.500만 틱톡커가 먹어본 초딩 유행템_.X_스틱바P_김바다_260826_빙과_김도희,216,0,134.0,0,55,인지
2026-09-08,1874759609751826,[빙과_스틱바]_쫀득바_인지_video,[멜론쫀득바] [26.08] 인지_바이럴형_백정BP바이럴화_정요한,[26.08]F_V_JD멜_인지_쫀득바출시_바이럴형_ai형_main.렉카_식품업계미투제품.X_스틱바P_황경원_260828_빙과_정요한.mp4,3,0,4.0,0,1,인지
2026-09-08,1874030321444945,[빙과_스틱바]_쫀득바_인지2_video,[멜론] 컨비니BP_6.3W,[26.06]F_V_JD멜_인지_쫀득바출시_제조과정형_컨비니BP_var5.릴스_공통.할인.X_1P_김유진_260619_빙과_정요한_7cNBXRYq.mp4_[26.06]F_V_JD멜_인지_쫀득바출시_제조과정형_컨비니BP_var5.릴스_공통.할인.X_1P_김유진_260619_빙과_정요한,127,0,348.0,0,71,인지
2026-09-08,1871586559538209,[빙과_스틱바]_쫀득바_인지_video,0724_추성훈BP_JD멜,[26.07]F_V_JD멜_인지_쫀득바출시_신규BP_추성훈BP_var5.렉카_매출1등.7월.수민PJ_1P_영상팀_260724_빙과_이수민,673,0,1956.0,0,103,인지
2026-09-08,1874469822085266,[빙과_스틱바]_쫀득바_인지_video,[멜론] 무디 파트너십 광고 (26년 10월까지만 활용 가능),okindflower.mp4,9,0,8.0,0,5,인지
2026-09-08,1874056375748738,[빙과_스틱바]_쫀득바_인지_video,[멜론] 무디 파트너십 광고 (26년 10월까지만 활용 가능),4,23,0,63.0,0,21,인지
2026-09-08,1875662209285522,[빙과_스틱바]_쫀득바_인지2_video,[멜론] 무디 파트너십 광고 (26년 10월까지만 활용 가능),zzung_184.mp4_zzung_184.mp4,3818,0,8116.0,0,1649,인지
2026-09-08,1874056375748770,[빙과_스틱바]_쫀득바_인지_video,[멜론] 무디 파트너십 광고 (26년 10월까지만 활용 가능),xeoj.ng,15,0,8.0,0,4,인지
2026-09-08,1874370094864626,[빙과_스틱바]_쫀득바_인지2_video,[멜론] 무디 파트너십 광고 (26년 10월까지만 활용 가능),bbuni_sol_0lW2JXmG.mp4_bbuni_sol,598,0,1811.0,0,411,인지
2026-09-08,1874056375751874,[빙과_스틱바]_쫀득바_인지_video,[멜론] 무디 파트너십 광고 (26년 10월까지만 활용 가능),ksxxida,170,0,338.0,0,128,인지
2026-09-08,1873959599404161,[빙과_스틱바]_쫀득바_인지2_video,[멜론] 인플루언서형_6.3W,[26.06]F_V_JD멜_인지_상시_인플루언서형_인플루언서형.인지_var3.릴스_코어 후킹.X_1P_문선정_260619_빙과_이수민_fHo1zJ0X.mp4_[26.06]F_V_JD멜_인지_상시_인플루언서형_인플루언서형.인지_var3.릴스_코어 후킹.X_1P_문선정_260619_빙과_이수민,27,0,52.0,0,10,인지
2026-09-08,1874370063993025,[빙과_스틱바]_쫀득바_인지2_video,[멜론] 무디 파트너십 광고 (26년 10월까지만 활용 가능),ddu___0_Jb76Kdc9.mp4_ddu___0,150,0,256.0,0,46,인지
2026-09-08,1875646323007618,[빙과_스틱바]_쫀득바_전환_video,[복숭아] 납작복숭아(백정우베BP) _전환,[26.09]F_V_JD복_전환_복쫀바출시_신규BP_백정BP_main.릴스_납작복숭아.X_스틱바P_황경원_260904_빙과_정요한.mp4_[26.09]F_V_JD복_전환_복쫀바출시_신규BP_백정BP_main.릴스_납작복숭아.X_스틱바P_황경원_260904_빙과_정요한.mp4,11775,259,91327.0,13,0,전환
2026-09-08,1875389502848097,[빙과_스틱바]_쫀득바_인지_video,[멜론] 무디 파트너십 광고 (26년 10월까지만 활용 가능),euunjoo.mp4,787,0,644.0,0,320,인지
2026-09-08,1874030338066737,[빙과_스틱바]_쫀득바_인지2_video,[멜론] 현지인도못구하는_7.1W,[26.07]F_V_JD멜_인지_쫀득바출시_인플루언서형_인플루언서형_var2.릴스_인물먼저.X_1P_문선정_260703_빙과_정하얀_JOamzo0T.mp4_[26.07]F_V_JD멜_인지_쫀득바출시_인플루언서형_인플루언서형_var2.릴스_인물먼저.X_1P_문선정_260703_빙과_정하얀,37,0,70.0,0,17,인지
2026-09-08,1873959654247474,[빙과_스틱바]_쫀득바_인지2_video,[멜론] 요거트바BP_6.3W,[26.06]F_V_JD멜_인지_쫀득바출시_인물리뷰형_편의점원정_main.릴스_공통.X_1P_문선정_260612_빙과_정요한_YkIZOlu0.mp4_[26.06]F_V_JD멜_인지_쫀득바출시_인물리뷰형_편의점원정_main.릴스_공통.X_1P_문선정_260612_빙과_정요한,118,0,261.0,0,63,인지
2026-09-08,1874469822087490,[빙과_스틱바]_쫀득바_인지_video,[멜론] 무디 파트너십 광고 (26년 10월까지만 활용 가능),xcvijy.mp4,3,0,2.0,0,1,인지
2026-09-08,1874056375753986,[빙과_스틱바]_쫀득바_인지_video,[멜론] 무디 파트너십 광고 (26년 10월까지만 활용 가능),eunbynko,14,0,48.0,0,14,인지
2026-09-08,1874762142933521,[빙과_스틱바]_복쫀바_인지2_video,[복숭아] 8월4주차_맛인지_노현경,_26.08_F_V_JD__________var1.___.X__P___260828_____d7c5f8f88f2a.mp4_[26.08]F_V_JD복_인지_복쫀바출시_맛인지형_오먹_var1.릴스_과일계 에르메스.X_스틱바P_이재원_260828_빙과_노현경.mp4,149,0,182.0,0,32,인지
2026-09-08,1868782462877714,[빙과_스틱바]_쫀득바_전환_video,[멜론쫀득바] 네고형_6.3W,[26.06]F_V_JD멜_전환_쫀득바출시_네고형_네고형_main.릴스_공통.X_1P_문선정_260619_빙과_이수민_X6gaGnEq.mp4_[26.06]F_V_JD멜_전환_쫀득바출시_네고형_네고형_main.릴스_공통.X_1P_문선정_260619_빙과_이수민,179,9,1515.0,0,0,전환
2026-09-08,1874056375746818,[빙과_스틱바]_쫀득바_인지_video,[멜론] 무디 파트너십 광고 (26년 10월까지만 활용 가능),riverbinn,25,0,54.0,0,17,인지
2026-09-08,1873959502194161,[빙과_스틱바]_쫀득바_인지2_video,[멜론] 현지인도못구하는_7.1W,[26.07]F_V_JD멜_인지_쫀득바출시_인플루언서형_인플루언서형_var1.릴스_제품먼저.X_1P_문선정_260703_빙과_정하얀_gA26O49Z.mp4_[26.07]F_V_JD멜_인지_쫀득바출시_인플루언서형_인플루언서형_var1.릴스_제품먼저.X_1P_문선정_260703_빙과_정하얀,51,0,143.0,0,30,인지
2026-09-08,1873959586022625,[빙과_스틱바]_쫀득바_인지2_video,[망고] 맛인지_6.3W,[26.06]F_V_JD망_인지_쫀득바출시_맛인지형_맛인지형.인지_var2.릴스_망고맛.진수.6월.수민PJ_2P_문선정_260619_빙과_김지연_85l4f3Aq.mp4_[26.06]F_V_JD망_인지_쫀득바출시_맛인지형_맛인지형.인지_var2.릴스_망고맛.진수.6월.수민PJ_2P_문선정_260619_빙과_김지연,424,0,660.0,0,134,인지
2026-09-08,1874370090397122,[빙과_스틱바]_쫀득바_인지2_video,[멜론] 무디 파트너십 광고 (26년 10월까지만 활용 가능),minimore.927_wXMpjCo9.mp4_minimore.927,449,0,1395.0,0,288,인지
2026-09-08,1873959592941730,[빙과_스틱바]_쫀득바_인지2_video,[멜론] 인플루언서형_6.3W,[26.06]F_V_JD멜_인지_상시_인플루언서형_인플루언서형.인지_main.릴스_공통.X_1P_문선정_260619_빙과_이수민_OcQS8Jtk.mp4_[26.06]F_V_JD멜_인지_상시_인플루언서형_인플루언서형.인지_var2.릴스_대세감.X_1P_문선정_260619_빙과_이수민,5,0,6.0,0,2,인지
2026-09-08,1874056375754018,[빙과_스틱바]_쫀득바_인지_video,[멜론] 무디 파트너십 광고 (26년 10월까지만 활용 가능),suj_43,6,0,26.0,0,8,인지
2026-09-08,1874056375752994,[빙과_스틱바]_쫀득바_인지_video,[멜론] 무디 파트너십 광고 (26년 10월까지만 활용 가능),dodoscene,18,0,50.0,0,14,인지
2026-09-08,1874056375749922,[빙과_스틱바]_쫀득바_인지_video,[멜론] 무디 파트너십 광고 (26년 10월까지만 활용 가능),payforyouth_,3,0,8.0,0,2,인지
2026-09-08,1875410590479601,[빙과_스틱바]_복쫀바_인지2_video,[복숭아] 9월 1주차_인물리뷰_JD복,7681681764771119124__26.09_F_V_JD복_전환_복쫀바출시_인물리뷰형_써우리BP_main.릴스_편의점.X_스틱바P_황경원_260904_빙과_노현경,23310,0,27949.0,0,5585,인지
2026-09-08,1873959596195153,[빙과_스틱바]_쫀득바_인지2_video,[멜론] 인플루언서형_6.3W,[26.06]F_V_JD멜_인지_상시_인플루언서형_인플루언서형.인지_main.릴스_공통.X_1P_문선정_260619_빙과_이수민_OcQS8Jtk.mp4_[26.06]F_V_JD멜_인지_상시_인플루언서형_인플루언서형.인지_main.릴스_공통.X_1P_문선정_260619_빙과_이수민,2,0,12.0,0,2,인지
2026-09-08,1874370090377506,[빙과_스틱바]_쫀득바_인지2_video,[멜론] 무디 파트너십 광고 (26년 10월까지만 활용 가능),xeoj.ng_L7HK2Ueo.mp4_xeoj.ng,122,0,185.0,0,45,인지
2026-09-08,1873959509313921,[빙과_스틱바]_쫀득바_인지2_video,[멜론] 일본원정템_7.1W,[26.07]F_V_JD멜_인지_쫀득바출시_신규BP_외부BP_var2.릴스_POV.X_2P_문선정_260703_빙과_이하림_vSPVRZmI.mp4_[26.07]F_V_JD멜_인지_쫀득바출시_신규BP_외부BP_var2.릴스_POV.X_2P_문선정_260703_빙과_이하림,105,0,204.0,0,42,인지
2026-09-08,1874729216782545,[빙과_스틱바]_쫀득바_인지_video,[멜론] 무디 파트너십 광고 (26년 10월까지만 활용 가능),kwaksuaaaa.mp4,8,0,19.0,0,6,인지
2026-09-08,1874056375749954,[빙과_스틱바]_쫀득바_인지_video,[멜론] 무디 파트너십 광고 (26년 10월까지만 활용 가능),leem_life,38,0,63.0,0,20,인지
2026-09-08,1874030330240002,[빙과_스틱바]_쫀득바_인지2_video,[망고] 맛인지_6.3W,[26.06]F_V_JD망_인지_쫀득바출시_맛인지형_맛인지형.인지_var4.릴스_혜택.진수.6월.수민PJ_2P_문선정_260619_빙과_김지연_6H8Mjtxm.mp4_[26.06]F_V_JD망_인지_쫀득바출시_맛인지형_맛인지형.인지_var4.릴스_혜택.진수.6월.수민PJ_2P_문선정_260619_빙과_김지연,124,0,373.0,0,81,인지
2026-09-08,1873959509314913,[빙과_스틱바]_쫀득바_인지2_video,[멜론] 일본원정템_7.1W,[26.07]F_V_JD멜_인지_쫀득바출시_신규BP_외부BP_var1.릴스_메인.일반브금.X_2P_문선정_260703_빙과_이하림_WTZLraDf.mp4_[26.07]F_V_JD멜_인지_쫀득바출시_신규BP_외부BP_var1.릴스_메인.일반브금.X_2P_문선정_260703_빙과_이하림,311,0,473.0,0,87,인지
2026-09-08,1868782470606049,[빙과_스틱바]_쫀득바_전환_video,[멜론쫀득바] 네고형_6.3W,[26.06]F_V_JD멜_전환_쫀득바출시_네고형_네고형_var4.릴스_거제야호.X_1P_문선정_260619_빙과_이수민_7YkDHmyJ.mp4_[26.06]F_V_JD멜_전환_쫀득바출시_네고형_네고형_var4.릴스_거제야호.X_1P_문선정_260619_빙과_이수민,224,4,1581.0,1,0,전환
2026-09-08,1874061791905073,[빙과_스틱바]_쫀득바_전환_video,[멜론쫀득바] 네고형_6.3W,"멜론쫀득바, 멜론쫀득파-Music_Refresh-0-4_[26.06]F_V_JD멜_전환_쫀득바출시_네고형_네고형_var1.릴스_에르메스.X_1P_문선정_260619_빙과_이수민",136,4,1062.0,0,0,전환
2026-09-08,1875644222116017,[빙과_스틱바]_쫀득바_전환_video,[멜론쫀득바] 바운스번BP_6.3W,AI Generated Video-2_[26.06]F_V_JD멜_전환_쫀득바출시_신규BP_바운스번BP_main.릴스_BP.X_2P_고가영_260612_빙과_조의진,382,24,2192.0,0,0,전환
2026-09-08,1875644222119089,[빙과_스틱바]_쫀득바_전환_video,[멜론쫀득바] 바운스번BP_6.3W,트러플 하몽 스낵-Music_Refresh-9-17_[26.06]F_V_JD멜_전환_쫀득바출시_신규BP_바운스번BP_main.릴스_BP.X_2P_고가영_260612_빙과_조의진,386,12,3044.0,1,0,전환
2026-09-08,1874370084620641,[빙과_스틱바]_쫀득바_인지2_video,[멜론] 무디 파트너십 광고 (26년 10월까지만 활용 가능),suj_43_2u1JOHAq.mp4_suj_43,300,0,565.0,0,96,인지
2026-09-08,1875646320730866,[빙과_스틱바]_쫀득바_전환_video,[복숭아] 납작복숭아(백정우베BP) _전환,[26.09]F_V_JD복_전환_복쫀바출시_맛인지형_우베BP_main.릴스_납작복숭아.X_스틱바P_황경원_260904_빙과_정요한.mp4_[26.09]F_V_JD복_전환_복쫀바출시_맛인지형_우베BP_main.릴스_납작복숭아.X_스틱바P_황경원_260904_빙과_정요한.mp4,303,6,2367.0,0,0,전환
2026-09-08,1874061791905041,[빙과_스틱바]_쫀득바_전환_video,[멜론쫀득바] 네고형_6.3W,AI Generated Video-3_0ZFSb6_3_[26.06]F_V_JD멜_전환_쫀득바출시_네고형_네고형_var1.릴스_에르메스.X_1P_문선정_260619_빙과_이수민,639,21,4831.0,0,0,전환
2026-09-08,1875228150877506,[빙과_스틱바]_복쫀바_인지2_video,[복숭아] 파트너십 PA,먹리니_PA_J9Tn6Pyz.mp4_먹리니 PA,5534,0,14404.0,0,3222,인지
2026-09-08,1874753276174834,[빙과_스틱바]_쫀득바_인지_video,[복숭아] 8월4주차_맛인지_노현경,[26.08]F_V_JD복_인지_복쫀바출시_맛인지형_오먹_var5.릴스_생그릭요거트.X_스틱바P_이재원_260828_빙과_노현경.mp4,14400,0,51499.0,0,1690,인지
2026-09-08,1875644222119057,[빙과_스틱바]_쫀득바_전환_video,[멜론쫀득바] 바운스번BP_6.3W,블랙트러플 하몽 칩-Music_Refresh-0-4_[26.06]F_V_JD멜_전환_쫀득바출시_신규BP_바운스번BP_main.릴스_BP.X_2P_고가영_260612_빙과_조의진,69,1,257.0,0,0,전환
2026-09-08,1875644222115985,[빙과_스틱바]_쫀득바_전환_video,[멜론쫀득바] 바운스번BP_6.3W,AI Generated Video-1_kkTCGe_4_[26.06]F_V_JD멜_전환_쫀득바출시_신규BP_바운스번BP_main.릴스_BP.X_2P_고가영_260612_빙과_조의진,23,1,129.0,0,0,전환
2026-09-08,1875660244218177,[빙과_스틱바]_쫀득바_전환2_video,[복숭아] 납작복숭아(백정우베BP) _전환,[26.09]F_V_JD복_전환_복쫀바출시_신규BP_백정BP_main.릴스_납작복숭아.X_스틱바P_황경원_260904_빙과_정요한.mp4_[26.09]F_V_JD복_전환_복쫀바출시_신규BP_백정BP_main.릴스_납작복숭아.X_스틱바P_황경원_260904_빙과_정요한.mp4,19703,543,188609.0,30,0,전환
2026-09-08,1874371832550769,[빙과_스틱바]_쫀득바_인지2_video,[멜론] 무디 파트너십 광고 (26년 10월까지만 활용 가능),doyouknow_omg_MfVCQSX8.mp4_doyouknow_omg,132,0,233.0,0,50,인지
2026-09-08,1873959654248546,[빙과_스틱바]_쫀득바_인지2_video,[멜론] 요거트바BP_6.3W,[26.06]F_V_JD멜_인지_쫀득바출시_인물리뷰형_편의점원정_var1.릴스_맛.X_1P_문선정_260612_빙과_정요한_USPOMvkw.mp4_[26.06]F_V_JD멜_인지_쫀득바출시_인물리뷰형_편의점원정_var1.릴스_맛.X_1P_문선정_260612_빙과_정요한,30,0,5.0,0,2,인지
2026-09-08,1873959567272305,[빙과_스틱바]_쫀득바_인지2_video,[멜론] 부자들만먹는_6.4W,[26.06]F_V_JD멜_인지_쫀득바출시_신규BP_먹방형_var4.릴스_숏.X_1P_문선정_260626_빙과_이수민_51lK2MkR.mp4_[26.06]F_V_JD멜_인지_쫀득바출시_신규BP_먹방형_var4.릴스_숏.X_1P_문선정_260626_빙과_이수민,84,0,233.0,0,52,인지
2026-09-08,1873959511342130,[빙과_스틱바]_쫀득바_인지2_video,[멜론] 일본원정템_7.1W,[26.07]F_V_JD멜_인지_쫀득바출시_신규BP_외부BP_main.릴스_메인.키노피오브금.X_2P_문선정_260703_빙과_이하림_CMkAHnfZ.mp4_[26.07]F_V_JD멜_인지_쫀득바출시_신규BP_외부BP_main.릴스_메인.키노피오브금.X_2P_문선정_260703_빙과_이하림,44,0,89.0,0,17,인지
2026-09-08,1875410341846145,[빙과_스틱바]_복쫀바_인지2_video,[복숭아] 9월 1주_납작복숭아(백정우베BP)_JD복,7681680730522681365__26.09_F_V_JD복_인지_복쫀바출시_신규BP_백정BP_main.릴스_납작복숭아.X_스틱바P_황경원_260904_빙과_정요한,63712,0,69384.0,0,13548,인지
2026-09-08,1874056375751906,[빙과_스틱바]_쫀득바_인지_video,[멜론] 무디 파트너십 광고 (26년 10월까지만 활용 가능),b0.__.0k,11,0,9.0,0,6,인지
2026-09-08,1874056375746786,[빙과_스틱바]_쫀득바_인지_video,[멜론] 무디 파트너십 광고 (26년 10월까지만 활용 가능),siyeonyoojoa,25,0,19.0,0,7,인지
2026-09-08,1873959560792561,[빙과_스틱바]_쫀득바_인지2_video,[멜론] 부자들만먹는_6.4W,[26.06]F_V_JD멜_인지_쫀득바출시_신규BP_먹방형_var1.릴스_쫀득.X_1P_문선정_260626_빙과_이수민_PAw0dpIV.mp4_[26.06]F_V_JD멜_인지_쫀득바출시_신규BP_먹방형_var1.릴스_쫀득.X_1P_문선정_260626_빙과_이수민,13,0,23.0,0,5,인지
2026-09-08,1874371832380434,[빙과_스틱바]_쫀득바_인지2_video,[멜론] 무디 파트너십 광고 (26년 10월까지만 활용 가능),dodoscene_9lkPTqUt.mp4_dodoscene,178,0,432.0,0,87,인지
2026-09-08,1875644222118689,[빙과_스틱바]_쫀득바_전환_video,[멜론쫀득바] 바운스번BP_6.3W,AI Generated Video-1_CPzX94_3_[26.06]F_V_JD멜_전환_쫀득바출시_신규BP_바운스번BP_main.릴스_BP.X_2P_고가영_260612_빙과_조의진,155,1,290.0,0,0,전환
2026-09-08,1874753276173682,[빙과_스틱바]_쫀득바_인지_video,[복숭아] 8월4주차_맛인지_노현경,[26.08]F_V_JD복_인지_복쫀바출시_맛인지형_오먹_var4.릴스_100프로복숭아농축액.X_스틱바P_이재원_260828_빙과_노현경.mp4,2517,0,15847.0,0,422,인지
2026-09-08,1875662210241730,[빙과_스틱바]_쫀득바_인지2_video,[멜론] 무디 파트너십 광고 (26년 10월까지만 활용 가능),eunring_.mp4_eunring_.mp4,5792,0,15685.0,0,3490,인지
2026-09-08,1873959571492482,[빙과_스틱바]_쫀득바_인지2_video,[멜론] 써우리BP_6.4W,[26.06]F_V_JD멜_인지_쫀득바출시_맛인지형_맛인지형.인지_var3.릴스_국민템 멜론바.X_1P_문선정_260612_빙과_이수민_49m1RLsV.mp4_[26.06]F_V_JD멜_인지_쫀득바출시_맛인지형_맛인지형.인지_var3.릴스_국민템 멜론바.X_1P_문선정_260612_빙과_이수민,45,0,102.0,0,22,인지
2026-09-08,1875644222118657,[빙과_스틱바]_쫀득바_전환_video,[멜론쫀득바] 바운스번BP_6.3W,AI Generated Video-22_[26.06]F_V_JD멜_전환_쫀득바출시_신규BP_바운스번BP_main.릴스_BP.X_2P_고가영_260612_빙과_조의진,302,25,1944.0,1,0,전환
2026-09-08,1874370060195937,[빙과_스틱바]_쫀득바_인지2_video,[멜론] 무디 파트너십 광고 (26년 10월까지만 활용 가능),02_TbcHadv6.mp4_02,40,0,100.0,0,30,인지
2026-09-08,1873959606553874,[빙과_스틱바]_쫀득바_인지2_video,[멜론] 수박BP_6.3W,[26.06]F_V_JD멜_인지_쫀득바출시_맛인지형_수박BP_var1.릴스_저샀어요.X_1P_김유진_260619_빙과_정하얀_KxT2Mrn4.mp4_[26.06]F_V_JD멜_인지_쫀득바출시_맛인지형_수박BP_var1.릴스_저샀어요.X_1P_김유진_260619_빙과_정하얀,62,0,163.0,0,34,인지
2026-09-08,1874061791907025,[빙과_스틱바]_쫀득바_전환_video,[멜론쫀득바] 네고형_6.3W,"멜론쫀득바, 멜론쫀득파-Music_Refresh-6-9_[26.06]F_V_JD멜_전환_쫀득바출시_네고형_네고형_var1.릴스_에르메스.X_1P_문선정_260619_빙과_이수민",341,9,3338.0,0,0,전환
2026-09-08,1868401422641297,[빙과_스틱바]_쫀득바_전환_video,[멜론쫀득바] 바운스번BP_6.3W,[26.06]F_V_JD멜_전환_쫀득바출시_신규BP_바운스번BP_main.릴스_BP.X_2P_고가영_260612_빙과_조의진_wJqztByi.mp4_[26.06]F_V_JD멜_전환_쫀득바출시_신규BP_바운스번BP_main.릴스_BP.X_2P_고가영_260612_빙과_조의진,612,6,784.0,0,0,전환
2026-09-08,1873959592940658,[빙과_스틱바]_쫀득바_인지2_video,[멜론] 인플루언서형_6.3W,[26.06]F_V_JD멜_인지_상시_인플루언서형_인플루언서형.인지_var1.릴스_쫀득 후킹.X_1P_문선정_260619_빙과_이수민_HCZXPTgo.mp4_[26.06]F_V_JD멜_인지_상시_인플루언서형_인플루언서형.인지_var1.릴스_쫀득 후킹.X_1P_문선정_260619_빙과_이수민,16,0,20.0,0,4,인지
2026-09-08,1874370080353713,[빙과_스틱바]_쫀득바_인지2_video,[멜론] 무디 파트너십 광고 (26년 10월까지만 활용 가능),unyouu_ZQxjeUdR.mp4_unyouu,94,0,171.0,0,39,인지
2026-09-09,1873959526530274,[빙과_스틱바]_쫀득바_인지2_video,[멜론] 책상네고 대체_6.4W,[26.06]F_V_JD멜_인지_쫀득바출시_기타_비하인드썰풀기_var1.릴스_짤림후킹.X_1P_김유진_260626_빙과_강다빈_N8xnAoaE.mp4_[26.06]F_V_JD멜_인지_쫀득바출시_기타_비하인드썰풀기_var1.릴스_짤림후킹.X_1P_김유진_260626_빙과_강다빈,258,0,352.0,0,74,인지
2026-09-09,1875646320730866,[빙과_스틱바]_쫀득바_전환_video,[복숭아] 납작복숭아(백정우베BP) _전환,[26.09]F_V_JD복_전환_복쫀바출시_맛인지형_우베BP_main.릴스_납작복숭아.X_스틱바P_황경원_260904_빙과_정요한.mp4_[26.09]F_V_JD복_전환_복쫀바출시_맛인지형_우베BP_main.릴스_납작복숭아.X_스틱바P_황경원_260904_빙과_정요한.mp4,1,0,7.0,0,0,전환
2026-09-09,1874370084620641,[빙과_스틱바]_쫀득바_인지2_video,[멜론] 무디 파트너십 광고 (26년 10월까지만 활용 가능),suj_43_2u1JOHAq.mp4_suj_43,445,0,877.0,0,143,인지
2026-09-09,1875228150877506,[빙과_스틱바]_복쫀바_인지2_video,[복숭아] 파트너십 PA,먹리니_PA_J9Tn6Pyz.mp4_먹리니 PA,3973,0,9227.0,0,2020,인지
2026-09-09,1873959600941425,[빙과_스틱바]_쫀득바_인지2_video,[멜론] 인플루언서형_6.3W,[26.06]F_V_JD멜_인지_상시_인플루언서형_인플루언서형.인지_var1.릴스_쫀득 후킹.X_1P_문선정_260619_빙과_이수민_HCZXPTgo.mp4_[26.06]F_V_JD멜_인지_상시_인플루언서형_인플루언서형.인지_var1.릴스_쫀득 후킹.X_1P_문선정_260619_빙과_이수민,33,0,31.0,0,9,인지
2026-09-09,1873959526530242,[빙과_스틱바]_쫀득바_인지2_video,[멜론] 책상네고 대체_6.4W,[26.06]F_V_JD멜_인지_쫀득바출시_기타_비하인드썰풀기_var2.릴스_POV.X_1P_김유진_260626_빙과_강다빈_dvNEWTwx.mp4_[26.06]F_V_JD멜_인지_쫀득바출시_기타_비하인드썰풀기_var2.릴스_POV.X_1P_김유진_260626_빙과_강다빈,68,0,135.0,0,33,인지
2026-09-09,1873959607444929,[빙과_스틱바]_쫀득바_인지2_video,[멜론] 컨비니BP_6.3W,[26.06]F_V_JD멜_인지_쫀득바출시_제조과정형_컨비니BP_var6.릴스_희소성.X_1P_김유진_260619_빙과_정요한_BXJfE8xs.mp4_[26.06]F_V_JD멜_인지_쫀득바출시_제조과정형_컨비니BP_var6.릴스_희소성.X_1P_김유진_260619_빙과_정요한,160,0,352.0,0,66,인지
2026-09-09,1875662210241730,[빙과_스틱바]_쫀득바_인지2_video,[멜론] 무디 파트너십 광고 (26년 10월까지만 활용 가능),eunring_.mp4_eunring_.mp4,6808,0,21029.0,0,4668,인지
2026-09-09,1873959654248546,[빙과_스틱바]_쫀득바_인지2_video,[멜론] 요거트바BP_6.3W,[26.06]F_V_JD멜_인지_쫀득바출시_인물리뷰형_편의점원정_var1.릴스_맛.X_1P_문선정_260612_빙과_정요한_USPOMvkw.mp4_[26.06]F_V_JD멜_인지_쫀득바출시_인물리뷰형_편의점원정_var1.릴스_맛.X_1P_문선정_260612_빙과_정요한,47,0,28.0,0,6,인지
2026-09-09,1874030333521250,[빙과_스틱바]_쫀득바_인지2_video,[멜론] 초딩유행템2_6.4W,[26.06]F_V_JD멜_인지_쫀득바출시_신규BP_써우리BP_var2.릴스_혜택.X_1P_문선정_260626_빙과_김진수_AGmDZ35w.mp4_[26.06]F_V_JD멜_인지_쫀득바출시_신규BP_써우리BP_var2.릴스_혜택.X_1P_문선정_260626_빙과_김진수,486,0,1663.0,0,344,인지
2026-09-09,1875840953698498,[빙과_스틱바]_복쫀바_인지2_video,[복숭아] 파트너십 PA,슈기_mhrlGcnx.mp4_슈기 PA,32828,2,37182.0,0,8015,인지
2026-09-09,1873959560792561,[빙과_스틱바]_쫀득바_인지2_video,[멜론] 부자들만먹는_6.4W,[26.06]F_V_JD멜_인지_쫀득바출시_신규BP_먹방형_var1.릴스_쫀득.X_1P_문선정_260626_빙과_이수민_PAw0dpIV.mp4_[26.06]F_V_JD멜_인지_쫀득바출시_신규BP_먹방형_var1.릴스_쫀득.X_1P_문선정_260626_빙과_이수민,34,0,71.0,0,15,인지
2026-09-09,1873959592940658,[빙과_스틱바]_쫀득바_인지2_video,[멜론] 인플루언서형_6.3W,[26.06]F_V_JD멜_인지_상시_인플루언서형_인플루언서형.인지_var1.릴스_쫀득 후킹.X_1P_문선정_260619_빙과_이수민_HCZXPTgo.mp4_[26.06]F_V_JD멜_인지_상시_인플루언서형_인플루언서형.인지_var1.릴스_쫀득 후킹.X_1P_문선정_260619_빙과_이수민,37,0,64.0,0,15,인지
2026-09-09,1873959606553906,[빙과_스틱바]_쫀득바_인지2_video,[멜론] 수박BP_6.3W,[26.06]F_V_JD멜_인지_쫀득바출시_맛인지형_수박BP_main.릴스_1년에딱.X_1P_김유진_260619_빙과_정하얀_4WnKJzct.mp4_[26.06]F_V_JD멜_인지_쫀득바출시_맛인지형_수박BP_main.릴스_1년에딱.X_1P_김유진_260619_빙과_정하얀,286,0,850.0,0,160,인지
2026-09-09,1875662209285522,[빙과_스틱바]_쫀득바_인지2_video,[멜론] 무디 파트너십 광고 (26년 10월까지만 활용 가능),zzung_184.mp4_zzung_184.mp4,3799,0,8671.0,0,1835,인지
2026-09-09,1875422375583826,[빙과_스틱바]_복쫀바_인지2_video,[복숭아] 8월4주차_맛인지_노현경,_26.08_F_V_JD__________var6.__1_.X__P___260828_____d81b8c5f2f85.mp4_[26.08]F_V_JD복_인지_복쫀바출시_맛인지형_오먹_var6.릴스_1위.X_스틱바P_이재원_260828_빙과_노현경.mp4,79,0,140.0,0,29,인지
2026-09-09,1873959585040561,[빙과_스틱바]_쫀득바_인지2_video,[망고] 맛인지_6.3W,[26.06]F_V_JD망_인지_쫀득바출시_맛인지형_맛인지형.인지_var3.릴스_대세감.진수.6월.수민PJ_2P_문선정_260619_빙과_김지연_694xYrHj.mp4_[26.06]F_V_JD망_인지_쫀득바출시_맛인지형_맛인지형.인지_var3.릴스_대세감.진수.6월.수민PJ_2P_문선정_260619_빙과_김지연,18,0,28.0,0,5,인지
2026-09-09,1874370094864626,[빙과_스틱바]_쫀득바_인지2_video,[멜론] 무디 파트너십 광고 (26년 10월까지만 활용 가능),bbuni_sol_0lW2JXmG.mp4_bbuni_sol,940,0,2963.0,0,698,인지
2026-09-09,1874370068335249,[빙과_스틱바]_쫀득바_인지2_video,[멜론] 무디 파트너십 광고 (26년 10월까지만 활용 가능),cmonprefere__k_Hx4qLXWs.mp4_cmonprefere__k,309,0,638.0,0,107,인지
2026-09-09,1873959606553874,[빙과_스틱바]_쫀득바_인지2_video,[멜론] 수박BP_6.3W,[26.06]F_V_JD멜_인지_쫀득바출시_맛인지형_수박BP_var1.릴스_저샀어요.X_1P_김유진_260619_빙과_정하얀_KxT2Mrn4.mp4_[26.06]F_V_JD멜_인지_쫀득바출시_맛인지형_수박BP_var1.릴스_저샀어요.X_1P_김유진_260619_빙과_정하얀,181,0,557.0,0,114,인지
2026-09-09,1873959502194113,[빙과_스틱바]_쫀득바_인지2_video,[멜론] 현지인도못구하는_7.1W,[26.07]F_V_JD멜_인지_쫀득바출시_인플루언서형_인플루언서형_main.릴스_비행기표취소.X_1P_문선정_260703_빙과_정하얀_6J9yLGRu.mp4_[26.07]F_V_JD멜_인지_쫀득바출시_인플루언서형_인플루언서형_main.릴스_비행기표취소.X_1P_문선정_260703_빙과_정하얀,179,0,247.0,0,47,인지
2026-09-09,1873959662058609,[빙과_스틱바]_쫀득바_인지2_video,[멜론] 요거트바BP_6.3W,[26.06]F_V_JD멜_인지_쫀득바출시_인물리뷰형_편의점원정_var4.릴스_대세감.X_1P_문선정_260612_빙과_정요한_dTrqo0s9.mp4_[26.06]F_V_JD멜_인지_쫀득바출시_인물리뷰형_편의점원정_var4.릴스_대세감.X_1P_문선정_260612_빙과_정요한,20,0,7.0,0,1,인지
2026-09-09,1873959586022625,[빙과_스틱바]_쫀득바_인지2_video,[망고] 맛인지_6.3W,[26.06]F_V_JD망_인지_쫀득바출시_맛인지형_맛인지형.인지_var2.릴스_망고맛.진수.6월.수민PJ_2P_문선정_260619_빙과_김지연_85l4f3Aq.mp4_[26.06]F_V_JD망_인지_쫀득바출시_맛인지형_맛인지형.인지_var2.릴스_망고맛.진수.6월.수민PJ_2P_문선정_260619_빙과_김지연,1074,0,1637.0,0,317,인지
2026-09-09,1873959576604178,[빙과_스틱바]_쫀득바_인지2_video,[멜론] 써우리BP_6.4W,[26.06]F_V_JD멜_인지_쫀득바출시_맛인지형_맛인지형.인지_var4.릴스_노을멜론.X_1P_문선정_260612_빙과_이수민_c8GfOUgM.mp4_[26.06]F_V_JD멜_인지_쫀득바출시_맛인지형_맛인지형.인지_var4.릴스_노을멜론.X_1P_문선정_260612_빙과_이수민,793,0,1288.0,0,224,인지
2026-09-09,1874759704807857,[빙과_스틱바]_쫀득바_인지2_video,[멜론쫀득바] [26.08] 인지_바이럴형_백정BP바이럴화_정요한,[26.08]F_V_JD멜_인지_쫀득바출시_바이럴형_ai형_main.렉카_식품업계미투제품.X_스틱바P_황경원_260828_빙과_정요한.mp4_[26.08]F_V_JD멜_인지_쫀득바출시_바이럴형_ai형_main.렉카_식품업계미투제품.X_스틱바P_황경원_260828_빙과_정요한.mp4,41,0,96.0,0,20,인지
2026-09-09,1873959654247474,[빙과_스틱바]_쫀득바_인지2_video,[멜론] 요거트바BP_6.3W,[26.06]F_V_JD멜_인지_쫀득바출시_인물리뷰형_편의점원정_main.릴스_공통.X_1P_문선정_260612_빙과_정요한_YkIZOlu0.mp4_[26.06]F_V_JD멜_인지_쫀득바출시_인물리뷰형_편의점원정_main.릴스_공통.X_1P_문선정_260612_빙과_정요한,65,0,117.0,0,26,인지
2026-09-09,1873959582885234,[빙과_스틱바]_쫀득바_인지2_video,[망고] 맛인지_6.3W,[26.06]F_V_JD망_인지_쫀득바출시_맛인지형_맛인지형.인지_var1.릴스_젤리식감.진수.6월.수민PJ_2P_문선정_260619_빙과_김지연_oqUjrN9C.mp4_[26.06]F_V_JD망_인지_쫀득바출시_맛인지형_맛인지형.인지_var1.릴스_젤리식감.진수.6월.수민PJ_2P_문선정_260619_빙과_김지연,6,0,6.0,0,1,인지
2026-09-09,1874370060202321,[빙과_스틱바]_쫀득바_인지2_video,[멜론] 무디 파트너십 광고 (26년 10월까지만 활용 가능),eunbynko_XVZyBHut.mp4_eunbynko,164,0,427.0,0,99,인지
2026-09-09,1873959592941730,[빙과_스틱바]_쫀득바_인지2_video,[멜론] 인플루언서형_6.3W,[26.06]F_V_JD멜_인지_상시_인플루언서형_인플루언서형.인지_main.릴스_공통.X_1P_문선정_260619_빙과_이수민_OcQS8Jtk.mp4_[26.06]F_V_JD멜_인지_상시_인플루언서형_인플루언서형.인지_var2.릴스_대세감.X_1P_문선정_260619_빙과_이수민,5,0,13.0,0,4,인지
2026-09-09,1874371832550769,[빙과_스틱바]_쫀득바_인지2_video,[멜론] 무디 파트너십 광고 (26년 10월까지만 활용 가능),doyouknow_omg_MfVCQSX8.mp4_doyouknow_omg,216,0,504.0,0,98,인지
2026-09-09,1873959596195153,[빙과_스틱바]_쫀득바_인지2_video,[멜론] 인플루언서형_6.3W,[26.06]F_V_JD멜_인지_상시_인플루언서형_인플루언서형.인지_main.릴스_공통.X_1P_문선정_260619_빙과_이수민_OcQS8Jtk.mp4_[26.06]F_V_JD멜_인지_상시_인플루언서형_인플루언서형.인지_main.릴스_공통.X_1P_문선정_260619_빙과_이수민,8,0,21.0,0,5,인지
2026-09-09,1875410590479601,[빙과_스틱바]_복쫀바_인지2_video,[복숭아] 9월 1주차_인물리뷰_JD복,7681681764771119124__26.09_F_V_JD복_전환_복쫀바출시_인물리뷰형_써우리BP_main.릴스_편의점.X_스틱바P_황경원_260904_빙과_노현경,20654,0,31721.0,0,5852,인지
2026-09-09,1874762145489121,[빙과_스틱바]_복쫀바_인지2_video,[복숭아] 8월4주차_맛인지_노현경,_26.08_F_V_JD__________var4.__100_.X__P___260828_____fd8396e09804.mp4_[26.08]F_V_JD복_인지_복쫀바출시_맛인지형_오먹_var4.릴스_100프로복숭아농축액.X_스틱바P_이재원_260828_빙과_노현경.mp4,307,0,786.0,0,149,인지
2026-09-09,1874762142933521,[빙과_스틱바]_복쫀바_인지2_video,[복숭아] 8월4주차_맛인지_노현경,_26.08_F_V_JD__________var1.___.X__P___260828_____d7c5f8f88f2a.mp4_[26.08]F_V_JD복_인지_복쫀바출시_맛인지형_오먹_var1.릴스_과일계 에르메스.X_스틱바P_이재원_260828_빙과_노현경.mp4,361,0,321.0,0,52,인지
2026-09-09,1874030330240002,[빙과_스틱바]_쫀득바_인지2_video,[망고] 맛인지_6.3W,[26.06]F_V_JD망_인지_쫀득바출시_맛인지형_맛인지형.인지_var4.릴스_혜택.진수.6월.수민PJ_2P_문선정_260619_빙과_김지연_6H8Mjtxm.mp4_[26.06]F_V_JD망_인지_쫀득바출시_맛인지형_맛인지형.인지_var4.릴스_혜택.진수.6월.수민PJ_2P_문선정_260619_빙과_김지연,64,0,186.0,0,41,인지
2026-09-09,1874668517411906,[빙과_스틱바]_쫀득바_인지_video,[멜론쫀득바] [26.08] 인지_바이럴형_백정BP바이럴화_정요한,[26.08]F_V_JD멜_인지_쫀득바출시_바이럴형_정보전달형_main.렉카_식품업계미투제품.X_스틱바P_황경원_260827_빙과_정요한.mp4,1,0,1.0,0,1,인지
2026-09-09,1874762145489089,[빙과_스틱바]_복쫀바_인지2_video,[복숭아] 8월4주차_맛인지_노현경,_26.08_F_V_JD__________var2.___.X__P___260828_____808ac332390d.mp4_[26.08]F_V_JD복_인지_복쫀바출시_맛인지형_오먹_var2.릴스_후숙복숭아.X_스틱바P_이재원_260828_빙과_노현경.mp4,55,0,47.0,0,9,인지
2026-09-09,1874370092553873,[빙과_스틱바]_쫀득바_인지2_video,[멜론] 무디 파트너십 광고 (26년 10월까지만 활용 가능),riverbinn_N8nEPrUl.mp4_riverbinn,1463,0,3922.0,0,786,인지
2026-09-09,1874370098478129,[빙과_스틱바]_쫀득바_인지2_video,[멜론] 무디 파트너십 광고 (26년 10월까지만 활용 가능),kdaaeng_5cY4RH6h.mp4_kdaaeng,347,0,970.0,0,230,인지
2026-09-09,1873959599404161,[빙과_스틱바]_쫀득바_인지2_video,[멜론] 인플루언서형_6.3W,[26.06]F_V_JD멜_인지_상시_인플루언서형_인플루언서형.인지_var3.릴스_코어 후킹.X_1P_문선정_260619_빙과_이수민_fHo1zJ0X.mp4_[26.06]F_V_JD멜_인지_상시_인플루언서형_인플루언서형.인지_var3.릴스_코어 후킹.X_1P_문선정_260619_빙과_이수민,30,0,39.0,0,9,인지
2026-09-09,1874030338066737,[빙과_스틱바]_쫀득바_인지2_video,[멜론] 현지인도못구하는_7.1W,[26.07]F_V_JD멜_인지_쫀득바출시_인플루언서형_인플루언서형_var2.릴스_인물먼저.X_1P_문선정_260703_빙과_정하얀_JOamzo0T.mp4_[26.07]F_V_JD멜_인지_쫀득바출시_인플루언서형_인플루언서형_var2.릴스_인물먼저.X_1P_문선정_260703_빙과_정하얀,39,0,96.0,0,23,인지
2026-09-09,1875410600000769,[빙과_스틱바]_복쫀바_인지2_video,[복숭아] 9월 1주차_인물리뷰_JD복,7681681811000311829__26.09_F_V_JD복_전환_복쫀바출시_인물리뷰형_써우리BP_var2.릴스_납작복숭아.X_스틱바P_황경원_260904_빙과_노현경,206,0,318.0,0,63,인지
2026-09-09,1875122823986498,[빙과_스틱바]_쫀득바_인지2_video,[멜론] 닥터후,[26.08]F_V_JD멜_인지_쫀득바출시_바이럴형_권위 설득형_var1.렉카_닥터후.현재 5세대 초통령이라는 500만 틱톡커 ㄷㄷ.X_스틱바P_김바다_260826_빙과_김도희 (1)_VQhzNg47.mp4_[26.08]F_V_JD멜_인지_쫀득바출시_바이럴형_권위 설득형_var1.렉카_닥터후.현재 5세대 초통령이라는 500만 틱톡커 ㄷㄷ.X_스틱바P_김바다_260826_빙과_김도희,422,0,720.0,0,133,인지
2026-09-09,1874370080353713,[빙과_스틱바]_쫀득바_인지2_video,[멜론] 무디 파트너십 광고 (26년 10월까지만 활용 가능),unyouu_ZQxjeUdR.mp4_unyouu,116,0,303.0,0,67,인지
2026-09-09,1874030323030129,[빙과_스틱바]_쫀득바_인지2_video,[멜론] 인플루언서형_6.3W,[26.06]F_V_JD멜_인지_상시_인플루언서형_인플루언서형.인지_main.릴스_공통.X_1P_문선정_260619_빙과_이수민_OcQS8Jtk.mp4_Copy 3 of [26.06]F_V_JD멜_인지_상시_인플루언서형_인플루언서형.인지_main.릴스_공통.X_1P_문선정_260619_빙과_이수민,16,0,56.0,0,11,인지
2026-09-09,1874476587671650,[빙과_스틱바]_쫀득바_인지2_video,[멜론] 무디 파트너십 광고 (26년 10월까지만 활용 가능),xcvijy_TySpdgnO.mp4_xcvijy,21827,0,24198.0,0,4804,인지
2026-09-09,1873959509314913,[빙과_스틱바]_쫀득바_인지2_video,[멜론] 일본원정템_7.1W,[26.07]F_V_JD멜_인지_쫀득바출시_신규BP_외부BP_var1.릴스_메인.일반브금.X_2P_문선정_260703_빙과_이하림_WTZLraDf.mp4_[26.07]F_V_JD멜_인지_쫀득바출시_신규BP_외부BP_var1.릴스_메인.일반브금.X_2P_문선정_260703_빙과_이하림,368,0,607.0,0,110,인지
2026-09-09,1873959567272305,[빙과_스틱바]_쫀득바_인지2_video,[멜론] 부자들만먹는_6.4W,[26.06]F_V_JD멜_인지_쫀득바출시_신규BP_먹방형_var4.릴스_숏.X_1P_문선정_260626_빙과_이수민_51lK2MkR.mp4_[26.06]F_V_JD멜_인지_쫀득바출시_신규BP_먹방형_var4.릴스_숏.X_1P_문선정_260626_빙과_이수민,88,0,187.0,0,42,인지
2026-09-09,1874762142929441,[빙과_스틱바]_복쫀바_인지2_video,[복숭아] 8월4주차_맛인지_노현경,_26.08_F_V_JD__________var7.___.X__P___260828_____ca0f6be6a99e.mp4_[26.08]F_V_JD복_인지_복쫀바출시_맛인지형_오먹_var7.릴스_유럽.X_스틱바P_이재원_260828_빙과_노현경.mp4,167,0,362.0,0,71,인지
2026-09-09,1873959610749169,[빙과_스틱바]_쫀득바_인지2_video,[멜론] 컨비니BP_6.3W,[26.06]F_V_JD멜_인지_쫀득바출시_제조과정형_컨비니BP_var7.릴스_왁뿌볼.X_1P_김유진_260619_빙과_정요한_ibKZerQN.mp4_[26.06]F_V_JD멜_인지_쫀득바출시_제조과정형_컨비니BP_var7.릴스_왁뿌볼.X_1P_김유진_260619_빙과_정요한,1101,0,1568.0,0,301,인지
2026-09-09,1875662207350850,[빙과_스틱바]_쫀득바_인지2_video,[멜론] 무디 파트너십 광고 (26년 10월까지만 활용 가능),myhoney_717.mp4_myhoney_717.mp4,2176,0,6127.0,0,1494,인지
2026-09-09,1873959574894593,[빙과_스틱바]_쫀득바_인지2_video,[멜론] 써우리BP_6.4W,[26.06]F_V_JD멜_인지_쫀득바출시_맛인지형_맛인지형.인지_var2.릴스_품절대란.X_1P_문선정_260612_빙과_이수민_X4dmxg8T.mp4_[26.06]F_V_JD멜_인지_쫀득바출시_맛인지형_맛인지형.인지_var2.릴스_품절대란.X_1P_문선정_260612_빙과_이수민,200,0,646.0,0,135,인지
2026-09-09,1873959511342130,[빙과_스틱바]_쫀득바_인지2_video,[멜론] 일본원정템_7.1W,[26.07]F_V_JD멜_인지_쫀득바출시_신규BP_외부BP_main.릴스_메인.키노피오브금.X_2P_문선정_260703_빙과_이하림_CMkAHnfZ.mp4_[26.07]F_V_JD멜_인지_쫀득바출시_신규BP_외부BP_main.릴스_메인.키노피오브금.X_2P_문선정_260703_빙과_이하림,38,0,128.0,0,25,인지
2026-09-09,1875410341846145,[빙과_스틱바]_복쫀바_인지2_video,[복숭아] 9월 1주_납작복숭아(백정우베BP)_JD복,7681680730522681365__26.09_F_V_JD복_인지_복쫀바출시_신규BP_백정BP_main.릴스_납작복숭아.X_스틱바P_황경원_260904_빙과_정요한,46808,0,56561.0,0,10337,인지
2026-09-09,1873959601100177,[빙과_스틱바]_쫀득바_인지2_video,[멜론] 인플루언서형_6.3W,[26.06]F_V_JD멜_인지_상시_인플루언서형_인플루언서형.인지_var2.릴스_대세감.X_1P_문선정_260619_빙과_이수민_Bwvr3K0z.mp4_[26.06]F_V_JD멜_인지_상시_인플루언서형_인플루언서형.인지_var2.릴스_대세감.X_1P_문선정_260619_빙과_이수민,58,0,153.0,0,28,인지
2026-09-09,1874370060195937,[빙과_스틱바]_쫀득바_인지2_video,[멜론] 무디 파트너십 광고 (26년 10월까지만 활용 가능),02_TbcHadv6.mp4_02,86,0,255.0,0,60,인지
2026-09-09,1873959559414865,[빙과_스틱바]_쫀득바_인지2_video,[멜론] 부자들만먹는_6.4W,[26.06]F_V_JD멜_인지_쫀득바출시_신규BP_먹방형_main.릴스_공통.X_1P_문선정_260626_빙과_이수민_6K4RW1kr.mp4_[26.06]F_V_JD멜_인지_쫀득바출시_신규BP_먹방형_main.릴스_공통.X_1P_문선정_260626_빙과_이수민,532,0,999.0,0,203,인지
2026-09-09,1873959559414897,[빙과_스틱바]_쫀득바_인지2_video,[멜론] 부자들만먹는_6.4W,[26.06]F_V_JD멜_인지_쫀득바출시_신규BP_먹방형_var2.릴스_먹방.X_1P_문선정_260626_빙과_이수민_jNE7zmU8.mp4_[26.06]F_V_JD멜_인지_쫀득바출시_신규BP_먹방형_var2.릴스_먹방.X_1P_문선정_260626_빙과_이수민,5,0,9.0,0,2,인지
2026-09-09,1873959571492482,[빙과_스틱바]_쫀득바_인지2_video,[멜론] 써우리BP_6.4W,[26.06]F_V_JD멜_인지_쫀득바출시_맛인지형_맛인지형.인지_var3.릴스_국민템 멜론바.X_1P_문선정_260612_빙과_이수민_49m1RLsV.mp4_[26.06]F_V_JD멜_인지_쫀득바출시_맛인지형_맛인지형.인지_var3.릴스_국민템 멜론바.X_1P_문선정_260612_빙과_이수민,49,0,108.0,0,22,인지
2026-09-09,1874762142924033,[빙과_스틱바]_복쫀바_인지2_video,[복숭아] 8월4주차_맛인지_노현경,_26.08_F_V_JD__________var3.___.X__P___260828_____1ddee9a8eb9c.mp4_[26.08]F_V_JD복_인지_복쫀바출시_맛인지형_오먹_var3.릴스_쫀득복숭아.X_스틱바P_이재원_260828_빙과_노현경.mp4,275,0,234.0,0,39,인지
2026-09-09,1873959512707137,[빙과_스틱바]_쫀득바_인지2_video,[멜론] 일본원정템_7.1W,[26.07]F_V_JD멜_인지_쫀득바출시_신규BP_외부BP_var3.릴스_화내기.X_2P_문선정_260703_빙과_이하림_G6x0joRE.mp4_[26.07]F_V_JD멜_인지_쫀득바출시_신규BP_외부BP_var3.릴스_화내기.X_2P_문선정_260703_빙과_이하림,12,0,42.0,0,8,인지
2026-09-09,1875843841431697,[빙과_스틱바]_복쫀바_인지2_video,[복숭아] 파트너십 PA,오하루_N850JKZf.mp4_오하루 PA,5083,0,4508.0,0,837,인지
2026-09-09,1874371832380434,[빙과_스틱바]_쫀득바_인지2_video,[멜론] 무디 파트너십 광고 (26년 10월까지만 활용 가능),dodoscene_9lkPTqUt.mp4_dodoscene,338,0,763.0,0,155,인지
2026-09-09,1874762142926161,[빙과_스틱바]_복쫀바_인지2_video,[복숭아] 8월4주차_맛인지_노현경,_26.08_F_V_JD__________var5.___.X__P___260828_____f7aba5a3a3f8.mp4_[26.08]F_V_JD복_인지_복쫀바출시_맛인지형_오먹_var5.릴스_생그릭요거트.X_스틱바P_이재원_260828_빙과_노현경.mp4,1462,0,1850.0,0,347,인지
2026-09-09,1874476587075634,[빙과_스틱바]_쫀득바_인지2_video,[멜론] 무디 파트너십 광고 (26년 10월까지만 활용 가능),okindflower_tiktok_16x9_F9pfKXPt.mp4_okindflower,6911,0,24380.0,0,4995,인지
2026-09-09,1874370090377506,[빙과_스틱바]_쫀득바_인지2_video,[멜론] 무디 파트너십 광고 (26년 10월까지만 활용 가능),xeoj.ng_L7HK2Ueo.mp4_xeoj.ng,304,0,743.0,0,170,인지
2026-09-09,1874030321444945,[빙과_스틱바]_쫀득바_인지2_video,[멜론] 컨비니BP_6.3W,[26.06]F_V_JD멜_인지_쫀득바출시_제조과정형_컨비니BP_var5.릴스_공통.할인.X_1P_김유진_260619_빙과_정요한_7cNBXRYq.mp4_[26.06]F_V_JD멜_인지_쫀득바출시_제조과정형_컨비니BP_var5.릴스_공통.할인.X_1P_김유진_260619_빙과_정요한,116,0,322.0,0,76,인지
2026-09-09,1874370091722833,[빙과_스틱바]_쫀득바_인지2_video,[멜론] 무디 파트너십 광고 (26년 10월까지만 활용 가능),payforyouth__j28UIP7Q.mp4_payforyouth_,246,0,646.0,0,130,인지
2026-09-09,1874370090397122,[빙과_스틱바]_쫀득바_인지2_video,[멜론] 무디 파트너십 광고 (26년 10월까지만 활용 가능),minimore.927_wXMpjCo9.mp4_minimore.927,637,0,1868.0,0,413,인지
2026-09-09,1873959502194161,[빙과_스틱바]_쫀득바_인지2_video,[멜론] 현지인도못구하는_7.1W,[26.07]F_V_JD멜_인지_쫀득바출시_인플루언서형_인플루언서형_var1.릴스_제품먼저.X_1P_문선정_260703_빙과_정하얀_gA26O49Z.mp4_[26.07]F_V_JD멜_인지_쫀득바출시_인플루언서형_인플루언서형_var1.릴스_제품먼저.X_1P_문선정_260703_빙과_정하얀,81,0,168.0,0,36,인지
2026-09-09,1874030341331282,[빙과_스틱바]_쫀득바_인지2_video,[멜론] 전세계에서일본에만_7.1W,[26.07]F_V_JD멜_인지_쫀득바출시_인물리뷰형_인물리뷰형_var1.릴스_상단.국내출시.X_2P_문선정_260703_빙과_유영현_hYJso2jc.mp4_[26.07]F_V_JD멜_인지_쫀득바출시_인물리뷰형_인물리뷰형_var1.릴스_상단.국내출시.X_2P_문선정_260703_빙과_유영현,290,0,396.0,0,83,인지
2026-09-09,1874370076917153,[빙과_스틱바]_쫀득바_인지2_video,[멜론] 무디 파트너십 광고 (26년 10월까지만 활용 가능),niker_jaen_dE0hLqZD.mp4_niker_jaen,939,0,2700.0,0,554,인지
2026-09-09,1875410602721410,[빙과_스틱바]_복쫀바_인지2_video,[복숭아] 9월 1주차_인물리뷰_JD복,7681681809516380180__26.09_F_V_JD복_전환_복쫀바출시_인물리뷰형_써우리BP_var1.릴스_쫀득.X_스틱바P_황경원_260904_빙과_노현경,2494,0,4776.0,0,687,인지
2026-09-09,1873959656457905,[빙과_스틱바]_쫀득바_인지2_video,[멜론] 요거트바BP_6.3W,[26.06]F_V_JD멜_인지_쫀득바출시_인물리뷰형_편의점원정_var2.릴스_퀄리티.X_1P_문선정_260612_빙과_정요한_F6rWEnOX.mp4_[26.06]F_V_JD멜_인지_쫀득바출시_인물리뷰형_편의점원정_var2.릴스_퀄리티.X_1P_문선정_260612_빙과_정요한,17,0,48.0,0,9,인지
2026-09-09,1875646323007618,[빙과_스틱바]_쫀득바_전환_video,[복숭아] 납작복숭아(백정우베BP) _전환,[26.09]F_V_JD복_전환_복쫀바출시_신규BP_백정BP_main.릴스_납작복숭아.X_스틱바P_황경원_260904_빙과_정요한.mp4_[26.09]F_V_JD복_전환_복쫀바출시_신규BP_백정BP_main.릴스_납작복숭아.X_스틱바P_황경원_260904_빙과_정요한.mp4,32,1,232.0,0,0,전환
2026-09-09,1874370083000546,[빙과_스틱바]_쫀득바_인지2_video,[멜론] 무디 파트너십 광고 (26년 10월까지만 활용 가능),s_eo__fit_xO7qAYSe.mp4_s_eo__fit,86,0,219.0,0,52,인지
2026-09-09,1873959509313921,[빙과_스틱바]_쫀득바_인지2_video,[멜론] 일본원정템_7.1W,[26.07]F_V_JD멜_인지_쫀득바출시_신규BP_외부BP_var2.릴스_POV.X_2P_문선정_260703_빙과_이하림_vSPVRZmI.mp4_[26.07]F_V_JD멜_인지_쫀득바출시_신규BP_외부BP_var2.릴스_POV.X_2P_문선정_260703_빙과_이하림,114,0,260.0,0,60,인지
2026-09-09,1873959607461201,[빙과_스틱바]_쫀득바_인지2_video,[멜론] 컨비니BP_6.3W,[26.06]F_V_JD멜_인지_쫀득바출시_제조과정형_컨비니BP_var4.릴스_공통.X_1P_김유진_260619_빙과_정요한_9WVuy24o.mp4_[26.06]F_V_JD멜_인지_쫀득바출시_제조과정형_컨비니BP_var4.릴스_공통.X_1P_김유진_260619_빙과_정요한,60,0,79.0,0,17,인지
2026-09-09,1873959572271185,[빙과_스틱바]_쫀득바_인지2_video,[멜론] 써우리BP_6.4W,[26.06]F_V_JD멜_인지_쫀득바출시_맛인지형_맛인지형.인지_var1.릴스_왁뿌볼.X_1P_문선정_260612_빙과_이수민_EwQB6yWu.mp4_[26.06]F_V_JD멜_인지_쫀득바출시_맛인지형_맛인지형.인지_var1.릴스_왁뿌볼.X_1P_문선정_260612_빙과_이수민,14,0,17.0,0,4,인지
2026-09-09,1874370063993025,[빙과_스틱바]_쫀득바_인지2_video,[멜론] 무디 파트너십 광고 (26년 10월까지만 활용 가능),ddu___0_Jb76Kdc9.mp4_ddu___0,339,0,729.0,0,126,인지
2026-09-10,1874370090397122,[빙과_스틱바]_쫀득바_인지2_video,[멜론] 무디 파트너십 광고 (26년 10월까지만 활용 가능),minimore.927_wXMpjCo9.mp4_minimore.927,898,0,3578.0,0,493,인지
2026-09-10,1874370094864626,[빙과_스틱바]_쫀득바_인지2_video,[멜론] 무디 파트너십 광고 (26년 10월까지만 활용 가능),bbuni_sol_0lW2JXmG.mp4_bbuni_sol,2466,0,9999.0,0,1497,인지
2026-09-10,1873959679955250,[빙과_스틱바]_쫀득바_인지2_video,[멜론] 인물리뷰(1)_6.3W,[26.06]F_V_JD멜_인지_쫀득바출시_인물리뷰형_인물리뷰형_main.릴스_샀어요.X_2P_고가영_260612_빙과_유영현_ay8jLH2u.mp4_[26.06]F_V_JD멜_인지_쫀득바출시_인물리뷰형_인물리뷰형_main.릴스_샀어요.X_2P_고가영_260612_빙과_유영현,52,0,142.0,0,17,인지
2026-09-10,1873959502194161,[빙과_스틱바]_쫀득바_인지2_video,[멜론] 현지인도못구하는_7.1W,[26.07]F_V_JD멜_인지_쫀득바출시_인플루언서형_인플루언서형_var1.릴스_제품먼저.X_1P_문선정_260703_빙과_정하얀_gA26O49Z.mp4_[26.07]F_V_JD멜_인지_쫀득바출시_인플루언서형_인플루언서형_var1.릴스_제품먼저.X_1P_문선정_260703_빙과_정하얀,209,0,135.0,0,33,인지
2026-09-10,1873959509313921,[빙과_스틱바]_쫀득바_인지2_video,[멜론] 일본원정템_7.1W,[26.07]F_V_JD멜_인지_쫀득바출시_신규BP_외부BP_var2.릴스_POV.X_2P_문선정_260703_빙과_이하림_vSPVRZmI.mp4_[26.07]F_V_JD멜_인지_쫀득바출시_신규BP_외부BP_var2.릴스_POV.X_2P_문선정_260703_빙과_이하림,259,0,284.0,0,59,인지
2026-09-10,1873959654247474,[빙과_스틱바]_쫀득바_인지2_video,[멜론] 요거트바BP_6.3W,[26.06]F_V_JD멜_인지_쫀득바출시_인물리뷰형_편의점원정_main.릴스_공통.X_1P_문선정_260612_빙과_정요한_YkIZOlu0.mp4_[26.06]F_V_JD멜_인지_쫀득바출시_인물리뷰형_편의점원정_main.릴스_공통.X_1P_문선정_260612_빙과_정요한,77,0,98.0,0,16,인지
2026-09-10,1873959559414897,[빙과_스틱바]_쫀득바_인지2_video,[멜론] 부자들만먹는_6.4W,[26.06]F_V_JD멜_인지_쫀득바출시_신규BP_먹방형_var2.릴스_먹방.X_1P_문선정_260626_빙과_이수민_jNE7zmU8.mp4_[26.06]F_V_JD멜_인지_쫀득바출시_신규BP_먹방형_var2.릴스_먹방.X_1P_문선정_260626_빙과_이수민,50,0,20.0,0,4,인지
2026-09-10,1874476587075634,[빙과_스틱바]_쫀득바_인지2_video,[멜론] 무디 파트너십 광고 (26년 10월까지만 활용 가능),okindflower_tiktok_16x9_F9pfKXPt.mp4_okindflower,5185,0,15090.0,0,2030,인지
2026-09-10,1873959606553874,[빙과_스틱바]_쫀득바_인지2_video,[멜론] 수박BP_6.3W,[26.06]F_V_JD멜_인지_쫀득바출시_맛인지형_수박BP_var1.릴스_저샀어요.X_1P_김유진_260619_빙과_정하얀_KxT2Mrn4.mp4_[26.06]F_V_JD멜_인지_쫀득바출시_맛인지형_수박BP_var1.릴스_저샀어요.X_1P_김유진_260619_빙과_정하얀,207,0,565.0,0,77,인지
2026-09-10,1873959559414865,[빙과_스틱바]_쫀득바_인지2_video,[멜론] 부자들만먹는_6.4W,[26.06]F_V_JD멜_인지_쫀득바출시_신규BP_먹방형_main.릴스_공통.X_1P_문선정_260626_빙과_이수민_6K4RW1kr.mp4_[26.06]F_V_JD멜_인지_쫀득바출시_신규BP_먹방형_main.릴스_공통.X_1P_문선정_260626_빙과_이수민,1451,0,2472.0,0,315,인지
2026-09-10,1874370090377506,[빙과_스틱바]_쫀득바_인지2_video,[멜론] 무디 파트너십 광고 (26년 10월까지만 활용 가능),xeoj.ng_L7HK2Ueo.mp4_xeoj.ng,543,0,1221.0,0,153,인지
2026-09-10,1873959685405714,[빙과_스틱바]_쫀득바_인지2_video,[멜론] 인물리뷰(1)_6.3W,[26.06]F_V_JD멜_인지_쫀득바출시_인물리뷰형_인물리뷰형_var2.릴스_대세감.X_2P_고가영_260612_빙과_유영현_JSgYoFLC.mp4_[26.06]F_V_JD멜_인지_쫀득바출시_인물리뷰형_인물리뷰형_var2.릴스_대세감.X_2P_고가영_260612_빙과_유영현,147,0,128.0,0,21,인지
2026-09-10,1873959586022625,[빙과_스틱바]_쫀득바_인지2_video,[망고] 맛인지_6.3W,[26.06]F_V_JD망_인지_쫀득바출시_맛인지형_맛인지형.인지_var2.릴스_망고맛.진수.6월.수민PJ_2P_문선정_260619_빙과_김지연_85l4f3Aq.mp4_[26.06]F_V_JD망_인지_쫀득바출시_맛인지형_맛인지형.인지_var2.릴스_망고맛.진수.6월.수민PJ_2P_문선정_260619_빙과_김지연,2988,0,5002.0,0,620,인지
2026-09-10,1874759704807857,[빙과_스틱바]_쫀득바_인지2_video,[멜론쫀득바] [26.08] 인지_바이럴형_백정BP바이럴화_정요한,[26.08]F_V_JD멜_인지_쫀득바출시_바이럴형_ai형_main.렉카_식품업계미투제품.X_스틱바P_황경원_260828_빙과_정요한.mp4_[26.08]F_V_JD멜_인지_쫀득바출시_바이럴형_ai형_main.렉카_식품업계미투제품.X_스틱바P_황경원_260828_빙과_정요한.mp4,10964,0,20332.0,0,2363,인지
2026-09-10,1873959585040561,[빙과_스틱바]_쫀득바_인지2_video,[망고] 맛인지_6.3W,[26.06]F_V_JD망_인지_쫀득바출시_맛인지형_맛인지형.인지_var3.릴스_대세감.진수.6월.수민PJ_2P_문선정_260619_빙과_김지연_694xYrHj.mp4_[26.06]F_V_JD망_인지_쫀득바출시_맛인지형_맛인지형.인지_var3.릴스_대세감.진수.6월.수민PJ_2P_문선정_260619_빙과_김지연,132,0,41.0,0,9,인지
2026-09-10,1873959596195153,[빙과_스틱바]_쫀득바_인지2_video,[멜론] 인플루언서형_6.3W,[26.06]F_V_JD멜_인지_상시_인플루언서형_인플루언서형.인지_main.릴스_공통.X_1P_문선정_260619_빙과_이수민_OcQS8Jtk.mp4_[26.06]F_V_JD멜_인지_상시_인플루언서형_인플루언서형.인지_main.릴스_공통.X_1P_문선정_260619_빙과_이수민,85,0,11.0,0,3,인지
2026-09-10,1875410590479601,[빙과_스틱바]_복쫀바_인지2_video,[복숭아] 9월 1주차_인물리뷰_JD복,7681681764771119124__26.09_F_V_JD복_전환_복쫀바출시_인물리뷰형_써우리BP_main.릴스_편의점.X_스틱바P_황경원_260904_빙과_노현경,97283,0,204320.0,0,24543,인지
2026-09-10,1874030330240002,[빙과_스틱바]_쫀득바_인지2_video,[망고] 맛인지_6.3W,[26.06]F_V_JD망_인지_쫀득바출시_맛인지형_맛인지형.인지_var4.릴스_혜택.진수.6월.수민PJ_2P_문선정_260619_빙과_김지연_6H8Mjtxm.mp4_[26.06]F_V_JD망_인지_쫀득바출시_맛인지형_맛인지형.인지_var4.릴스_혜택.진수.6월.수민PJ_2P_문선정_260619_빙과_김지연,137,0,124.0,0,20,인지
2026-09-10,1873959645922641,[빙과_스틱바]_쫀득바_인지2_video,[멜론] 인물리뷰(2)_6.3W,[26.06]F_V_JD멜_인지_쫀득바출시_인물리뷰형_렉카형_main.릴스_공통.X_2P_고가영_260612_빙과_김지연_bRJKpluY.mp4_[26.06]F_V_JD멜_인지_쫀득바출시_인물리뷰형_렉카형_main.릴스_공통.X_2P_고가영_260612_빙과_김지연,23,0,50.0,0,5,인지
2026-09-10,1873959572271185,[빙과_스틱바]_쫀득바_인지2_video,[멜론] 써우리BP_6.4W,[26.06]F_V_JD멜_인지_쫀득바출시_맛인지형_맛인지형.인지_var1.릴스_왁뿌볼.X_1P_문선정_260612_빙과_이수민_EwQB6yWu.mp4_[26.06]F_V_JD멜_인지_쫀득바출시_맛인지형_맛인지형.인지_var1.릴스_왁뿌볼.X_1P_문선정_260612_빙과_이수민,89,0,125.0,0,15,인지
2026-09-10,1873959601100177,[빙과_스틱바]_쫀득바_인지2_video,[멜론] 인플루언서형_6.3W,[26.06]F_V_JD멜_인지_상시_인플루언서형_인플루언서형.인지_var2.릴스_대세감.X_1P_문선정_260619_빙과_이수민_Bwvr3K0z.mp4_[26.06]F_V_JD멜_인지_상시_인플루언서형_인플루언서형.인지_var2.릴스_대세감.X_1P_문선정_260619_빙과_이수민,48,0,29.0,0,5,인지
2026-09-10,1875410341846145,[빙과_스틱바]_복쫀바_인지2_video,[복숭아] 9월 1주_납작복숭아(백정우베BP)_JD복,7681680730522681365__26.09_F_V_JD복_인지_복쫀바출시_신규BP_백정BP_main.릴스_납작복숭아.X_스틱바P_황경원_260904_빙과_정요한,196193,0,381211.0,0,43955,인지
2026-09-10,1874370063993025,[빙과_스틱바]_쫀득바_인지2_video,[멜론] 무디 파트너십 광고 (26년 10월까지만 활용 가능),ddu___0_Jb76Kdc9.mp4_ddu___0,1689,0,1665.0,0,203,인지
2026-09-10,1873959599404161,[빙과_스틱바]_쫀득바_인지2_video,[멜론] 인플루언서형_6.3W,[26.06]F_V_JD멜_인지_상시_인플루언서형_인플루언서형.인지_var3.릴스_코어 후킹.X_1P_문선정_260619_빙과_이수민_fHo1zJ0X.mp4_[26.06]F_V_JD멜_인지_상시_인플루언서형_인플루언서형.인지_var3.릴스_코어 후킹.X_1P_문선정_260619_빙과_이수민,320,0,85.0,0,14,인지
2026-09-10,1873959582885234,[빙과_스틱바]_쫀득바_인지2_video,[망고] 맛인지_6.3W,[26.06]F_V_JD망_인지_쫀득바출시_맛인지형_맛인지형.인지_var1.릴스_젤리식감.진수.6월.수민PJ_2P_문선정_260619_빙과_김지연_oqUjrN9C.mp4_[26.06]F_V_JD망_인지_쫀득바출시_맛인지형_맛인지형.인지_var1.릴스_젤리식감.진수.6월.수민PJ_2P_문선정_260619_빙과_김지연,20,0,20.0,0,3,인지
2026-09-10,1873959610749169,[빙과_스틱바]_쫀득바_인지2_video,[멜론] 컨비니BP_6.3W,[26.06]F_V_JD멜_인지_쫀득바출시_제조과정형_컨비니BP_var7.릴스_왁뿌볼.X_1P_김유진_260619_빙과_정요한_ibKZerQN.mp4_[26.06]F_V_JD멜_인지_쫀득바출시_제조과정형_컨비니BP_var7.릴스_왁뿌볼.X_1P_김유진_260619_빙과_정요한,17793,0,33429.0,0,4047,인지
2026-09-10,1874030338066737,[빙과_스틱바]_쫀득바_인지2_video,[멜론] 현지인도못구하는_7.1W,[26.07]F_V_JD멜_인지_쫀득바출시_인플루언서형_인플루언서형_var2.릴스_인물먼저.X_1P_문선정_260703_빙과_정하얀_JOamzo0T.mp4_[26.07]F_V_JD멜_인지_쫀득바출시_인플루언서형_인플루언서형_var2.릴스_인물먼저.X_1P_문선정_260703_빙과_정하얀,567,0,125.0,0,38,인지
2026-09-10,1874762142933521,[빙과_스틱바]_복쫀바_인지2_video,[복숭아] 8월4주차_맛인지_노현경,_26.08_F_V_JD__________var1.___.X__P___260828_____d7c5f8f88f2a.mp4_[26.08]F_V_JD복_인지_복쫀바출시_맛인지형_오먹_var1.릴스_과일계 에르메스.X_스틱바P_이재원_260828_빙과_노현경.mp4,799,0,1138.0,0,123,인지
2026-09-10,1874030321444945,[빙과_스틱바]_쫀득바_인지2_video,[멜론] 컨비니BP_6.3W,[26.06]F_V_JD멜_인지_쫀득바출시_제조과정형_컨비니BP_var5.릴스_공통.할인.X_1P_김유진_260619_빙과_정요한_7cNBXRYq.mp4_[26.06]F_V_JD멜_인지_쫀득바출시_제조과정형_컨비니BP_var5.릴스_공통.할인.X_1P_김유진_260619_빙과_정요한,55,0,87.0,0,15,인지
2026-09-10,1874762142929441,[빙과_스틱바]_복쫀바_인지2_video,[복숭아] 8월4주차_맛인지_노현경,_26.08_F_V_JD__________var7.___.X__P___260828_____ca0f6be6a99e.mp4_[26.08]F_V_JD복_인지_복쫀바출시_맛인지형_오먹_var7.릴스_유럽.X_스틱바P_이재원_260828_빙과_노현경.mp4,401,1,676.0,0,78,인지
2026-09-10,1875662209285522,[빙과_스틱바]_쫀득바_인지2_video,[멜론] 무디 파트너십 광고 (26년 10월까지만 활용 가능),zzung_184.mp4_zzung_184.mp4,13867,0,33318.0,0,4082,인지
2026-09-10,1873959645921585,[빙과_스틱바]_쫀득바_인지2_video,[멜론] 인물리뷰(2)_6.3W,[26.06]F_V_JD멜_인지_쫀득바출시_인물리뷰형_렉카형_var1.릴스_1년멜론.X_2P_고가영_260612_빙과_김지연_Vfw93Dij.mp4_[26.06]F_V_JD멜_인지_쫀득바출시_인물리뷰형_렉카형_var1.릴스_1년멜론.X_2P_고가영_260612_빙과_김지연,31,0,40.0,0,9,인지
2026-09-10,1874370080353713,[빙과_스틱바]_쫀득바_인지2_video,[멜론] 무디 파트너십 광고 (26년 10월까지만 활용 가능),unyouu_ZQxjeUdR.mp4_unyouu,289,0,711.0,0,94,인지
2026-09-10,1873959511342130,[빙과_스틱바]_쫀득바_인지2_video,[멜론] 일본원정템_7.1W,[26.07]F_V_JD멜_인지_쫀득바출시_신규BP_외부BP_main.릴스_메인.키노피오브금.X_2P_문선정_260703_빙과_이하림_CMkAHnfZ.mp4_[26.07]F_V_JD멜_인지_쫀득바출시_신규BP_외부BP_main.릴스_메인.키노피오브금.X_2P_문선정_260703_빙과_이하림,53,0,119.0,0,23,인지
2026-09-10,1873959560792561,[빙과_스틱바]_쫀득바_인지2_video,[멜론] 부자들만먹는_6.4W,[26.06]F_V_JD멜_인지_쫀득바출시_신규BP_먹방형_var1.릴스_쫀득.X_1P_문선정_260626_빙과_이수민_PAw0dpIV.mp4_[26.06]F_V_JD멜_인지_쫀득바출시_신규BP_먹방형_var1.릴스_쫀득.X_1P_문선정_260626_빙과_이수민,210,0,99.0,0,19,인지
2026-09-10,1873959607444929,[빙과_스틱바]_쫀득바_인지2_video,[멜론] 컨비니BP_6.3W,[26.06]F_V_JD멜_인지_쫀득바출시_제조과정형_컨비니BP_var6.릴스_희소성.X_1P_김유진_260619_빙과_정요한_BXJfE8xs.mp4_[26.06]F_V_JD멜_인지_쫀득바출시_제조과정형_컨비니BP_var6.릴스_희소성.X_1P_김유진_260619_빙과_정요한,115,0,30.0,0,6,인지
2026-09-10,1875840953698498,[빙과_스틱바]_복쫀바_인지2_video,[복숭아] 파트너십 PA,슈기_mhrlGcnx.mp4_슈기 PA,189003,0,303437.0,0,39283,인지
2026-09-10,1875228150877506,[빙과_스틱바]_복쫀바_인지2_video,[복숭아] 파트너십 PA,먹리니_PA_J9Tn6Pyz.mp4_먹리니 PA,18464,0,40301.0,0,4834,인지
2026-09-10,1874370091722833,[빙과_스틱바]_쫀득바_인지2_video,[멜론] 무디 파트너십 광고 (26년 10월까지만 활용 가능),payforyouth__j28UIP7Q.mp4_payforyouth_,72,0,247.0,0,36,인지
2026-09-10,1874370060195937,[빙과_스틱바]_쫀득바_인지2_video,[멜론] 무디 파트너십 광고 (26년 10월까지만 활용 가능),02_TbcHadv6.mp4_02,121,0,109.0,0,21,인지
2026-09-10,1874676672568577,[빙과_스틱바]_쫀득바_인지2_video,[멜론쫀득바] [26.08] 인지_바이럴형_백정BP바이럴화_정요한,[26.08]F_V_JD멜_인지_쫀득바출시_바이럴형_썰풀기형_main.렉카_대기업협박.X_스틱바P_황경원_260827_빙과_정요한_B1EMbrPN.mp4_[26.08]F_V_JD멜_인지_쫀득바출시_바이럴형_썰풀기형_main.렉카_대기업협박.X_스틱바P_황경원_260827_빙과_정요한.mp4,109530,0,191204.0,0,22515,인지
2026-09-10,1874676672569601,[빙과_스틱바]_쫀득바_인지2_video,[멜론쫀득바] [26.08] 인지_바이럴형_백정BP바이럴화_정요한,[26.08]F_V_JD멜_인지_쫀득바출시_바이럴형_정보전달형_main.렉카_식품업계미투제품.X_스틱바P_황경원_260827_빙과_정요한_K4UxAq8r.mp4_[26.08]F_V_JD멜_인지_쫀득바출시_바이럴형_정보전달형_main.렉카_식품업계미투제품.X_스틱바P_황경원_260827_빙과_정요한.mp4,305017,1,653216.0,0,77744,인지
2026-09-10,1873959606553906,[빙과_스틱바]_쫀득바_인지2_video,[멜론] 수박BP_6.3W,[26.06]F_V_JD멜_인지_쫀득바출시_맛인지형_수박BP_main.릴스_1년에딱.X_1P_김유진_260619_빙과_정하얀_4WnKJzct.mp4_[26.06]F_V_JD멜_인지_쫀득바출시_맛인지형_수박BP_main.릴스_1년에딱.X_1P_김유진_260619_빙과_정하얀,305,0,440.0,0,58,인지
2026-09-10,1873959509314913,[빙과_스틱바]_쫀득바_인지2_video,[멜론] 일본원정템_7.1W,[26.07]F_V_JD멜_인지_쫀득바출시_신규BP_외부BP_var1.릴스_메인.일반브금.X_2P_문선정_260703_빙과_이하림_WTZLraDf.mp4_[26.07]F_V_JD멜_인지_쫀득바출시_신규BP_외부BP_var1.릴스_메인.일반브금.X_2P_문선정_260703_빙과_이하림,2508,0,3450.0,0,602,인지
2026-09-10,1874371832380434,[빙과_스틱바]_쫀득바_인지2_video,[멜론] 무디 파트너십 광고 (26년 10월까지만 활용 가능),dodoscene_9lkPTqUt.mp4_dodoscene,431,0,1316.0,0,173,인지
2026-09-10,1874762142926161,[빙과_스틱바]_복쫀바_인지2_video,[복숭아] 8월4주차_맛인지_노현경,_26.08_F_V_JD__________var5.___.X__P___260828_____f7aba5a3a3f8.mp4_[26.08]F_V_JD복_인지_복쫀바출시_맛인지형_오먹_var5.릴스_생그릭요거트.X_스틱바P_이재원_260828_빙과_노현경.mp4,5749,0,7335.0,0,855,인지
2026-09-10,1875662210241730,[빙과_스틱바]_쫀득바_인지2_video,[멜론] 무디 파트너십 광고 (26년 10월까지만 활용 가능),eunring_.mp4_eunring_.mp4,6460,0,21602.0,0,2971,인지
2026-09-10,1873959567272305,[빙과_스틱바]_쫀득바_인지2_video,[멜론] 부자들만먹는_6.4W,[26.06]F_V_JD멜_인지_쫀득바출시_신규BP_먹방형_var4.릴스_숏.X_1P_문선정_260626_빙과_이수민_51lK2MkR.mp4_[26.06]F_V_JD멜_인지_쫀득바출시_신규BP_먹방형_var4.릴스_숏.X_1P_문선정_260626_빙과_이수민,113,0,203.0,0,31,인지
2026-09-10,1873959654248546,[빙과_스틱바]_쫀득바_인지2_video,[멜론] 요거트바BP_6.3W,[26.06]F_V_JD멜_인지_쫀득바출시_인물리뷰형_편의점원정_var1.릴스_맛.X_1P_문선정_260612_빙과_정요한_USPOMvkw.mp4_[26.06]F_V_JD멜_인지_쫀득바출시_인물리뷰형_편의점원정_var1.릴스_맛.X_1P_문선정_260612_빙과_정요한,511,0,97.0,0,21,인지
2026-09-10,1873959679955218,[빙과_스틱바]_쫀득바_인지2_video,[멜론] 인물리뷰(1)_6.3W,[26.06]F_V_JD멜_인지_쫀득바출시_인물리뷰형_인물리뷰형_var1.릴스_블랙바.X_2P_고가영_260612_빙과_유영현_bKsUmrtE.mp4_[26.06]F_V_JD멜_인지_쫀득바출시_인물리뷰형_인물리뷰형_var1.릴스_블랙바.X_2P_고가영_260612_빙과_유영현,45,0,144.0,0,16,인지
2026-09-10,1873959571492482,[빙과_스틱바]_쫀득바_인지2_video,[멜론] 써우리BP_6.4W,[26.06]F_V_JD멜_인지_쫀득바출시_맛인지형_맛인지형.인지_var3.릴스_국민템 멜론바.X_1P_문선정_260612_빙과_이수민_49m1RLsV.mp4_[26.06]F_V_JD멜_인지_쫀득바출시_맛인지형_맛인지형.인지_var3.릴스_국민템 멜론바.X_1P_문선정_260612_빙과_이수민,321,0,572.0,0,63,인지
2026-09-10,1875422375583826,[빙과_스틱바]_복쫀바_인지2_video,[복숭아] 8월4주차_맛인지_노현경,_26.08_F_V_JD__________var6.__1_.X__P___260828_____d81b8c5f2f85.mp4_[26.08]F_V_JD복_인지_복쫀바출시_맛인지형_오먹_var6.릴스_1위.X_스틱바P_이재원_260828_빙과_노현경.mp4,331,0,463.0,0,59,인지
2026-09-10,1873959592940658,[빙과_스틱바]_쫀득바_인지2_video,[멜론] 인플루언서형_6.3W,[26.06]F_V_JD멜_인지_상시_인플루언서형_인플루언서형.인지_var1.릴스_쫀득 후킹.X_1P_문선정_260619_빙과_이수민_HCZXPTgo.mp4_[26.06]F_V_JD멜_인지_상시_인플루언서형_인플루언서형.인지_var1.릴스_쫀득 후킹.X_1P_문선정_260619_빙과_이수민,138,0,85.0,0,13,인지
2026-09-10,1874370068335249,[빙과_스틱바]_쫀득바_인지2_video,[멜론] 무디 파트너십 광고 (26년 10월까지만 활용 가능),cmonprefere__k_Hx4qLXWs.mp4_cmonprefere__k,335,0,785.0,0,81,인지
2026-09-10,1873959662238738,[빙과_스틱바]_쫀득바_인지2_video,[멜론] 유튜버썰풀기형_6.3W,[26.06]F_V_JD멜_인지_쫀득바출시_숏츠형_유튜브읽기형_var1.릴스_1년에한달.365일.X_1P_문선정_260612_빙과_이수현_Gau8dgwA.mp4_[26.06]F_V_JD멜_인지_쫀득바출시_숏츠형_유튜브읽기형_var1.릴스_1년에한달.365일.X_1P_문선정_260612_빙과_이수현,354,0,1609.0,0,223,인지
2026-09-10,1873959502194113,[빙과_스틱바]_쫀득바_인지2_video,[멜론] 현지인도못구하는_7.1W,[26.07]F_V_JD멜_인지_쫀득바출시_인플루언서형_인플루언서형_main.릴스_비행기표취소.X_1P_문선정_260703_빙과_정하얀_6J9yLGRu.mp4_[26.07]F_V_JD멜_인지_쫀득바출시_인플루언서형_인플루언서형_main.릴스_비행기표취소.X_1P_문선정_260703_빙과_정하얀,3505,0,4271.0,0,800,인지
2026-09-10,1875410602721410,[빙과_스틱바]_복쫀바_인지2_video,[복숭아] 9월 1주차_인물리뷰_JD복,7681681809516380180__26.09_F_V_JD복_전환_복쫀바출시_인물리뷰형_써우리BP_var1.릴스_쫀득.X_스틱바P_황경원_260904_빙과_노현경,25707,0,54827.0,0,5835,인지
2026-09-10,1874370083000546,[빙과_스틱바]_쫀득바_인지2_video,[멜론] 무디 파트너십 광고 (26년 10월까지만 활용 가능),s_eo__fit_xO7qAYSe.mp4_s_eo__fit,203,0,656.0,0,105,인지
2026-09-10,1873959576604178,[빙과_스틱바]_쫀득바_인지2_video,[멜론] 써우리BP_6.4W,[26.06]F_V_JD멜_인지_쫀득바출시_맛인지형_맛인지형.인지_var4.릴스_노을멜론.X_1P_문선정_260612_빙과_이수민_c8GfOUgM.mp4_[26.06]F_V_JD멜_인지_쫀득바출시_맛인지형_맛인지형.인지_var4.릴스_노을멜론.X_1P_문선정_260612_빙과_이수민,11249,0,22934.0,0,2678,인지
2026-09-10,1873959662058609,[빙과_스틱바]_쫀득바_인지2_video,[멜론] 요거트바BP_6.3W,[26.06]F_V_JD멜_인지_쫀득바출시_인물리뷰형_편의점원정_var4.릴스_대세감.X_1P_문선정_260612_빙과_정요한_dTrqo0s9.mp4_[26.06]F_V_JD멜_인지_쫀득바출시_인물리뷰형_편의점원정_var4.릴스_대세감.X_1P_문선정_260612_빙과_정요한,39,0,5.0,0,1,인지
2026-09-10,1874371832550769,[빙과_스틱바]_쫀득바_인지2_video,[멜론] 무디 파트너십 광고 (26년 10월까지만 활용 가능),doyouknow_omg_MfVCQSX8.mp4_doyouknow_omg,568,0,806.0,0,103,인지
2026-09-10,1874762145489121,[빙과_스틱바]_복쫀바_인지2_video,[복숭아] 8월4주차_맛인지_노현경,_26.08_F_V_JD__________var4.__100_.X__P___260828_____fd8396e09804.mp4_[26.08]F_V_JD복_인지_복쫀바출시_맛인지형_오먹_var4.릴스_100프로복숭아농축액.X_스틱바P_이재원_260828_빙과_노현경.mp4,897,0,1527.0,0,178,인지
2026-09-10,1874030341331282,[빙과_스틱바]_쫀득바_인지2_video,[멜론] 전세계에서일본에만_7.1W,[26.07]F_V_JD멜_인지_쫀득바출시_인물리뷰형_인물리뷰형_var1.릴스_상단.국내출시.X_2P_문선정_260703_빙과_유영현_hYJso2jc.mp4_[26.07]F_V_JD멜_인지_쫀득바출시_인물리뷰형_인물리뷰형_var1.릴스_상단.국내출시.X_2P_문선정_260703_빙과_유영현,1620,0,979.0,0,212,인지
2026-09-10,1873959607461201,[빙과_스틱바]_쫀득바_인지2_video,[멜론] 컨비니BP_6.3W,[26.06]F_V_JD멜_인지_쫀득바출시_제조과정형_컨비니BP_var4.릴스_공통.X_1P_김유진_260619_빙과_정요한_9WVuy24o.mp4_[26.06]F_V_JD멜_인지_쫀득바출시_제조과정형_컨비니BP_var4.릴스_공통.X_1P_김유진_260619_빙과_정요한,17,0,43.0,0,6,인지
2026-09-10,1874370092553873,[빙과_스틱바]_쫀득바_인지2_video,[멜론] 무디 파트너십 광고 (26년 10월까지만 활용 가능),riverbinn_N8nEPrUl.mp4_riverbinn,1564,0,4078.0,0,535,인지
2026-09-10,1874370076917153,[빙과_스틱바]_쫀득바_인지2_video,[멜론] 무디 파트너십 광고 (26년 10월까지만 활용 가능),niker_jaen_dE0hLqZD.mp4_niker_jaen,2722,0,9690.0,0,1331,인지
2026-09-10,1874030316282466,[빙과_스틱바]_쫀득바_인지2_video,[멜론] 유튜버썰풀기형_6.3W,[26.06]F_V_JD멜_인지_쫀득바출시_숏츠형_유튜브읽기형_var3.릴스_SNS도배.두쫀쿠다음.X_1P_문선정_260612_빙과_이수현_8Q64E9kb.mp4_[26.06]F_V_JD멜_인지_쫀득바출시_숏츠형_유튜브읽기형_var3.릴스_SNS도배.두쫀쿠다음.X_1P_문선정_260612_빙과_이수현,263,0,555.0,0,68,인지
2026-09-10,1873959656457905,[빙과_스틱바]_쫀득바_인지2_video,[멜론] 요거트바BP_6.3W,[26.06]F_V_JD멜_인지_쫀득바출시_인물리뷰형_편의점원정_var2.릴스_퀄리티.X_1P_문선정_260612_빙과_정요한_F6rWEnOX.mp4_[26.06]F_V_JD멜_인지_쫀득바출시_인물리뷰형_편의점원정_var2.릴스_퀄리티.X_1P_문선정_260612_빙과_정요한,38,0,42.0,0,4,인지
2026-09-10,1875122824693297,[빙과_스틱바]_쫀득바_인지2_video,[멜론] 닥터후,[26.08]F_V_JD멜_인지_쫀득바출시_바이럴형_권위 설득형_main.렉카_닥터후.500만 틱톡커가 먹어본 초딩 유행템_.X_스틱바P_김바다_260826_빙과_김도희_TrglhEwL.mp4_[26.08]F_V_JD멜_인지_쫀득바출시_바이럴형_권위 설득형_main.렉카_닥터후.500만 틱톡커가 먹어본 초딩 유행템_.X_스틱바P_김바다_260826_빙과_김도희,177787,0,371370.0,0,44600,인지
2026-09-10,1874370060202321,[빙과_스틱바]_쫀득바_인지2_video,[멜론] 무디 파트너십 광고 (26년 10월까지만 활용 가능),eunbynko_XVZyBHut.mp4_eunbynko,180,0,255.0,0,43,인지
2026-09-10,1874370084620641,[빙과_스틱바]_쫀득바_인지2_video,[멜론] 무디 파트너십 광고 (26년 10월까지만 활용 가능),suj_43_2u1JOHAq.mp4_suj_43,1658,0,2278.0,0,243,인지
2026-09-10,1873959681209441,[빙과_스틱바]_쫀득바_인지2_video,[멜론] 인물리뷰(1)_6.3W,[26.06]F_V_JD멜_인지_쫀득바출시_인물리뷰형_인물리뷰형_var3.릴스_코어의외성.X_2P_고가영_260612_빙과_유영현_wjEIQSXr.mp4_[26.06]F_V_JD멜_인지_쫀득바출시_인물리뷰형_인물리뷰형_var3.릴스_코어의외성.X_2P_고가영_260612_빙과_유영현,94,0,311.0,0,47,인지
2026-09-10,1874762145489089,[빙과_스틱바]_복쫀바_인지2_video,[복숭아] 8월4주차_맛인지_노현경,_26.08_F_V_JD__________var2.___.X__P___260828_____808ac332390d.mp4_[26.08]F_V_JD복_인지_복쫀바출시_맛인지형_오먹_var2.릴스_후숙복숭아.X_스틱바P_이재원_260828_빙과_노현경.mp4,279,0,282.0,0,31,인지
2026-09-10,1874370098478129,[빙과_스틱바]_쫀득바_인지2_video,[멜론] 무디 파트너십 광고 (26년 10월까지만 활용 가능),kdaaeng_5cY4RH6h.mp4_kdaaeng,827,0,2385.0,0,344,인지
2026-09-10,1873959526530242,[빙과_스틱바]_쫀득바_인지2_video,[멜론] 책상네고 대체_6.4W,[26.06]F_V_JD멜_인지_쫀득바출시_기타_비하인드썰풀기_var2.릴스_POV.X_1P_김유진_260626_빙과_강다빈_dvNEWTwx.mp4_[26.06]F_V_JD멜_인지_쫀득바출시_기타_비하인드썰풀기_var2.릴스_POV.X_1P_김유진_260626_빙과_강다빈,495,0,153.0,0,54,인지
2026-09-10,1875662207350850,[빙과_스틱바]_쫀득바_인지2_video,[멜론] 무디 파트너십 광고 (26년 10월까지만 활용 가능),myhoney_717.mp4_myhoney_717.mp4,3865,0,13907.0,0,1887,인지
2026-09-10,1875410600000769,[빙과_스틱바]_복쫀바_인지2_video,[복숭아] 9월 1주차_인물리뷰_JD복,7681681811000311829__26.09_F_V_JD복_전환_복쫀바출시_인물리뷰형_써우리BP_var2.릴스_납작복숭아.X_스틱바P_황경원_260904_빙과_노현경,264,0,584.0,0,72,인지
2026-09-10,1873959673179393,[빙과_스틱바]_쫀득바_인지2_video,[멜론] 유튜버썰풀기형_6.3W,[26.06]F_V_JD멜_인지_쫀득바출시_숏츠형_유튜브읽기형_var5.릴스_업계최초.X_1P_문선정_260612_빙과_이수현_EID4Njqr.mp4_[26.06]F_V_JD멜_인지_쫀득바출시_숏츠형_유튜브읽기형_var5.릴스_업계최초.X_1P_문선정_260612_빙과_이수현,315,0,683.0,0,80,인지
2026-09-10,1873959600941425,[빙과_스틱바]_쫀득바_인지2_video,[멜론] 인플루언서형_6.3W,[26.06]F_V_JD멜_인지_상시_인플루언서형_인플루언서형.인지_var1.릴스_쫀득 후킹.X_1P_문선정_260619_빙과_이수민_HCZXPTgo.mp4_[26.06]F_V_JD멜_인지_상시_인플루언서형_인플루언서형.인지_var1.릴스_쫀득 후킹.X_1P_문선정_260619_빙과_이수민,176,0,60.0,0,10,인지
2026-09-10,1873959592941730,[빙과_스틱바]_쫀득바_인지2_video,[멜론] 인플루언서형_6.3W,[26.06]F_V_JD멜_인지_상시_인플루언서형_인플루언서형.인지_main.릴스_공통.X_1P_문선정_260619_빙과_이수민_OcQS8Jtk.mp4_[26.06]F_V_JD멜_인지_상시_인플루언서형_인플루언서형.인지_var2.릴스_대세감.X_1P_문선정_260619_빙과_이수민,26,0,26.0,0,4,인지
2026-09-10,1874030317649217,[빙과_스틱바]_쫀득바_인지2_video,[멜론] 인물리뷰(2)_6.3W,[26.06]F_V_JD멜_인지_쫀득바출시_인물리뷰형_렉카형_var2.릴스_상단.대세감.X_2P_고가영_260612_빙과_김지연_uJ2PiCGN.mp4_[26.06]F_V_JD멜_인지_쫀득바출시_인물리뷰형_렉카형_var2.릴스_상단.대세감.X_2P_고가영_260612_빙과_김지연,1520,0,3258.0,0,367,인지
2026-09-10,1874476587671650,[빙과_스틱바]_쫀득바_인지2_video,[멜론] 무디 파트너십 광고 (26년 10월까지만 활용 가능),xcvijy_TySpdgnO.mp4_xcvijy,29272,0,41121.0,0,5028,인지
2026-09-10,1875122823986498,[빙과_스틱바]_쫀득바_인지2_video,[멜론] 닥터후,[26.08]F_V_JD멜_인지_쫀득바출시_바이럴형_권위 설득형_var1.렉카_닥터후.현재 5세대 초통령이라는 500만 틱톡커 ㄷㄷ.X_스틱바P_김바다_260826_빙과_김도희 (1)_VQhzNg47.mp4_[26.08]F_V_JD멜_인지_쫀득바출시_바이럴형_권위 설득형_var1.렉카_닥터후.현재 5세대 초통령이라는 500만 틱톡커 ㄷㄷ.X_스틱바P_김바다_260826_빙과_김도희,35667,0,51247.0,0,6211,인지
2026-09-10,1873959526530274,[빙과_스틱바]_쫀득바_인지2_video,[멜론] 책상네고 대체_6.4W,[26.06]F_V_JD멜_인지_쫀득바출시_기타_비하인드썰풀기_var1.릴스_짤림후킹.X_1P_김유진_260626_빙과_강다빈_N8xnAoaE.mp4_[26.06]F_V_JD멜_인지_쫀득바출시_기타_비하인드썰풀기_var1.릴스_짤림후킹.X_1P_김유진_260626_빙과_강다빈,2140,0,422.0,0,126,인지
2026-09-10,1873959512707137,[빙과_스틱바]_쫀득바_인지2_video,[멜론] 일본원정템_7.1W,[26.07]F_V_JD멜_인지_쫀득바출시_신규BP_외부BP_var3.릴스_화내기.X_2P_문선정_260703_빙과_이하림_G6x0joRE.mp4_[26.07]F_V_JD멜_인지_쫀득바출시_신규BP_외부BP_var3.릴스_화내기.X_2P_문선정_260703_빙과_이하림,53,0,50.0,0,9,인지
2026-09-10,1873959649053697,[빙과_스틱바]_쫀득바_인지2_video,[멜론] 인물리뷰(2)_6.3W,[26.06]F_V_JD멜_인지_쫀득바출시_인물리뷰형_렉카형_var3.릴스_상단.조회수.X_2P_고가영_260612_빙과_김지연_o3Oil7XF.mp4_[26.06]F_V_JD멜_인지_쫀득바출시_인물리뷰형_렉카형_var3.릴스_상단.조회수.X_2P_고가영_260612_빙과_김지연,9,0,28.0,0,4,인지
2026-09-10,1875843841431697,[빙과_스틱바]_복쫀바_인지2_video,[복숭아] 파트너십 PA,오하루_N850JKZf.mp4_오하루 PA,74890,1,87657.0,0,11021,인지
2026-09-10,1873959568365938,[빙과_스틱바]_쫀득바_인지2_video,[멜론] 부자들만먹는_6.4W,[26.06]F_V_JD멜_인지_쫀득바출시_신규BP_먹방형_var3.릴스_5만원멜론.X_1P_문선정_260626_빙과_이수민_4jVCt9QI.mp4_[26.06]F_V_JD멜_인지_쫀득바출시_신규BP_먹방형_var3.릴스_5만원멜론.X_1P_문선정_260626_빙과_이수민,38,0,20.0,0,4,인지
2026-09-10,1875856692261889,[빙과_스틱바]_복쫀바_인지2_video,[복숭아] 파트너십 PA,DBQPSL_mvsuhPfy.mp4_유베니 PA,131305,1,214499.0,0,27371,인지
2026-09-10,1873959648848097,[빙과_스틱바]_쫀득바_인지2_video,[멜론] 인물리뷰(2)_6.3W,[26.06]F_V_JD멜_인지_쫀득바출시_인물리뷰형_렉카형_var4.릴스_상단.판매중단.X_2P_고가영_260612_빙과_김지연_qc1ljdun.mp4_[26.06]F_V_JD멜_인지_쫀득바출시_인물리뷰형_렉카형_var4.릴스_상단.판매중단.X_2P_고가영_260612_빙과_김지연,141,0,287.0,0,33,인지
2026-09-10,1874030333521250,[빙과_스틱바]_쫀득바_인지2_video,[멜론] 초딩유행템2_6.4W,[26.06]F_V_JD멜_인지_쫀득바출시_신규BP_써우리BP_var2.릴스_혜택.X_1P_문선정_260626_빙과_김진수_AGmDZ35w.mp4_[26.06]F_V_JD멜_인지_쫀득바출시_신규BP_써우리BP_var2.릴스_혜택.X_1P_문선정_260626_빙과_김진수,2365,0,5565.0,0,708,인지
2026-09-10,1874030313976066,[빙과_스틱바]_쫀득바_인지2_video,[멜론] 인물리뷰(1)_6.3W,[26.06]F_V_JD멜_인지_쫀득바출시_인물리뷰형_인물리뷰형_var4.릴스_후킹.X_2P_고가영_260612_빙과_유영현_JfFPUknj.mp4_[26.06]F_V_JD멜_인지_쫀득바출시_인물리뷰형_인물리뷰형_var4.릴스_후킹.X_2P_고가영_260612_빙과_유영현,3086,0,6040.0,0,698,인지
2026-09-10,1873959574894593,[빙과_스틱바]_쫀득바_인지2_video,[멜론] 써우리BP_6.4W,[26.06]F_V_JD멜_인지_쫀득바출시_맛인지형_맛인지형.인지_var2.릴스_품절대란.X_1P_문선정_260612_빙과_이수민_X4dmxg8T.mp4_[26.06]F_V_JD멜_인지_쫀득바출시_맛인지형_맛인지형.인지_var2.릴스_품절대란.X_1P_문선정_260612_빙과_이수민,414,0,562.0,0,74,인지
2026-09-10,1874762142924033,[빙과_스틱바]_복쫀바_인지2_video,[복숭아] 8월4주차_맛인지_노현경,_26.08_F_V_JD__________var3.___.X__P___260828_____1ddee9a8eb9c.mp4_[26.08]F_V_JD복_인지_복쫀바출시_맛인지형_오먹_var3.릴스_쫀득복숭아.X_스틱바P_이재원_260828_빙과_노현경.mp4,4980,0,5794.0,0,668,인지
2026-09-10,1874030323030129,[빙과_스틱바]_쫀득바_인지2_video,[멜론] 인플루언서형_6.3W,[26.06]F_V_JD멜_인지_상시_인플루언서형_인플루언서형.인지_main.릴스_공통.X_1P_문선정_260619_빙과_이수민_OcQS8Jtk.mp4_Copy 3 of [26.06]F_V_JD멜_인지_상시_인플루언서형_인플루언서형.인지_main.릴스_공통.X_1P_문선정_260619_빙과_이수민,89,0,48.0,0,9,인지
2026-09-11,1873959607444929,[빙과_스틱바]_쫀득바_인지2_video,[멜론] 컨비니BP_6.3W,[26.06]F_V_JD멜_인지_쫀득바출시_제조과정형_컨비니BP_var6.릴스_희소성.X_1P_김유진_260619_빙과_정요한_BXJfE8xs.mp4_[26.06]F_V_JD멜_인지_쫀득바출시_제조과정형_컨비니BP_var6.릴스_희소성.X_1P_김유진_260619_빙과_정요한,112,0,74.0,0,12,인지
2026-09-11,1873959511342130,[빙과_스틱바]_쫀득바_인지2_video,[멜론] 일본원정템_7.1W,[26.07]F_V_JD멜_인지_쫀득바출시_신규BP_외부BP_main.릴스_메인.키노피오브금.X_2P_문선정_260703_빙과_이하림_CMkAHnfZ.mp4_[26.07]F_V_JD멜_인지_쫀득바출시_신규BP_외부BP_main.릴스_메인.키노피오브금.X_2P_문선정_260703_빙과_이하림,100,0,273.0,0,50,인지
2026-09-11,1873959645921585,[빙과_스틱바]_쫀득바_인지2_video,[멜론] 인물리뷰(2)_6.3W,[26.06]F_V_JD멜_인지_쫀득바출시_인물리뷰형_렉카형_var1.릴스_1년멜론.X_2P_고가영_260612_빙과_김지연_Vfw93Dij.mp4_[26.06]F_V_JD멜_인지_쫀득바출시_인물리뷰형_렉카형_var1.릴스_1년멜론.X_2P_고가영_260612_빙과_김지연,68,0,227.0,0,36,인지
2026-09-11,1875410600000769,[빙과_스틱바]_복쫀바_인지2_video,[복숭아] 9월 1주차_인물리뷰_JD복,7681681811000311829__26.09_F_V_JD복_전환_복쫀바출시_인물리뷰형_써우리BP_var2.릴스_납작복숭아.X_스틱바P_황경원_260904_빙과_노현경,95,0,267.0,0,31,인지
2026-09-11,1873959526530242,[빙과_스틱바]_쫀득바_인지2_video,[멜론] 책상네고 대체_6.4W,[26.06]F_V_JD멜_인지_쫀득바출시_기타_비하인드썰풀기_var2.릴스_POV.X_1P_김유진_260626_빙과_강다빈_dvNEWTwx.mp4_[26.06]F_V_JD멜_인지_쫀득바출시_기타_비하인드썰풀기_var2.릴스_POV.X_1P_김유진_260626_빙과_강다빈,287,0,234.0,0,53,인지
2026-09-11,1873959571492482,[빙과_스틱바]_쫀득바_인지2_video,[멜론] 써우리BP_6.4W,[26.06]F_V_JD멜_인지_쫀득바출시_맛인지형_맛인지형.인지_var3.릴스_국민템 멜론바.X_1P_문선정_260612_빙과_이수민_49m1RLsV.mp4_[26.06]F_V_JD멜_인지_쫀득바출시_맛인지형_맛인지형.인지_var3.릴스_국민템 멜론바.X_1P_문선정_260612_빙과_이수민,91,0,263.0,0,40,인지
2026-09-11,1874371832380434,[빙과_스틱바]_쫀득바_인지2_video,[멜론] 무디 파트너십 광고 (26년 10월까지만 활용 가능),dodoscene_9lkPTqUt.mp4_dodoscene,559,0,1490.0,0,227,인지
2026-09-11,1873959592941730,[빙과_스틱바]_쫀득바_인지2_video,[멜론] 인플루언서형_6.3W,[26.06]F_V_JD멜_인지_상시_인플루언서형_인플루언서형.인지_main.릴스_공통.X_1P_문선정_260619_빙과_이수민_OcQS8Jtk.mp4_[26.06]F_V_JD멜_인지_상시_인플루언서형_인플루언서형.인지_var2.릴스_대세감.X_1P_문선정_260619_빙과_이수민,8,0,18.0,0,2,인지
2026-09-11,1874370063993025,[빙과_스틱바]_쫀득바_인지2_video,[멜론] 무디 파트너십 광고 (26년 10월까지만 활용 가능),ddu___0_Jb76Kdc9.mp4_ddu___0,584,0,982.0,0,117,인지
2026-09-11,1873959582885234,[빙과_스틱바]_쫀득바_인지2_video,[망고] 맛인지_6.3W,[26.06]F_V_JD망_인지_쫀득바출시_맛인지형_맛인지형.인지_var1.릴스_젤리식감.진수.6월.수민PJ_2P_문선정_260619_빙과_김지연_oqUjrN9C.mp4_[26.06]F_V_JD망_인지_쫀득바출시_맛인지형_맛인지형.인지_var1.릴스_젤리식감.진수.6월.수민PJ_2P_문선정_260619_빙과_김지연,5,0,5.0,0,1,인지
2026-09-11,1874030338066737,[빙과_스틱바]_쫀득바_인지2_video,[멜론] 현지인도못구하는_7.1W,[26.07]F_V_JD멜_인지_쫀득바출시_인플루언서형_인플루언서형_var2.릴스_인물먼저.X_1P_문선정_260703_빙과_정하얀_JOamzo0T.mp4_[26.07]F_V_JD멜_인지_쫀득바출시_인플루언서형_인플루언서형_var2.릴스_인물먼저.X_1P_문선정_260703_빙과_정하얀,106,0,86.0,0,20,인지
2026-09-11,1875662210241730,[빙과_스틱바]_쫀득바_인지2_video,[멜론] 무디 파트너십 광고 (26년 10월까지만 활용 가능),eunring_.mp4_eunring_.mp4,3110,0,8512.0,0,1395,인지
2026-09-11,1874762142933521,[빙과_스틱바]_복쫀바_인지2_video,[복숭아] 8월4주차_맛인지_노현경,_26.08_F_V_JD__________var1.___.X__P___260828_____d7c5f8f88f2a.mp4_[26.08]F_V_JD복_인지_복쫀바출시_맛인지형_오먹_var1.릴스_과일계 에르메스.X_스틱바P_이재원_260828_빙과_노현경.mp4,187,0,347.0,0,39,인지
2026-09-11,1873959648848097,[빙과_스틱바]_쫀득바_인지2_video,[멜론] 인물리뷰(2)_6.3W,[26.06]F_V_JD멜_인지_쫀득바출시_인물리뷰형_렉카형_var4.릴스_상단.판매중단.X_2P_고가영_260612_빙과_김지연_qc1ljdun.mp4_[26.06]F_V_JD멜_인지_쫀득바출시_인물리뷰형_렉카형_var4.릴스_상단.판매중단.X_2P_고가영_260612_빙과_김지연,56,0,40.0,0,5,인지
2026-09-11,1873959673179393,[빙과_스틱바]_쫀득바_인지2_video,[멜론] 유튜버썰풀기형_6.3W,[26.06]F_V_JD멜_인지_쫀득바출시_숏츠형_유튜브읽기형_var5.릴스_업계최초.X_1P_문선정_260612_빙과_이수현_EID4Njqr.mp4_[26.06]F_V_JD멜_인지_쫀득바출시_숏츠형_유튜브읽기형_var5.릴스_업계최초.X_1P_문선정_260612_빙과_이수현,5084,0,11254.0,0,1355,인지
2026-09-11,1873959526530274,[빙과_스틱바]_쫀득바_인지2_video,[멜론] 책상네고 대체_6.4W,[26.06]F_V_JD멜_인지_쫀득바출시_기타_비하인드썰풀기_var1.릴스_짤림후킹.X_1P_김유진_260626_빙과_강다빈_N8xnAoaE.mp4_[26.06]F_V_JD멜_인지_쫀득바출시_기타_비하인드썰풀기_var1.릴스_짤림후킹.X_1P_김유진_260626_빙과_강다빈,622,0,220.0,0,54,인지
2026-09-11,1874370060195937,[빙과_스틱바]_쫀득바_인지2_video,[멜론] 무디 파트너십 광고 (26년 10월까지만 활용 가능),02_TbcHadv6.mp4_02,101,0,161.0,0,35,인지
2026-09-11,1874370080353713,[빙과_스틱바]_쫀득바_인지2_video,[멜론] 무디 파트너십 광고 (26년 10월까지만 활용 가능),unyouu_ZQxjeUdR.mp4_unyouu,176,0,391.0,0,58,인지
2026-09-11,1876022361442754,[빙과_스틱바]_복쫀바_인지2_video,[3SKU] [09.11]쫀득바3종_점수 매기기_노현경,7684187578426114068_[26.09] F_V_JD혼_전환_복쫀바출시_인물리뷰형_점수매기기_main.릴스_점수매기기.X_스틱바P_노현경_f64f14c2,16714,0,21374.0,0,5208,인지
2026-09-11,1874370098478129,[빙과_스틱바]_쫀득바_인지2_video,[멜론] 무디 파트너십 광고 (26년 10월까지만 활용 가능),kdaaeng_5cY4RH6h.mp4_kdaaeng,876,0,2612.0,0,498,인지
2026-09-11,1873959596195153,[빙과_스틱바]_쫀득바_인지2_video,[멜론] 인플루언서형_6.3W,[26.06]F_V_JD멜_인지_상시_인플루언서형_인플루언서형.인지_main.릴스_공통.X_1P_문선정_260619_빙과_이수민_OcQS8Jtk.mp4_[26.06]F_V_JD멜_인지_상시_인플루언서형_인플루언서형.인지_main.릴스_공통.X_1P_문선정_260619_빙과_이수민,54,0,134.0,0,31,인지
2026-09-11,1876022578830433,[빙과_스틱바]_복쫀바_인지2_video,[3SKU] [09.11] 쫀득바3종_소비자검증형_정요한,7684188465168973845_[26.09] F_V_JD혼_인지_복쫀바출시_인물리뷰형_소비자검증형_var1.릴스_인트로변경.X_스틱바P_김바다_260911_빙과_정요한,116594,0,204845.0,0,43662,인지
2026-09-11,1874030317649217,[빙과_스틱바]_쫀득바_인지2_video,[멜론] 인물리뷰(2)_6.3W,[26.06]F_V_JD멜_인지_쫀득바출시_인물리뷰형_렉카형_var2.릴스_상단.대세감.X_2P_고가영_260612_빙과_김지연_uJ2PiCGN.mp4_[26.06]F_V_JD멜_인지_쫀득바출시_인물리뷰형_렉카형_var2.릴스_상단.대세감.X_2P_고가영_260612_빙과_김지연,1064,0,2509.0,0,299,인지
2026-09-11,1876022594859298,[빙과_스틱바]_복쫀바_인지2_video,[3SKU] [09.11] 쫀득바3종_소비자검증형_정요한,7684188535930896405_[26.09] F_V_JD혼_인지_복쫀바출시_인물리뷰형_소비자검증형_main.릴스_일반.X_스틱바P_김바다_260911_빙과_정요한,2497,0,4014.0,0,820,인지
2026-09-11,1873959560792561,[빙과_스틱바]_쫀득바_인지2_video,[멜론] 부자들만먹는_6.4W,[26.06]F_V_JD멜_인지_쫀득바출시_신규BP_먹방형_var1.릴스_쫀득.X_1P_문선정_260626_빙과_이수민_PAw0dpIV.mp4_[26.06]F_V_JD멜_인지_쫀득바출시_신규BP_먹방형_var1.릴스_쫀득.X_1P_문선정_260626_빙과_이수민,45,0,33.0,0,7,인지
2026-09-11,1875662207350850,[빙과_스틱바]_쫀득바_인지2_video,[멜론] 무디 파트너십 광고 (26년 10월까지만 활용 가능),myhoney_717.mp4_myhoney_717.mp4,2772,0,8670.0,0,1404,인지
2026-09-11,1875122823986498,[빙과_스틱바]_쫀득바_인지2_video,[멜론] 닥터후,[26.08]F_V_JD멜_인지_쫀득바출시_바이럴형_권위 설득형_var1.렉카_닥터후.현재 5세대 초통령이라는 500만 틱톡커 ㄷㄷ.X_스틱바P_김바다_260826_빙과_김도희 (1)_VQhzNg47.mp4_[26.08]F_V_JD멜_인지_쫀득바출시_바이럴형_권위 설득형_var1.렉카_닥터후.현재 5세대 초통령이라는 500만 틱톡커 ㄷㄷ.X_스틱바P_김바다_260826_빙과_김도희,73777,0,166836.0,0,19121,인지
2026-09-11,1875410590479601,[빙과_스틱바]_복쫀바_인지2_video,[복숭아] 9월 1주차_인물리뷰_JD복,7681681764771119124__26.09_F_V_JD복_전환_복쫀바출시_인물리뷰형_써우리BP_main.릴스_편의점.X_스틱바P_황경원_260904_빙과_노현경,21637,1,48693.0,0,5717,인지
2026-09-11,1873959645922641,[빙과_스틱바]_쫀득바_인지2_video,[멜론] 인물리뷰(2)_6.3W,[26.06]F_V_JD멜_인지_쫀득바출시_인물리뷰형_렉카형_main.릴스_공통.X_2P_고가영_260612_빙과_김지연_bRJKpluY.mp4_[26.06]F_V_JD멜_인지_쫀득바출시_인물리뷰형_렉카형_main.릴스_공통.X_2P_고가영_260612_빙과_김지연,130,0,281.0,0,36,인지
2026-09-11,1874030313976066,[빙과_스틱바]_쫀득바_인지2_video,[멜론] 인물리뷰(1)_6.3W,[26.06]F_V_JD멜_인지_쫀득바출시_인물리뷰형_인물리뷰형_var4.릴스_후킹.X_2P_고가영_260612_빙과_유영현_JfFPUknj.mp4_[26.06]F_V_JD멜_인지_쫀득바출시_인물리뷰형_인물리뷰형_var4.릴스_후킹.X_2P_고가영_260612_빙과_유영현,748,0,1610.0,0,201,인지
2026-09-11,1873959606553906,[빙과_스틱바]_쫀득바_인지2_video,[멜론] 수박BP_6.3W,[26.06]F_V_JD멜_인지_쫀득바출시_맛인지형_수박BP_main.릴스_1년에딱.X_1P_김유진_260619_빙과_정하얀_4WnKJzct.mp4_[26.06]F_V_JD멜_인지_쫀득바출시_맛인지형_수박BP_main.릴스_1년에딱.X_1P_김유진_260619_빙과_정하얀,156,0,251.0,0,37,인지
2026-09-11,1873959574894593,[빙과_스틱바]_쫀득바_인지2_video,[멜론] 써우리BP_6.4W,[26.06]F_V_JD멜_인지_쫀득바출시_맛인지형_맛인지형.인지_var2.릴스_품절대란.X_1P_문선정_260612_빙과_이수민_X4dmxg8T.mp4_[26.06]F_V_JD멜_인지_쫀득바출시_맛인지형_맛인지형.인지_var2.릴스_품절대란.X_1P_문선정_260612_빙과_이수민,175,0,499.0,0,77,인지
2026-09-11,1873959585040561,[빙과_스틱바]_쫀득바_인지2_video,[망고] 맛인지_6.3W,[26.06]F_V_JD망_인지_쫀득바출시_맛인지형_맛인지형.인지_var3.릴스_대세감.진수.6월.수민PJ_2P_문선정_260619_빙과_김지연_694xYrHj.mp4_[26.06]F_V_JD망_인지_쫀득바출시_맛인지형_맛인지형.인지_var3.릴스_대세감.진수.6월.수민PJ_2P_문선정_260619_빙과_김지연,28,0,16.0,0,4,인지
2026-09-11,1875660247666289,[빙과_스틱바]_쫀득바_전환2_video,[복숭아] 납작복숭아(백정우베BP) _전환,[26.09]F_V_JD복_전환_복쫀바출시_맛인지형_우베BP_main.릴스_납작복숭아.X_스틱바P_황경원_260904_빙과_정요한.mp4_[26.09]F_V_JD복_전환_복쫀바출시_맛인지형_우베BP_main.릴스_납작복숭아.X_스틱바P_황경원_260904_빙과_정요한.mp4,1,0,1.0,0,0,전환
2026-09-11,1875660244218177,[빙과_스틱바]_쫀득바_전환2_video,[복숭아] 납작복숭아(백정우베BP) _전환,[26.09]F_V_JD복_전환_복쫀바출시_신규BP_백정BP_main.릴스_납작복숭아.X_스틱바P_황경원_260904_빙과_정요한.mp4_[26.09]F_V_JD복_전환_복쫀바출시_신규BP_백정BP_main.릴스_납작복숭아.X_스틱바P_황경원_260904_빙과_정요한.mp4,1,0,1.0,0,0,전환
2026-09-11,1873959654248546,[빙과_스틱바]_쫀득바_인지2_video,[멜론] 요거트바BP_6.3W,[26.06]F_V_JD멜_인지_쫀득바출시_인물리뷰형_편의점원정_var1.릴스_맛.X_1P_문선정_260612_빙과_정요한_USPOMvkw.mp4_[26.06]F_V_JD멜_인지_쫀득바출시_인물리뷰형_편의점원정_var1.릴스_맛.X_1P_문선정_260612_빙과_정요한,126,0,25.0,0,6,인지
2026-09-11,1874676672568577,[빙과_스틱바]_쫀득바_인지2_video,[멜론쫀득바] [26.08] 인지_바이럴형_백정BP바이럴화_정요한,[26.08]F_V_JD멜_인지_쫀득바출시_바이럴형_썰풀기형_main.렉카_대기업협박.X_스틱바P_황경원_260827_빙과_정요한_B1EMbrPN.mp4_[26.08]F_V_JD멜_인지_쫀득바출시_바이럴형_썰풀기형_main.렉카_대기업협박.X_스틱바P_황경원_260827_빙과_정요한.mp4,5382,0,8443.0,0,961,인지
2026-09-11,1874676672569601,[빙과_스틱바]_쫀득바_인지2_video,[멜론쫀득바] [26.08] 인지_바이럴형_백정BP바이럴화_정요한,[26.08]F_V_JD멜_인지_쫀득바출시_바이럴형_정보전달형_main.렉카_식품업계미투제품.X_스틱바P_황경원_260827_빙과_정요한_K4UxAq8r.mp4_[26.08]F_V_JD멜_인지_쫀득바출시_바이럴형_정보전달형_main.렉카_식품업계미투제품.X_스틱바P_황경원_260827_빙과_정요한.mp4,9794,0,20620.0,0,2442,인지
2026-09-11,1874370094864626,[빙과_스틱바]_쫀득바_인지2_video,[멜론] 무디 파트너십 광고 (26년 10월까지만 활용 가능),bbuni_sol_0lW2JXmG.mp4_bbuni_sol,1988,0,7483.0,0,1271,인지
2026-09-11,1874030323030129,[빙과_스틱바]_쫀득바_인지2_video,[멜론] 인플루언서형_6.3W,[26.06]F_V_JD멜_인지_상시_인플루언서형_인플루언서형.인지_main.릴스_공통.X_1P_문선정_260619_빙과_이수민_OcQS8Jtk.mp4_Copy 3 of [26.06]F_V_JD멜_인지_상시_인플루언서형_인플루언서형.인지_main.릴스_공통.X_1P_문선정_260619_빙과_이수민,52,0,70.0,0,13,인지
2026-09-11,1873959600941425,[빙과_스틱바]_쫀득바_인지2_video,[멜론] 인플루언서형_6.3W,[26.06]F_V_JD멜_인지_상시_인플루언서형_인플루언서형.인지_var1.릴스_쫀득 후킹.X_1P_문선정_260619_빙과_이수민_HCZXPTgo.mp4_[26.06]F_V_JD멜_인지_상시_인플루언서형_인플루언서형.인지_var1.릴스_쫀득 후킹.X_1P_문선정_260619_빙과_이수민,98,0,202.0,0,42,인지
2026-09-11,1876022394378385,[빙과_스틱바]_복쫀바_인지2_video,[3SKU] [09.11]쫀득바3종_차먹방노현경,7684187716040671253_[26.09]F_V_JD혼_전환_복쫀바출시_인물리뷰형_차먹방_main.릴스_차먹방.X_스틱바P_노현경_260911_빙과_노현경,36515,0,60387.0,0,12801,인지
2026-09-11,1873959568365938,[빙과_스틱바]_쫀득바_인지2_video,[멜론] 부자들만먹는_6.4W,[26.06]F_V_JD멜_인지_쫀득바출시_신규BP_먹방형_var3.릴스_5만원멜론.X_1P_문선정_260626_빙과_이수민_4jVCt9QI.mp4_[26.06]F_V_JD멜_인지_쫀득바출시_신규BP_먹방형_var3.릴스_5만원멜론.X_1P_문선정_260626_빙과_이수민,25,0,5.0,0,2,인지
2026-09-11,1873959567272305,[빙과_스틱바]_쫀득바_인지2_video,[멜론] 부자들만먹는_6.4W,[26.06]F_V_JD멜_인지_쫀득바출시_신규BP_먹방형_var4.릴스_숏.X_1P_문선정_260626_빙과_이수민_51lK2MkR.mp4_[26.06]F_V_JD멜_인지_쫀득바출시_신규BP_먹방형_var4.릴스_숏.X_1P_문선정_260626_빙과_이수민,192,0,410.0,0,66,인지
2026-09-11,1873959679955250,[빙과_스틱바]_쫀득바_인지2_video,[멜론] 인물리뷰(1)_6.3W,[26.06]F_V_JD멜_인지_쫀득바출시_인물리뷰형_인물리뷰형_main.릴스_샀어요.X_2P_고가영_260612_빙과_유영현_ay8jLH2u.mp4_[26.06]F_V_JD멜_인지_쫀득바출시_인물리뷰형_인물리뷰형_main.릴스_샀어요.X_2P_고가영_260612_빙과_유영현,28,0,86.0,0,12,인지
2026-09-11,1875422375583826,[빙과_스틱바]_복쫀바_인지2_video,[복숭아] 8월4주차_맛인지_노현경,_26.08_F_V_JD__________var6.__1_.X__P___260828_____d81b8c5f2f85.mp4_[26.08]F_V_JD복_인지_복쫀바출시_맛인지형_오먹_var6.릴스_1위.X_스틱바P_이재원_260828_빙과_노현경.mp4,68,0,168.0,0,25,인지
2026-09-11,1876009558439089,[빙과_스틱바]_복쫀바_인지2_video,[3SKU] 9월 2주_정보전달형_정요한,7684135117962805268__26.09_F_V_JD혼_인지_복쫀바출시_바이럴형_정보전달형_main.렉카_못사게막는이유.X_스틱바P_김바다_260910_빙과_정요한,24277,0,18911.0,0,4208,인지
2026-09-11,1873959649053697,[빙과_스틱바]_쫀득바_인지2_video,[멜론] 인물리뷰(2)_6.3W,[26.06]F_V_JD멜_인지_쫀득바출시_인물리뷰형_렉카형_var3.릴스_상단.조회수.X_2P_고가영_260612_빙과_김지연_o3Oil7XF.mp4_[26.06]F_V_JD멜_인지_쫀득바출시_인물리뷰형_렉카형_var3.릴스_상단.조회수.X_2P_고가영_260612_빙과_김지연,20,0,45.0,0,9,인지
2026-09-11,1874762142926161,[빙과_스틱바]_복쫀바_인지2_video,[복숭아] 8월4주차_맛인지_노현경,_26.08_F_V_JD__________var5.___.X__P___260828_____f7aba5a3a3f8.mp4_[26.08]F_V_JD복_인지_복쫀바출시_맛인지형_오먹_var5.릴스_생그릭요거트.X_스틱바P_이재원_260828_빙과_노현경.mp4,1232,0,2284.0,0,258,인지
2026-09-11,1874370091722833,[빙과_스틱바]_쫀득바_인지2_video,[멜론] 무디 파트너십 광고 (26년 10월까지만 활용 가능),payforyouth__j28UIP7Q.mp4_payforyouth_,99,0,301.0,0,42,인지
2026-09-11,1873959509314913,[빙과_스틱바]_쫀득바_인지2_video,[멜론] 일본원정템_7.1W,[26.07]F_V_JD멜_인지_쫀득바출시_신규BP_외부BP_var1.릴스_메인.일반브금.X_2P_문선정_260703_빙과_이하림_WTZLraDf.mp4_[26.07]F_V_JD멜_인지_쫀득바출시_신규BP_외부BP_var1.릴스_메인.일반브금.X_2P_문선정_260703_빙과_이하림,926,0,1347.0,0,239,인지
2026-09-11,1873959662058609,[빙과_스틱바]_쫀득바_인지2_video,[멜론] 요거트바BP_6.3W,[26.06]F_V_JD멜_인지_쫀득바출시_인물리뷰형_편의점원정_var4.릴스_대세감.X_1P_문선정_260612_빙과_정요한_dTrqo0s9.mp4_[26.06]F_V_JD멜_인지_쫀득바출시_인물리뷰형_편의점원정_var4.릴스_대세감.X_1P_문선정_260612_빙과_정요한,13,0,10.0,0,1,인지
2026-09-11,1873959679955218,[빙과_스틱바]_쫀득바_인지2_video,[멜론] 인물리뷰(1)_6.3W,[26.06]F_V_JD멜_인지_쫀득바출시_인물리뷰형_인물리뷰형_var1.릴스_블랙바.X_2P_고가영_260612_빙과_유영현_bKsUmrtE.mp4_[26.06]F_V_JD멜_인지_쫀득바출시_인물리뷰형_인물리뷰형_var1.릴스_블랙바.X_2P_고가영_260612_빙과_유영현,52,0,138.0,0,25,인지
2026-09-11,1873959656457905,[빙과_스틱바]_쫀득바_인지2_video,[멜론] 요거트바BP_6.3W,[26.06]F_V_JD멜_인지_쫀득바출시_인물리뷰형_편의점원정_var2.릴스_퀄리티.X_1P_문선정_260612_빙과_정요한_F6rWEnOX.mp4_[26.06]F_V_JD멜_인지_쫀득바출시_인물리뷰형_편의점원정_var2.릴스_퀄리티.X_1P_문선정_260612_빙과_정요한,11,0,8.0,0,3,인지
2026-09-11,1873959654247474,[빙과_스틱바]_쫀득바_인지2_video,[멜론] 요거트바BP_6.3W,[26.06]F_V_JD멜_인지_쫀득바출시_인물리뷰형_편의점원정_main.릴스_공통.X_1P_문선정_260612_빙과_정요한_YkIZOlu0.mp4_[26.06]F_V_JD멜_인지_쫀득바출시_인물리뷰형_편의점원정_main.릴스_공통.X_1P_문선정_260612_빙과_정요한,97,0,293.0,0,52,인지
2026-09-11,1874762142924033,[빙과_스틱바]_복쫀바_인지2_video,[복숭아] 8월4주차_맛인지_노현경,_26.08_F_V_JD__________var3.___.X__P___260828_____1ddee9a8eb9c.mp4_[26.08]F_V_JD복_인지_복쫀바출시_맛인지형_오먹_var3.릴스_쫀득복숭아.X_스틱바P_이재원_260828_빙과_노현경.mp4,1501,0,1988.0,0,237,인지
2026-09-11,1873959502194113,[빙과_스틱바]_쫀득바_인지2_video,[멜론] 현지인도못구하는_7.1W,[26.07]F_V_JD멜_인지_쫀득바출시_인플루언서형_인플루언서형_main.릴스_비행기표취소.X_1P_문선정_260703_빙과_정하얀_6J9yLGRu.mp4_[26.07]F_V_JD멜_인지_쫀득바출시_인플루언서형_인플루언서형_main.릴스_비행기표취소.X_1P_문선정_260703_빙과_정하얀,2735,0,4007.0,0,733,인지
2026-09-11,1873959586022625,[빙과_스틱바]_쫀득바_인지2_video,[망고] 맛인지_6.3W,[26.06]F_V_JD망_인지_쫀득바출시_맛인지형_맛인지형.인지_var2.릴스_망고맛.진수.6월.수민PJ_2P_문선정_260619_빙과_김지연_85l4f3Aq.mp4_[26.06]F_V_JD망_인지_쫀득바출시_맛인지형_맛인지형.인지_var2.릴스_망고맛.진수.6월.수민PJ_2P_문선정_260619_빙과_김지연,800,0,1588.0,0,213,인지
2026-09-11,1873959509313921,[빙과_스틱바]_쫀득바_인지2_video,[멜론] 일본원정템_7.1W,[26.07]F_V_JD멜_인지_쫀득바출시_신규BP_외부BP_var2.릴스_POV.X_2P_문선정_260703_빙과_이하림_vSPVRZmI.mp4_[26.07]F_V_JD멜_인지_쫀득바출시_신규BP_외부BP_var2.릴스_POV.X_2P_문선정_260703_빙과_이하림,218,0,467.0,0,104,인지
2026-09-11,1874370090397122,[빙과_스틱바]_쫀득바_인지2_video,[멜론] 무디 파트너십 광고 (26년 10월까지만 활용 가능),minimore.927_wXMpjCo9.mp4_minimore.927,1046,0,4036.0,0,668,인지
2026-09-11,1873959502194161,[빙과_스틱바]_쫀득바_인지2_video,[멜론] 현지인도못구하는_7.1W,[26.07]F_V_JD멜_인지_쫀득바출시_인플루언서형_인플루언서형_var1.릴스_제품먼저.X_1P_문선정_260703_빙과_정하얀_gA26O49Z.mp4_[26.07]F_V_JD멜_인지_쫀득바출시_인플루언서형_인플루언서형_var1.릴스_제품먼저.X_1P_문선정_260703_빙과_정하얀,106,0,85.0,0,21,인지
2026-09-11,1873959599404161,[빙과_스틱바]_쫀득바_인지2_video,[멜론] 인플루언서형_6.3W,[26.06]F_V_JD멜_인지_상시_인플루언서형_인플루언서형.인지_var3.릴스_코어 후킹.X_1P_문선정_260619_빙과_이수민_fHo1zJ0X.mp4_[26.06]F_V_JD멜_인지_상시_인플루언서형_인플루언서형.인지_var3.릴스_코어 후킹.X_1P_문선정_260619_빙과_이수민,280,0,561.0,0,85,인지
2026-09-11,1873959662238738,[빙과_스틱바]_쫀득바_인지2_video,[멜론] 유튜버썰풀기형_6.3W,[26.06]F_V_JD멜_인지_쫀득바출시_숏츠형_유튜브읽기형_var1.릴스_1년에한달.365일.X_1P_문선정_260612_빙과_이수현_Gau8dgwA.mp4_[26.06]F_V_JD멜_인지_쫀득바출시_숏츠형_유튜브읽기형_var1.릴스_1년에한달.365일.X_1P_문선정_260612_빙과_이수현,345,0,1411.0,0,181,인지
2026-09-11,1874370060202321,[빙과_스틱바]_쫀득바_인지2_video,[멜론] 무디 파트너십 광고 (26년 10월까지만 활용 가능),eunbynko_XVZyBHut.mp4_eunbynko,143,0,283.0,0,49,인지
2026-09-11,1874370090377506,[빙과_스틱바]_쫀득바_인지2_video,[멜론] 무디 파트너십 광고 (26년 10월까지만 활용 가능),xeoj.ng_L7HK2Ueo.mp4_xeoj.ng,300,0,848.0,0,141,인지
2026-09-11,1873959559414865,[빙과_스틱바]_쫀득바_인지2_video,[멜론] 부자들만먹는_6.4W,[26.06]F_V_JD멜_인지_쫀득바출시_신규BP_먹방형_main.릴스_공통.X_1P_문선정_260626_빙과_이수민_6K4RW1kr.mp4_[26.06]F_V_JD멜_인지_쫀득바출시_신규BP_먹방형_main.릴스_공통.X_1P_문선정_260626_빙과_이수민,1420,0,2933.0,0,377,인지
2026-09-11,1874370083000546,[빙과_스틱바]_쫀득바_인지2_video,[멜론] 무디 파트너십 광고 (26년 10월까지만 활용 가능),s_eo__fit_xO7qAYSe.mp4_s_eo__fit,407,0,1298.0,0,245,인지
2026-09-11,1875410602721410,[빙과_스틱바]_복쫀바_인지2_video,[복숭아] 9월 1주차_인물리뷰_JD복,7681681809516380180__26.09_F_V_JD복_전환_복쫀바출시_인물리뷰형_써우리BP_var1.릴스_쫀득.X_스틱바P_황경원_260904_빙과_노현경,3619,0,8022.0,0,858,인지
2026-09-11,1874030333521250,[빙과_스틱바]_쫀득바_인지2_video,[멜론] 초딩유행템2_6.4W,[26.06]F_V_JD멜_인지_쫀득바출시_신규BP_써우리BP_var2.릴스_혜택.X_1P_문선정_260626_빙과_김진수_AGmDZ35w.mp4_[26.06]F_V_JD멜_인지_쫀득바출시_신규BP_써우리BP_var2.릴스_혜택.X_1P_문선정_260626_빙과_김진수,438,0,1308.0,0,195,인지
2026-09-11,1873959512707137,[빙과_스틱바]_쫀득바_인지2_video,[멜론] 일본원정템_7.1W,[26.07]F_V_JD멜_인지_쫀득바출시_신규BP_외부BP_var3.릴스_화내기.X_2P_문선정_260703_빙과_이하림_G6x0joRE.mp4_[26.07]F_V_JD멜_인지_쫀득바출시_신규BP_외부BP_var3.릴스_화내기.X_2P_문선정_260703_빙과_이하림,40,0,85.0,0,16,인지
2026-09-11,1873959559414897,[빙과_스틱바]_쫀득바_인지2_video,[멜론] 부자들만먹는_6.4W,[26.06]F_V_JD멜_인지_쫀득바출시_신규BP_먹방형_var2.릴스_먹방.X_1P_문선정_260626_빙과_이수민_jNE7zmU8.mp4_[26.06]F_V_JD멜_인지_쫀득바출시_신규BP_먹방형_var2.릴스_먹방.X_1P_문선정_260626_빙과_이수민,20,0,18.0,0,4,인지
2026-09-11,1873959592940658,[빙과_스틱바]_쫀득바_인지2_video,[멜론] 인플루언서형_6.3W,[26.06]F_V_JD멜_인지_상시_인플루언서형_인플루언서형.인지_var1.릴스_쫀득 후킹.X_1P_문선정_260619_빙과_이수민_HCZXPTgo.mp4_[26.06]F_V_JD멜_인지_상시_인플루언서형_인플루언서형.인지_var1.릴스_쫀득 후킹.X_1P_문선정_260619_빙과_이수민,43,0,87.0,0,17,인지
2026-09-11,1874030330240002,[빙과_스틱바]_쫀득바_인지2_video,[망고] 맛인지_6.3W,[26.06]F_V_JD망_인지_쫀득바출시_맛인지형_맛인지형.인지_var4.릴스_혜택.진수.6월.수민PJ_2P_문선정_260619_빙과_김지연_6H8Mjtxm.mp4_[26.06]F_V_JD망_인지_쫀득바출시_맛인지형_맛인지형.인지_var4.릴스_혜택.진수.6월.수민PJ_2P_문선정_260619_빙과_김지연,17,0,36.0,0,7,인지
2026-09-11,1874476587075634,[빙과_스틱바]_쫀득바_인지2_video,[멜론] 무디 파트너십 광고 (26년 10월까지만 활용 가능),okindflower_tiktok_16x9_F9pfKXPt.mp4_okindflower,3532,0,13747.0,0,2121,인지
2026-09-11,1873959606553874,[빙과_스틱바]_쫀득바_인지2_video,[멜론] 수박BP_6.3W,[26.06]F_V_JD멜_인지_쫀득바출시_맛인지형_수박BP_var1.릴스_저샀어요.X_1P_김유진_260619_빙과_정하얀_KxT2Mrn4.mp4_[26.06]F_V_JD멜_인지_쫀득바출시_맛인지형_수박BP_var1.릴스_저샀어요.X_1P_김유진_260619_빙과_정하얀,78,0,188.0,0,39,인지
2026-09-11,1875410341846145,[빙과_스틱바]_복쫀바_인지2_video,[복숭아] 9월 1주_납작복숭아(백정우베BP)_JD복,7681680730522681365__26.09_F_V_JD복_인지_복쫀바출시_신규BP_백정BP_main.릴스_납작복숭아.X_스틱바P_황경원_260904_빙과_정요한,51332,0,105752.0,0,12035,인지
2026-09-11,1874030321444945,[빙과_스틱바]_쫀득바_인지2_video,[멜론] 컨비니BP_6.3W,[26.06]F_V_JD멜_인지_쫀득바출시_제조과정형_컨비니BP_var5.릴스_공통.할인.X_1P_김유진_260619_빙과_정요한_7cNBXRYq.mp4_[26.06]F_V_JD멜_인지_쫀득바출시_제조과정형_컨비니BP_var5.릴스_공통.할인.X_1P_김유진_260619_빙과_정요한,48,0,131.0,0,25,인지
2026-09-11,1874370092553873,[빙과_스틱바]_쫀득바_인지2_video,[멜론] 무디 파트너십 광고 (26년 10월까지만 활용 가능),riverbinn_N8nEPrUl.mp4_riverbinn,1147,0,2676.0,0,403,인지
2026-09-11,1873959601100177,[빙과_스틱바]_쫀득바_인지2_video,[멜론] 인플루언서형_6.3W,[26.06]F_V_JD멜_인지_상시_인플루언서형_인플루언서형.인지_var2.릴스_대세감.X_1P_문선정_260619_빙과_이수민_Bwvr3K0z.mp4_[26.06]F_V_JD멜_인지_상시_인플루언서형_인플루언서형.인지_var2.릴스_대세감.X_1P_문선정_260619_빙과_이수민,70,0,89.0,0,15,인지
2026-09-11,1873959685405714,[빙과_스틱바]_쫀득바_인지2_video,[멜론] 인물리뷰(1)_6.3W,[26.06]F_V_JD멜_인지_쫀득바출시_인물리뷰형_인물리뷰형_var2.릴스_대세감.X_2P_고가영_260612_빙과_유영현_JSgYoFLC.mp4_[26.06]F_V_JD멜_인지_쫀득바출시_인물리뷰형_인물리뷰형_var2.릴스_대세감.X_2P_고가영_260612_빙과_유영현,47,0,43.0,0,8,인지
2026-09-11,1874030341331282,[빙과_스틱바]_쫀득바_인지2_video,[멜론] 전세계에서일본에만_7.1W,[26.07]F_V_JD멜_인지_쫀득바출시_인물리뷰형_인물리뷰형_var1.릴스_상단.국내출시.X_2P_문선정_260703_빙과_유영현_hYJso2jc.mp4_[26.07]F_V_JD멜_인지_쫀득바출시_인물리뷰형_인물리뷰형_var1.릴스_상단.국내출시.X_2P_문선정_260703_빙과_유영현,817,0,752.0,0,169,인지
2026-09-11,1873959576604178,[빙과_스틱바]_쫀득바_인지2_video,[멜론] 써우리BP_6.4W,[26.06]F_V_JD멜_인지_쫀득바출시_맛인지형_맛인지형.인지_var4.릴스_노을멜론.X_1P_문선정_260612_빙과_이수민_c8GfOUgM.mp4_[26.06]F_V_JD멜_인지_쫀득바출시_맛인지형_맛인지형.인지_var4.릴스_노을멜론.X_1P_문선정_260612_빙과_이수민,62,0,113.0,0,13,인지
2026-09-11,1874370084620641,[빙과_스틱바]_쫀득바_인지2_video,[멜론] 무디 파트너십 광고 (26년 10월까지만 활용 가능),suj_43_2u1JOHAq.mp4_suj_43,1336,0,2593.0,0,308,인지
2026-09-11,1874759704807857,[빙과_스틱바]_쫀득바_인지2_video,[멜론쫀득바] [26.08] 인지_바이럴형_백정BP바이럴화_정요한,[26.08]F_V_JD멜_인지_쫀득바출시_바이럴형_ai형_main.렉카_식품업계미투제품.X_스틱바P_황경원_260828_빙과_정요한.mp4_[26.08]F_V_JD멜_인지_쫀득바출시_바이럴형_ai형_main.렉카_식품업계미투제품.X_스틱바P_황경원_260828_빙과_정요한.mp4,33219,0,75720.0,0,8585,인지
2026-09-11,1874762145489089,[빙과_스틱바]_복쫀바_인지2_video,[복숭아] 8월4주차_맛인지_노현경,_26.08_F_V_JD__________var2.___.X__P___260828_____808ac332390d.mp4_[26.08]F_V_JD복_인지_복쫀바출시_맛인지형_오먹_var2.릴스_후숙복숭아.X_스틱바P_이재원_260828_빙과_노현경.mp4,65,0,57.0,0,8,인지
2026-09-11,1875228150877506,[빙과_스틱바]_복쫀바_인지2_video,[복숭아] 파트너십 PA,먹리니_PA_J9Tn6Pyz.mp4_먹리니 PA,6375,0,15045.0,0,1912,인지
2026-09-11,1873959681209441,[빙과_스틱바]_쫀득바_인지2_video,[멜론] 인물리뷰(1)_6.3W,[26.06]F_V_JD멜_인지_쫀득바출시_인물리뷰형_인물리뷰형_var3.릴스_코어의외성.X_2P_고가영_260612_빙과_유영현_wjEIQSXr.mp4_[26.06]F_V_JD멜_인지_쫀득바출시_인물리뷰형_인물리뷰형_var3.릴스_코어의외성.X_2P_고가영_260612_빙과_유영현,35,0,75.0,0,12,인지
2026-09-11,1874030316282466,[빙과_스틱바]_쫀득바_인지2_video,[멜론] 유튜버썰풀기형_6.3W,[26.06]F_V_JD멜_인지_쫀득바출시_숏츠형_유튜브읽기형_var3.릴스_SNS도배.두쫀쿠다음.X_1P_문선정_260612_빙과_이수현_8Q64E9kb.mp4_[26.06]F_V_JD멜_인지_쫀득바출시_숏츠형_유튜브읽기형_var3.릴스_SNS도배.두쫀쿠다음.X_1P_문선정_260612_빙과_이수현,4746,0,10744.0,0,1186,인지
2026-09-11,1873959607461201,[빙과_스틱바]_쫀득바_인지2_video,[멜론] 컨비니BP_6.3W,[26.06]F_V_JD멜_인지_쫀득바출시_제조과정형_컨비니BP_var4.릴스_공통.X_1P_김유진_260619_빙과_정요한_9WVuy24o.mp4_[26.06]F_V_JD멜_인지_쫀득바출시_제조과정형_컨비니BP_var4.릴스_공통.X_1P_김유진_260619_빙과_정요한,21,0,66.0,0,12,인지
2026-09-11,1873959572271185,[빙과_스틱바]_쫀득바_인지2_video,[멜론] 써우리BP_6.4W,[26.06]F_V_JD멜_인지_쫀득바출시_맛인지형_맛인지형.인지_var1.릴스_왁뿌볼.X_1P_문선정_260612_빙과_이수민_EwQB6yWu.mp4_[26.06]F_V_JD멜_인지_쫀득바출시_맛인지형_맛인지형.인지_var1.릴스_왁뿌볼.X_1P_문선정_260612_빙과_이수민,70,0,105.0,0,14,인지
2026-09-11,1874476587671650,[빙과_스틱바]_쫀득바_인지2_video,[멜론] 무디 파트너십 광고 (26년 10월까지만 활용 가능),xcvijy_TySpdgnO.mp4_xcvijy,13482,0,24900.0,0,3187,인지
2026-09-11,1874762142929441,[빙과_스틱바]_복쫀바_인지2_video,[복숭아] 8월4주차_맛인지_노현경,_26.08_F_V_JD__________var7.___.X__P___260828_____ca0f6be6a99e.mp4_[26.08]F_V_JD복_인지_복쫀바출시_맛인지형_오먹_var7.릴스_유럽.X_스틱바P_이재원_260828_빙과_노현경.mp4,124,0,165.0,0,21,인지
2026-09-11,1876009532262641,[빙과_스틱바]_복쫀바_인지2_video,[3SKU] 9월 2주_정보전달형_정요한,7684134973299212309__26.09_F_V_JD혼_인지_복쫀바출시_바이럴형_정보전달형_var1.렉카_품절되면.X_스틱바P_김바다_260910_빙과_정요한,53335,0,87627.0,0,16840,인지
2026-09-11,1874371832550769,[빙과_스틱바]_쫀득바_인지2_video,[멜론] 무디 파트너십 광고 (26년 10월까지만 활용 가능),doyouknow_omg_MfVCQSX8.mp4_doyouknow_omg,368,0,602.0,0,95,인지
2026-09-11,1875662209285522,[빙과_스틱바]_쫀득바_인지2_video,[멜론] 무디 파트너십 광고 (26년 10월까지만 활용 가능),zzung_184.mp4_zzung_184.mp4,5796,0,13476.0,0,1580,인지
2026-09-11,1874370068335249,[빙과_스틱바]_쫀득바_인지2_video,[멜론] 무디 파트너십 광고 (26년 10월까지만 활용 가능),cmonprefere__k_Hx4qLXWs.mp4_cmonprefere__k,436,0,1068.0,0,140,인지
2026-09-11,1874370076917153,[빙과_스틱바]_쫀득바_인지2_video,[멜론] 무디 파트너십 광고 (26년 10월까지만 활용 가능),niker_jaen_dE0hLqZD.mp4_niker_jaen,2377,0,7903.0,0,1240,인지
2026-09-11,1874762145489121,[빙과_스틱바]_복쫀바_인지2_video,[복숭아] 8월4주차_맛인지_노현경,_26.08_F_V_JD__________var4.__100_.X__P___260828_____fd8396e09804.mp4_[26.08]F_V_JD복_인지_복쫀바출시_맛인지형_오먹_var4.릴스_100프로복숭아농축액.X_스틱바P_이재원_260828_빙과_노현경.mp4,306,0,594.0,0,73,인지
2026-09-11,1873959610749169,[빙과_스틱바]_쫀득바_인지2_video,[멜론] 컨비니BP_6.3W,[26.06]F_V_JD멜_인지_쫀득바출시_제조과정형_컨비니BP_var7.릴스_왁뿌볼.X_1P_김유진_260619_빙과_정요한_ibKZerQN.mp4_[26.06]F_V_JD멜_인지_쫀득바출시_제조과정형_컨비니BP_var7.릴스_왁뿌볼.X_1P_김유진_260619_빙과_정요한,225,0,362.0,0,44,인지
2026-09-11,1875122824693297,[빙과_스틱바]_쫀득바_인지2_video,[멜론] 닥터후,[26.08]F_V_JD멜_인지_쫀득바출시_바이럴형_권위 설득형_main.렉카_닥터후.500만 틱톡커가 먹어본 초딩 유행템_.X_스틱바P_김바다_260826_빙과_김도희_TrglhEwL.mp4_[26.08]F_V_JD멜_인지_쫀득바출시_바이럴형_권위 설득형_main.렉카_닥터후.500만 틱톡커가 먹어본 초딩 유행템_.X_스틱바P_김바다_260826_빙과_김도희,4668,0,9242.0,0,1050,인지
2026-09-12,1874370060202321,[빙과_스틱바]_쫀득바_인지2_video,[멜론] 무디 파트너십 광고 (26년 10월까지만 활용 가능),eunbynko_XVZyBHut.mp4_eunbynko,179,0,591.0,0,119,인지
2026-09-12,1874370076917153,[빙과_스틱바]_쫀득바_인지2_video,[멜론] 무디 파트너십 광고 (26년 10월까지만 활용 가능),niker_jaen_dE0hLqZD.mp4_niker_jaen,1854,0,5873.0,0,1161,인지
2026-09-12,1873959662058609,[빙과_스틱바]_쫀득바_인지2_video,[멜론] 요거트바BP_6.3W,[26.06]F_V_JD멜_인지_쫀득바출시_인물리뷰형_편의점원정_var4.릴스_대세감.X_1P_문선정_260612_빙과_정요한_dTrqo0s9.mp4_[26.06]F_V_JD멜_인지_쫀득바출시_인물리뷰형_편의점원정_var4.릴스_대세감.X_1P_문선정_260612_빙과_정요한,42,0,76.0,0,14,인지
2026-09-12,1874370083000546,[빙과_스틱바]_쫀득바_인지2_video,[멜론] 무디 파트너십 광고 (26년 10월까지만 활용 가능),s_eo__fit_xO7qAYSe.mp4_s_eo__fit,328,0,990.0,0,231,인지
2026-09-12,1873959656457905,[빙과_스틱바]_쫀득바_인지2_video,[멜론] 요거트바BP_6.3W,[26.06]F_V_JD멜_인지_쫀득바출시_인물리뷰형_편의점원정_var2.릴스_퀄리티.X_1P_문선정_260612_빙과_정요한_F6rWEnOX.mp4_[26.06]F_V_JD멜_인지_쫀득바출시_인물리뷰형_편의점원정_var2.릴스_퀄리티.X_1P_문선정_260612_빙과_정요한,25,0,79.0,0,14,인지
2026-09-12,1873959654248546,[빙과_스틱바]_쫀득바_인지2_video,[멜론] 요거트바BP_6.3W,[26.06]F_V_JD멜_인지_쫀득바출시_인물리뷰형_편의점원정_var1.릴스_맛.X_1P_문선정_260612_빙과_정요한_USPOMvkw.mp4_[26.06]F_V_JD멜_인지_쫀득바출시_인물리뷰형_편의점원정_var1.릴스_맛.X_1P_문선정_260612_빙과_정요한,61,0,52.0,0,14,인지
2026-09-12,1873959568365938,[빙과_스틱바]_쫀득바_인지2_video,[멜론] 부자들만먹는_6.4W,[26.06]F_V_JD멜_인지_쫀득바출시_신규BP_먹방형_var3.릴스_5만원멜론.X_1P_문선정_260626_빙과_이수민_4jVCt9QI.mp4_[26.06]F_V_JD멜_인지_쫀득바출시_신규BP_먹방형_var3.릴스_5만원멜론.X_1P_문선정_260626_빙과_이수민,5,0,9.0,0,2,인지
2026-09-12,1874371832550769,[빙과_스틱바]_쫀득바_인지2_video,[멜론] 무디 파트너십 광고 (26년 10월까지만 활용 가능),doyouknow_omg_MfVCQSX8.mp4_doyouknow_omg,250,0,652.0,0,127,인지
2026-09-12,1873959662238738,[빙과_스틱바]_쫀득바_인지2_video,[멜론] 유튜버썰풀기형_6.3W,[26.06]F_V_JD멜_인지_쫀득바출시_숏츠형_유튜브읽기형_var1.릴스_1년에한달.365일.X_1P_문선정_260612_빙과_이수현_Gau8dgwA.mp4_[26.06]F_V_JD멜_인지_쫀득바출시_숏츠형_유튜브읽기형_var1.릴스_1년에한달.365일.X_1P_문선정_260612_빙과_이수현,20,0,50.0,0,11,인지
2026-09-12,1873959592940658,[빙과_스틱바]_쫀득바_인지2_video,[멜론] 인플루언서형_6.3W,[26.06]F_V_JD멜_인지_상시_인플루언서형_인플루언서형.인지_var1.릴스_쫀득 후킹.X_1P_문선정_260619_빙과_이수민_HCZXPTgo.mp4_[26.06]F_V_JD멜_인지_상시_인플루언서형_인플루언서형.인지_var1.릴스_쫀득 후킹.X_1P_문선정_260619_빙과_이수민,77,0,156.0,0,30,인지
2026-09-12,1874030333521250,[빙과_스틱바]_쫀득바_인지2_video,[멜론] 초딩유행템2_6.4W,[26.06]F_V_JD멜_인지_쫀득바출시_신규BP_써우리BP_var2.릴스_혜택.X_1P_문선정_260626_빙과_김진수_AGmDZ35w.mp4_[26.06]F_V_JD멜_인지_쫀득바출시_신규BP_써우리BP_var2.릴스_혜택.X_1P_문선정_260626_빙과_김진수,324,0,536.0,0,104,인지
2026-09-12,1874030316282466,[빙과_스틱바]_쫀득바_인지2_video,[멜론] 유튜버썰풀기형_6.3W,[26.06]F_V_JD멜_인지_쫀득바출시_숏츠형_유튜브읽기형_var3.릴스_SNS도배.두쫀쿠다음.X_1P_문선정_260612_빙과_이수현_8Q64E9kb.mp4_[26.06]F_V_JD멜_인지_쫀득바출시_숏츠형_유튜브읽기형_var3.릴스_SNS도배.두쫀쿠다음.X_1P_문선정_260612_빙과_이수현,47,0,118.0,0,26,인지
2026-09-12,1874370084620641,[빙과_스틱바]_쫀득바_인지2_video,[멜론] 무디 파트너십 광고 (26년 10월까지만 활용 가능),suj_43_2u1JOHAq.mp4_suj_43,297,0,590.0,0,102,인지
2026-09-12,1873959526530274,[빙과_스틱바]_쫀득바_인지2_video,[멜론] 책상네고 대체_6.4W,[26.06]F_V_JD멜_인지_쫀득바출시_기타_비하인드썰풀기_var1.릴스_짤림후킹.X_1P_김유진_260626_빙과_강다빈_N8xnAoaE.mp4_[26.06]F_V_JD멜_인지_쫀득바출시_기타_비하인드썰풀기_var1.릴스_짤림후킹.X_1P_김유진_260626_빙과_강다빈,602,0,501.0,0,109,인지
2026-09-12,1874370068335249,[빙과_스틱바]_쫀득바_인지2_video,[멜론] 무디 파트너십 광고 (26년 10월까지만 활용 가능),cmonprefere__k_Hx4qLXWs.mp4_cmonprefere__k,154,0,401.0,0,73,인지
2026-09-12,1873959526530242,[빙과_스틱바]_쫀득바_인지2_video,[멜론] 책상네고 대체_6.4W,[26.06]F_V_JD멜_인지_쫀득바출시_기타_비하인드썰풀기_var2.릴스_POV.X_1P_김유진_260626_빙과_강다빈_dvNEWTwx.mp4_[26.06]F_V_JD멜_인지_쫀득바출시_기타_비하인드썰풀기_var2.릴스_POV.X_1P_김유진_260626_빙과_강다빈,313,0,501.0,0,104,인지
2026-09-12,1874030341331282,[빙과_스틱바]_쫀득바_인지2_video,[멜론] 전세계에서일본에만_7.1W,[26.07]F_V_JD멜_인지_쫀득바출시_인물리뷰형_인물리뷰형_var1.릴스_상단.국내출시.X_2P_문선정_260703_빙과_유영현_hYJso2jc.mp4_[26.07]F_V_JD멜_인지_쫀득바출시_인물리뷰형_인물리뷰형_var1.릴스_상단.국내출시.X_2P_문선정_260703_빙과_유영현,427,0,536.0,0,111,인지
2026-09-12,1873959592941730,[빙과_스틱바]_쫀득바_인지2_video,[멜론] 인플루언서형_6.3W,[26.06]F_V_JD멜_인지_상시_인플루언서형_인플루언서형.인지_main.릴스_공통.X_1P_문선정_260619_빙과_이수민_OcQS8Jtk.mp4_[26.06]F_V_JD멜_인지_상시_인플루언서형_인플루언서형.인지_var2.릴스_대세감.X_1P_문선정_260619_빙과_이수민,36,0,61.0,0,13,인지
2026-09-12,1873959582885234,[빙과_스틱바]_쫀득바_인지2_video,[망고] 맛인지_6.3W,[26.06]F_V_JD망_인지_쫀득바출시_맛인지형_맛인지형.인지_var1.릴스_젤리식감.진수.6월.수민PJ_2P_문선정_260619_빙과_김지연_oqUjrN9C.mp4_[26.06]F_V_JD망_인지_쫀득바출시_맛인지형_맛인지형.인지_var1.릴스_젤리식감.진수.6월.수민PJ_2P_문선정_260619_빙과_김지연,3,0,4.0,0,1,인지
2026-09-12,1873959645921585,[빙과_스틱바]_쫀득바_인지2_video,[멜론] 인물리뷰(2)_6.3W,[26.06]F_V_JD멜_인지_쫀득바출시_인물리뷰형_렉카형_var1.릴스_1년멜론.X_2P_고가영_260612_빙과_김지연_Vfw93Dij.mp4_[26.06]F_V_JD멜_인지_쫀득바출시_인물리뷰형_렉카형_var1.릴스_1년멜론.X_2P_고가영_260612_빙과_김지연,62,0,145.0,0,33,인지
2026-09-12,1874030317649217,[빙과_스틱바]_쫀득바_인지2_video,[멜론] 인물리뷰(2)_6.3W,[26.06]F_V_JD멜_인지_쫀득바출시_인물리뷰형_렉카형_var2.릴스_상단.대세감.X_2P_고가영_260612_빙과_김지연_uJ2PiCGN.mp4_[26.06]F_V_JD멜_인지_쫀득바출시_인물리뷰형_렉카형_var2.릴스_상단.대세감.X_2P_고가영_260612_빙과_김지연,208,0,396.0,0,78,인지
2026-09-12,1873959596195153,[빙과_스틱바]_쫀득바_인지2_video,[멜론] 인플루언서형_6.3W,[26.06]F_V_JD멜_인지_상시_인플루언서형_인플루언서형.인지_main.릴스_공통.X_1P_문선정_260619_빙과_이수민_OcQS8Jtk.mp4_[26.06]F_V_JD멜_인지_상시_인플루언서형_인플루언서형.인지_main.릴스_공통.X_1P_문선정_260619_빙과_이수민,53,0,101.0,0,25,인지
2026-09-12,1873959645922641,[빙과_스틱바]_쫀득바_인지2_video,[멜론] 인물리뷰(2)_6.3W,[26.06]F_V_JD멜_인지_쫀득바출시_인물리뷰형_렉카형_main.릴스_공통.X_2P_고가영_260612_빙과_김지연_bRJKpluY.mp4_[26.06]F_V_JD멜_인지_쫀득바출시_인물리뷰형_렉카형_main.릴스_공통.X_2P_고가영_260612_빙과_김지연,50,0,85.0,0,19,인지
2026-09-12,1873959681209441,[빙과_스틱바]_쫀득바_인지2_video,[멜론] 인물리뷰(1)_6.3W,[26.06]F_V_JD멜_인지_쫀득바출시_인물리뷰형_인물리뷰형_var3.릴스_코어의외성.X_2P_고가영_260612_빙과_유영현_wjEIQSXr.mp4_[26.06]F_V_JD멜_인지_쫀득바출시_인물리뷰형_인물리뷰형_var3.릴스_코어의외성.X_2P_고가영_260612_빙과_유영현,25,0,52.0,0,11,인지
2026-09-12,1875662207350850,[빙과_스틱바]_쫀득바_인지2_video,[멜론] 무디 파트너십 광고 (26년 10월까지만 활용 가능),myhoney_717.mp4_myhoney_717.mp4,2093,0,3973.0,0,877,인지
2026-09-12,1874030338066737,[빙과_스틱바]_쫀득바_인지2_video,[멜론] 현지인도못구하는_7.1W,[26.07]F_V_JD멜_인지_쫀득바출시_인플루언서형_인플루언서형_var2.릴스_인물먼저.X_1P_문선정_260703_빙과_정하얀_JOamzo0T.mp4_[26.07]F_V_JD멜_인지_쫀득바출시_인플루언서형_인플루언서형_var2.릴스_인물먼저.X_1P_문선정_260703_빙과_정하얀,71,0,85.0,0,20,인지
2026-09-12,1874030313976066,[빙과_스틱바]_쫀득바_인지2_video,[멜론] 인물리뷰(1)_6.3W,[26.06]F_V_JD멜_인지_쫀득바출시_인물리뷰형_인물리뷰형_var4.릴스_후킹.X_2P_고가영_260612_빙과_유영현_JfFPUknj.mp4_[26.06]F_V_JD멜_인지_쫀득바출시_인물리뷰형_인물리뷰형_var4.릴스_후킹.X_2P_고가영_260612_빙과_유영현,425,0,469.0,0,93,인지
2026-09-12,1874370092553873,[빙과_스틱바]_쫀득바_인지2_video,[멜론] 무디 파트너십 광고 (26년 10월까지만 활용 가능),riverbinn_N8nEPrUl.mp4_riverbinn,1080,0,2894.0,0,574,인지
2026-09-12,1873959648848097,[빙과_스틱바]_쫀득바_인지2_video,[멜론] 인물리뷰(2)_6.3W,[26.06]F_V_JD멜_인지_쫀득바출시_인물리뷰형_렉카형_var4.릴스_상단.판매중단.X_2P_고가영_260612_빙과_김지연_qc1ljdun.mp4_[26.06]F_V_JD멜_인지_쫀득바출시_인물리뷰형_렉카형_var4.릴스_상단.판매중단.X_2P_고가영_260612_빙과_김지연,12,0,18.0,0,3,인지
2026-09-12,1874370098478129,[빙과_스틱바]_쫀득바_인지2_video,[멜론] 무디 파트너십 광고 (26년 10월까지만 활용 가능),kdaaeng_5cY4RH6h.mp4_kdaaeng,929,0,3056.0,0,707,인지
2026-09-12,1874030323030129,[빙과_스틱바]_쫀득바_인지2_video,[멜론] 인플루언서형_6.3W,[26.06]F_V_JD멜_인지_상시_인플루언서형_인플루언서형.인지_main.릴스_공통.X_1P_문선정_260619_빙과_이수민_OcQS8Jtk.mp4_Copy 3 of [26.06]F_V_JD멜_인지_상시_인플루언서형_인플루언서형.인지_main.릴스_공통.X_1P_문선정_260619_빙과_이수민,64,0,78.0,0,15,인지
2026-09-12,1876009558439089,[빙과_스틱바]_복쫀바_인지2_video,[3SKU] 9월 2주_정보전달형_정요한,7684135117962805268__26.09_F_V_JD혼_인지_복쫀바출시_바이럴형_정보전달형_main.렉카_못사게막는이유.X_스틱바P_김바다_260910_빙과_정요한,62097,0,48772.0,0,10784,인지
2026-09-12,1873959585040561,[빙과_스틱바]_쫀득바_인지2_video,[망고] 맛인지_6.3W,[26.06]F_V_JD망_인지_쫀득바출시_맛인지형_맛인지형.인지_var3.릴스_대세감.진수.6월.수민PJ_2P_문선정_260619_빙과_김지연_694xYrHj.mp4_[26.06]F_V_JD망_인지_쫀득바출시_맛인지형_맛인지형.인지_var3.릴스_대세감.진수.6월.수민PJ_2P_문선정_260619_빙과_김지연,19,0,10.0,0,3,인지
2026-09-12,1873959673179393,[빙과_스틱바]_쫀득바_인지2_video,[멜론] 유튜버썰풀기형_6.3W,[26.06]F_V_JD멜_인지_쫀득바출시_숏츠형_유튜브읽기형_var5.릴스_업계최초.X_1P_문선정_260612_빙과_이수현_EID4Njqr.mp4_[26.06]F_V_JD멜_인지_쫀득바출시_숏츠형_유튜브읽기형_var5.릴스_업계최초.X_1P_문선정_260612_빙과_이수현,32,0,69.0,0,15,인지
2026-09-12,1874370094864626,[빙과_스틱바]_쫀득바_인지2_video,[멜론] 무디 파트너십 광고 (26년 10월까지만 활용 가능),bbuni_sol_0lW2JXmG.mp4_bbuni_sol,1278,0,4358.0,0,954,인지
2026-09-12,1876022578830433,[빙과_스틱바]_복쫀바_인지2_video,[3SKU] [09.11] 쫀득바3종_소비자검증형_정요한,7684188465168973845_[26.09] F_V_JD혼_인지_복쫀바출시_인물리뷰형_소비자검증형_var1.릴스_인트로변경.X_스틱바P_김바다_260911_빙과_정요한,256761,0,385004.0,0,81572,인지
2026-09-12,1873959574894593,[빙과_스틱바]_쫀득바_인지2_video,[멜론] 써우리BP_6.4W,[26.06]F_V_JD멜_인지_쫀득바출시_맛인지형_맛인지형.인지_var2.릴스_품절대란.X_1P_문선정_260612_빙과_이수민_X4dmxg8T.mp4_[26.06]F_V_JD멜_인지_쫀득바출시_맛인지형_맛인지형.인지_var2.릴스_품절대란.X_1P_문선정_260612_빙과_이수민,285,0,627.0,0,126,인지
2026-09-12,1873959586022625,[빙과_스틱바]_쫀득바_인지2_video,[망고] 맛인지_6.3W,[26.06]F_V_JD망_인지_쫀득바출시_맛인지형_맛인지형.인지_var2.릴스_망고맛.진수.6월.수민PJ_2P_문선정_260619_빙과_김지연_85l4f3Aq.mp4_[26.06]F_V_JD망_인지_쫀득바출시_맛인지형_맛인지형.인지_var2.릴스_망고맛.진수.6월.수민PJ_2P_문선정_260619_빙과_김지연,566,0,772.0,0,153,인지
2026-09-12,1873959649053697,[빙과_스틱바]_쫀득바_인지2_video,[멜론] 인물리뷰(2)_6.3W,[26.06]F_V_JD멜_인지_쫀득바출시_인물리뷰형_렉카형_var3.릴스_상단.조회수.X_2P_고가영_260612_빙과_김지연_o3Oil7XF.mp4_[26.06]F_V_JD멜_인지_쫀득바출시_인물리뷰형_렉카형_var3.릴스_상단.조회수.X_2P_고가영_260612_빙과_김지연,16,0,27.0,0,6,인지
2026-09-12,1873959600941425,[빙과_스틱바]_쫀득바_인지2_video,[멜론] 인플루언서형_6.3W,[26.06]F_V_JD멜_인지_상시_인플루언서형_인플루언서형.인지_var1.릴스_쫀득 후킹.X_1P_문선정_260619_빙과_이수민_HCZXPTgo.mp4_[26.06]F_V_JD멜_인지_상시_인플루언서형_인플루언서형.인지_var1.릴스_쫀득 후킹.X_1P_문선정_260619_빙과_이수민,153,0,482.0,0,100,인지
2026-09-12,1873959654247474,[빙과_스틱바]_쫀득바_인지2_video,[멜론] 요거트바BP_6.3W,[26.06]F_V_JD멜_인지_쫀득바출시_인물리뷰형_편의점원정_main.릴스_공통.X_1P_문선정_260612_빙과_정요한_YkIZOlu0.mp4_[26.06]F_V_JD멜_인지_쫀득바출시_인물리뷰형_편의점원정_main.릴스_공통.X_1P_문선정_260612_빙과_정요한,123,0,341.0,0,78,인지
2026-09-12,1873959502194113,[빙과_스틱바]_쫀득바_인지2_video,[멜론] 현지인도못구하는_7.1W,[26.07]F_V_JD멜_인지_쫀득바출시_인플루언서형_인플루언서형_main.릴스_비행기표취소.X_1P_문선정_260703_빙과_정하얀_6J9yLGRu.mp4_[26.07]F_V_JD멜_인지_쫀득바출시_인플루언서형_인플루언서형_main.릴스_비행기표취소.X_1P_문선정_260703_빙과_정하얀,454,0,682.0,0,129,인지
2026-09-12,1873959559414897,[빙과_스틱바]_쫀득바_인지2_video,[멜론] 부자들만먹는_6.4W,[26.06]F_V_JD멜_인지_쫀득바출시_신규BP_먹방형_var2.릴스_먹방.X_1P_문선정_260626_빙과_이수민_jNE7zmU8.mp4_[26.06]F_V_JD멜_인지_쫀득바출시_신규BP_먹방형_var2.릴스_먹방.X_1P_문선정_260626_빙과_이수민,21,0,6.0,0,1,인지
2026-09-12,1873959599404161,[빙과_스틱바]_쫀득바_인지2_video,[멜론] 인플루언서형_6.3W,[26.06]F_V_JD멜_인지_상시_인플루언서형_인플루언서형.인지_var3.릴스_코어 후킹.X_1P_문선정_260619_빙과_이수민_fHo1zJ0X.mp4_[26.06]F_V_JD멜_인지_상시_인플루언서형_인플루언서형.인지_var3.릴스_코어 후킹.X_1P_문선정_260619_빙과_이수민,255,0,364.0,0,71,인지
2026-09-12,1873959559414865,[빙과_스틱바]_쫀득바_인지2_video,[멜론] 부자들만먹는_6.4W,[26.06]F_V_JD멜_인지_쫀득바출시_신규BP_먹방형_main.릴스_공통.X_1P_문선정_260626_빙과_이수민_6K4RW1kr.mp4_[26.06]F_V_JD멜_인지_쫀득바출시_신규BP_먹방형_main.릴스_공통.X_1P_문선정_260626_빙과_이수민,534,0,1046.0,0,196,인지
2026-09-12,1873959679955218,[빙과_스틱바]_쫀득바_인지2_video,[멜론] 인물리뷰(1)_6.3W,[26.06]F_V_JD멜_인지_쫀득바출시_인물리뷰형_인물리뷰형_var1.릴스_블랙바.X_2P_고가영_260612_빙과_유영현_bKsUmrtE.mp4_[26.06]F_V_JD멜_인지_쫀득바출시_인물리뷰형_인물리뷰형_var1.릴스_블랙바.X_2P_고가영_260612_빙과_유영현,33,0,51.0,0,12,인지
2026-09-12,1874030330240002,[빙과_스틱바]_쫀득바_인지2_video,[망고] 맛인지_6.3W,[26.06]F_V_JD망_인지_쫀득바출시_맛인지형_맛인지형.인지_var4.릴스_혜택.진수.6월.수민PJ_2P_문선정_260619_빙과_김지연_6H8Mjtxm.mp4_[26.06]F_V_JD망_인지_쫀득바출시_맛인지형_맛인지형.인지_var4.릴스_혜택.진수.6월.수민PJ_2P_문선정_260619_빙과_김지연,23,0,9.0,0,3,인지
2026-09-12,1873959512707137,[빙과_스틱바]_쫀득바_인지2_video,[멜론] 일본원정템_7.1W,[26.07]F_V_JD멜_인지_쫀득바출시_신규BP_외부BP_var3.릴스_화내기.X_2P_문선정_260703_빙과_이하림_G6x0joRE.mp4_[26.07]F_V_JD멜_인지_쫀득바출시_신규BP_외부BP_var3.릴스_화내기.X_2P_문선정_260703_빙과_이하림,12,0,5.0,0,1,인지
2026-09-12,1873959509313921,[빙과_스틱바]_쫀득바_인지2_video,[멜론] 일본원정템_7.1W,[26.07]F_V_JD멜_인지_쫀득바출시_신규BP_외부BP_var2.릴스_POV.X_2P_문선정_260703_빙과_이하림_vSPVRZmI.mp4_[26.07]F_V_JD멜_인지_쫀득바출시_신규BP_외부BP_var2.릴스_POV.X_2P_문선정_260703_빙과_이하림,106,0,198.0,0,43,인지
2026-09-12,1873959606553874,[빙과_스틱바]_쫀득바_인지2_video,[멜론] 수박BP_6.3W,[26.06]F_V_JD멜_인지_쫀득바출시_맛인지형_수박BP_var1.릴스_저샀어요.X_1P_김유진_260619_빙과_정하얀_KxT2Mrn4.mp4_[26.06]F_V_JD멜_인지_쫀득바출시_맛인지형_수박BP_var1.릴스_저샀어요.X_1P_김유진_260619_빙과_정하얀,195,0,294.0,0,63,인지
2026-09-12,1874370080353713,[빙과_스틱바]_쫀득바_인지2_video,[멜론] 무디 파트너십 광고 (26년 10월까지만 활용 가능),unyouu_ZQxjeUdR.mp4_unyouu,162,0,530.0,0,109,인지
2026-09-12,1874476587671650,[빙과_스틱바]_쫀득바_인지2_video,[멜론] 무디 파트너십 광고 (26년 10월까지만 활용 가능),xcvijy_TySpdgnO.mp4_xcvijy,6356,0,8211.0,0,1678,인지
2026-09-12,1873959685405714,[빙과_스틱바]_쫀득바_인지2_video,[멜론] 인물리뷰(1)_6.3W,[26.06]F_V_JD멜_인지_쫀득바출시_인물리뷰형_인물리뷰형_var2.릴스_대세감.X_2P_고가영_260612_빙과_유영현_JSgYoFLC.mp4_[26.06]F_V_JD멜_인지_쫀득바출시_인물리뷰형_인물리뷰형_var2.릴스_대세감.X_2P_고가영_260612_빙과_유영현,11,0,13.0,0,4,인지
2026-09-12,1873959511342130,[빙과_스틱바]_쫀득바_인지2_video,[멜론] 일본원정템_7.1W,[26.07]F_V_JD멜_인지_쫀득바출시_신규BP_외부BP_main.릴스_메인.키노피오브금.X_2P_문선정_260703_빙과_이하림_CMkAHnfZ.mp4_[26.07]F_V_JD멜_인지_쫀득바출시_신규BP_외부BP_main.릴스_메인.키노피오브금.X_2P_문선정_260703_빙과_이하림,77,0,248.0,0,46,인지
2026-09-12,1876009532262641,[빙과_스틱바]_복쫀바_인지2_video,[3SKU] 9월 2주_정보전달형_정요한,7684134973299212309__26.09_F_V_JD혼_인지_복쫀바출시_바이럴형_정보전달형_var1.렉카_품절되면.X_스틱바P_김바다_260910_빙과_정요한,53075,0,89172.0,0,16450,인지
2026-09-12,1873959601100177,[빙과_스틱바]_쫀득바_인지2_video,[멜론] 인플루언서형_6.3W,[26.06]F_V_JD멜_인지_상시_인플루언서형_인플루언서형.인지_var2.릴스_대세감.X_1P_문선정_260619_빙과_이수민_Bwvr3K0z.mp4_[26.06]F_V_JD멜_인지_상시_인플루언서형_인플루언서형.인지_var2.릴스_대세감.X_1P_문선정_260619_빙과_이수민,36,0,59.0,0,13,인지
2026-09-12,1874371832380434,[빙과_스틱바]_쫀득바_인지2_video,[멜론] 무디 파트너십 광고 (26년 10월까지만 활용 가능),dodoscene_9lkPTqUt.mp4_dodoscene,293,0,762.0,0,150,인지
2026-09-12,1873959560792561,[빙과_스틱바]_쫀득바_인지2_video,[멜론] 부자들만먹는_6.4W,[26.06]F_V_JD멜_인지_쫀득바출시_신규BP_먹방형_var1.릴스_쫀득.X_1P_문선정_260626_빙과_이수민_PAw0dpIV.mp4_[26.06]F_V_JD멜_인지_쫀득바출시_신규BP_먹방형_var1.릴스_쫀득.X_1P_문선정_260626_빙과_이수민,22,0,40.0,0,8,인지
2026-09-12,1876022594859298,[빙과_스틱바]_복쫀바_인지2_video,[3SKU] [09.11] 쫀득바3종_소비자검증형_정요한,7684188535930896405_[26.09] F_V_JD혼_인지_복쫀바출시_인물리뷰형_소비자검증형_main.릴스_일반.X_스틱바P_김바다_260911_빙과_정요한,812,0,2408.0,0,437,인지
2026-09-12,1875662210241730,[빙과_스틱바]_쫀득바_인지2_video,[멜론] 무디 파트너십 광고 (26년 10월까지만 활용 가능),eunring_.mp4_eunring_.mp4,2690,0,8161.0,0,1776,인지
2026-09-12,1874370063993025,[빙과_스틱바]_쫀득바_인지2_video,[멜론] 무디 파트너십 광고 (26년 10월까지만 활용 가능),ddu___0_Jb76Kdc9.mp4_ddu___0,139,0,304.0,0,57,인지
2026-09-12,1876022361442754,[빙과_스틱바]_복쫀바_인지2_video,[3SKU] [09.11]쫀득바3종_점수 매기기_노현경,7684187578426114068_[26.09] F_V_JD혼_전환_복쫀바출시_인물리뷰형_점수매기기_main.릴스_점수매기기.X_스틱바P_노현경_f64f14c2,52897,0,76469.0,0,15047,인지
2026-09-12,1873959571492482,[빙과_스틱바]_쫀득바_인지2_video,[멜론] 써우리BP_6.4W,[26.06]F_V_JD멜_인지_쫀득바출시_맛인지형_맛인지형.인지_var3.릴스_국민템 멜론바.X_1P_문선정_260612_빙과_이수민_49m1RLsV.mp4_[26.06]F_V_JD멜_인지_쫀득바출시_맛인지형_맛인지형.인지_var3.릴스_국민템 멜론바.X_1P_문선정_260612_빙과_이수민,122,0,326.0,0,67,인지
2026-09-12,1873959606553906,[빙과_스틱바]_쫀득바_인지2_video,[멜론] 수박BP_6.3W,[26.06]F_V_JD멜_인지_쫀득바출시_맛인지형_수박BP_main.릴스_1년에딱.X_1P_김유진_260619_빙과_정하얀_4WnKJzct.mp4_[26.06]F_V_JD멜_인지_쫀득바출시_맛인지형_수박BP_main.릴스_1년에딱.X_1P_김유진_260619_빙과_정하얀,205,0,363.0,0,75,인지
2026-09-12,1874370060195937,[빙과_스틱바]_쫀득바_인지2_video,[멜론] 무디 파트너십 광고 (26년 10월까지만 활용 가능),02_TbcHadv6.mp4_02,498,0,1648.0,0,364,인지
2026-09-12,1873959572271185,[빙과_스틱바]_쫀득바_인지2_video,[멜론] 써우리BP_6.4W,[26.06]F_V_JD멜_인지_쫀득바출시_맛인지형_맛인지형.인지_var1.릴스_왁뿌볼.X_1P_문선정_260612_빙과_이수민_EwQB6yWu.mp4_[26.06]F_V_JD멜_인지_쫀득바출시_맛인지형_맛인지형.인지_var1.릴스_왁뿌볼.X_1P_문선정_260612_빙과_이수민,155,0,274.0,0,51,인지
2026-09-12,1876022394378385,[빙과_스틱바]_복쫀바_인지2_video,[3SKU] [09.11]쫀득바3종_차먹방노현경,7684187716040671253_[26.09]F_V_JD혼_전환_복쫀바출시_인물리뷰형_차먹방_main.릴스_차먹방.X_스틱바P_노현경_260911_빙과_노현경,152667,0,196810.0,0,43292,인지
2026-09-12,1873959567272305,[빙과_스틱바]_쫀득바_인지2_video,[멜론] 부자들만먹는_6.4W,[26.06]F_V_JD멜_인지_쫀득바출시_신규BP_먹방형_var4.릴스_숏.X_1P_문선정_260626_빙과_이수민_51lK2MkR.mp4_[26.06]F_V_JD멜_인지_쫀득바출시_신규BP_먹방형_var4.릴스_숏.X_1P_문선정_260626_빙과_이수민,94,0,234.0,0,53,인지
2026-09-12,1873959509314913,[빙과_스틱바]_쫀득바_인지2_video,[멜론] 일본원정템_7.1W,[26.07]F_V_JD멜_인지_쫀득바출시_신규BP_외부BP_var1.릴스_메인.일반브금.X_2P_문선정_260703_빙과_이하림_WTZLraDf.mp4_[26.07]F_V_JD멜_인지_쫀득바출시_신규BP_외부BP_var1.릴스_메인.일반브금.X_2P_문선정_260703_빙과_이하림,253,0,432.0,0,81,인지
2026-09-12,1874476587075634,[빙과_스틱바]_쫀득바_인지2_video,[멜론] 무디 파트너십 광고 (26년 10월까지만 활용 가능),okindflower_tiktok_16x9_F9pfKXPt.mp4_okindflower,2107,0,5357.0,0,1136,인지
2026-09-12,1874370090377506,[빙과_스틱바]_쫀득바_인지2_video,[멜론] 무디 파트너십 광고 (26년 10월까지만 활용 가능),xeoj.ng_L7HK2Ueo.mp4_xeoj.ng,234,0,556.0,0,127,인지
2026-09-12,1873959502194161,[빙과_스틱바]_쫀득바_인지2_video,[멜론] 현지인도못구하는_7.1W,[26.07]F_V_JD멜_인지_쫀득바출시_인플루언서형_인플루언서형_var1.릴스_제품먼저.X_1P_문선정_260703_빙과_정하얀_gA26O49Z.mp4_[26.07]F_V_JD멜_인지_쫀득바출시_인플루언서형_인플루언서형_var1.릴스_제품먼저.X_1P_문선정_260703_빙과_정하얀,58,0,87.0,0,21,인지
2026-09-12,1874370091722833,[빙과_스틱바]_쫀득바_인지2_video,[멜론] 무디 파트너십 광고 (26년 10월까지만 활용 가능),payforyouth__j28UIP7Q.mp4_payforyouth_,166,0,514.0,0,100,인지
2026-09-12,1873959679955250,[빙과_스틱바]_쫀득바_인지2_video,[멜론] 인물리뷰(1)_6.3W,[26.06]F_V_JD멜_인지_쫀득바출시_인물리뷰형_인물리뷰형_main.릴스_샀어요.X_2P_고가영_260612_빙과_유영현_ay8jLH2u.mp4_[26.06]F_V_JD멜_인지_쫀득바출시_인물리뷰형_인물리뷰형_main.릴스_샀어요.X_2P_고가영_260612_빙과_유영현,23,0,48.0,0,10,인지
2026-09-12,1874370090397122,[빙과_스틱바]_쫀득바_인지2_video,[멜론] 무디 파트너십 광고 (26년 10월까지만 활용 가능),minimore.927_wXMpjCo9.mp4_minimore.927,991,0,3304.0,0,691,인지
2026-09-13,1873959648848097,[빙과_스틱바]_쫀득바_인지2_video,[멜론] 인물리뷰(2)_6.3W,[26.06]F_V_JD멜_인지_쫀득바출시_인물리뷰형_렉카형_var4.릴스_상단.판매중단.X_2P_고가영_260612_빙과_김지연_qc1ljdun.mp4_[26.06]F_V_JD멜_인지_쫀득바출시_인물리뷰형_렉카형_var4.릴스_상단.판매중단.X_2P_고가영_260612_빙과_김지연,16,0,16.0,0,3,인지
2026-09-13,1873959596195153,[빙과_스틱바]_쫀득바_인지2_video,[멜론] 인플루언서형_6.3W,[26.06]F_V_JD멜_인지_상시_인플루언서형_인플루언서형.인지_main.릴스_공통.X_1P_문선정_260619_빙과_이수민_OcQS8Jtk.mp4_[26.06]F_V_JD멜_인지_상시_인플루언서형_인플루언서형.인지_main.릴스_공통.X_1P_문선정_260619_빙과_이수민,135,0,471.0,0,101,인지
2026-09-13,1873959645922641,[빙과_스틱바]_쫀득바_인지2_video,[멜론] 인물리뷰(2)_6.3W,[26.06]F_V_JD멜_인지_쫀득바출시_인물리뷰형_렉카형_main.릴스_공통.X_2P_고가영_260612_빙과_김지연_bRJKpluY.mp4_[26.06]F_V_JD멜_인지_쫀득바출시_인물리뷰형_렉카형_main.릴스_공통.X_2P_고가영_260612_빙과_김지연,49,0,98.0,0,22,인지
2026-09-13,1873959606553906,[빙과_스틱바]_쫀득바_인지2_video,[멜론] 수박BP_6.3W,[26.06]F_V_JD멜_인지_쫀득바출시_맛인지형_수박BP_main.릴스_1년에딱.X_1P_김유진_260619_빙과_정하얀_4WnKJzct.mp4_[26.06]F_V_JD멜_인지_쫀득바출시_맛인지형_수박BP_main.릴스_1년에딱.X_1P_김유진_260619_빙과_정하얀,185,0,434.0,0,83,인지
2026-09-13,1873959572271185,[빙과_스틱바]_쫀득바_인지2_video,[멜론] 써우리BP_6.4W,[26.06]F_V_JD멜_인지_쫀득바출시_맛인지형_맛인지형.인지_var1.릴스_왁뿌볼.X_1P_문선정_260612_빙과_이수민_EwQB6yWu.mp4_[26.06]F_V_JD멜_인지_쫀득바출시_맛인지형_맛인지형.인지_var1.릴스_왁뿌볼.X_1P_문선정_260612_빙과_이수민,350,0,643.0,0,122,인지
2026-09-13,1874370063993025,[빙과_스틱바]_쫀득바_인지2_video,[멜론] 무디 파트너십 광고 (26년 10월까지만 활용 가능),ddu___0_Jb76Kdc9.mp4_ddu___0,227,0,659.0,0,127,인지
2026-09-13,1874030338066737,[빙과_스틱바]_쫀득바_인지2_video,[멜론] 현지인도못구하는_7.1W,[26.07]F_V_JD멜_인지_쫀득바출시_인플루언서형_인플루언서형_var2.릴스_인물먼저.X_1P_문선정_260703_빙과_정하얀_JOamzo0T.mp4_[26.07]F_V_JD멜_인지_쫀득바출시_인플루언서형_인플루언서형_var2.릴스_인물먼저.X_1P_문선정_260703_빙과_정하얀,65,0,116.0,0,30,인지
2026-09-13,1873959645921585,[빙과_스틱바]_쫀득바_인지2_video,[멜론] 인물리뷰(2)_6.3W,[26.06]F_V_JD멜_인지_쫀득바출시_인물리뷰형_렉카형_var1.릴스_1년멜론.X_2P_고가영_260612_빙과_김지연_Vfw93Dij.mp4_[26.06]F_V_JD멜_인지_쫀득바출시_인물리뷰형_렉카형_var1.릴스_1년멜론.X_2P_고가영_260612_빙과_김지연,61,0,173.0,0,39,인지
2026-09-13,1875662210241730,[빙과_스틱바]_쫀득바_인지2_video,[멜론] 무디 파트너십 광고 (26년 10월까지만 활용 가능),eunring_.mp4_eunring_.mp4,2825,0,8943.0,0,1847,인지
2026-09-13,1873959600941425,[빙과_스틱바]_쫀득바_인지2_video,[멜론] 인플루언서형_6.3W,[26.06]F_V_JD멜_인지_상시_인플루언서형_인플루언서형.인지_var1.릴스_쫀득 후킹.X_1P_문선정_260619_빙과_이수민_HCZXPTgo.mp4_[26.06]F_V_JD멜_인지_상시_인플루언서형_인플루언서형.인지_var1.릴스_쫀득 후킹.X_1P_문선정_260619_빙과_이수민,78,0,108.0,0,24,인지
2026-09-13,1874370094864626,[빙과_스틱바]_쫀득바_인지2_video,[멜론] 무디 파트너십 광고 (26년 10월까지만 활용 가능),bbuni_sol_0lW2JXmG.mp4_bbuni_sol,393,0,1254.0,0,301,인지
2026-09-13,1874370090377506,[빙과_스틱바]_쫀득바_인지2_video,[멜론] 무디 파트너십 광고 (26년 10월까지만 활용 가능),xeoj.ng_L7HK2Ueo.mp4_xeoj.ng,373,0,1153.0,0,253,인지
2026-09-13,1873959509313921,[빙과_스틱바]_쫀득바_인지2_video,[멜론] 일본원정템_7.1W,[26.07]F_V_JD멜_인지_쫀득바출시_신규BP_외부BP_var2.릴스_POV.X_2P_문선정_260703_빙과_이하림_vSPVRZmI.mp4_[26.07]F_V_JD멜_인지_쫀득바출시_신규BP_외부BP_var2.릴스_POV.X_2P_문선정_260703_빙과_이하림,98,0,210.0,0,52,인지
2026-09-13,1873959679955250,[빙과_스틱바]_쫀득바_인지2_video,[멜론] 인물리뷰(1)_6.3W,[26.06]F_V_JD멜_인지_쫀득바출시_인물리뷰형_인물리뷰형_main.릴스_샀어요.X_2P_고가영_260612_빙과_유영현_ay8jLH2u.mp4_[26.06]F_V_JD멜_인지_쫀득바출시_인물리뷰형_인물리뷰형_main.릴스_샀어요.X_2P_고가영_260612_빙과_유영현,48,0,84.0,0,18,인지
2026-09-13,1876009558439089,[빙과_스틱바]_복쫀바_인지2_video,[3SKU] 9월 2주_정보전달형_정요한,7684135117962805268__26.09_F_V_JD혼_인지_복쫀바출시_바이럴형_정보전달형_main.렉카_못사게막는이유.X_스틱바P_김바다_260910_빙과_정요한,4245,0,2966.0,0,651,인지
2026-09-13,1873959585040561,[빙과_스틱바]_쫀득바_인지2_video,[망고] 맛인지_6.3W,[26.06]F_V_JD망_인지_쫀득바출시_맛인지형_맛인지형.인지_var3.릴스_대세감.진수.6월.수민PJ_2P_문선정_260619_빙과_김지연_694xYrHj.mp4_[26.06]F_V_JD망_인지_쫀득바출시_맛인지형_맛인지형.인지_var3.릴스_대세감.진수.6월.수민PJ_2P_문선정_260619_빙과_김지연,13,0,19.0,0,4,인지
2026-09-13,1874476587075634,[빙과_스틱바]_쫀득바_인지2_video,[멜론] 무디 파트너십 광고 (26년 10월까지만 활용 가능),okindflower_tiktok_16x9_F9pfKXPt.mp4_okindflower,2182,0,6056.0,0,1290,인지
2026-09-13,1873959654247474,[빙과_스틱바]_쫀득바_인지2_video,[멜론] 요거트바BP_6.3W,[26.06]F_V_JD멜_인지_쫀득바출시_인물리뷰형_편의점원정_main.릴스_공통.X_1P_문선정_260612_빙과_정요한_YkIZOlu0.mp4_[26.06]F_V_JD멜_인지_쫀득바출시_인물리뷰형_편의점원정_main.릴스_공통.X_1P_문선정_260612_빙과_정요한,630,0,1755.0,0,350,인지
2026-09-13,1874030317649217,[빙과_스틱바]_쫀득바_인지2_video,[멜론] 인물리뷰(2)_6.3W,[26.06]F_V_JD멜_인지_쫀득바출시_인물리뷰형_렉카형_var2.릴스_상단.대세감.X_2P_고가영_260612_빙과_김지연_uJ2PiCGN.mp4_[26.06]F_V_JD멜_인지_쫀득바출시_인물리뷰형_렉카형_var2.릴스_상단.대세감.X_2P_고가영_260612_빙과_김지연,276,0,735.0,0,149,인지
2026-09-13,1873959502194161,[빙과_스틱바]_쫀득바_인지2_video,[멜론] 현지인도못구하는_7.1W,[26.07]F_V_JD멜_인지_쫀득바출시_인플루언서형_인플루언서형_var1.릴스_제품먼저.X_1P_문선정_260703_빙과_정하얀_gA26O49Z.mp4_[26.07]F_V_JD멜_인지_쫀득바출시_인플루언서형_인플루언서형_var1.릴스_제품먼저.X_1P_문선정_260703_빙과_정하얀,64,0,114.0,0,32,인지
2026-09-13,1876022361442754,[빙과_스틱바]_복쫀바_인지2_video,[3SKU] [09.11]쫀득바3종_점수 매기기_노현경,7684187578426114068_[26.09] F_V_JD혼_전환_복쫀바출시_인물리뷰형_점수매기기_main.릴스_점수매기기.X_스틱바P_노현경_f64f14c2,94427,0,87644.0,0,18073,인지
2026-09-13,1873959586022625,[빙과_스틱바]_쫀득바_인지2_video,[망고] 맛인지_6.3W,[26.06]F_V_JD망_인지_쫀득바출시_맛인지형_맛인지형.인지_var2.릴스_망고맛.진수.6월.수민PJ_2P_문선정_260619_빙과_김지연_85l4f3Aq.mp4_[26.06]F_V_JD망_인지_쫀득바출시_맛인지형_맛인지형.인지_var2.릴스_망고맛.진수.6월.수민PJ_2P_문선정_260619_빙과_김지연,477,0,949.0,0,197,인지
2026-09-13,1874370090397122,[빙과_스틱바]_쫀득바_인지2_video,[멜론] 무디 파트너십 광고 (26년 10월까지만 활용 가능),minimore.927_wXMpjCo9.mp4_minimore.927,378,0,1273.0,0,285,인지
2026-09-13,1873959592941730,[빙과_스틱바]_쫀득바_인지2_video,[멜론] 인플루언서형_6.3W,[26.06]F_V_JD멜_인지_상시_인플루언서형_인플루언서형.인지_main.릴스_공통.X_1P_문선정_260619_빙과_이수민_OcQS8Jtk.mp4_[26.06]F_V_JD멜_인지_상시_인플루언서형_인플루언서형.인지_var2.릴스_대세감.X_1P_문선정_260619_빙과_이수민,14,0,45.0,0,9,인지
2026-09-13,1874371832550769,[빙과_스틱바]_쫀득바_인지2_video,[멜론] 무디 파트너십 광고 (26년 10월까지만 활용 가능),doyouknow_omg_MfVCQSX8.mp4_doyouknow_omg,337,0,892.0,0,177,인지
2026-09-13,1873959654248546,[빙과_스틱바]_쫀득바_인지2_video,[멜론] 요거트바BP_6.3W,[26.06]F_V_JD멜_인지_쫀득바출시_인물리뷰형_편의점원정_var1.릴스_맛.X_1P_문선정_260612_빙과_정요한_USPOMvkw.mp4_[26.06]F_V_JD멜_인지_쫀득바출시_인물리뷰형_편의점원정_var1.릴스_맛.X_1P_문선정_260612_빙과_정요한,147,0,381.0,0,75,인지
2026-09-13,1874030330240002,[빙과_스틱바]_쫀득바_인지2_video,[망고] 맛인지_6.3W,[26.06]F_V_JD망_인지_쫀득바출시_맛인지형_맛인지형.인지_var4.릴스_혜택.진수.6월.수민PJ_2P_문선정_260619_빙과_김지연_6H8Mjtxm.mp4_[26.06]F_V_JD망_인지_쫀득바출시_맛인지형_맛인지형.인지_var4.릴스_혜택.진수.6월.수민PJ_2P_문선정_260619_빙과_김지연,54,0,95.0,0,22,인지
2026-09-13,1876009532262641,[빙과_스틱바]_복쫀바_인지2_video,[3SKU] 9월 2주_정보전달형_정요한,7684134973299212309__26.09_F_V_JD혼_인지_복쫀바출시_바이럴형_정보전달형_var1.렉카_품절되면.X_스틱바P_김바다_260910_빙과_정요한,43666,0,63813.0,0,11754,인지
2026-09-13,1873959509314913,[빙과_스틱바]_쫀득바_인지2_video,[멜론] 일본원정템_7.1W,[26.07]F_V_JD멜_인지_쫀득바출시_신규BP_외부BP_var1.릴스_메인.일반브금.X_2P_문선정_260703_빙과_이하림_WTZLraDf.mp4_[26.07]F_V_JD멜_인지_쫀득바출시_신규BP_외부BP_var1.릴스_메인.일반브금.X_2P_문선정_260703_빙과_이하림,405,0,679.0,0,124,인지
2026-09-13,1873959679955218,[빙과_스틱바]_쫀득바_인지2_video,[멜론] 인물리뷰(1)_6.3W,[26.06]F_V_JD멜_인지_쫀득바출시_인물리뷰형_인물리뷰형_var1.릴스_블랙바.X_2P_고가영_260612_빙과_유영현_bKsUmrtE.mp4_[26.06]F_V_JD멜_인지_쫀득바출시_인물리뷰형_인물리뷰형_var1.릴스_블랙바.X_2P_고가영_260612_빙과_유영현,38,0,50.0,0,12,인지
2026-09-13,1873959599404161,[빙과_스틱바]_쫀득바_인지2_video,[멜론] 인플루언서형_6.3W,[26.06]F_V_JD멜_인지_상시_인플루언서형_인플루언서형.인지_var3.릴스_코어 후킹.X_1P_문선정_260619_빙과_이수민_fHo1zJ0X.mp4_[26.06]F_V_JD멜_인지_상시_인플루언서형_인플루언서형.인지_var3.릴스_코어 후킹.X_1P_문선정_260619_빙과_이수민,181,0,271.0,0,54,인지
2026-09-13,1874370084620641,[빙과_스틱바]_쫀득바_인지2_video,[멜론] 무디 파트너십 광고 (26년 10월까지만 활용 가능),suj_43_2u1JOHAq.mp4_suj_43,375,0,836.0,0,141,인지
2026-09-13,1874370060202321,[빙과_스틱바]_쫀득바_인지2_video,[멜론] 무디 파트너십 광고 (26년 10월까지만 활용 가능),eunbynko_XVZyBHut.mp4_eunbynko,528,0,1874.0,0,394,인지
2026-09-13,1873959606553874,[빙과_스틱바]_쫀득바_인지2_video,[멜론] 수박BP_6.3W,[26.06]F_V_JD멜_인지_쫀득바출시_맛인지형_수박BP_var1.릴스_저샀어요.X_1P_김유진_260619_빙과_정하얀_KxT2Mrn4.mp4_[26.06]F_V_JD멜_인지_쫀득바출시_맛인지형_수박BP_var1.릴스_저샀어요.X_1P_김유진_260619_빙과_정하얀,347,0,681.0,0,142,인지
2026-09-13,1874370068335249,[빙과_스틱바]_쫀득바_인지2_video,[멜론] 무디 파트너십 광고 (26년 10월까지만 활용 가능),cmonprefere__k_Hx4qLXWs.mp4_cmonprefere__k,235,0,615.0,0,119,인지
2026-09-13,1873959592940658,[빙과_스틱바]_쫀득바_인지2_video,[멜론] 인플루언서형_6.3W,[26.06]F_V_JD멜_인지_상시_인플루언서형_인플루언서형.인지_var1.릴스_쫀득 후킹.X_1P_문선정_260619_빙과_이수민_HCZXPTgo.mp4_[26.06]F_V_JD멜_인지_상시_인플루언서형_인플루언서형.인지_var1.릴스_쫀득 후킹.X_1P_문선정_260619_빙과_이수민,120,0,182.0,0,38,인지
2026-09-13,1873959511342130,[빙과_스틱바]_쫀득바_인지2_video,[멜론] 일본원정템_7.1W,[26.07]F_V_JD멜_인지_쫀득바출시_신규BP_외부BP_main.릴스_메인.키노피오브금.X_2P_문선정_260703_빙과_이하림_CMkAHnfZ.mp4_[26.07]F_V_JD멜_인지_쫀득바출시_신규BP_외부BP_main.릴스_메인.키노피오브금.X_2P_문선정_260703_빙과_이하림,74,0,172.0,0,33,인지
2026-09-13,1874370080353713,[빙과_스틱바]_쫀득바_인지2_video,[멜론] 무디 파트너십 광고 (26년 10월까지만 활용 가능),unyouu_ZQxjeUdR.mp4_unyouu,237,0,839.0,0,178,인지
2026-09-13,1873959662058609,[빙과_스틱바]_쫀득바_인지2_video,[멜론] 요거트바BP_6.3W,[26.06]F_V_JD멜_인지_쫀득바출시_인물리뷰형_편의점원정_var4.릴스_대세감.X_1P_문선정_260612_빙과_정요한_dTrqo0s9.mp4_[26.06]F_V_JD멜_인지_쫀득바출시_인물리뷰형_편의점원정_var4.릴스_대세감.X_1P_문선정_260612_빙과_정요한,497,0,772.0,0,141,인지
2026-09-13,1873959560792561,[빙과_스틱바]_쫀득바_인지2_video,[멜론] 부자들만먹는_6.4W,[26.06]F_V_JD멜_인지_쫀득바출시_신규BP_먹방형_var1.릴스_쫀득.X_1P_문선정_260626_빙과_이수민_PAw0dpIV.mp4_[26.06]F_V_JD멜_인지_쫀득바출시_신규BP_먹방형_var1.릴스_쫀득.X_1P_문선정_260626_빙과_이수민,41,0,66.0,0,17,인지
2026-09-13,1874370060195937,[빙과_스틱바]_쫀득바_인지2_video,[멜론] 무디 파트너십 광고 (26년 10월까지만 활용 가능),02_TbcHadv6.mp4_02,178,0,569.0,0,124,인지
2026-09-13,1876022594859298,[빙과_스틱바]_복쫀바_인지2_video,[3SKU] [09.11] 쫀득바3종_소비자검증형_정요한,7684188535930896405_[26.09] F_V_JD혼_인지_복쫀바출시_인물리뷰형_소비자검증형_main.릴스_일반.X_스틱바P_김바다_260911_빙과_정요한,274,0,621.0,0,115,인지
2026-09-13,1874370091722833,[빙과_스틱바]_쫀득바_인지2_video,[멜론] 무디 파트너십 광고 (26년 10월까지만 활용 가능),payforyouth__j28UIP7Q.mp4_payforyouth_,526,0,1886.0,0,400,인지
2026-09-13,1874370092553873,[빙과_스틱바]_쫀득바_인지2_video,[멜론] 무디 파트너십 광고 (26년 10월까지만 활용 가능),riverbinn_N8nEPrUl.mp4_riverbinn,1413,0,4065.0,0,809,인지
2026-09-13,1874030313976066,[빙과_스틱바]_쫀득바_인지2_video,[멜론] 인물리뷰(1)_6.3W,[26.06]F_V_JD멜_인지_쫀득바출시_인물리뷰형_인물리뷰형_var4.릴스_후킹.X_2P_고가영_260612_빙과_유영현_JfFPUknj.mp4_[26.06]F_V_JD멜_인지_쫀득바출시_인물리뷰형_인물리뷰형_var4.릴스_후킹.X_2P_고가영_260612_빙과_유영현,254,0,406.0,0,88,인지
2026-09-13,1874371832380434,[빙과_스틱바]_쫀득바_인지2_video,[멜론] 무디 파트너십 광고 (26년 10월까지만 활용 가능),dodoscene_9lkPTqUt.mp4_dodoscene,594,0,1750.0,0,371,인지
2026-09-13,1873959681209441,[빙과_스틱바]_쫀득바_인지2_video,[멜론] 인물리뷰(1)_6.3W,[26.06]F_V_JD멜_인지_쫀득바출시_인물리뷰형_인물리뷰형_var3.릴스_코어의외성.X_2P_고가영_260612_빙과_유영현_wjEIQSXr.mp4_[26.06]F_V_JD멜_인지_쫀득바출시_인물리뷰형_인물리뷰형_var3.릴스_코어의외성.X_2P_고가영_260612_빙과_유영현,29,0,40.0,0,9,인지
2026-09-13,1873959571492482,[빙과_스틱바]_쫀득바_인지2_video,[멜론] 써우리BP_6.4W,[26.06]F_V_JD멜_인지_쫀득바출시_맛인지형_맛인지형.인지_var3.릴스_국민템 멜론바.X_1P_문선정_260612_빙과_이수민_49m1RLsV.mp4_[26.06]F_V_JD멜_인지_쫀득바출시_맛인지형_맛인지형.인지_var3.릴스_국민템 멜론바.X_1P_문선정_260612_빙과_이수민,70,0,200.0,0,37,인지
2026-09-13,1876022578830433,[빙과_스틱바]_복쫀바_인지2_video,[3SKU] [09.11] 쫀득바3종_소비자검증형_정요한,7684188465168973845_[26.09] F_V_JD혼_인지_복쫀바출시_인물리뷰형_소비자검증형_var1.릴스_인트로변경.X_스틱바P_김바다_260911_빙과_정요한,129857,0,167051.0,0,34351,인지
2026-09-13,1874370098478129,[빙과_스틱바]_쫀득바_인지2_video,[멜론] 무디 파트너십 광고 (26년 10월까지만 활용 가능),kdaaeng_5cY4RH6h.mp4_kdaaeng,529,0,1790.0,0,407,인지
2026-09-13,1875662207350850,[빙과_스틱바]_쫀득바_인지2_video,[멜론] 무디 파트너십 광고 (26년 10월까지만 활용 가능),myhoney_717.mp4_myhoney_717.mp4,2213,0,6388.0,0,1377,인지
2026-09-13,1876022394378385,[빙과_스틱바]_복쫀바_인지2_video,[3SKU] [09.11]쫀득바3종_차먹방노현경,7684187716040671253_[26.09]F_V_JD혼_전환_복쫀바출시_인물리뷰형_차먹방_main.릴스_차먹방.X_스틱바P_노현경_260911_빙과_노현경,50056,0,66166.0,0,13444,인지
2026-09-13,1873959567272305,[빙과_스틱바]_쫀득바_인지2_video,[멜론] 부자들만먹는_6.4W,[26.06]F_V_JD멜_인지_쫀득바출시_신규BP_먹방형_var4.릴스_숏.X_1P_문선정_260626_빙과_이수민_51lK2MkR.mp4_[26.06]F_V_JD멜_인지_쫀득바출시_신규BP_먹방형_var4.릴스_숏.X_1P_문선정_260626_빙과_이수민,75,0,187.0,0,44,인지
2026-09-13,1873959502194113,[빙과_스틱바]_쫀득바_인지2_video,[멜론] 현지인도못구하는_7.1W,[26.07]F_V_JD멜_인지_쫀득바출시_인플루언서형_인플루언서형_main.릴스_비행기표취소.X_1P_문선정_260703_빙과_정하얀_6J9yLGRu.mp4_[26.07]F_V_JD멜_인지_쫀득바출시_인플루언서형_인플루언서형_main.릴스_비행기표취소.X_1P_문선정_260703_빙과_정하얀,378,0,650.0,0,129,인지
2026-09-13,1873959649053697,[빙과_스틱바]_쫀득바_인지2_video,[멜론] 인물리뷰(2)_6.3W,[26.06]F_V_JD멜_인지_쫀득바출시_인물리뷰형_렉카형_var3.릴스_상단.조회수.X_2P_고가영_260612_빙과_김지연_o3Oil7XF.mp4_[26.06]F_V_JD멜_인지_쫀득바출시_인물리뷰형_렉카형_var3.릴스_상단.조회수.X_2P_고가영_260612_빙과_김지연,25,0,61.0,0,14,인지
2026-09-13,1874370083000546,[빙과_스틱바]_쫀득바_인지2_video,[멜론] 무디 파트너십 광고 (26년 10월까지만 활용 가능),s_eo__fit_xO7qAYSe.mp4_s_eo__fit,295,0,1056.0,0,225,인지
2026-09-13,1873959568365938,[빙과_스틱바]_쫀득바_인지2_video,[멜론] 부자들만먹는_6.4W,[26.06]F_V_JD멜_인지_쫀득바출시_신규BP_먹방형_var3.릴스_5만원멜론.X_1P_문선정_260626_빙과_이수민_4jVCt9QI.mp4_[26.06]F_V_JD멜_인지_쫀득바출시_신규BP_먹방형_var3.릴스_5만원멜론.X_1P_문선정_260626_빙과_이수민,6,0,11.0,0,2,인지
2026-09-13,1873959574894593,[빙과_스틱바]_쫀득바_인지2_video,[멜론] 써우리BP_6.4W,[26.06]F_V_JD멜_인지_쫀득바출시_맛인지형_맛인지형.인지_var2.릴스_품절대란.X_1P_문선정_260612_빙과_이수민_X4dmxg8T.mp4_[26.06]F_V_JD멜_인지_쫀득바출시_맛인지형_맛인지형.인지_var2.릴스_품절대란.X_1P_문선정_260612_빙과_이수민,300,0,796.0,0,164,인지
2026-09-13,1873959512707137,[빙과_스틱바]_쫀득바_인지2_video,[멜론] 일본원정템_7.1W,[26.07]F_V_JD멜_인지_쫀득바출시_신규BP_외부BP_var3.릴스_화내기.X_2P_문선정_260703_빙과_이하림_G6x0joRE.mp4_[26.07]F_V_JD멜_인지_쫀득바출시_신규BP_외부BP_var3.릴스_화내기.X_2P_문선정_260703_빙과_이하림,18,0,39.0,0,8,인지
2026-09-13,1873959601100177,[빙과_스틱바]_쫀득바_인지2_video,[멜론] 인플루언서형_6.3W,[26.06]F_V_JD멜_인지_상시_인플루언서형_인플루언서형.인지_var2.릴스_대세감.X_1P_문선정_260619_빙과_이수민_Bwvr3K0z.mp4_[26.06]F_V_JD멜_인지_상시_인플루언서형_인플루언서형.인지_var2.릴스_대세감.X_1P_문선정_260619_빙과_이수민,41,0,65.0,0,12,인지
2026-09-13,1874030333521250,[빙과_스틱바]_쫀득바_인지2_video,[멜론] 초딩유행템2_6.4W,[26.06]F_V_JD멜_인지_쫀득바출시_신규BP_써우리BP_var2.릴스_혜택.X_1P_문선정_260626_빙과_김진수_AGmDZ35w.mp4_[26.06]F_V_JD멜_인지_쫀득바출시_신규BP_써우리BP_var2.릴스_혜택.X_1P_문선정_260626_빙과_김진수,417,0,781.0,0,169,인지
2026-09-13,1874370076917153,[빙과_스틱바]_쫀득바_인지2_video,[멜론] 무디 파트너십 광고 (26년 10월까지만 활용 가능),niker_jaen_dE0hLqZD.mp4_niker_jaen,777,0,2476.0,0,525,인지
2026-09-13,1873959656457905,[빙과_스틱바]_쫀득바_인지2_video,[멜론] 요거트바BP_6.3W,[26.06]F_V_JD멜_인지_쫀득바출시_인물리뷰형_편의점원정_var2.릴스_퀄리티.X_1P_문선정_260612_빙과_정요한_F6rWEnOX.mp4_[26.06]F_V_JD멜_인지_쫀득바출시_인물리뷰형_편의점원정_var2.릴스_퀄리티.X_1P_문선정_260612_빙과_정요한,259,0,504.0,0,93,인지
2026-09-13,1874030323030129,[빙과_스틱바]_쫀득바_인지2_video,[멜론] 인플루언서형_6.3W,[26.06]F_V_JD멜_인지_상시_인플루언서형_인플루언서형.인지_main.릴스_공통.X_1P_문선정_260619_빙과_이수민_OcQS8Jtk.mp4_Copy 3 of [26.06]F_V_JD멜_인지_상시_인플루언서형_인플루언서형.인지_main.릴스_공통.X_1P_문선정_260619_빙과_이수민,74,0,123.0,0,27,인지
2026-09-13,1873959526530274,[빙과_스틱바]_쫀득바_인지2_video,[멜론] 책상네고 대체_6.4W,[26.06]F_V_JD멜_인지_쫀득바출시_기타_비하인드썰풀기_var1.릴스_짤림후킹.X_1P_김유진_260626_빙과_강다빈_N8xnAoaE.mp4_[26.06]F_V_JD멜_인지_쫀득바출시_기타_비하인드썰풀기_var1.릴스_짤림후킹.X_1P_김유진_260626_빙과_강다빈,633,0,348.0,0,81,인지
2026-09-13,1874030341331282,[빙과_스틱바]_쫀득바_인지2_video,[멜론] 전세계에서일본에만_7.1W,[26.07]F_V_JD멜_인지_쫀득바출시_인물리뷰형_인물리뷰형_var1.릴스_상단.국내출시.X_2P_문선정_260703_빙과_유영현_hYJso2jc.mp4_[26.07]F_V_JD멜_인지_쫀득바출시_인물리뷰형_인물리뷰형_var1.릴스_상단.국내출시.X_2P_문선정_260703_빙과_유영현,592,0,839.0,0,176,인지
2026-09-13,1873959559414897,[빙과_스틱바]_쫀득바_인지2_video,[멜론] 부자들만먹는_6.4W,[26.06]F_V_JD멜_인지_쫀득바출시_신규BP_먹방형_var2.릴스_먹방.X_1P_문선정_260626_빙과_이수민_jNE7zmU8.mp4_[26.06]F_V_JD멜_인지_쫀득바출시_신규BP_먹방형_var2.릴스_먹방.X_1P_문선정_260626_빙과_이수민,5,0,12.0,0,2,인지
2026-09-13,1874476587671650,[빙과_스틱바]_쫀득바_인지2_video,[멜론] 무디 파트너십 광고 (26년 10월까지만 활용 가능),xcvijy_TySpdgnO.mp4_xcvijy,4768,0,7080.0,0,1477,인지
2026-09-13,1873959685405714,[빙과_스틱바]_쫀득바_인지2_video,[멜론] 인물리뷰(1)_6.3W,[26.06]F_V_JD멜_인지_쫀득바출시_인물리뷰형_인물리뷰형_var2.릴스_대세감.X_2P_고가영_260612_빙과_유영현_JSgYoFLC.mp4_[26.06]F_V_JD멜_인지_쫀득바출시_인물리뷰형_인물리뷰형_var2.릴스_대세감.X_2P_고가영_260612_빙과_유영현,18,0,37.0,0,8,인지
2026-09-13,1873959526530242,[빙과_스틱바]_쫀득바_인지2_video,[멜론] 책상네고 대체_6.4W,[26.06]F_V_JD멜_인지_쫀득바출시_기타_비하인드썰풀기_var2.릴스_POV.X_1P_김유진_260626_빙과_강다빈_dvNEWTwx.mp4_[26.06]F_V_JD멜_인지_쫀득바출시_기타_비하인드썰풀기_var2.릴스_POV.X_1P_김유진_260626_빙과_강다빈,94,0,184.0,0,47,인지
2026-09-13,1873959559414865,[빙과_스틱바]_쫀득바_인지2_video,[멜론] 부자들만먹는_6.4W,[26.06]F_V_JD멜_인지_쫀득바출시_신규BP_먹방형_main.릴스_공통.X_1P_문선정_260626_빙과_이수민_6K4RW1kr.mp4_[26.06]F_V_JD멜_인지_쫀득바출시_신규BP_먹방형_main.릴스_공통.X_1P_문선정_260626_빙과_이수민,740,0,1356.0,0,264,인지
2026-09-14,1874030330240002,[빙과_스틱바]_쫀득바_인지2_video,[망고] 맛인지_6.3W,[26.06]F_V_JD망_인지_쫀득바출시_맛인지형_맛인지형.인지_var4.릴스_혜택.진수.6월.수민PJ_2P_문선정_260619_빙과_김지연_6H8Mjtxm.mp4_[26.06]F_V_JD망_인지_쫀득바출시_맛인지형_맛인지형.인지_var4.릴스_혜택.진수.6월.수민PJ_2P_문선정_260619_빙과_김지연,44,0,147.0,0,32,인지
2026-09-14,1873959601100177,[빙과_스틱바]_쫀득바_인지2_video,[멜론] 인플루언서형_6.3W,[26.06]F_V_JD멜_인지_상시_인플루언서형_인플루언서형.인지_var2.릴스_대세감.X_1P_문선정_260619_빙과_이수민_Bwvr3K0z.mp4_[26.06]F_V_JD멜_인지_상시_인플루언서형_인플루언서형.인지_var2.릴스_대세감.X_1P_문선정_260619_빙과_이수민,34,0,75.0,0,16,인지
2026-09-14,1873959574894593,[빙과_스틱바]_쫀득바_인지2_video,[멜론] 써우리BP_6.4W,[26.06]F_V_JD멜_인지_쫀득바출시_맛인지형_맛인지형.인지_var2.릴스_품절대란.X_1P_문선정_260612_빙과_이수민_X4dmxg8T.mp4_[26.06]F_V_JD멜_인지_쫀득바출시_맛인지형_맛인지형.인지_var2.릴스_품절대란.X_1P_문선정_260612_빙과_이수민,256,0,826.0,0,169,인지
2026-09-14,1876277361584914,[빙과_스틱바]_쫀득바_전환2_video,[복숭아] 09.11 복숭아쫀득바_백정BP_렉카변환_정요한,7685232058989494292__26.09_F_V_JD복_전환_복쫀바출시_신규BP_백정BP_var5.렉카_납작복숭아.렉카변환.슈기샤라웃.X_스_3bb926e4,3286,25,6743.0,1,0,전환
2026-09-14,1873959512707137,[빙과_스틱바]_쫀득바_인지2_video,[멜론] 일본원정템_7.1W,[26.07]F_V_JD멜_인지_쫀득바출시_신규BP_외부BP_var3.릴스_화내기.X_2P_문선정_260703_빙과_이하림_G6x0joRE.mp4_[26.07]F_V_JD멜_인지_쫀득바출시_신규BP_외부BP_var3.릴스_화내기.X_2P_문선정_260703_빙과_이하림,14,0,33.0,0,7,인지
2026-09-14,1873959487025618,[빙과_스틱바]_쫀득바_인지2_video,[멜론] 전세계에서일본에만_7.1W,[26.07]F_V_JD멜_인지_쫀득바출시_인물리뷰형_인물리뷰형_var6.릴스_1위강조.X_2P_문선정_260703_빙과_유영현_PV7bCcFl.mp4_[26.07]F_V_JD멜_인지_쫀득바출시_인물리뷰형_인물리뷰형_var6.릴스_1위강조.X_2P_문선정_260703_빙과_유영현,26,0,53.0,0,12,인지
2026-09-14,1873959488337921,[빙과_스틱바]_쫀득바_인지2_video,[멜론] 전세계에서일본에만_7.1W,[26.07]F_V_JD멜_인지_쫀득바출시_인물리뷰형_인물리뷰형_var3.릴스_상단.GS1등.X_2P_문선정_260703_빙과_유영현_8cUvPSAN.mp4_[26.07]F_V_JD멜_인지_쫀득바출시_인물리뷰형_인물리뷰형_var3.릴스_상단.GS1등.X_2P_문선정_260703_빙과_유영현,271,0,441.0,0,78,인지
2026-09-14,1874030323030129,[빙과_스틱바]_쫀득바_인지2_video,[멜론] 인플루언서형_6.3W,[26.06]F_V_JD멜_인지_상시_인플루언서형_인플루언서형.인지_main.릴스_공통.X_1P_문선정_260619_빙과_이수민_OcQS8Jtk.mp4_Copy 3 of [26.06]F_V_JD멜_인지_상시_인플루언서형_인플루언서형.인지_main.릴스_공통.X_1P_문선정_260619_빙과_이수민,15,0,7.0,0,2,인지
2026-09-14,1876009532262641,[빙과_스틱바]_복쫀바_인지2_video,[3SKU] 9월 2주_정보전달형_정요한,7684134973299212309__26.09_F_V_JD혼_인지_복쫀바출시_바이럴형_정보전달형_var1.렉카_품절되면.X_스틱바P_김바다_260910_빙과_정요한,19262,0,35471.0,0,6331,인지
2026-09-14,1873959509314913,[빙과_스틱바]_쫀득바_인지2_video,[멜론] 일본원정템_7.1W,[26.07]F_V_JD멜_인지_쫀득바출시_신규BP_외부BP_var1.릴스_메인.일반브금.X_2P_문선정_260703_빙과_이하림_WTZLraDf.mp4_[26.07]F_V_JD멜_인지_쫀득바출시_신규BP_외부BP_var1.릴스_메인.일반브금.X_2P_문선정_260703_빙과_이하림,246,0,528.0,0,95,인지
2026-09-14,1873959649053697,[빙과_스틱바]_쫀득바_인지2_video,[멜론] 인물리뷰(2)_6.3W,[26.06]F_V_JD멜_인지_쫀득바출시_인물리뷰형_렉카형_var3.릴스_상단.조회수.X_2P_고가영_260612_빙과_김지연_o3Oil7XF.mp4_[26.06]F_V_JD멜_인지_쫀득바출시_인물리뷰형_렉카형_var3.릴스_상단.조회수.X_2P_고가영_260612_빙과_김지연,55,0,122.0,0,25,인지
2026-09-14,1873959567272305,[빙과_스틱바]_쫀득바_인지2_video,[멜론] 부자들만먹는_6.4W,[26.06]F_V_JD멜_인지_쫀득바출시_신규BP_먹방형_var4.릴스_숏.X_1P_문선정_260626_빙과_이수민_51lK2MkR.mp4_[26.06]F_V_JD멜_인지_쫀득바출시_신규BP_먹방형_var4.릴스_숏.X_1P_문선정_260626_빙과_이수민,51,0,155.0,0,37,인지
2026-09-14,1873959511342130,[빙과_스틱바]_쫀득바_인지2_video,[멜론] 일본원정템_7.1W,[26.07]F_V_JD멜_인지_쫀득바출시_신규BP_외부BP_main.릴스_메인.키노피오브금.X_2P_문선정_260703_빙과_이하림_CMkAHnfZ.mp4_[26.07]F_V_JD멜_인지_쫀득바출시_신규BP_외부BP_main.릴스_메인.키노피오브금.X_2P_문선정_260703_빙과_이하림,67,0,237.0,0,47,인지
2026-09-14,1873959679955218,[빙과_스틱바]_쫀득바_인지2_video,[멜론] 인물리뷰(1)_6.3W,[26.06]F_V_JD멜_인지_쫀득바출시_인물리뷰형_인물리뷰형_var1.릴스_블랙바.X_2P_고가영_260612_빙과_유영현_bKsUmrtE.mp4_[26.06]F_V_JD멜_인지_쫀득바출시_인물리뷰형_인물리뷰형_var1.릴스_블랙바.X_2P_고가영_260612_빙과_유영현,25,0,23.0,0,5,인지
2026-09-14,1873959571492482,[빙과_스틱바]_쫀득바_인지2_video,[멜론] 써우리BP_6.4W,[26.06]F_V_JD멜_인지_쫀득바출시_맛인지형_맛인지형.인지_var3.릴스_국민템 멜론바.X_1P_문선정_260612_빙과_이수민_49m1RLsV.mp4_[26.06]F_V_JD멜_인지_쫀득바출시_맛인지형_맛인지형.인지_var3.릴스_국민템 멜론바.X_1P_문선정_260612_빙과_이수민,81,0,208.0,0,41,인지
2026-09-14,1874371832380434,[빙과_스틱바]_쫀득바_인지2_video,[멜론] 무디 파트너십 광고 (26년 10월까지만 활용 가능),dodoscene_9lkPTqUt.mp4_dodoscene,300,0,835.0,0,175,인지
2026-09-14,1874370060195937,[빙과_스틱바]_쫀득바_인지2_video,[멜론] 무디 파트너십 광고 (26년 10월까지만 활용 가능),02_TbcHadv6.mp4_02,144,0,536.0,0,115,인지
2026-09-14,1874476587671650,[빙과_스틱바]_쫀득바_인지2_video,[멜론] 무디 파트너십 광고 (26년 10월까지만 활용 가능),xcvijy_TySpdgnO.mp4_xcvijy,2598,0,5181.0,0,1040,인지
2026-09-14,1874370080353713,[빙과_스틱바]_쫀득바_인지2_video,[멜론] 무디 파트너십 광고 (26년 10월까지만 활용 가능),unyouu_ZQxjeUdR.mp4_unyouu,210,0,742.0,0,159,인지
2026-09-14,1873959559414865,[빙과_스틱바]_쫀득바_인지2_video,[멜론] 부자들만먹는_6.4W,[26.06]F_V_JD멜_인지_쫀득바출시_신규BP_먹방형_main.릴스_공통.X_1P_문선정_260626_빙과_이수민_6K4RW1kr.mp4_[26.06]F_V_JD멜_인지_쫀득바출시_신규BP_먹방형_main.릴스_공통.X_1P_문선정_260626_빙과_이수민,308,0,503.0,0,97,인지
2026-09-14,1873959606553874,[빙과_스틱바]_쫀득바_인지2_video,[멜론] 수박BP_6.3W,[26.06]F_V_JD멜_인지_쫀득바출시_맛인지형_수박BP_var1.릴스_저샀어요.X_1P_김유진_260619_빙과_정하얀_KxT2Mrn4.mp4_[26.06]F_V_JD멜_인지_쫀득바출시_맛인지형_수박BP_var1.릴스_저샀어요.X_1P_김유진_260619_빙과_정하얀,280,0,392.0,0,76,인지
2026-09-14,1876277338412258,[빙과_스틱바]_쫀득바_전환2_video,[복숭아] 09.11 복숭아쫀득바_써우리BP_렉카변환_정요한,7685231932977315861__26.09_F_V_JD복_전환_복쫀바출시_인물리뷰형_써우리BP_var10.렉카_편의점.렉카변환.유럽차원달라_5d831433,2548,50,15062.0,1,0,전환
2026-09-14,1873959559414897,[빙과_스틱바]_쫀득바_인지2_video,[멜론] 부자들만먹는_6.4W,[26.06]F_V_JD멜_인지_쫀득바출시_신규BP_먹방형_var2.릴스_먹방.X_1P_문선정_260626_빙과_이수민_jNE7zmU8.mp4_[26.06]F_V_JD멜_인지_쫀득바출시_신규BP_먹방형_var2.릴스_먹방.X_1P_문선정_260626_빙과_이수민,2,0,6.0,0,1,인지
2026-09-14,1874370091722833,[빙과_스틱바]_쫀득바_인지2_video,[멜론] 무디 파트너십 광고 (26년 10월까지만 활용 가능),payforyouth__j28UIP7Q.mp4_payforyouth_,994,0,3554.0,0,729,인지
2026-09-14,1873959685405714,[빙과_스틱바]_쫀득바_인지2_video,[멜론] 인물리뷰(1)_6.3W,[26.06]F_V_JD멜_인지_쫀득바출시_인물리뷰형_인물리뷰형_var2.릴스_대세감.X_2P_고가영_260612_빙과_유영현_JSgYoFLC.mp4_[26.06]F_V_JD멜_인지_쫀득바출시_인물리뷰형_인물리뷰형_var2.릴스_대세감.X_2P_고가영_260612_빙과_유영현,56,0,125.0,0,28,인지
2026-09-14,1873959606553906,[빙과_스틱바]_쫀득바_인지2_video,[멜론] 수박BP_6.3W,[26.06]F_V_JD멜_인지_쫀득바출시_맛인지형_수박BP_main.릴스_1년에딱.X_1P_김유진_260619_빙과_정하얀_4WnKJzct.mp4_[26.06]F_V_JD멜_인지_쫀득바출시_맛인지형_수박BP_main.릴스_1년에딱.X_1P_김유진_260619_빙과_정하얀,170,0,486.0,0,96,인지
2026-09-14,1876277338418306,[빙과_스틱바]_쫀득바_전환2_video,[복숭아] 09.11 복숭아쫀득바_써우리BP_렉카변환_정요한,7685231932977692693__26.09_F_V_JD복_전환_복쫀바출시_인물리뷰형_써우리BP_var8.렉카_편의점.렉카변환.당3g.X_스틱바_19720db1,2272,57,10224.0,0,0,전환
2026-09-14,1873959572271185,[빙과_스틱바]_쫀득바_인지2_video,[멜론] 써우리BP_6.4W,[26.06]F_V_JD멜_인지_쫀득바출시_맛인지형_맛인지형.인지_var1.릴스_왁뿌볼.X_1P_문선정_260612_빙과_이수민_EwQB6yWu.mp4_[26.06]F_V_JD멜_인지_쫀득바출시_맛인지형_맛인지형.인지_var1.릴스_왁뿌볼.X_1P_문선정_260612_빙과_이수민,393,0,732.0,0,137,인지
2026-09-14,1874030341331282,[빙과_스틱바]_쫀득바_인지2_video,[멜론] 전세계에서일본에만_7.1W,[26.07]F_V_JD멜_인지_쫀득바출시_인물리뷰형_인물리뷰형_var1.릴스_상단.국내출시.X_2P_문선정_260703_빙과_유영현_hYJso2jc.mp4_[26.07]F_V_JD멜_인지_쫀득바출시_인물리뷰형_인물리뷰형_var1.릴스_상단.국내출시.X_2P_문선정_260703_빙과_유영현,821,0,1986.0,0,367,인지
2026-09-14,1876277367598130,[빙과_스틱바]_쫀득바_전환2_video,[복숭아] 09.11 복숭아쫀득바_맛인지_렉카변환_정요한,7685232024458936340__26.09_F_V_JD복_전환_복쫀바출시_맛인지형_오먹_var1.렉카_납작복숭아가격비교.렉카변환.슈기샤_9413ff53,1477,37,12368.0,2,0,전환
2026-09-14,1875662210241730,[빙과_스틱바]_쫀득바_인지2_video,[멜론] 무디 파트너십 광고 (26년 10월까지만 활용 가능),eunring_.mp4_eunring_.mp4,2346,0,7346.0,0,1545,인지
2026-09-14,1873959484807170,[빙과_스틱바]_쫀득바_인지2_video,[멜론] 전세계에서일본에만_7.1W,[26.07]F_V_JD멜_인지_쫀득바출시_인물리뷰형_인물리뷰형_var4.릴스_상단.일본안가.X_2P_문선정_260703_빙과_유영현_lXorbHIU.mp4_[26.07]F_V_JD멜_인지_쫀득바출시_인물리뷰형_인물리뷰형_var4.릴스_상단.일본안가.X_2P_문선정_260703_빙과_유영현,197,0,307.0,0,57,인지
2026-09-14,1876022394378385,[빙과_스틱바]_복쫀바_인지2_video,[3SKU] [09.11]쫀득바3종_차먹방노현경,7684187716040671253_[26.09]F_V_JD혼_전환_복쫀바출시_인물리뷰형_차먹방_main.릴스_차먹방.X_스틱바P_노현경_260911_빙과_노현경,27237,0,36451.0,0,7336,인지
2026-09-14,1873959679955250,[빙과_스틱바]_쫀득바_인지2_video,[멜론] 인물리뷰(1)_6.3W,[26.06]F_V_JD멜_인지_쫀득바출시_인물리뷰형_인물리뷰형_main.릴스_샀어요.X_2P_고가영_260612_빙과_유영현_ay8jLH2u.mp4_[26.06]F_V_JD멜_인지_쫀득바출시_인물리뷰형_인물리뷰형_main.릴스_샀어요.X_2P_고가영_260612_빙과_유영현,24,0,66.0,0,12,인지
2026-09-14,1873959509313921,[빙과_스틱바]_쫀득바_인지2_video,[멜론] 일본원정템_7.1W,[26.07]F_V_JD멜_인지_쫀득바출시_신규BP_외부BP_var2.릴스_POV.X_2P_문선정_260703_빙과_이하림_vSPVRZmI.mp4_[26.07]F_V_JD멜_인지_쫀득바출시_신규BP_외부BP_var2.릴스_POV.X_2P_문선정_260703_빙과_이하림,61,0,157.0,0,33,인지
2026-09-14,1876277370887458,[빙과_스틱바]_쫀득바_전환2_video,[복숭아] 09.11 복숭아쫀득바_맛인지_렉카변환_정요한,7685232079317057557__26.09_F_V_JD복_전환_복쫀바출시_맛인지형_오먹_var2.렉카_납작복숭아가격비교.렉카변환.유럽차_344cc175,2972,76,26132.0,2,0,전환
2026-09-14,1876277349661809,[빙과_스틱바]_쫀득바_전환2_video,[복숭아] 09.11 복숭아쫀득바_백정BP_렉카변환_정요한,7685231971959275541__26.09_F_V_JD복_전환_복쫀바출시_신규BP_백정BP_var7.렉카_납작복숭아.렉카변환.지금놓치면1년.X_acf6cd6d,4081,70,18564.0,0,0,전환
2026-09-14,1874370090397122,[빙과_스틱바]_쫀득바_인지2_video,[멜론] 무디 파트너십 광고 (26년 10월까지만 활용 가능),minimore.927_wXMpjCo9.mp4_minimore.927,178,0,582.0,0,130,인지
2026-09-14,1874370063993025,[빙과_스틱바]_쫀득바_인지2_video,[멜론] 무디 파트너십 광고 (26년 10월까지만 활용 가능),ddu___0_Jb76Kdc9.mp4_ddu___0,197,0,626.0,0,115,인지
2026-09-14,1873959502194161,[빙과_스틱바]_쫀득바_인지2_video,[멜론] 현지인도못구하는_7.1W,[26.07]F_V_JD멜_인지_쫀득바출시_인플루언서형_인플루언서형_var1.릴스_제품먼저.X_1P_문선정_260703_빙과_정하얀_gA26O49Z.mp4_[26.07]F_V_JD멜_인지_쫀득바출시_인플루언서형_인플루언서형_var1.릴스_제품먼저.X_1P_문선정_260703_빙과_정하얀,79,0,175.0,0,40,인지
2026-09-14,1876022361442754,[빙과_스틱바]_복쫀바_인지2_video,[3SKU] [09.11]쫀득바3종_점수 매기기_노현경,7684187578426114068_[26.09] F_V_JD혼_전환_복쫀바출시_인물리뷰형_점수매기기_main.릴스_점수매기기.X_스틱바P_노현경_f64f14c2,50525,0,40050.0,0,8364,인지
2026-09-14,1873959483402274,[빙과_스틱바]_쫀득바_인지2_video,[멜론] 전세계에서일본에만_7.1W,[26.07]F_V_JD멜_인지_쫀득바출시_인물리뷰형_인물리뷰형_main.릴스_공통.X_2P_문선정_260703_빙과_유영현_hfC8Honk.mp4_[26.07]F_V_JD멜_인지_쫀득바출시_인물리뷰형_인물리뷰형_main.릴스_공통.X_2P_문선정_260703_빙과_유영현,33,0,77.0,0,14,인지
2026-09-14,1876277351519281,[빙과_스틱바]_쫀득바_전환2_video,[복숭아] 09.11 복숭아쫀득바_백정BP_렉카변환_정요한,7685231932978774037__26.09_F_V_JD복_전환_복쫀바출시_신규BP_백정BP_var6.렉카_납작복숭아.렉카변환.유럽차원달라.X__104e8ef0,2385,30,5360.0,1,0,전환
2026-09-14,1876022594859298,[빙과_스틱바]_복쫀바_인지2_video,[3SKU] [09.11] 쫀득바3종_소비자검증형_정요한,7684188535930896405_[26.09] F_V_JD혼_인지_복쫀바출시_인물리뷰형_소비자검증형_main.릴스_일반.X_스틱바P_김바다_260911_빙과_정요한,207,0,661.0,0,119,인지
2026-09-14,1874476587075634,[빙과_스틱바]_쫀득바_인지2_video,[멜론] 무디 파트너십 광고 (26년 10월까지만 활용 가능),okindflower_tiktok_16x9_F9pfKXPt.mp4_okindflower,1832,0,5301.0,0,1118,인지
2026-09-14,1874370090377506,[빙과_스틱바]_쫀득바_인지2_video,[멜론] 무디 파트너십 광고 (26년 10월까지만 활용 가능),xeoj.ng_L7HK2Ueo.mp4_xeoj.ng,295,0,921.0,0,190,인지
2026-09-14,1874370083000546,[빙과_스틱바]_쫀득바_인지2_video,[멜론] 무디 파트너십 광고 (26년 10월까지만 활용 가능),s_eo__fit_xO7qAYSe.mp4_s_eo__fit,243,0,905.0,0,191,인지
2026-09-14,1874370060202321,[빙과_스틱바]_쫀득바_인지2_video,[멜론] 무디 파트너십 광고 (26년 10월까지만 활용 가능),eunbynko_XVZyBHut.mp4_eunbynko,388,0,1465.0,0,286,인지
2026-09-14,1873959654248546,[빙과_스틱바]_쫀득바_인지2_video,[멜론] 요거트바BP_6.3W,[26.06]F_V_JD멜_인지_쫀득바출시_인물리뷰형_편의점원정_var1.릴스_맛.X_1P_문선정_260612_빙과_정요한_USPOMvkw.mp4_[26.06]F_V_JD멜_인지_쫀득바출시_인물리뷰형_편의점원정_var1.릴스_맛.X_1P_문선정_260612_빙과_정요한,71,0,214.0,0,43,인지
2026-09-14,1874370076917153,[빙과_스틱바]_쫀득바_인지2_video,[멜론] 무디 파트너십 광고 (26년 10월까지만 활용 가능),niker_jaen_dE0hLqZD.mp4_niker_jaen,562,0,1853.0,0,397,인지
2026-09-14,1874371832550769,[빙과_스틱바]_쫀득바_인지2_video,[멜론] 무디 파트너십 광고 (26년 10월까지만 활용 가능),doyouknow_omg_MfVCQSX8.mp4_doyouknow_omg,217,0,643.0,0,123,인지
2026-09-14,1873959483402306,[빙과_스틱바]_쫀득바_인지2_video,[멜론] 전세계에서일본에만_7.1W,[26.07]F_V_JD멜_인지_쫀득바출시_인물리뷰형_인물리뷰형_var2.릴스_상단.1등로손.X_2P_문선정_260703_빙과_유영현_kvnPtLWY.mp4_[26.07]F_V_JD멜_인지_쫀득바출시_인물리뷰형_인물리뷰형_var2.릴스_상단.1등로손.X_2P_문선정_260703_빙과_유영현,99,0,214.0,0,38,인지
2026-09-14,1873959568365938,[빙과_스틱바]_쫀득바_인지2_video,[멜론] 부자들만먹는_6.4W,[26.06]F_V_JD멜_인지_쫀득바출시_신규BP_먹방형_var3.릴스_5만원멜론.X_1P_문선정_260626_빙과_이수민_4jVCt9QI.mp4_[26.06]F_V_JD멜_인지_쫀득바출시_신규BP_먹방형_var3.릴스_5만원멜론.X_1P_문선정_260626_빙과_이수민,4,0,12.0,0,2,인지
2026-09-14,1873959656457905,[빙과_스틱바]_쫀득바_인지2_video,[멜론] 요거트바BP_6.3W,[26.06]F_V_JD멜_인지_쫀득바출시_인물리뷰형_편의점원정_var2.릴스_퀄리티.X_1P_문선정_260612_빙과_정요한_F6rWEnOX.mp4_[26.06]F_V_JD멜_인지_쫀득바출시_인물리뷰형_편의점원정_var2.릴스_퀄리티.X_1P_문선정_260612_빙과_정요한,78,0,149.0,0,28,인지
2026-09-14,1874370084620641,[빙과_스틱바]_쫀득바_인지2_video,[멜론] 무디 파트너십 광고 (26년 10월까지만 활용 가능),suj_43_2u1JOHAq.mp4_suj_43,261,0,589.0,0,99,인지
2026-09-14,1876277367592066,[빙과_스틱바]_쫀득바_전환2_video,[복숭아] 09.11 복숭아쫀득바_맛인지_렉카변환_정요한,7685232024458641428__26.09_F_V_JD복_전환_복쫀바출시_맛인지형_오먹_main.렉카_납작복숭아가격비교.렉카변환.당3g.X__761b5777,1656,34,7091.0,2,0,전환
2026-09-14,1873959592940658,[빙과_스틱바]_쫀득바_인지2_video,[멜론] 인플루언서형_6.3W,[26.06]F_V_JD멜_인지_상시_인플루언서형_인플루언서형.인지_var1.릴스_쫀득 후킹.X_1P_문선정_260619_빙과_이수민_HCZXPTgo.mp4_[26.06]F_V_JD멜_인지_상시_인플루언서형_인플루언서형.인지_var1.릴스_쫀득 후킹.X_1P_문선정_260619_빙과_이수민,101,0,104.0,0,19,인지
2026-09-14,1873959662058609,[빙과_스틱바]_쫀득바_인지2_video,[멜론] 요거트바BP_6.3W,[26.06]F_V_JD멜_인지_쫀득바출시_인물리뷰형_편의점원정_var4.릴스_대세감.X_1P_문선정_260612_빙과_정요한_dTrqo0s9.mp4_[26.06]F_V_JD멜_인지_쫀득바출시_인물리뷰형_편의점원정_var4.릴스_대세감.X_1P_문선정_260612_빙과_정요한,55,0,97.0,0,18,인지
2026-09-14,1873959526530242,[빙과_스틱바]_쫀득바_인지2_video,[멜론] 책상네고 대체_6.4W,[26.06]F_V_JD멜_인지_쫀득바출시_기타_비하인드썰풀기_var2.릴스_POV.X_1P_김유진_260626_빙과_강다빈_dvNEWTwx.mp4_[26.06]F_V_JD멜_인지_쫀득바출시_기타_비하인드썰풀기_var2.릴스_POV.X_1P_김유진_260626_빙과_강다빈,61,0,120.0,0,26,인지
2026-09-14,1873959526530274,[빙과_스틱바]_쫀득바_인지2_video,[멜론] 책상네고 대체_6.4W,[26.06]F_V_JD멜_인지_쫀득바출시_기타_비하인드썰풀기_var1.릴스_짤림후킹.X_1P_김유진_260626_빙과_강다빈_N8xnAoaE.mp4_[26.06]F_V_JD멜_인지_쫀득바출시_기타_비하인드썰풀기_var1.릴스_짤림후킹.X_1P_김유진_260626_빙과_강다빈,238,0,364.0,0,76,인지
2026-09-14,1874030333521250,[빙과_스틱바]_쫀득바_인지2_video,[멜론] 초딩유행템2_6.4W,[26.06]F_V_JD멜_인지_쫀득바출시_신규BP_써우리BP_var2.릴스_혜택.X_1P_문선정_260626_빙과_김진수_AGmDZ35w.mp4_[26.06]F_V_JD멜_인지_쫀득바출시_신규BP_써우리BP_var2.릴스_혜택.X_1P_문선정_260626_빙과_김진수,338,0,763.0,0,153,인지
2026-09-14,1873959492107505,[빙과_스틱바]_쫀득바_인지2_video,[멜론] 전세계에서일본에만_7.1W,[26.07]F_V_JD멜_인지_쫀득바출시_인물리뷰형_인물리뷰형_var5.릴스_대세왁뿌.X_2P_문선정_260703_빙과_유영현_nmCE6i3s.mp4_[26.07]F_V_JD멜_인지_쫀득바출시_인물리뷰형_인물리뷰형_var5.릴스_대세왁뿌.X_2P_문선정_260703_빙과_유영현,8047,0,5200.0,0,1576,인지
2026-09-14,1873959560792561,[빙과_스틱바]_쫀득바_인지2_video,[멜론] 부자들만먹는_6.4W,[26.06]F_V_JD멜_인지_쫀득바출시_신규BP_먹방형_var1.릴스_쫀득.X_1P_문선정_260626_빙과_이수민_PAw0dpIV.mp4_[26.06]F_V_JD멜_인지_쫀득바출시_신규BP_먹방형_var1.릴스_쫀득.X_1P_문선정_260626_빙과_이수민,36,0,91.0,0,18,인지
2026-09-14,1876277367584770,[빙과_스틱바]_쫀득바_전환2_video,[복숭아] 09.11 복숭아쫀득바_맛인지_렉카변환_정요한,7685232024458428436__26.09_F_V_JD복_전환_복쫀바출시_맛인지형_오먹_var3.렉카_납작복숭아가격비교.렉카변환.지금놓_f7aca024,2084,48,21459.0,2,0,전환
2026-09-14,1874030313976066,[빙과_스틱바]_쫀득바_인지2_video,[멜론] 인물리뷰(1)_6.3W,[26.06]F_V_JD멜_인지_쫀득바출시_인물리뷰형_인물리뷰형_var4.릴스_후킹.X_2P_고가영_260612_빙과_유영현_JfFPUknj.mp4_[26.06]F_V_JD멜_인지_쫀득바출시_인물리뷰형_인물리뷰형_var4.릴스_후킹.X_2P_고가영_260612_빙과_유영현,173,0,373.0,0,82,인지
2026-09-14,1873959681209441,[빙과_스틱바]_쫀득바_인지2_video,[멜론] 인물리뷰(1)_6.3W,[26.06]F_V_JD멜_인지_쫀득바출시_인물리뷰형_인물리뷰형_var3.릴스_코어의외성.X_2P_고가영_260612_빙과_유영현_wjEIQSXr.mp4_[26.06]F_V_JD멜_인지_쫀득바출시_인물리뷰형_인물리뷰형_var3.릴스_코어의외성.X_2P_고가영_260612_빙과_유영현,9,0,16.0,0,4,인지
2026-09-14,1874370092553873,[빙과_스틱바]_쫀득바_인지2_video,[멜론] 무디 파트너십 광고 (26년 10월까지만 활용 가능),riverbinn_N8nEPrUl.mp4_riverbinn,1237,0,3953.0,0,775,인지
2026-09-14,1873959648848097,[빙과_스틱바]_쫀득바_인지2_video,[멜론] 인물리뷰(2)_6.3W,[26.06]F_V_JD멜_인지_쫀득바출시_인물리뷰형_렉카형_var4.릴스_상단.판매중단.X_2P_고가영_260612_빙과_김지연_qc1ljdun.mp4_[26.06]F_V_JD멜_인지_쫀득바출시_인물리뷰형_렉카형_var4.릴스_상단.판매중단.X_2P_고가영_260612_빙과_김지연,10,0,18.0,0,3,인지
2026-09-14,1876277351529105,[빙과_스틱바]_쫀득바_전환2_video,[복숭아] 09.11 복숭아쫀득바_백정BP_렉카변환_정요한,7685232002665873428__26.09_F_V_JD복_전환_복쫀바출시_신규BP_백정BP_var4.렉카_납작복숭아.렉카변환.당3g.X_스틱바P__4614b6aa,3072,46,8511.0,1,0,전환
2026-09-14,1876009558439089,[빙과_스틱바]_복쫀바_인지2_video,[3SKU] 9월 2주_정보전달형_정요한,7684135117962805268__26.09_F_V_JD혼_인지_복쫀바출시_바이럴형_정보전달형_main.렉카_못사게막는이유.X_스틱바P_김바다_260910_빙과_정요한,1013,0,871.0,0,185,인지
2026-09-14,1873959582885234,[빙과_스틱바]_쫀득바_인지2_video,[망고] 맛인지_6.3W,[26.06]F_V_JD망_인지_쫀득바출시_맛인지형_맛인지형.인지_var1.릴스_젤리식감.진수.6월.수민PJ_2P_문선정_260619_빙과_김지연_oqUjrN9C.mp4_[26.06]F_V_JD망_인지_쫀득바출시_맛인지형_맛인지형.인지_var1.릴스_젤리식감.진수.6월.수민PJ_2P_문선정_260619_빙과_김지연,5,0,21.0,0,4,인지
2026-09-14,1876277331277089,[빙과_스틱바]_쫀득바_전환2_video,[복숭아] 09.11 복숭아쫀득바_써우리BP_렉카변환_정요한,7685231912206221332__26.09_F_V_JD복_전환_복쫀바출시_인물리뷰형_써우리BP_var9.렉카_편의점.렉카변환.슈기샤라웃.X__823f9a40,2977,100,13088.0,2,0,전환
2026-09-14,1874370094864626,[빙과_스틱바]_쫀득바_인지2_video,[멜론] 무디 파트너십 광고 (26년 10월까지만 활용 가능),bbuni_sol_0lW2JXmG.mp4_bbuni_sol,221,0,762.0,0,181,인지
2026-09-14,1874370068335249,[빙과_스틱바]_쫀득바_인지2_video,[멜론] 무디 파트너십 광고 (26년 10월까지만 활용 가능),cmonprefere__k_Hx4qLXWs.mp4_cmonprefere__k,306,0,787.0,0,143,인지
2026-09-14,1873959502194113,[빙과_스틱바]_쫀득바_인지2_video,[멜론] 현지인도못구하는_7.1W,[26.07]F_V_JD멜_인지_쫀득바출시_인플루언서형_인플루언서형_main.릴스_비행기표취소.X_1P_문선정_260703_빙과_정하얀_6J9yLGRu.mp4_[26.07]F_V_JD멜_인지_쫀득바출시_인플루언서형_인플루언서형_main.릴스_비행기표취소.X_1P_문선정_260703_빙과_정하얀,260,0,433.0,0,88,인지
2026-09-14,1873959586022625,[빙과_스틱바]_쫀득바_인지2_video,[망고] 맛인지_6.3W,[26.06]F_V_JD망_인지_쫀득바출시_맛인지형_맛인지형.인지_var2.릴스_망고맛.진수.6월.수민PJ_2P_문선정_260619_빙과_김지연_85l4f3Aq.mp4_[26.06]F_V_JD망_인지_쫀득바출시_맛인지형_맛인지형.인지_var2.릴스_망고맛.진수.6월.수민PJ_2P_문선정_260619_빙과_김지연,315,0,662.0,0,140,인지
2026-09-14,1873959645921585,[빙과_스틱바]_쫀득바_인지2_video,[멜론] 인물리뷰(2)_6.3W,[26.06]F_V_JD멜_인지_쫀득바출시_인물리뷰형_렉카형_var1.릴스_1년멜론.X_2P_고가영_260612_빙과_김지연_Vfw93Dij.mp4_[26.06]F_V_JD멜_인지_쫀득바출시_인물리뷰형_렉카형_var1.릴스_1년멜론.X_2P_고가영_260612_빙과_김지연,48,0,140.0,0,29,인지
2026-09-14,1874370098478129,[빙과_스틱바]_쫀득바_인지2_video,[멜론] 무디 파트너십 광고 (26년 10월까지만 활용 가능),kdaaeng_5cY4RH6h.mp4_kdaaeng,362,0,1310.0,0,291,인지
2026-09-14,1873959654247474,[빙과_스틱바]_쫀득바_인지2_video,[멜론] 요거트바BP_6.3W,[26.06]F_V_JD멜_인지_쫀득바출시_인물리뷰형_편의점원정_main.릴스_공통.X_1P_문선정_260612_빙과_정요한_YkIZOlu0.mp4_[26.06]F_V_JD멜_인지_쫀득바출시_인물리뷰형_편의점원정_main.릴스_공통.X_1P_문선정_260612_빙과_정요한,553,0,1107.0,0,212,인지
2026-09-14,1873959600941425,[빙과_스틱바]_쫀득바_인지2_video,[멜론] 인플루언서형_6.3W,[26.06]F_V_JD멜_인지_상시_인플루언서형_인플루언서형.인지_var1.릴스_쫀득 후킹.X_1P_문선정_260619_빙과_이수민_HCZXPTgo.mp4_[26.06]F_V_JD멜_인지_상시_인플루언서형_인플루언서형.인지_var1.릴스_쫀득 후킹.X_1P_문선정_260619_빙과_이수민,30,0,45.0,0,9,인지
2026-09-14,1873959599404161,[빙과_스틱바]_쫀득바_인지2_video,[멜론] 인플루언서형_6.3W,[26.06]F_V_JD멜_인지_상시_인플루언서형_인플루언서형.인지_var3.릴스_코어 후킹.X_1P_문선정_260619_빙과_이수민_fHo1zJ0X.mp4_[26.06]F_V_JD멜_인지_상시_인플루언서형_인플루언서형.인지_var3.릴스_코어 후킹.X_1P_문선정_260619_빙과_이수민,170,0,390.0,0,78,인지
2026-09-14,1874030338066737,[빙과_스틱바]_쫀득바_인지2_video,[멜론] 현지인도못구하는_7.1W,[26.07]F_V_JD멜_인지_쫀득바출시_인플루언서형_인플루언서형_var2.릴스_인물먼저.X_1P_문선정_260703_빙과_정하얀_JOamzo0T.mp4_[26.07]F_V_JD멜_인지_쫀득바출시_인플루언서형_인플루언서형_var2.릴스_인물먼저.X_1P_문선정_260703_빙과_정하얀,49,0,116.0,0,29,인지
2026-09-14,1876022578830433,[빙과_스틱바]_복쫀바_인지2_video,[3SKU] [09.11] 쫀득바3종_소비자검증형_정요한,7684188465168973845_[26.09] F_V_JD혼_인지_복쫀바출시_인물리뷰형_소비자검증형_var1.릴스_인트로변경.X_스틱바P_김바다_260911_빙과_정요한,53948,0,62003.0,0,12742,인지
2026-09-14,1873959592941730,[빙과_스틱바]_쫀득바_인지2_video,[멜론] 인플루언서형_6.3W,[26.06]F_V_JD멜_인지_상시_인플루언서형_인플루언서형.인지_main.릴스_공통.X_1P_문선정_260619_빙과_이수민_OcQS8Jtk.mp4_[26.06]F_V_JD멜_인지_상시_인플루언서형_인플루언서형.인지_var2.릴스_대세감.X_1P_문선정_260619_빙과_이수민,8,0,14.0,0,4,인지
2026-09-14,1876277331254385,[빙과_스틱바]_쫀득바_전환2_video,[복숭아] 09.11 복숭아쫀득바_써우리BP_렉카변환_정요한,7685231885732102164__26.09_F_V_JD복_전환_복쫀바출시_인물리뷰형_써우리BP_var11.렉카_편의점.렉카변환.지금놓치면1_015f65a7,1818,28,4350.0,2,0,전환
2026-09-14,1873959596195153,[빙과_스틱바]_쫀득바_인지2_video,[멜론] 인플루언서형_6.3W,[26.06]F_V_JD멜_인지_상시_인플루언서형_인플루언서형.인지_main.릴스_공통.X_1P_문선정_260619_빙과_이수민_OcQS8Jtk.mp4_[26.06]F_V_JD멜_인지_상시_인플루언서형_인플루언서형.인지_main.릴스_공통.X_1P_문선정_260619_빙과_이수민,67,0,225.0,0,45,인지
2026-09-14,1874030317649217,[빙과_스틱바]_쫀득바_인지2_video,[멜론] 인물리뷰(2)_6.3W,[26.06]F_V_JD멜_인지_쫀득바출시_인물리뷰형_렉카형_var2.릴스_상단.대세감.X_2P_고가영_260612_빙과_김지연_uJ2PiCGN.mp4_[26.06]F_V_JD멜_인지_쫀득바출시_인물리뷰형_렉카형_var2.릴스_상단.대세감.X_2P_고가영_260612_빙과_김지연,363,0,756.0,0,141,인지
2026-09-14,1873959585040561,[빙과_스틱바]_쫀득바_인지2_video,[망고] 맛인지_6.3W,[26.06]F_V_JD망_인지_쫀득바출시_맛인지형_맛인지형.인지_var3.릴스_대세감.진수.6월.수민PJ_2P_문선정_260619_빙과_김지연_694xYrHj.mp4_[26.06]F_V_JD망_인지_쫀득바출시_맛인지형_맛인지형.인지_var3.릴스_대세감.진수.6월.수민PJ_2P_문선정_260619_빙과_김지연,9,0,15.0,0,3,인지
2026-09-14,1873959645922641,[빙과_스틱바]_쫀득바_인지2_video,[멜론] 인물리뷰(2)_6.3W,[26.06]F_V_JD멜_인지_쫀득바출시_인물리뷰형_렉카형_main.릴스_공통.X_2P_고가영_260612_빙과_김지연_bRJKpluY.mp4_[26.06]F_V_JD멜_인지_쫀득바출시_인물리뷰형_렉카형_main.릴스_공통.X_2P_고가영_260612_빙과_김지연,50,0,90.0,0,20,인지
2026-09-14,1875662207350850,[빙과_스틱바]_쫀득바_인지2_video,[멜론] 무디 파트너십 광고 (26년 10월까지만 활용 가능),myhoney_717.mp4_myhoney_717.mp4,1647,0,4964.0,0,1031,인지
2026-09-15,1876277331277089,[빙과_스틱바]_쫀득바_전환2_video,[복숭아] 09.11 복숭아쫀득바_써우리BP_렉카변환_정요한,7685231912206221332__26.09_F_V_JD복_전환_복쫀바출시_인물리뷰형_써우리BP_var9.렉카_편의점.렉카변환.슈기샤라웃.X__823f9a40,1198,58,6233.0,1,0,전환
2026-09-15,1876277351529105,[빙과_스틱바]_쫀득바_전환2_video,[복숭아] 09.11 복숭아쫀득바_백정BP_렉카변환_정요한,7685232002665873428__26.09_F_V_JD복_전환_복쫀바출시_신규BP_백정BP_var4.렉카_납작복숭아.렉카변환.당3g.X_스틱바P__4614b6aa,144,5,912.0,0,0,전환
2026-09-15,1874476587075634,[빙과_스틱바]_쫀득바_인지2_video,[멜론] 무디 파트너십 광고 (26년 10월까지만 활용 가능),okindflower_tiktok_16x9_F9pfKXPt.mp4_okindflower,1874,0,6334.0,0,1313,인지
2026-09-15,1876277367598130,[빙과_스틱바]_쫀득바_전환2_video,[복숭아] 09.11 복숭아쫀득바_맛인지_렉카변환_정요한,7685232024458936340__26.09_F_V_JD복_전환_복쫀바출시_맛인지형_오먹_var1.렉카_납작복숭아가격비교.렉카변환.슈기샤_9413ff53,172,4,1493.0,0,0,전환
2026-09-15,1876009558439089,[빙과_스틱바]_복쫀바_인지2_video,[3SKU] 9월 2주_정보전달형_정요한,7684135117962805268__26.09_F_V_JD혼_인지_복쫀바출시_바이럴형_정보전달형_main.렉카_못사게막는이유.X_스틱바P_김바다_260910_빙과_정요한,1988,0,1698.0,0,358,인지
2026-09-15,1876022394378385,[빙과_스틱바]_복쫀바_인지2_video,[3SKU] [09.11]쫀득바3종_차먹방노현경,7684187716040671253_[26.09]F_V_JD혼_전환_복쫀바출시_인물리뷰형_차먹방_main.릴스_차먹방.X_스틱바P_노현경_260911_빙과_노현경,32651,0,34093.0,0,7357,인지
2026-09-15,1873959606553874,[빙과_스틱바]_쫀득바_인지2_video,[멜론] 수박BP_6.3W,[26.06]F_V_JD멜_인지_쫀득바출시_맛인지형_수박BP_var1.릴스_저샀어요.X_1P_김유진_260619_빙과_정하얀_KxT2Mrn4.mp4_[26.06]F_V_JD멜_인지_쫀득바출시_맛인지형_수박BP_var1.릴스_저샀어요.X_1P_김유진_260619_빙과_정하얀,188,0,428.0,0,83,인지
2026-09-15,1874370090377506,[빙과_스틱바]_쫀득바_인지2_video,[멜론] 무디 파트너십 광고 (26년 10월까지만 활용 가능),xeoj.ng_L7HK2Ueo.mp4_xeoj.ng,289,0,1006.0,0,226,인지
2026-09-15,1876277367584770,[빙과_스틱바]_쫀득바_전환2_video,[복숭아] 09.11 복숭아쫀득바_맛인지_렉카변환_정요한,7685232024458428436__26.09_F_V_JD복_전환_복쫀바출시_맛인지형_오먹_var3.렉카_납작복숭아가격비교.렉카변환.지금놓_f7aca024,706,16,8142.0,1,0,전환
2026-09-15,1873959685405714,[빙과_스틱바]_쫀득바_인지2_video,[멜론] 인물리뷰(1)_6.3W,[26.06]F_V_JD멜_인지_쫀득바출시_인물리뷰형_인물리뷰형_var2.릴스_대세감.X_2P_고가영_260612_빙과_유영현_JSgYoFLC.mp4_[26.06]F_V_JD멜_인지_쫀득바출시_인물리뷰형_인물리뷰형_var2.릴스_대세감.X_2P_고가영_260612_빙과_유영현,35,0,111.0,0,21,인지
2026-09-15,1873959681209441,[빙과_스틱바]_쫀득바_인지2_video,[멜론] 인물리뷰(1)_6.3W,[26.06]F_V_JD멜_인지_쫀득바출시_인물리뷰형_인물리뷰형_var3.릴스_코어의외성.X_2P_고가영_260612_빙과_유영현_wjEIQSXr.mp4_[26.06]F_V_JD멜_인지_쫀득바출시_인물리뷰형_인물리뷰형_var3.릴스_코어의외성.X_2P_고가영_260612_빙과_유영현,12,0,39.0,0,8,인지
2026-09-15,1876277338418306,[빙과_스틱바]_쫀득바_전환2_video,[복숭아] 09.11 복숭아쫀득바_써우리BP_렉카변환_정요한,7685231932977692693__26.09_F_V_JD복_전환_복쫀바출시_인물리뷰형_써우리BP_var8.렉카_편의점.렉카변환.당3g.X_스틱바_19720db1,1021,41,4570.0,2,0,전환
2026-09-15,1874370090397122,[빙과_스틱바]_쫀득바_인지2_video,[멜론] 무디 파트너십 광고 (26년 10월까지만 활용 가능),minimore.927_wXMpjCo9.mp4_minimore.927,165,0,568.0,0,124,인지
2026-09-15,1874370094864626,[빙과_스틱바]_쫀득바_인지2_video,[멜론] 무디 파트너십 광고 (26년 10월까지만 활용 가능),bbuni_sol_0lW2JXmG.mp4_bbuni_sol,208,0,822.0,0,172,인지
2026-09-15,1873959679955250,[빙과_스틱바]_쫀득바_인지2_video,[멜론] 인물리뷰(1)_6.3W,[26.06]F_V_JD멜_인지_쫀득바출시_인물리뷰형_인물리뷰형_main.릴스_샀어요.X_2P_고가영_260612_빙과_유영현_ay8jLH2u.mp4_[26.06]F_V_JD멜_인지_쫀득바출시_인물리뷰형_인물리뷰형_main.릴스_샀어요.X_2P_고가영_260612_빙과_유영현,25,0,87.0,0,17,인지
2026-09-15,1874370091722833,[빙과_스틱바]_쫀득바_인지2_video,[멜론] 무디 파트너십 광고 (26년 10월까지만 활용 가능),payforyouth__j28UIP7Q.mp4_payforyouth_,514,0,1779.0,0,361,인지
2026-09-15,1873959502194161,[빙과_스틱바]_쫀득바_인지2_video,[멜론] 현지인도못구하는_7.1W,[26.07]F_V_JD멜_인지_쫀득바출시_인플루언서형_인플루언서형_var1.릴스_제품먼저.X_1P_문선정_260703_빙과_정하얀_gA26O49Z.mp4_[26.07]F_V_JD멜_인지_쫀득바출시_인플루언서형_인플루언서형_var1.릴스_제품먼저.X_1P_문선정_260703_빙과_정하얀,61,0,128.0,0,26,인지
2026-09-15,1874370068335249,[빙과_스틱바]_쫀득바_인지2_video,[멜론] 무디 파트너십 광고 (26년 10월까지만 활용 가능),cmonprefere__k_Hx4qLXWs.mp4_cmonprefere__k,174,0,524.0,0,91,인지
2026-09-15,1874030341331282,[빙과_스틱바]_쫀득바_인지2_video,[멜론] 전세계에서일본에만_7.1W,[26.07]F_V_JD멜_인지_쫀득바출시_인물리뷰형_인물리뷰형_var1.릴스_상단.국내출시.X_2P_문선정_260703_빙과_유영현_hYJso2jc.mp4_[26.07]F_V_JD멜_인지_쫀득바출시_인물리뷰형_인물리뷰형_var1.릴스_상단.국내출시.X_2P_문선정_260703_빙과_유영현,692,0,1350.0,0,246,인지
2026-09-15,1873959502194113,[빙과_스틱바]_쫀득바_인지2_video,[멜론] 현지인도못구하는_7.1W,[26.07]F_V_JD멜_인지_쫀득바출시_인플루언서형_인플루언서형_main.릴스_비행기표취소.X_1P_문선정_260703_빙과_정하얀_6J9yLGRu.mp4_[26.07]F_V_JD멜_인지_쫀득바출시_인플루언서형_인플루언서형_main.릴스_비행기표취소.X_1P_문선정_260703_빙과_정하얀,216,0,451.0,0,90,인지
2026-09-15,1873959654247474,[빙과_스틱바]_쫀득바_인지2_video,[멜론] 요거트바BP_6.3W,[26.06]F_V_JD멜_인지_쫀득바출시_인물리뷰형_편의점원정_main.릴스_공통.X_1P_문선정_260612_빙과_정요한_YkIZOlu0.mp4_[26.06]F_V_JD멜_인지_쫀득바출시_인물리뷰형_편의점원정_main.릴스_공통.X_1P_문선정_260612_빙과_정요한,617,0,1103.0,0,212,인지
2026-09-15,1874370076917153,[빙과_스틱바]_쫀득바_인지2_video,[멜론] 무디 파트너십 광고 (26년 10월까지만 활용 가능),niker_jaen_dE0hLqZD.mp4_niker_jaen,404,0,1259.0,0,262,인지
2026-09-15,1873959484807170,[빙과_스틱바]_쫀득바_인지2_video,[멜론] 전세계에서일본에만_7.1W,[26.07]F_V_JD멜_인지_쫀득바출시_인물리뷰형_인물리뷰형_var4.릴스_상단.일본안가.X_2P_문선정_260703_빙과_유영현_lXorbHIU.mp4_[26.07]F_V_JD멜_인지_쫀득바출시_인물리뷰형_인물리뷰형_var4.릴스_상단.일본안가.X_2P_문선정_260703_빙과_유영현,5,0,7.0,0,1,인지
2026-09-15,1873959656457905,[빙과_스틱바]_쫀득바_인지2_video,[멜론] 요거트바BP_6.3W,[26.06]F_V_JD멜_인지_쫀득바출시_인물리뷰형_편의점원정_var2.릴스_퀄리티.X_1P_문선정_260612_빙과_정요한_F6rWEnOX.mp4_[26.06]F_V_JD멜_인지_쫀득바출시_인물리뷰형_편의점원정_var2.릴스_퀄리티.X_1P_문선정_260612_빙과_정요한,30,0,60.0,0,11,인지
2026-09-15,1873959592941730,[빙과_스틱바]_쫀득바_인지2_video,[멜론] 인플루언서형_6.3W,[26.06]F_V_JD멜_인지_상시_인플루언서형_인플루언서형.인지_main.릴스_공통.X_1P_문선정_260619_빙과_이수민_OcQS8Jtk.mp4_[26.06]F_V_JD멜_인지_상시_인플루언서형_인플루언서형.인지_var2.릴스_대세감.X_1P_문선정_260619_빙과_이수민,13,0,11.0,0,2,인지
2026-09-15,1874370063993025,[빙과_스틱바]_쫀득바_인지2_video,[멜론] 무디 파트너십 광고 (26년 10월까지만 활용 가능),ddu___0_Jb76Kdc9.mp4_ddu___0,128,0,388.0,0,75,인지
2026-09-15,1874030317649217,[빙과_스틱바]_쫀득바_인지2_video,[멜론] 인물리뷰(2)_6.3W,[26.06]F_V_JD멜_인지_쫀득바출시_인물리뷰형_렉카형_var2.릴스_상단.대세감.X_2P_고가영_260612_빙과_김지연_uJ2PiCGN.mp4_[26.06]F_V_JD멜_인지_쫀득바출시_인물리뷰형_렉카형_var2.릴스_상단.대세감.X_2P_고가영_260612_빙과_김지연,230,0,506.0,0,88,인지
2026-09-15,1874370060202321,[빙과_스틱바]_쫀득바_인지2_video,[멜론] 무디 파트너십 광고 (26년 10월까지만 활용 가능),eunbynko_XVZyBHut.mp4_eunbynko,371,0,1353.0,0,272,인지
2026-09-15,1873959599404161,[빙과_스틱바]_쫀득바_인지2_video,[멜론] 인플루언서형_6.3W,[26.06]F_V_JD멜_인지_상시_인플루언서형_인플루언서형.인지_var3.릴스_코어 후킹.X_1P_문선정_260619_빙과_이수민_fHo1zJ0X.mp4_[26.06]F_V_JD멜_인지_상시_인플루언서형_인플루언서형.인지_var3.릴스_코어 후킹.X_1P_문선정_260619_빙과_이수민,269,0,669.0,0,127,인지
2026-09-15,1873959582885234,[빙과_스틱바]_쫀득바_인지2_video,[망고] 맛인지_6.3W,[26.06]F_V_JD망_인지_쫀득바출시_맛인지형_맛인지형.인지_var1.릴스_젤리식감.진수.6월.수민PJ_2P_문선정_260619_빙과_김지연_oqUjrN9C.mp4_[26.06]F_V_JD망_인지_쫀득바출시_맛인지형_맛인지형.인지_var1.릴스_젤리식감.진수.6월.수민PJ_2P_문선정_260619_빙과_김지연,8,0,13.0,0,3,인지
2026-09-15,1874030338066737,[빙과_스틱바]_쫀득바_인지2_video,[멜론] 현지인도못구하는_7.1W,[26.07]F_V_JD멜_인지_쫀득바출시_인플루언서형_인플루언서형_var2.릴스_인물먼저.X_1P_문선정_260703_빙과_정하얀_JOamzo0T.mp4_[26.07]F_V_JD멜_인지_쫀득바출시_인플루언서형_인플루언서형_var2.릴스_인물먼저.X_1P_문선정_260703_빙과_정하얀,44,0,147.0,0,34,인지
2026-09-15,1874370083000546,[빙과_스틱바]_쫀득바_인지2_video,[멜론] 무디 파트너십 광고 (26년 10월까지만 활용 가능),s_eo__fit_xO7qAYSe.mp4_s_eo__fit,198,0,734.0,0,166,인지
2026-09-15,1873959645921585,[빙과_스틱바]_쫀득바_인지2_video,[멜론] 인물리뷰(2)_6.3W,[26.06]F_V_JD멜_인지_쫀득바출시_인물리뷰형_렉카형_var1.릴스_1년멜론.X_2P_고가영_260612_빙과_김지연_Vfw93Dij.mp4_[26.06]F_V_JD멜_인지_쫀득바출시_인물리뷰형_렉카형_var1.릴스_1년멜론.X_2P_고가영_260612_빙과_김지연,31,0,76.0,0,18,인지
2026-09-15,1873959586022625,[빙과_스틱바]_쫀득바_인지2_video,[망고] 맛인지_6.3W,[26.06]F_V_JD망_인지_쫀득바출시_맛인지형_맛인지형.인지_var2.릴스_망고맛.진수.6월.수민PJ_2P_문선정_260619_빙과_김지연_85l4f3Aq.mp4_[26.06]F_V_JD망_인지_쫀득바출시_맛인지형_맛인지형.인지_var2.릴스_망고맛.진수.6월.수민PJ_2P_문선정_260619_빙과_김지연,214,0,423.0,0,93,인지
2026-09-15,1876022361442754,[빙과_스틱바]_복쫀바_인지2_video,[3SKU] [09.11]쫀득바3종_점수 매기기_노현경,7684187578426114068_[26.09] F_V_JD혼_전환_복쫀바출시_인물리뷰형_점수매기기_main.릴스_점수매기기.X_스틱바P_노현경_f64f14c2,28178,0,23067.0,0,4783,인지
2026-09-15,1873959483402274,[빙과_스틱바]_쫀득바_인지2_video,[멜론] 전세계에서일본에만_7.1W,[26.07]F_V_JD멜_인지_쫀득바출시_인물리뷰형_인물리뷰형_main.릴스_공통.X_2P_문선정_260703_빙과_유영현_hfC8Honk.mp4_[26.07]F_V_JD멜_인지_쫀득바출시_인물리뷰형_인물리뷰형_main.릴스_공통.X_2P_문선정_260703_빙과_유영현,10,0,18.0,0,3,인지
2026-09-15,1874370098478129,[빙과_스틱바]_쫀득바_인지2_video,[멜론] 무디 파트너십 광고 (26년 10월까지만 활용 가능),kdaaeng_5cY4RH6h.mp4_kdaaeng,210,0,698.0,0,161,인지
2026-09-15,1873959596195153,[빙과_스틱바]_쫀득바_인지2_video,[멜론] 인플루언서형_6.3W,[26.06]F_V_JD멜_인지_상시_인플루언서형_인플루언서형.인지_main.릴스_공통.X_1P_문선정_260619_빙과_이수민_OcQS8Jtk.mp4_[26.06]F_V_JD멜_인지_상시_인플루언서형_인플루언서형.인지_main.릴스_공통.X_1P_문선정_260619_빙과_이수민,72,0,85.0,0,17,인지
2026-09-15,1875662207350850,[빙과_스틱바]_쫀득바_인지2_video,[멜론] 무디 파트너십 광고 (26년 10월까지만 활용 가능),myhoney_717.mp4_myhoney_717.mp4,2585,0,8933.0,0,1832,인지
2026-09-15,1874030330240002,[빙과_스틱바]_쫀득바_인지2_video,[망고] 맛인지_6.3W,[26.06]F_V_JD망_인지_쫀득바출시_맛인지형_맛인지형.인지_var4.릴스_혜택.진수.6월.수민PJ_2P_문선정_260619_빙과_김지연_6H8Mjtxm.mp4_[26.06]F_V_JD망_인지_쫀득바출시_맛인지형_맛인지형.인지_var4.릴스_혜택.진수.6월.수민PJ_2P_문선정_260619_빙과_김지연,27,0,101.0,0,20,인지
2026-09-15,1873959645922641,[빙과_스틱바]_쫀득바_인지2_video,[멜론] 인물리뷰(2)_6.3W,[26.06]F_V_JD멜_인지_쫀득바출시_인물리뷰형_렉카형_main.릴스_공통.X_2P_고가영_260612_빙과_김지연_bRJKpluY.mp4_[26.06]F_V_JD멜_인지_쫀득바출시_인물리뷰형_렉카형_main.릴스_공통.X_2P_고가영_260612_빙과_김지연,23,0,67.0,0,13,인지
2026-09-15,1876277351519281,[빙과_스틱바]_쫀득바_전환2_video,[복숭아] 09.11 복숭아쫀득바_백정BP_렉카변환_정요한,7685231932978774037__26.09_F_V_JD복_전환_복쫀바출시_신규BP_백정BP_var6.렉카_납작복숭아.렉카변환.유럽차원달라.X__104e8ef0,263,10,1410.0,0,0,전환
2026-09-15,1876277331254385,[빙과_스틱바]_쫀득바_전환2_video,[복숭아] 09.11 복숭아쫀득바_써우리BP_렉카변환_정요한,7685231885732102164__26.09_F_V_JD복_전환_복쫀바출시_인물리뷰형_써우리BP_var11.렉카_편의점.렉카변환.지금놓치면1_015f65a7,836,33,5438.0,1,0,전환
2026-09-15,1876022594859298,[빙과_스틱바]_복쫀바_인지2_video,[3SKU] [09.11] 쫀득바3종_소비자검증형_정요한,7684188535930896405_[26.09] F_V_JD혼_인지_복쫀바출시_인물리뷰형_소비자검증형_main.릴스_일반.X_스틱바P_김바다_260911_빙과_정요한,492,0,754.0,0,147,인지
2026-09-15,1873959509313921,[빙과_스틱바]_쫀득바_인지2_video,[멜론] 일본원정템_7.1W,[26.07]F_V_JD멜_인지_쫀득바출시_신규BP_외부BP_var2.릴스_POV.X_2P_문선정_260703_빙과_이하림_vSPVRZmI.mp4_[26.07]F_V_JD멜_인지_쫀득바출시_신규BP_외부BP_var2.릴스_POV.X_2P_문선정_260703_빙과_이하림,49,0,152.0,0,36,인지
2026-09-15,1873959572271185,[빙과_스틱바]_쫀득바_인지2_video,[멜론] 써우리BP_6.4W,[26.06]F_V_JD멜_인지_쫀득바출시_맛인지형_맛인지형.인지_var1.릴스_왁뿌볼.X_1P_문선정_260612_빙과_이수민_EwQB6yWu.mp4_[26.06]F_V_JD멜_인지_쫀득바출시_맛인지형_맛인지형.인지_var1.릴스_왁뿌볼.X_1P_문선정_260612_빙과_이수민,261,0,441.0,0,81,인지
2026-09-15,1874370092553873,[빙과_스틱바]_쫀득바_인지2_video,[멜론] 무디 파트너십 광고 (26년 10월까지만 활용 가능),riverbinn_N8nEPrUl.mp4_riverbinn,1252,0,3883.0,0,734,인지
2026-09-15,1873959487025618,[빙과_스틱바]_쫀득바_인지2_video,[멜론] 전세계에서일본에만_7.1W,[26.07]F_V_JD멜_인지_쫀득바출시_인물리뷰형_인물리뷰형_var6.릴스_1위강조.X_2P_문선정_260703_빙과_유영현_PV7bCcFl.mp4_[26.07]F_V_JD멜_인지_쫀득바출시_인물리뷰형_인물리뷰형_var6.릴스_1위강조.X_2P_문선정_260703_빙과_유영현,3,0,5.0,0,1,인지
2026-09-15,1874476587671650,[빙과_스틱바]_쫀득바_인지2_video,[멜론] 무디 파트너십 광고 (26년 10월까지만 활용 가능),xcvijy_TySpdgnO.mp4_xcvijy,1842,0,4782.0,0,1012,인지
2026-09-15,1873959509314913,[빙과_스틱바]_쫀득바_인지2_video,[멜론] 일본원정템_7.1W,[26.07]F_V_JD멜_인지_쫀득바출시_신규BP_외부BP_var1.릴스_메인.일반브금.X_2P_문선정_260703_빙과_이하림_WTZLraDf.mp4_[26.07]F_V_JD멜_인지_쫀득바출시_신규BP_외부BP_var1.릴스_메인.일반브금.X_2P_문선정_260703_빙과_이하림,206,0,393.0,0,75,인지
2026-09-15,1873959483402306,[빙과_스틱바]_쫀득바_인지2_video,[멜론] 전세계에서일본에만_7.1W,[26.07]F_V_JD멜_인지_쫀득바출시_인물리뷰형_인물리뷰형_var2.릴스_상단.1등로손.X_2P_문선정_260703_빙과_유영현_kvnPtLWY.mp4_[26.07]F_V_JD멜_인지_쫀득바출시_인물리뷰형_인물리뷰형_var2.릴스_상단.1등로손.X_2P_문선정_260703_빙과_유영현,46,0,113.0,0,19,인지
2026-09-15,1873959567272305,[빙과_스틱바]_쫀득바_인지2_video,[멜론] 부자들만먹는_6.4W,[26.06]F_V_JD멜_인지_쫀득바출시_신규BP_먹방형_var4.릴스_숏.X_1P_문선정_260626_빙과_이수민_51lK2MkR.mp4_[26.06]F_V_JD멜_인지_쫀득바출시_신규BP_먹방형_var4.릴스_숏.X_1P_문선정_260626_빙과_이수민,49,0,158.0,0,31,인지
2026-09-15,1874370084620641,[빙과_스틱바]_쫀득바_인지2_video,[멜론] 무디 파트너십 광고 (26년 10월까지만 활용 가능),suj_43_2u1JOHAq.mp4_suj_43,93,0,222.0,0,38,인지
2026-09-15,1876022578830433,[빙과_스틱바]_복쫀바_인지2_video,[3SKU] [09.11] 쫀득바3종_소비자검증형_정요한,7684188465168973845_[26.09] F_V_JD혼_인지_복쫀바출시_인물리뷰형_소비자검증형_var1.릴스_인트로변경.X_스틱바P_김바다_260911_빙과_정요한,95138,0,84373.0,0,18907,인지
2026-09-15,1873959526530274,[빙과_스틱바]_쫀득바_인지2_video,[멜론] 책상네고 대체_6.4W,[26.06]F_V_JD멜_인지_쫀득바출시_기타_비하인드썰풀기_var1.릴스_짤림후킹.X_1P_김유진_260626_빙과_강다빈_N8xnAoaE.mp4_[26.06]F_V_JD멜_인지_쫀득바출시_기타_비하인드썰풀기_var1.릴스_짤림후킹.X_1P_김유진_260626_빙과_강다빈,335,0,887.0,0,169,인지
2026-09-15,1874030323030129,[빙과_스틱바]_쫀득바_인지2_video,[멜론] 인플루언서형_6.3W,[26.06]F_V_JD멜_인지_상시_인플루언서형_인플루언서형.인지_main.릴스_공통.X_1P_문선정_260619_빙과_이수민_OcQS8Jtk.mp4_Copy 3 of [26.06]F_V_JD멜_인지_상시_인플루언서형_인플루언서형.인지_main.릴스_공통.X_1P_문선정_260619_빙과_이수민,29,0,33.0,0,6,인지
2026-09-15,1876277361584914,[빙과_스틱바]_쫀득바_전환2_video,[복숭아] 09.11 복숭아쫀득바_백정BP_렉카변환_정요한,7685232058989494292__26.09_F_V_JD복_전환_복쫀바출시_신규BP_백정BP_var5.렉카_납작복숭아.렉카변환.슈기샤라웃.X_스_3bb926e4,140,2,522.0,0,0,전환
2026-09-15,1873959649053697,[빙과_스틱바]_쫀득바_인지2_video,[멜론] 인물리뷰(2)_6.3W,[26.06]F_V_JD멜_인지_쫀득바출시_인물리뷰형_렉카형_var3.릴스_상단.조회수.X_2P_고가영_260612_빙과_김지연_o3Oil7XF.mp4_[26.06]F_V_JD멜_인지_쫀득바출시_인물리뷰형_렉카형_var3.릴스_상단.조회수.X_2P_고가영_260612_빙과_김지연,10,0,32.0,0,7,인지
2026-09-15,1874371832550769,[빙과_스틱바]_쫀득바_인지2_video,[멜론] 무디 파트너십 광고 (26년 10월까지만 활용 가능),doyouknow_omg_MfVCQSX8.mp4_doyouknow_omg,108,0,293.0,0,60,인지
2026-09-15,1873959568365938,[빙과_스틱바]_쫀득바_인지2_video,[멜론] 부자들만먹는_6.4W,[26.06]F_V_JD멜_인지_쫀득바출시_신규BP_먹방형_var3.릴스_5만원멜론.X_1P_문선정_260626_빙과_이수민_4jVCt9QI.mp4_[26.06]F_V_JD멜_인지_쫀득바출시_신규BP_먹방형_var3.릴스_5만원멜론.X_1P_문선정_260626_빙과_이수민,5,0,3.0,0,1,인지
2026-09-15,1873959526530242,[빙과_스틱바]_쫀득바_인지2_video,[멜론] 책상네고 대체_6.4W,[26.06]F_V_JD멜_인지_쫀득바출시_기타_비하인드썰풀기_var2.릴스_POV.X_1P_김유진_260626_빙과_강다빈_dvNEWTwx.mp4_[26.06]F_V_JD멜_인지_쫀득바출시_기타_비하인드썰풀기_var2.릴스_POV.X_1P_김유진_260626_빙과_강다빈,141,0,349.0,0,73,인지
2026-09-15,1873959511342130,[빙과_스틱바]_쫀득바_인지2_video,[멜론] 일본원정템_7.1W,[26.07]F_V_JD멜_인지_쫀득바출시_신규BP_외부BP_main.릴스_메인.키노피오브금.X_2P_문선정_260703_빙과_이하림_CMkAHnfZ.mp4_[26.07]F_V_JD멜_인지_쫀득바출시_신규BP_외부BP_main.릴스_메인.키노피오브금.X_2P_문선정_260703_빙과_이하림,56,0,113.0,0,22,인지
2026-09-15,1873959600941425,[빙과_스틱바]_쫀득바_인지2_video,[멜론] 인플루언서형_6.3W,[26.06]F_V_JD멜_인지_상시_인플루언서형_인플루언서형.인지_var1.릴스_쫀득 후킹.X_1P_문선정_260619_빙과_이수민_HCZXPTgo.mp4_[26.06]F_V_JD멜_인지_상시_인플루언서형_인플루언서형.인지_var1.릴스_쫀득 후킹.X_1P_문선정_260619_빙과_이수민,22,0,42.0,0,9,인지
2026-09-15,1876009532262641,[빙과_스틱바]_복쫀바_인지2_video,[3SKU] 9월 2주_정보전달형_정요한,7684134973299212309__26.09_F_V_JD혼_인지_복쫀바출시_바이럴형_정보전달형_var1.렉카_품절되면.X_스틱바P_김바다_260910_빙과_정요한,43189,0,42040.0,0,8491,인지
2026-09-15,1873959601100177,[빙과_스틱바]_쫀득바_인지2_video,[멜론] 인플루언서형_6.3W,[26.06]F_V_JD멜_인지_상시_인플루언서형_인플루언서형.인지_var2.릴스_대세감.X_1P_문선정_260619_빙과_이수민_Bwvr3K0z.mp4_[26.06]F_V_JD멜_인지_상시_인플루언서형_인플루언서형.인지_var2.릴스_대세감.X_1P_문선정_260619_빙과_이수민,49,0,119.0,0,21,인지
2026-09-15,1873959574894593,[빙과_스틱바]_쫀득바_인지2_video,[멜론] 써우리BP_6.4W,[26.06]F_V_JD멜_인지_쫀득바출시_맛인지형_맛인지형.인지_var2.릴스_품절대란.X_1P_문선정_260612_빙과_이수민_X4dmxg8T.mp4_[26.06]F_V_JD멜_인지_쫀득바출시_맛인지형_맛인지형.인지_var2.릴스_품절대란.X_1P_문선정_260612_빙과_이수민,232,0,808.0,0,161,인지
2026-09-15,1873959560792561,[빙과_스틱바]_쫀득바_인지2_video,[멜론] 부자들만먹는_6.4W,[26.06]F_V_JD멜_인지_쫀득바출시_신규BP_먹방형_var1.릴스_쫀득.X_1P_문선정_260626_빙과_이수민_PAw0dpIV.mp4_[26.06]F_V_JD멜_인지_쫀득바출시_신규BP_먹방형_var1.릴스_쫀득.X_1P_문선정_260626_빙과_이수민,22,0,63.0,0,12,인지
2026-09-15,1873959559414897,[빙과_스틱바]_쫀득바_인지2_video,[멜론] 부자들만먹는_6.4W,[26.06]F_V_JD멜_인지_쫀득바출시_신규BP_먹방형_var2.릴스_먹방.X_1P_문선정_260626_빙과_이수민_jNE7zmU8.mp4_[26.06]F_V_JD멜_인지_쫀득바출시_신규BP_먹방형_var2.릴스_먹방.X_1P_문선정_260626_빙과_이수민,11,0,12.0,0,3,인지
2026-09-15,1874371832380434,[빙과_스틱바]_쫀득바_인지2_video,[멜론] 무디 파트너십 광고 (26년 10월까지만 활용 가능),dodoscene_9lkPTqUt.mp4_dodoscene,168,0,522.0,0,108,인지
2026-09-15,1875662210241730,[빙과_스틱바]_쫀득바_인지2_video,[멜론] 무디 파트너십 광고 (26년 10월까지만 활용 가능),eunring_.mp4_eunring_.mp4,2369,0,8087.0,0,1721,인지
2026-09-15,1873959559414865,[빙과_스틱바]_쫀득바_인지2_video,[멜론] 부자들만먹는_6.4W,[26.06]F_V_JD멜_인지_쫀득바출시_신규BP_먹방형_main.릴스_공통.X_1P_문선정_260626_빙과_이수민_6K4RW1kr.mp4_[26.06]F_V_JD멜_인지_쫀득바출시_신규BP_먹방형_main.릴스_공통.X_1P_문선정_260626_빙과_이수민,241,0,531.0,0,107,인지
2026-09-15,1873959654248546,[빙과_스틱바]_쫀득바_인지2_video,[멜론] 요거트바BP_6.3W,[26.06]F_V_JD멜_인지_쫀득바출시_인물리뷰형_편의점원정_var1.릴스_맛.X_1P_문선정_260612_빙과_정요한_USPOMvkw.mp4_[26.06]F_V_JD멜_인지_쫀득바출시_인물리뷰형_편의점원정_var1.릴스_맛.X_1P_문선정_260612_빙과_정요한,116,0,341.0,0,65,인지
2026-09-15,1873959488337921,[빙과_스틱바]_쫀득바_인지2_video,[멜론] 전세계에서일본에만_7.1W,[26.07]F_V_JD멜_인지_쫀득바출시_인물리뷰형_인물리뷰형_var3.릴스_상단.GS1등.X_2P_문선정_260703_빙과_유영현_8cUvPSAN.mp4_[26.07]F_V_JD멜_인지_쫀득바출시_인물리뷰형_인물리뷰형_var3.릴스_상단.GS1등.X_2P_문선정_260703_빙과_유영현,21,0,37.0,0,7,인지
2026-09-15,1873959679955218,[빙과_스틱바]_쫀득바_인지2_video,[멜론] 인물리뷰(1)_6.3W,[26.06]F_V_JD멜_인지_쫀득바출시_인물리뷰형_인물리뷰형_var1.릴스_블랙바.X_2P_고가영_260612_빙과_유영현_bKsUmrtE.mp4_[26.06]F_V_JD멜_인지_쫀득바출시_인물리뷰형_인물리뷰형_var1.릴스_블랙바.X_2P_고가영_260612_빙과_유영현,15,0,35.0,0,7,인지
2026-09-15,1873959571492482,[빙과_스틱바]_쫀득바_인지2_video,[멜론] 써우리BP_6.4W,[26.06]F_V_JD멜_인지_쫀득바출시_맛인지형_맛인지형.인지_var3.릴스_국민템 멜론바.X_1P_문선정_260612_빙과_이수민_49m1RLsV.mp4_[26.06]F_V_JD멜_인지_쫀득바출시_맛인지형_맛인지형.인지_var3.릴스_국민템 멜론바.X_1P_문선정_260612_빙과_이수민,51,0,150.0,0,30,인지
2026-09-15,1873959492107505,[빙과_스틱바]_쫀득바_인지2_video,[멜론] 전세계에서일본에만_7.1W,[26.07]F_V_JD멜_인지_쫀득바출시_인물리뷰형_인물리뷰형_var5.릴스_대세왁뿌.X_2P_문선정_260703_빙과_유영현_nmCE6i3s.mp4_[26.07]F_V_JD멜_인지_쫀득바출시_인물리뷰형_인물리뷰형_var5.릴스_대세왁뿌.X_2P_문선정_260703_빙과_유영현,334,0,1195.0,0,207,인지
2026-09-15,1876277367592066,[빙과_스틱바]_쫀득바_전환2_video,[복숭아] 09.11 복숭아쫀득바_맛인지_렉카변환_정요한,7685232024458641428__26.09_F_V_JD복_전환_복쫀바출시_맛인지형_오먹_main.렉카_납작복숭아가격비교.렉카변환.당3g.X__761b5777,689,12,6352.0,0,0,전환
2026-09-15,1873959662058609,[빙과_스틱바]_쫀득바_인지2_video,[멜론] 요거트바BP_6.3W,[26.06]F_V_JD멜_인지_쫀득바출시_인물리뷰형_편의점원정_var4.릴스_대세감.X_1P_문선정_260612_빙과_정요한_dTrqo0s9.mp4_[26.06]F_V_JD멜_인지_쫀득바출시_인물리뷰형_편의점원정_var4.릴스_대세감.X_1P_문선정_260612_빙과_정요한,37,0,61.0,0,11,인지
2026-09-15,1873959512707137,[빙과_스틱바]_쫀득바_인지2_video,[멜론] 일본원정템_7.1W,[26.07]F_V_JD멜_인지_쫀득바출시_신규BP_외부BP_var3.릴스_화내기.X_2P_문선정_260703_빙과_이하림_G6x0joRE.mp4_[26.07]F_V_JD멜_인지_쫀득바출시_신규BP_외부BP_var3.릴스_화내기.X_2P_문선정_260703_빙과_이하림,23,0,45.0,0,9,인지
2026-09-15,1876277338412258,[빙과_스틱바]_쫀득바_전환2_video,[복숭아] 09.11 복숭아쫀득바_써우리BP_렉카변환_정요한,7685231932977315861__26.09_F_V_JD복_전환_복쫀바출시_인물리뷰형_써우리BP_var10.렉카_편의점.렉카변환.유럽차원달라_5d831433,366,11,2201.0,0,0,전환
2026-09-15,1873959592940658,[빙과_스틱바]_쫀득바_인지2_video,[멜론] 인플루언서형_6.3W,[26.06]F_V_JD멜_인지_상시_인플루언서형_인플루언서형.인지_var1.릴스_쫀득 후킹.X_1P_문선정_260619_빙과_이수민_HCZXPTgo.mp4_[26.06]F_V_JD멜_인지_상시_인플루언서형_인플루언서형.인지_var1.릴스_쫀득 후킹.X_1P_문선정_260619_빙과_이수민,53,0,19.0,0,5,인지
2026-09-15,1873959648848097,[빙과_스틱바]_쫀득바_인지2_video,[멜론] 인물리뷰(2)_6.3W,[26.06]F_V_JD멜_인지_쫀득바출시_인물리뷰형_렉카형_var4.릴스_상단.판매중단.X_2P_고가영_260612_빙과_김지연_qc1ljdun.mp4_[26.06]F_V_JD멜_인지_쫀득바출시_인물리뷰형_렉카형_var4.릴스_상단.판매중단.X_2P_고가영_260612_빙과_김지연,8,0,12.0,0,2,인지
2026-09-15,1874370080353713,[빙과_스틱바]_쫀득바_인지2_video,[멜론] 무디 파트너십 광고 (26년 10월까지만 활용 가능),unyouu_ZQxjeUdR.mp4_unyouu,121,0,421.0,0,90,인지
2026-09-15,1874370060195937,[빙과_스틱바]_쫀득바_인지2_video,[멜론] 무디 파트너십 광고 (26년 10월까지만 활용 가능),02_TbcHadv6.mp4_02,81,0,300.0,0,62,인지
2026-09-15,1874030333521250,[빙과_스틱바]_쫀득바_인지2_video,[멜론] 초딩유행템2_6.4W,[26.06]F_V_JD멜_인지_쫀득바출시_신규BP_써우리BP_var2.릴스_혜택.X_1P_문선정_260626_빙과_김진수_AGmDZ35w.mp4_[26.06]F_V_JD멜_인지_쫀득바출시_신규BP_써우리BP_var2.릴스_혜택.X_1P_문선정_260626_빙과_김진수,242,0,533.0,0,113,인지
2026-09-15,1874030313976066,[빙과_스틱바]_쫀득바_인지2_video,[멜론] 인물리뷰(1)_6.3W,[26.06]F_V_JD멜_인지_쫀득바출시_인물리뷰형_인물리뷰형_var4.릴스_후킹.X_2P_고가영_260612_빙과_유영현_JfFPUknj.mp4_[26.06]F_V_JD멜_인지_쫀득바출시_인물리뷰형_인물리뷰형_var4.릴스_후킹.X_2P_고가영_260612_빙과_유영현,142,0,382.0,0,79,인지
2026-09-15,1873959606553906,[빙과_스틱바]_쫀득바_인지2_video,[멜론] 수박BP_6.3W,[26.06]F_V_JD멜_인지_쫀득바출시_맛인지형_수박BP_main.릴스_1년에딱.X_1P_김유진_260619_빙과_정하얀_4WnKJzct.mp4_[26.06]F_V_JD멜_인지_쫀득바출시_맛인지형_수박BP_main.릴스_1년에딱.X_1P_김유진_260619_빙과_정하얀,103,0,289.0,0,57,인지
2026-09-16,1873959526530274,[빙과_스틱바]_쫀득바_인지2_video,[멜론] 책상네고 대체_6.4W,[26.06]F_V_JD멜_인지_쫀득바출시_기타_비하인드썰풀기_var1.릴스_짤림후킹.X_1P_김유진_260626_빙과_강다빈_N8xnAoaE.mp4_[26.06]F_V_JD멜_인지_쫀득바출시_기타_비하인드썰풀기_var1.릴스_짤림후킹.X_1P_김유진_260626_빙과_강다빈,317,0,788.0,0,161,인지
2026-09-16,1874370080353713,[빙과_스틱바]_쫀득바_인지2_video,[멜론] 무디 파트너십 광고 (26년 10월까지만 활용 가능),unyouu_ZQxjeUdR.mp4_unyouu,74,0,275.0,0,57,인지
2026-09-16,1874370098478129,[빙과_스틱바]_쫀득바_인지2_video,[멜론] 무디 파트너십 광고 (26년 10월까지만 활용 가능),kdaaeng_5cY4RH6h.mp4_kdaaeng,168,0,574.0,0,136,인지
2026-09-16,1876277331254385,[빙과_스틱바]_쫀득바_전환2_video,[복숭아] 09.11 복숭아쫀득바_써우리BP_렉카변환_정요한,7685231885732102164__26.09_F_V_JD복_전환_복쫀바출시_인물리뷰형_써우리BP_var11.렉카_편의점.렉카변환.지금놓치면1_015f65a7,2901,190,14054.0,5,0,전환
2026-09-16,1876022578830433,[빙과_스틱바]_복쫀바_인지2_video,[3SKU] [09.11] 쫀득바3종_소비자검증형_정요한,7684188465168973845_[26.09] F_V_JD혼_인지_복쫀바출시_인물리뷰형_소비자검증형_var1.릴스_인트로변경.X_스틱바P_김바다_260911_빙과_정요한,113997,0,102305.0,0,21987,인지
2026-09-16,1874030323030129,[빙과_스틱바]_쫀득바_인지2_video,[멜론] 인플루언서형_6.3W,[26.06]F_V_JD멜_인지_상시_인플루언서형_인플루언서형.인지_main.릴스_공통.X_1P_문선정_260619_빙과_이수민_OcQS8Jtk.mp4_Copy 3 of [26.06]F_V_JD멜_인지_상시_인플루언서형_인플루언서형.인지_main.릴스_공통.X_1P_문선정_260619_빙과_이수민,19,0,47.0,0,9,인지
2026-09-16,1873959600941425,[빙과_스틱바]_쫀득바_인지2_video,[멜론] 인플루언서형_6.3W,[26.06]F_V_JD멜_인지_상시_인플루언서형_인플루언서형.인지_var1.릴스_쫀득 후킹.X_1P_문선정_260619_빙과_이수민_HCZXPTgo.mp4_[26.06]F_V_JD멜_인지_상시_인플루언서형_인플루언서형.인지_var1.릴스_쫀득 후킹.X_1P_문선정_260619_빙과_이수민,22,0,52.0,0,11,인지
2026-09-16,1873959567272305,[빙과_스틱바]_쫀득바_인지2_video,[멜론] 부자들만먹는_6.4W,[26.06]F_V_JD멜_인지_쫀득바출시_신규BP_먹방형_var4.릴스_숏.X_1P_문선정_260626_빙과_이수민_51lK2MkR.mp4_[26.06]F_V_JD멜_인지_쫀득바출시_신규BP_먹방형_var4.릴스_숏.X_1P_문선정_260626_빙과_이수민,60,0,187.0,0,38,인지
2026-09-16,1876277370887458,[빙과_스틱바]_쫀득바_전환2_video,[복숭아] 09.11 복숭아쫀득바_맛인지_렉카변환_정요한,7685232079317057557__26.09_F_V_JD복_전환_복쫀바출시_맛인지형_오먹_var2.렉카_납작복숭아가격비교.렉카변환.유럽차_344cc175,11,1,85.0,0,0,전환
2026-09-16,1875662207350850,[빙과_스틱바]_쫀득바_인지2_video,[멜론] 무디 파트너십 광고 (26년 10월까지만 활용 가능),myhoney_717.mp4_myhoney_717.mp4,2089,0,8037.0,0,1636,인지
2026-09-16,1873959483402306,[빙과_스틱바]_쫀득바_인지2_video,[멜론] 전세계에서일본에만_7.1W,[26.07]F_V_JD멜_인지_쫀득바출시_인물리뷰형_인물리뷰형_var2.릴스_상단.1등로손.X_2P_문선정_260703_빙과_유영현_kvnPtLWY.mp4_[26.07]F_V_JD멜_인지_쫀득바출시_인물리뷰형_인물리뷰형_var2.릴스_상단.1등로손.X_2P_문선정_260703_빙과_유영현,189,0,163.0,0,26,인지
2026-09-16,1873959509314913,[빙과_스틱바]_쫀득바_인지2_video,[멜론] 일본원정템_7.1W,[26.07]F_V_JD멜_인지_쫀득바출시_신규BP_외부BP_var1.릴스_메인.일반브금.X_2P_문선정_260703_빙과_이하림_WTZLraDf.mp4_[26.07]F_V_JD멜_인지_쫀득바출시_신규BP_외부BP_var1.릴스_메인.일반브금.X_2P_문선정_260703_빙과_이하림,260,0,559.0,0,105,인지
2026-09-16,1873959601100177,[빙과_스틱바]_쫀득바_인지2_video,[멜론] 인플루언서형_6.3W,[26.06]F_V_JD멜_인지_상시_인플루언서형_인플루언서형.인지_var2.릴스_대세감.X_1P_문선정_260619_빙과_이수민_Bwvr3K0z.mp4_[26.06]F_V_JD멜_인지_상시_인플루언서형_인플루언서형.인지_var2.릴스_대세감.X_1P_문선정_260619_빙과_이수민,20,0,48.0,0,8,인지
2026-09-16,1873959511342130,[빙과_스틱바]_쫀득바_인지2_video,[멜론] 일본원정템_7.1W,[26.07]F_V_JD멜_인지_쫀득바출시_신규BP_외부BP_main.릴스_메인.키노피오브금.X_2P_문선정_260703_빙과_이하림_CMkAHnfZ.mp4_[26.07]F_V_JD멜_인지_쫀득바출시_신규BP_외부BP_main.릴스_메인.키노피오브금.X_2P_문선정_260703_빙과_이하림,81,0,226.0,0,43,인지
2026-09-16,1873959492107505,[빙과_스틱바]_쫀득바_인지2_video,[멜론] 전세계에서일본에만_7.1W,[26.07]F_V_JD멜_인지_쫀득바출시_인물리뷰형_인물리뷰형_var5.릴스_대세왁뿌.X_2P_문선정_260703_빙과_유영현_nmCE6i3s.mp4_[26.07]F_V_JD멜_인지_쫀득바출시_인물리뷰형_인물리뷰형_var5.릴스_대세왁뿌.X_2P_문선정_260703_빙과_유영현,202,0,631.0,0,114,인지
2026-09-16,1876277367592066,[빙과_스틱바]_쫀득바_전환2_video,[복숭아] 09.11 복숭아쫀득바_맛인지_렉카변환_정요한,7685232024458641428__26.09_F_V_JD복_전환_복쫀바출시_맛인지형_오먹_main.렉카_납작복숭아가격비교.렉카변환.당3g.X__761b5777,2061,101,11794.0,2,0,전환
2026-09-16,1873959574894593,[빙과_스틱바]_쫀득바_인지2_video,[멜론] 써우리BP_6.4W,[26.06]F_V_JD멜_인지_쫀득바출시_맛인지형_맛인지형.인지_var2.릴스_품절대란.X_1P_문선정_260612_빙과_이수민_X4dmxg8T.mp4_[26.06]F_V_JD멜_인지_쫀득바출시_맛인지형_맛인지형.인지_var2.릴스_품절대란.X_1P_문선정_260612_빙과_이수민,75,0,273.0,0,56,인지
2026-09-16,1873959526530242,[빙과_스틱바]_쫀득바_인지2_video,[멜론] 책상네고 대체_6.4W,[26.06]F_V_JD멜_인지_쫀득바출시_기타_비하인드썰풀기_var2.릴스_POV.X_1P_김유진_260626_빙과_강다빈_dvNEWTwx.mp4_[26.06]F_V_JD멜_인지_쫀득바출시_기타_비하인드썰풀기_var2.릴스_POV.X_1P_김유진_260626_빙과_강다빈,322,0,318.0,0,66,인지
2026-09-16,1873959592941730,[빙과_스틱바]_쫀득바_인지2_video,[멜론] 인플루언서형_6.3W,[26.06]F_V_JD멜_인지_상시_인플루언서형_인플루언서형.인지_main.릴스_공통.X_1P_문선정_260619_빙과_이수민_OcQS8Jtk.mp4_[26.06]F_V_JD멜_인지_상시_인플루언서형_인플루언서형.인지_var2.릴스_대세감.X_1P_문선정_260619_빙과_이수민,4,0,16.0,0,3,인지
2026-09-16,1876399916321874,[빙과_스틱바]_복쫀바_인지2_video,[3SKU] [09.15] 쫀득바3종_AI_함주현,7685734041156517909_[26.09]F_I_JD혼_인지_상시_혜택강조형__.릴스_3종.AI건.복쫀바.맛인지.__김바다_260915_빙과_함주현,96201,0,107493.0,0,23184,인지
2026-09-16,1874476587671650,[빙과_스틱바]_쫀득바_인지2_video,[멜론] 무디 파트너십 광고 (26년 10월까지만 활용 가능),xcvijy_TySpdgnO.mp4_xcvijy,1512,0,3635.0,0,753,인지
2026-09-16,1873959559414865,[빙과_스틱바]_쫀득바_인지2_video,[멜론] 부자들만먹는_6.4W,[26.06]F_V_JD멜_인지_쫀득바출시_신규BP_먹방형_main.릴스_공통.X_1P_문선정_260626_빙과_이수민_6K4RW1kr.mp4_[26.06]F_V_JD멜_인지_쫀득바출시_신규BP_먹방형_main.릴스_공통.X_1P_문선정_260626_빙과_이수민,377,0,717.0,0,140,인지
2026-09-16,1873959654248546,[빙과_스틱바]_쫀득바_인지2_video,[멜론] 요거트바BP_6.3W,[26.06]F_V_JD멜_인지_쫀득바출시_인물리뷰형_편의점원정_var1.릴스_맛.X_1P_문선정_260612_빙과_정요한_USPOMvkw.mp4_[26.06]F_V_JD멜_인지_쫀득바출시_인물리뷰형_편의점원정_var1.릴스_맛.X_1P_문선정_260612_빙과_정요한,93,0,196.0,0,41,인지
2026-09-16,1873959648848097,[빙과_스틱바]_쫀득바_인지2_video,[멜론] 인물리뷰(2)_6.3W,[26.06]F_V_JD멜_인지_쫀득바출시_인물리뷰형_렉카형_var4.릴스_상단.판매중단.X_2P_고가영_260612_빙과_김지연_qc1ljdun.mp4_[26.06]F_V_JD멜_인지_쫀득바출시_인물리뷰형_렉카형_var4.릴스_상단.판매중단.X_2P_고가영_260612_빙과_김지연,2,0,3.0,0,1,인지
2026-09-16,1874370060195937,[빙과_스틱바]_쫀득바_인지2_video,[멜론] 무디 파트너십 광고 (26년 10월까지만 활용 가능),02_TbcHadv6.mp4_02,55,0,202.0,0,43,인지
2026-09-16,1873959488337921,[빙과_스틱바]_쫀득바_인지2_video,[멜론] 전세계에서일본에만_7.1W,[26.07]F_V_JD멜_인지_쫀득바출시_인물리뷰형_인물리뷰형_var3.릴스_상단.GS1등.X_2P_문선정_260703_빙과_유영현_8cUvPSAN.mp4_[26.07]F_V_JD멜_인지_쫀득바출시_인물리뷰형_인물리뷰형_var3.릴스_상단.GS1등.X_2P_문선정_260703_빙과_유영현,28,0,30.0,0,5,인지
2026-09-16,1874030333521250,[빙과_스틱바]_쫀득바_인지2_video,[멜론] 초딩유행템2_6.4W,[26.06]F_V_JD멜_인지_쫀득바출시_신규BP_써우리BP_var2.릴스_혜택.X_1P_문선정_260626_빙과_김진수_AGmDZ35w.mp4_[26.06]F_V_JD멜_인지_쫀득바출시_신규BP_써우리BP_var2.릴스_혜택.X_1P_문선정_260626_빙과_김진수,171,0,350.0,0,78,인지
2026-09-16,1873959512707137,[빙과_스틱바]_쫀득바_인지2_video,[멜론] 일본원정템_7.1W,[26.07]F_V_JD멜_인지_쫀득바출시_신규BP_외부BP_var3.릴스_화내기.X_2P_문선정_260703_빙과_이하림_G6x0joRE.mp4_[26.07]F_V_JD멜_인지_쫀득바출시_신규BP_외부BP_var3.릴스_화내기.X_2P_문선정_260703_빙과_이하림,14,0,29.0,0,6,인지
2026-09-16,1873959559414897,[빙과_스틱바]_쫀득바_인지2_video,[멜론] 부자들만먹는_6.4W,[26.06]F_V_JD멜_인지_쫀득바출시_신규BP_먹방형_var2.릴스_먹방.X_1P_문선정_260626_빙과_이수민_jNE7zmU8.mp4_[26.06]F_V_JD멜_인지_쫀득바출시_신규BP_먹방형_var2.릴스_먹방.X_1P_문선정_260626_빙과_이수민,6,0,3.0,0,1,인지
2026-09-16,1873959568365938,[빙과_스틱바]_쫀득바_인지2_video,[멜론] 부자들만먹는_6.4W,[26.06]F_V_JD멜_인지_쫀득바출시_신규BP_먹방형_var3.릴스_5만원멜론.X_1P_문선정_260626_빙과_이수민_4jVCt9QI.mp4_[26.06]F_V_JD멜_인지_쫀득바출시_신규BP_먹방형_var3.릴스_5만원멜론.X_1P_문선정_260626_빙과_이수민,1,0,6.0,0,1,인지
2026-09-16,1873959560792561,[빙과_스틱바]_쫀득바_인지2_video,[멜론] 부자들만먹는_6.4W,[26.06]F_V_JD멜_인지_쫀득바출시_신규BP_먹방형_var1.릴스_쫀득.X_1P_문선정_260626_빙과_이수민_PAw0dpIV.mp4_[26.06]F_V_JD멜_인지_쫀득바출시_신규BP_먹방형_var1.릴스_쫀득.X_1P_문선정_260626_빙과_이수민,14,0,53.0,0,10,인지
2026-09-16,1873959649053697,[빙과_스틱바]_쫀득바_인지2_video,[멜론] 인물리뷰(2)_6.3W,[26.06]F_V_JD멜_인지_쫀득바출시_인물리뷰형_렉카형_var3.릴스_상단.조회수.X_2P_고가영_260612_빙과_김지연_o3Oil7XF.mp4_[26.06]F_V_JD멜_인지_쫀득바출시_인물리뷰형_렉카형_var3.릴스_상단.조회수.X_2P_고가영_260612_빙과_김지연,17,0,60.0,0,13,인지
2026-09-16,1874370091722833,[빙과_스틱바]_쫀득바_인지2_video,[멜론] 무디 파트너십 광고 (26년 10월까지만 활용 가능),payforyouth__j28UIP7Q.mp4_payforyouth_,495,0,1857.0,0,377,인지
2026-09-16,1874030313976066,[빙과_스틱바]_쫀득바_인지2_video,[멜론] 인물리뷰(1)_6.3W,[26.06]F_V_JD멜_인지_쫀득바출시_인물리뷰형_인물리뷰형_var4.릴스_후킹.X_2P_고가영_260612_빙과_유영현_JfFPUknj.mp4_[26.06]F_V_JD멜_인지_쫀득바출시_인물리뷰형_인물리뷰형_var4.릴스_후킹.X_2P_고가영_260612_빙과_유영현,120,0,260.0,0,52,인지
2026-09-16,1876277338418306,[빙과_스틱바]_쫀득바_전환2_video,[복숭아] 09.11 복숭아쫀득바_써우리BP_렉카변환_정요한,7685231932977692693__26.09_F_V_JD복_전환_복쫀바출시_인물리뷰형_써우리BP_var8.렉카_편의점.렉카변환.당3g.X_스틱바_19720db1,6797,369,30442.0,8,0,전환
2026-09-16,1876277361584914,[빙과_스틱바]_쫀득바_전환2_video,[복숭아] 09.11 복숭아쫀득바_백정BP_렉카변환_정요한,7685232058989494292__26.09_F_V_JD복_전환_복쫀바출시_신규BP_백정BP_var5.렉카_납작복숭아.렉카변환.슈기샤라웃.X_스_3bb926e4,23137,1198,94910.0,24,0,전환
2026-09-16,1873959606553906,[빙과_스틱바]_쫀득바_인지2_video,[멜론] 수박BP_6.3W,[26.06]F_V_JD멜_인지_쫀득바출시_맛인지형_수박BP_main.릴스_1년에딱.X_1P_김유진_260619_빙과_정하얀_4WnKJzct.mp4_[26.06]F_V_JD멜_인지_쫀득바출시_맛인지형_수박BP_main.릴스_1년에딱.X_1P_김유진_260619_빙과_정하얀,217,0,669.0,0,129,인지
2026-09-16,1873959679955218,[빙과_스틱바]_쫀득바_인지2_video,[멜론] 인물리뷰(1)_6.3W,[26.06]F_V_JD멜_인지_쫀득바출시_인물리뷰형_인물리뷰형_var1.릴스_블랙바.X_2P_고가영_260612_빙과_유영현_bKsUmrtE.mp4_[26.06]F_V_JD멜_인지_쫀득바출시_인물리뷰형_인물리뷰형_var1.릴스_블랙바.X_2P_고가영_260612_빙과_유영현,14,0,16.0,0,3,인지
2026-09-16,1873959571492482,[빙과_스틱바]_쫀득바_인지2_video,[멜론] 써우리BP_6.4W,[26.06]F_V_JD멜_인지_쫀득바출시_맛인지형_맛인지형.인지_var3.릴스_국민템 멜론바.X_1P_문선정_260612_빙과_이수민_49m1RLsV.mp4_[26.06]F_V_JD멜_인지_쫀득바출시_맛인지형_맛인지형.인지_var3.릴스_국민템 멜론바.X_1P_문선정_260612_빙과_이수민,45,0,98.0,0,21,인지
2026-09-16,1874371832380434,[빙과_스틱바]_쫀득바_인지2_video,[멜론] 무디 파트너십 광고 (26년 10월까지만 활용 가능),dodoscene_9lkPTqUt.mp4_dodoscene,111,0,363.0,0,79,인지
2026-09-16,1874734943788354,[빙과_스틱바]_쫀득바_인지2_video,[멜론] 무디 파트너십 광고 (26년 10월까지만 활용 가능),kwaksuaaaa_qdpYkeKP.mp4_kwaksuaaaa.mp4,43,0,129.0,0,27,인지
2026-09-16,1875662210241730,[빙과_스틱바]_쫀득바_인지2_video,[멜론] 무디 파트너십 광고 (26년 10월까지만 활용 가능),eunring_.mp4_eunring_.mp4,1558,0,5453.0,0,1188,인지
2026-09-16,1874370090377506,[빙과_스틱바]_쫀득바_인지2_video,[멜론] 무디 파트너십 광고 (26년 10월까지만 활용 가능),xeoj.ng_L7HK2Ueo.mp4_xeoj.ng,100,0,314.0,0,69,인지
2026-09-16,1876277338412258,[빙과_스틱바]_쫀득바_전환2_video,[복숭아] 09.11 복숭아쫀득바_써우리BP_렉카변환_정요한,7685231932977315861__26.09_F_V_JD복_전환_복쫀바출시_인물리뷰형_써우리BP_var10.렉카_편의점.렉카변환.유럽차원달라_5d831433,598,38,3413.0,0,0,전환
2026-09-16,1875398369068242,[빙과_스틱바]_쫀득바_인지2_video,[멜론] 무디 파트너십 광고 (26년 10월까지만 활용 가능),euunjoo_D2fhy7T5.mp4_euunjoo.mp4,187,0,613.0,0,129,인지
2026-09-16,1874370094864626,[빙과_스틱바]_쫀득바_인지2_video,[멜론] 무디 파트너십 광고 (26년 10월까지만 활용 가능),bbuni_sol_0lW2JXmG.mp4_bbuni_sol,199,0,696.0,0,157,인지
2026-09-16,1876022394378385,[빙과_스틱바]_복쫀바_인지2_video,[3SKU] [09.11]쫀득바3종_차먹방노현경,7684187716040671253_[26.09]F_V_JD혼_전환_복쫀바출시_인물리뷰형_차먹방_main.릴스_차먹방.X_스틱바P_노현경_260911_빙과_노현경,37065,0,33996.0,0,7344,인지
2026-09-16,1874370068335249,[빙과_스틱바]_쫀득바_인지2_video,[멜론] 무디 파트너십 광고 (26년 10월까지만 활용 가능),cmonprefere__k_Hx4qLXWs.mp4_cmonprefere__k,35,0,84.0,0,19,인지
2026-09-16,1876399926849761,[빙과_스틱바]_복쫀바_인지2_video,[3SKU] [09.15] 쫀득바3종_AI_함주현,7685734073861718036_[26.09]F_I_JD혼_인지_상시_혜택강조형__.릴스_3종.AI건.복쫀바.대세감.__김바다_260915_빙과_함주현,14909,0,12140.0,0,2617,인지
2026-09-16,1876009558439089,[빙과_스틱바]_복쫀바_인지2_video,[3SKU] 9월 2주_정보전달형_정요한,7684135117962805268__26.09_F_V_JD혼_인지_복쫀바출시_바이럴형_정보전달형_main.렉카_못사게막는이유.X_스틱바P_김바다_260910_빙과_정요한,64274,0,48293.0,0,10496,인지
2026-09-16,1874476587075634,[빙과_스틱바]_쫀득바_인지2_video,[멜론] 무디 파트너십 광고 (26년 10월까지만 활용 가능),okindflower_tiktok_16x9_F9pfKXPt.mp4_okindflower,1345,0,4542.0,0,938,인지
2026-09-16,1873959606553874,[빙과_스틱바]_쫀득바_인지2_video,[멜론] 수박BP_6.3W,[26.06]F_V_JD멜_인지_쫀득바출시_맛인지형_수박BP_var1.릴스_저샀어요.X_1P_김유진_260619_빙과_정하얀_KxT2Mrn4.mp4_[26.06]F_V_JD멜_인지_쫀득바출시_맛인지형_수박BP_var1.릴스_저샀어요.X_1P_김유진_260619_빙과_정하얀,243,0,699.0,0,138,인지
2026-09-16,1873959679955250,[빙과_스틱바]_쫀득바_인지2_video,[멜론] 인물리뷰(1)_6.3W,[26.06]F_V_JD멜_인지_쫀득바출시_인물리뷰형_인물리뷰형_main.릴스_샀어요.X_2P_고가영_260612_빙과_유영현_ay8jLH2u.mp4_[26.06]F_V_JD멜_인지_쫀득바출시_인물리뷰형_인물리뷰형_main.릴스_샀어요.X_2P_고가영_260612_빙과_유영현,47,0,138.0,0,29,인지
2026-09-16,1876277331277089,[빙과_스틱바]_쫀득바_전환2_video,[복숭아] 09.11 복숭아쫀득바_써우리BP_렉카변환_정요한,7685231912206221332__26.09_F_V_JD복_전환_복쫀바출시_인물리뷰형_써우리BP_var9.렉카_편의점.렉카변환.슈기샤라웃.X__823f9a40,4730,287,19113.0,2,0,전환
2026-09-16,1873959592940658,[빙과_스틱바]_쫀득바_인지2_video,[멜론] 인플루언서형_6.3W,[26.06]F_V_JD멜_인지_상시_인플루언서형_인플루언서형.인지_var1.릴스_쫀득 후킹.X_1P_문선정_260619_빙과_이수민_HCZXPTgo.mp4_[26.06]F_V_JD멜_인지_상시_인플루언서형_인플루언서형.인지_var1.릴스_쫀득 후킹.X_1P_문선정_260619_빙과_이수민,28,0,41.0,0,8,인지
2026-09-16,1874030341331282,[빙과_스틱바]_쫀득바_인지2_video,[멜론] 전세계에서일본에만_7.1W,[26.07]F_V_JD멜_인지_쫀득바출시_인물리뷰형_인물리뷰형_var1.릴스_상단.국내출시.X_2P_문선정_260703_빙과_유영현_hYJso2jc.mp4_[26.07]F_V_JD멜_인지_쫀득바출시_인물리뷰형_인물리뷰형_var1.릴스_상단.국내출시.X_2P_문선정_260703_빙과_유영현,658,0,1229.0,0,230,인지
2026-09-16,1873959685405714,[빙과_스틱바]_쫀득바_인지2_video,[멜론] 인물리뷰(1)_6.3W,[26.06]F_V_JD멜_인지_쫀득바출시_인물리뷰형_인물리뷰형_var2.릴스_대세감.X_2P_고가영_260612_빙과_유영현_JSgYoFLC.mp4_[26.06]F_V_JD멜_인지_쫀득바출시_인물리뷰형_인물리뷰형_var2.릴스_대세감.X_2P_고가영_260612_빙과_유영현,27,0,42.0,0,9,인지
2026-09-16,1873959662058609,[빙과_스틱바]_쫀득바_인지2_video,[멜론] 요거트바BP_6.3W,[26.06]F_V_JD멜_인지_쫀득바출시_인물리뷰형_편의점원정_var4.릴스_대세감.X_1P_문선정_260612_빙과_정요한_dTrqo0s9.mp4_[26.06]F_V_JD멜_인지_쫀득바출시_인물리뷰형_편의점원정_var4.릴스_대세감.X_1P_문선정_260612_빙과_정요한,52,0,77.0,0,14,인지
2026-09-16,1873959654247474,[빙과_스틱바]_쫀득바_인지2_video,[멜론] 요거트바BP_6.3W,[26.06]F_V_JD멜_인지_쫀득바출시_인물리뷰형_편의점원정_main.릴스_공통.X_1P_문선정_260612_빙과_정요한_YkIZOlu0.mp4_[26.06]F_V_JD멜_인지_쫀득바출시_인물리뷰형_편의점원정_main.릴스_공통.X_1P_문선정_260612_빙과_정요한,1138,0,1515.0,0,298,인지
2026-09-16,1873959502194113,[빙과_스틱바]_쫀득바_인지2_video,[멜론] 현지인도못구하는_7.1W,[26.07]F_V_JD멜_인지_쫀득바출시_인플루언서형_인플루언서형_main.릴스_비행기표취소.X_1P_문선정_260703_빙과_정하얀_6J9yLGRu.mp4_[26.07]F_V_JD멜_인지_쫀득바출시_인플루언서형_인플루언서형_main.릴스_비행기표취소.X_1P_문선정_260703_빙과_정하얀,345,0,528.0,0,102,인지
2026-09-16,1873959586022625,[빙과_스틱바]_쫀득바_인지2_video,[망고] 맛인지_6.3W,[26.06]F_V_JD망_인지_쫀득바출시_맛인지형_맛인지형.인지_var2.릴스_망고맛.진수.6월.수민PJ_2P_문선정_260619_빙과_김지연_85l4f3Aq.mp4_[26.06]F_V_JD망_인지_쫀득바출시_맛인지형_맛인지형.인지_var2.릴스_망고맛.진수.6월.수민PJ_2P_문선정_260619_빙과_김지연,195,0,411.0,0,84,인지
2026-09-16,1874370090397122,[빙과_스틱바]_쫀득바_인지2_video,[멜론] 무디 파트너십 광고 (26년 10월까지만 활용 가능),minimore.927_wXMpjCo9.mp4_minimore.927,89,0,349.0,0,73,인지
2026-09-16,1873959502194161,[빙과_스틱바]_쫀득바_인지2_video,[멜론] 현지인도못구하는_7.1W,[26.07]F_V_JD멜_인지_쫀득바출시_인플루언서형_인플루언서형_var1.릴스_제품먼저.X_1P_문선정_260703_빙과_정하얀_gA26O49Z.mp4_[26.07]F_V_JD멜_인지_쫀득바출시_인플루언서형_인플루언서형_var1.릴스_제품먼저.X_1P_문선정_260703_빙과_정하얀,47,0,104.0,0,19,인지
2026-09-16,1874734944122306,[빙과_스틱바]_쫀득바_인지2_video,[멜론] 무디 파트너십 광고 (26년 10월까지만 활용 가능),miju_yah_n5sMw4xC.mp4_miju_yah.mp4,50,0,161.0,0,33,인지
2026-09-16,1876277351529105,[빙과_스틱바]_쫀득바_전환2_video,[복숭아] 09.11 복숭아쫀득바_백정BP_렉카변환_정요한,7685232002665873428__26.09_F_V_JD복_전환_복쫀바출시_신규BP_백정BP_var4.렉카_납작복숭아.렉카변환.당3g.X_스틱바P__4614b6aa,1880,87,8644.0,0,0,전환
2026-09-16,1876277351519281,[빙과_스틱바]_쫀득바_전환2_video,[복숭아] 09.11 복숭아쫀득바_백정BP_렉카변환_정요한,7685231932978774037__26.09_F_V_JD복_전환_복쫀바출시_신규BP_백정BP_var6.렉카_납작복숭아.렉카변환.유럽차원달라.X__104e8ef0,7513,352,23577.0,10,0,전환
2026-09-16,1874370083000546,[빙과_스틱바]_쫀득바_인지2_video,[멜론] 무디 파트너십 광고 (26년 10월까지만 활용 가능),s_eo__fit_xO7qAYSe.mp4_s_eo__fit,164,0,555.0,0,128,인지
2026-09-16,1876009532262641,[빙과_스틱바]_복쫀바_인지2_video,[3SKU] 9월 2주_정보전달형_정요한,7684134973299212309__26.09_F_V_JD혼_인지_복쫀바출시_바이럴형_정보전달형_var1.렉카_품절되면.X_스틱바P_김바다_260910_빙과_정요한,16227,0,20206.0,0,3911,인지
2026-09-16,1876022361442754,[빙과_스틱바]_복쫀바_인지2_video,[3SKU] [09.11]쫀득바3종_점수 매기기_노현경,7684187578426114068_[26.09] F_V_JD혼_전환_복쫀바출시_인물리뷰형_점수매기기_main.릴스_점수매기기.X_스틱바P_노현경_f64f14c2,29531,0,24675.0,0,4848,인지
2026-09-16,1873959483402274,[빙과_스틱바]_쫀득바_인지2_video,[멜론] 전세계에서일본에만_7.1W,[26.07]F_V_JD멜_인지_쫀득바출시_인물리뷰형_인물리뷰형_main.릴스_공통.X_2P_문선정_260703_빙과_유영현_hfC8Honk.mp4_[26.07]F_V_JD멜_인지_쫀득바출시_인물리뷰형_인물리뷰형_main.릴스_공통.X_2P_문선정_260703_빙과_유영현,3,0,6.0,0,1,인지
2026-09-16,1874371832550769,[빙과_스틱바]_쫀득바_인지2_video,[멜론] 무디 파트너십 광고 (26년 10월까지만 활용 가능),doyouknow_omg_MfVCQSX8.mp4_doyouknow_omg,49,0,154.0,0,31,인지
2026-09-16,1873959596195153,[빙과_스틱바]_쫀득바_인지2_video,[멜론] 인플루언서형_6.3W,[26.06]F_V_JD멜_인지_상시_인플루언서형_인플루언서형.인지_main.릴스_공통.X_1P_문선정_260619_빙과_이수민_OcQS8Jtk.mp4_[26.06]F_V_JD멜_인지_상시_인플루언서형_인플루언서형.인지_main.릴스_공통.X_1P_문선정_260619_빙과_이수민,647,0,603.0,0,108,인지
2026-09-16,1876022594859298,[빙과_스틱바]_복쫀바_인지2_video,[3SKU] [09.11] 쫀득바3종_소비자검증형_정요한,7684188535930896405_[26.09] F_V_JD혼_인지_복쫀바출시_인물리뷰형_소비자검증형_main.릴스_일반.X_스틱바P_김바다_260911_빙과_정요한,167,0,432.0,0,79,인지
2026-09-16,1874030317649217,[빙과_스틱바]_쫀득바_인지2_video,[멜론] 인물리뷰(2)_6.3W,[26.06]F_V_JD멜_인지_쫀득바출시_인물리뷰형_렉카형_var2.릴스_상단.대세감.X_2P_고가영_260612_빙과_김지연_uJ2PiCGN.mp4_[26.06]F_V_JD멜_인지_쫀득바출시_인물리뷰형_렉카형_var2.릴스_상단.대세감.X_2P_고가영_260612_빙과_김지연,244,0,383.0,0,67,인지
2026-09-16,1874370076917153,[빙과_스틱바]_쫀득바_인지2_video,[멜론] 무디 파트너십 광고 (26년 10월까지만 활용 가능),niker_jaen_dE0hLqZD.mp4_niker_jaen,413,0,1347.0,0,287,인지
2026-09-16,1874030330240002,[빙과_스틱바]_쫀득바_인지2_video,[망고] 맛인지_6.3W,[26.06]F_V_JD망_인지_쫀득바출시_맛인지형_맛인지형.인지_var4.릴스_혜택.진수.6월.수민PJ_2P_문선정_260619_빙과_김지연_6H8Mjtxm.mp4_[26.06]F_V_JD망_인지_쫀득바출시_맛인지형_맛인지형.인지_var4.릴스_혜택.진수.6월.수민PJ_2P_문선정_260619_빙과_김지연,23,0,49.0,0,13,인지
2026-09-16,1873959645922641,[빙과_스틱바]_쫀득바_인지2_video,[멜론] 인물리뷰(2)_6.3W,[26.06]F_V_JD멜_인지_쫀득바출시_인물리뷰형_렉카형_main.릴스_공통.X_2P_고가영_260612_빙과_김지연_bRJKpluY.mp4_[26.06]F_V_JD멜_인지_쫀득바출시_인물리뷰형_렉카형_main.릴스_공통.X_2P_고가영_260612_빙과_김지연,20,0,35.0,0,8,인지
2026-09-16,1873959484807170,[빙과_스틱바]_쫀득바_인지2_video,[멜론] 전세계에서일본에만_7.1W,[26.07]F_V_JD멜_인지_쫀득바출시_인물리뷰형_인물리뷰형_var4.릴스_상단.일본안가.X_2P_문선정_260703_빙과_유영현_lXorbHIU.mp4_[26.07]F_V_JD멜_인지_쫀득바출시_인물리뷰형_인물리뷰형_var4.릴스_상단.일본안가.X_2P_문선정_260703_빙과_유영현,3,0,6.0,0,1,인지
2026-09-16,1876277367584770,[빙과_스틱바]_쫀득바_전환2_video,[복숭아] 09.11 복숭아쫀득바_맛인지_렉카변환_정요한,7685232024458428436__26.09_F_V_JD복_전환_복쫀바출시_맛인지형_오먹_var3.렉카_납작복숭아가격비교.렉카변환.지금놓_f7aca024,2364,112,24443.0,3,0,전환
2026-09-16,1874370092553873,[빙과_스틱바]_쫀득바_인지2_video,[멜론] 무디 파트너십 광고 (26년 10월까지만 활용 가능),riverbinn_N8nEPrUl.mp4_riverbinn,569,0,1657.0,0,334,인지
2026-09-16,1874370084620641,[빙과_스틱바]_쫀득바_인지2_video,[멜론] 무디 파트너십 광고 (26년 10월까지만 활용 가능),suj_43_2u1JOHAq.mp4_suj_43,14,0,18.0,0,3,인지
2026-09-16,1873959656457905,[빙과_스틱바]_쫀득바_인지2_video,[멜론] 요거트바BP_6.3W,[26.06]F_V_JD멜_인지_쫀득바출시_인물리뷰형_편의점원정_var2.릴스_퀄리티.X_1P_문선정_260612_빙과_정요한_F6rWEnOX.mp4_[26.06]F_V_JD멜_인지_쫀득바출시_인물리뷰형_편의점원정_var2.릴스_퀄리티.X_1P_문선정_260612_빙과_정요한,62,0,135.0,0,24,인지
2026-09-16,1873959645921585,[빙과_스틱바]_쫀득바_인지2_video,[멜론] 인물리뷰(2)_6.3W,[26.06]F_V_JD멜_인지_쫀득바출시_인물리뷰형_렉카형_var1.릴스_1년멜론.X_2P_고가영_260612_빙과_김지연_Vfw93Dij.mp4_[26.06]F_V_JD멜_인지_쫀득바출시_인물리뷰형_렉카형_var1.릴스_1년멜론.X_2P_고가영_260612_빙과_김지연,31,0,84.0,0,17,인지
2026-09-16,1873959681209441,[빙과_스틱바]_쫀득바_인지2_video,[멜론] 인물리뷰(1)_6.3W,[26.06]F_V_JD멜_인지_쫀득바출시_인물리뷰형_인물리뷰형_var3.릴스_코어의외성.X_2P_고가영_260612_빙과_유영현_wjEIQSXr.mp4_[26.06]F_V_JD멜_인지_쫀득바출시_인물리뷰형_인물리뷰형_var3.릴스_코어의외성.X_2P_고가영_260612_빙과_유영현,6,0,13.0,0,3,인지
2026-09-16,1873959572271185,[빙과_스틱바]_쫀득바_인지2_video,[멜론] 써우리BP_6.4W,[26.06]F_V_JD멜_인지_쫀득바출시_맛인지형_맛인지형.인지_var1.릴스_왁뿌볼.X_1P_문선정_260612_빙과_이수민_EwQB6yWu.mp4_[26.06]F_V_JD멜_인지_쫀득바출시_맛인지형_맛인지형.인지_var1.릴스_왁뿌볼.X_1P_문선정_260612_빙과_이수민,197,0,347.0,0,63,인지
2026-09-16,1873959509313921,[빙과_스틱바]_쫀득바_인지2_video,[멜론] 일본원정템_7.1W,[26.07]F_V_JD멜_인지_쫀득바출시_신규BP_외부BP_var2.릴스_POV.X_2P_문선정_260703_빙과_이하림_vSPVRZmI.mp4_[26.07]F_V_JD멜_인지_쫀득바출시_신규BP_외부BP_var2.릴스_POV.X_2P_문선정_260703_빙과_이하림,56,0,156.0,0,35,인지
2026-09-16,1876277367598130,[빙과_스틱바]_쫀득바_전환2_video,[복숭아] 09.11 복숭아쫀득바_맛인지_렉카변환_정요한,7685232024458936340__26.09_F_V_JD복_전환_복쫀바출시_맛인지형_오먹_var1.렉카_납작복숭아가격비교.렉카변환.슈기샤_9413ff53,3898,235,26939.0,4,0,전환
2026-09-16,1874370063993025,[빙과_스틱바]_쫀득바_인지2_video,[멜론] 무디 파트너십 광고 (26년 10월까지만 활용 가능),ddu___0_Jb76Kdc9.mp4_ddu___0,60,0,235.0,0,45,인지
2026-09-16,1873959582885234,[빙과_스틱바]_쫀득바_인지2_video,[망고] 맛인지_6.3W,[26.06]F_V_JD망_인지_쫀득바출시_맛인지형_맛인지형.인지_var1.릴스_젤리식감.진수.6월.수민PJ_2P_문선정_260619_빙과_김지연_oqUjrN9C.mp4_[26.06]F_V_JD망_인지_쫀득바출시_맛인지형_맛인지형.인지_var1.릴스_젤리식감.진수.6월.수민PJ_2P_문선정_260619_빙과_김지연,3,0,3.0,0,1,인지
2026-09-16,1873959599404161,[빙과_스틱바]_쫀득바_인지2_video,[멜론] 인플루언서형_6.3W,[26.06]F_V_JD멜_인지_상시_인플루언서형_인플루언서형.인지_var3.릴스_코어 후킹.X_1P_문선정_260619_빙과_이수민_fHo1zJ0X.mp4_[26.06]F_V_JD멜_인지_상시_인플루언서형_인플루언서형.인지_var3.릴스_코어 후킹.X_1P_문선정_260619_빙과_이수민,224,0,419.0,0,77,인지
2026-09-16,1874030338066737,[빙과_스틱바]_쫀득바_인지2_video,[멜론] 현지인도못구하는_7.1W,[26.07]F_V_JD멜_인지_쫀득바출시_인플루언서형_인플루언서형_var2.릴스_인물먼저.X_1P_문선정_260703_빙과_정하얀_JOamzo0T.mp4_[26.07]F_V_JD멜_인지_쫀득바출시_인플루언서형_인플루언서형_var2.릴스_인물먼저.X_1P_문선정_260703_빙과_정하얀,44,0,107.0,0,27,인지
2026-09-16,1874370060202321,[빙과_스틱바]_쫀득바_인지2_video,[멜론] 무디 파트너십 광고 (26년 10월까지만 활용 가능),eunbynko_XVZyBHut.mp4_eunbynko,79,0,265.0,0,55,인지
2026-09-17,1874370068335249,[빙과_스틱바]_쫀득바_인지2_video,[멜론] 무디 파트너십 광고 (26년 10월까지만 활용 가능),cmonprefere__k_Hx4qLXWs.mp4_cmonprefere__k,31,0,94.0,0,22,인지
2026-09-17,1873959502194161,[빙과_스틱바]_쫀득바_인지2_video,[멜론] 현지인도못구하는_7.1W,[26.07]F_V_JD멜_인지_쫀득바출시_인플루언서형_인플루언서형_var1.릴스_제품먼저.X_1P_문선정_260703_빙과_정하얀_gA26O49Z.mp4_[26.07]F_V_JD멜_인지_쫀득바출시_인플루언서형_인플루언서형_var1.릴스_제품먼저.X_1P_문선정_260703_빙과_정하얀,35,0,56.0,0,11,인지
2026-09-17,1873959586022625,[빙과_스틱바]_쫀득바_인지2_video,[망고] 맛인지_6.3W,[26.06]F_V_JD망_인지_쫀득바출시_맛인지형_맛인지형.인지_var2.릴스_망고맛.진수.6월.수민PJ_2P_문선정_260619_빙과_김지연_85l4f3Aq.mp4_[26.06]F_V_JD망_인지_쫀득바출시_맛인지형_맛인지형.인지_var2.릴스_망고맛.진수.6월.수민PJ_2P_문선정_260619_빙과_김지연,76,0,177.0,0,38,인지
2026-09-17,1873959679955250,[빙과_스틱바]_쫀득바_인지2_video,[멜론] 인물리뷰(1)_6.3W,[26.06]F_V_JD멜_인지_쫀득바출시_인물리뷰형_인물리뷰형_main.릴스_샀어요.X_2P_고가영_260612_빙과_유영현_ay8jLH2u.mp4_[26.06]F_V_JD멜_인지_쫀득바출시_인물리뷰형_인물리뷰형_main.릴스_샀어요.X_2P_고가영_260612_빙과_유영현,26,0,57.0,0,13,인지
2026-09-17,1873959592940658,[빙과_스틱바]_쫀득바_인지2_video,[멜론] 인플루언서형_6.3W,[26.06]F_V_JD멜_인지_상시_인플루언서형_인플루언서형.인지_var1.릴스_쫀득 후킹.X_1P_문선정_260619_빙과_이수민_HCZXPTgo.mp4_[26.06]F_V_JD멜_인지_상시_인플루언서형_인플루언서형.인지_var1.릴스_쫀득 후킹.X_1P_문선정_260619_빙과_이수민,16,0,14.0,0,4,인지
2026-09-17,1874370090397122,[빙과_스틱바]_쫀득바_인지2_video,[멜론] 무디 파트너십 광고 (26년 10월까지만 활용 가능),minimore.927_wXMpjCo9.mp4_minimore.927,86,0,291.0,0,68,인지
2026-09-17,1873959654247474,[빙과_스틱바]_쫀득바_인지2_video,[멜론] 요거트바BP_6.3W,[26.06]F_V_JD멜_인지_쫀득바출시_인물리뷰형_편의점원정_main.릴스_공통.X_1P_문선정_260612_빙과_정요한_YkIZOlu0.mp4_[26.06]F_V_JD멜_인지_쫀득바출시_인물리뷰형_편의점원정_main.릴스_공통.X_1P_문선정_260612_빙과_정요한,283,0,405.0,0,73,인지
2026-09-17,1875398369068242,[빙과_스틱바]_쫀득바_인지2_video,[멜론] 무디 파트너십 광고 (26년 10월까지만 활용 가능),euunjoo_D2fhy7T5.mp4_euunjoo.mp4,2664,0,6875.0,0,1447,인지
2026-09-17,1873959502194113,[빙과_스틱바]_쫀득바_인지2_video,[멜론] 현지인도못구하는_7.1W,[26.07]F_V_JD멜_인지_쫀득바출시_인플루언서형_인플루언서형_main.릴스_비행기표취소.X_1P_문선정_260703_빙과_정하얀_6J9yLGRu.mp4_[26.07]F_V_JD멜_인지_쫀득바출시_인플루언서형_인플루언서형_main.릴스_비행기표취소.X_1P_문선정_260703_빙과_정하얀,387,0,649.0,0,120,인지
2026-09-17,1873959509313921,[빙과_스틱바]_쫀득바_인지2_video,[멜론] 일본원정템_7.1W,[26.07]F_V_JD멜_인지_쫀득바출시_신규BP_외부BP_var2.릴스_POV.X_2P_문선정_260703_빙과_이하림_vSPVRZmI.mp4_[26.07]F_V_JD멜_인지_쫀득바출시_신규BP_외부BP_var2.릴스_POV.X_2P_문선정_260703_빙과_이하림,46,0,129.0,0,26,인지
2026-09-17,1876399926849761,[빙과_스틱바]_복쫀바_인지2_video,[3SKU] [09.15] 쫀득바3종_AI_함주현,7685734073861718036_[26.09]F_I_JD혼_인지_상시_혜택강조형__.릴스_3종.AI건.복쫀바.대세감.__김바다_260915_빙과_함주현,2293,0,5614.0,0,1161,인지
2026-09-17,1876277351529105,[빙과_스틱바]_쫀득바_전환2_video,[복숭아] 09.11 복숭아쫀득바_백정BP_렉카변환_정요한,7685232002665873428__26.09_F_V_JD복_전환_복쫀바출시_신규BP_백정BP_var4.렉카_납작복숭아.렉카변환.당3g.X_스틱바P__4614b6aa,16,1,40.0,0,0,전환
2026-09-17,1873959606553874,[빙과_스틱바]_쫀득바_인지2_video,[멜론] 수박BP_6.3W,[26.06]F_V_JD멜_인지_쫀득바출시_맛인지형_수박BP_var1.릴스_저샀어요.X_1P_김유진_260619_빙과_정하얀_KxT2Mrn4.mp4_[26.06]F_V_JD멜_인지_쫀득바출시_맛인지형_수박BP_var1.릴스_저샀어요.X_1P_김유진_260619_빙과_정하얀,72,0,136.0,0,28,인지
2026-09-17,1876277351519281,[빙과_스틱바]_쫀득바_전환2_video,[복숭아] 09.11 복숭아쫀득바_백정BP_렉카변환_정요한,7685231932978774037__26.09_F_V_JD복_전환_복쫀바출시_신규BP_백정BP_var6.렉카_납작복숭아.렉카변환.유럽차원달라.X__104e8ef0,687,37,3406.0,0,0,전환
2026-09-17,1874476587075634,[빙과_스틱바]_쫀득바_인지2_video,[멜론] 무디 파트너십 광고 (26년 10월까지만 활용 가능),okindflower_tiktok_16x9_F9pfKXPt.mp4_okindflower,506,0,1623.0,0,352,인지
2026-09-17,1873959662058609,[빙과_스틱바]_쫀득바_인지2_video,[멜론] 요거트바BP_6.3W,[26.06]F_V_JD멜_인지_쫀득바출시_인물리뷰형_편의점원정_var4.릴스_대세감.X_1P_문선정_260612_빙과_정요한_dTrqo0s9.mp4_[26.06]F_V_JD멜_인지_쫀득바출시_인물리뷰형_편의점원정_var4.릴스_대세감.X_1P_문선정_260612_빙과_정요한,56,0,60.0,0,13,인지
2026-09-17,1876277338412258,[빙과_스틱바]_쫀득바_전환2_video,[복숭아] 09.11 복숭아쫀득바_써우리BP_렉카변환_정요한,7685231932977315861__26.09_F_V_JD복_전환_복쫀바출시_인물리뷰형_써우리BP_var10.렉카_편의점.렉카변환.유럽차원달라_5d831433,21,1,50.0,0,0,전환
2026-09-17,1874370090377506,[빙과_스틱바]_쫀득바_인지2_video,[멜론] 무디 파트너십 광고 (26년 10월까지만 활용 가능),xeoj.ng_L7HK2Ueo.mp4_xeoj.ng,53,0,156.0,0,42,인지
2026-09-17,1873959585040561,[빙과_스틱바]_쫀득바_인지2_video,[망고] 맛인지_6.3W,[26.06]F_V_JD망_인지_쫀득바출시_맛인지형_맛인지형.인지_var3.릴스_대세감.진수.6월.수민PJ_2P_문선정_260619_빙과_김지연_694xYrHj.mp4_[26.06]F_V_JD망_인지_쫀득바출시_맛인지형_맛인지형.인지_var3.릴스_대세감.진수.6월.수민PJ_2P_문선정_260619_빙과_김지연,17,0,12.0,0,3,인지
2026-09-17,1873959559414865,[빙과_스틱바]_쫀득바_인지2_video,[멜론] 부자들만먹는_6.4W,[26.06]F_V_JD멜_인지_쫀득바출시_신규BP_먹방형_main.릴스_공통.X_1P_문선정_260626_빙과_이수민_6K4RW1kr.mp4_[26.06]F_V_JD멜_인지_쫀득바출시_신규BP_먹방형_main.릴스_공통.X_1P_문선정_260626_빙과_이수민,255,0,431.0,0,80,인지
2026-09-17,1874370083000546,[빙과_스틱바]_쫀득바_인지2_video,[멜론] 무디 파트너십 광고 (26년 10월까지만 활용 가능),s_eo__fit_xO7qAYSe.mp4_s_eo__fit,99,0,328.0,0,80,인지
2026-09-17,1873959645922641,[빙과_스틱바]_쫀득바_인지2_video,[멜론] 인물리뷰(2)_6.3W,[26.06]F_V_JD멜_인지_쫀득바출시_인물리뷰형_렉카형_main.릴스_공통.X_2P_고가영_260612_빙과_김지연_bRJKpluY.mp4_[26.06]F_V_JD멜_인지_쫀득바출시_인물리뷰형_렉카형_main.릴스_공통.X_2P_고가영_260612_빙과_김지연,14,0,25.0,0,5,인지
2026-09-17,1873959681209441,[빙과_스틱바]_쫀득바_인지2_video,[멜론] 인물리뷰(1)_6.3W,[26.06]F_V_JD멜_인지_쫀득바출시_인물리뷰형_인물리뷰형_var3.릴스_코어의외성.X_2P_고가영_260612_빙과_유영현_wjEIQSXr.mp4_[26.06]F_V_JD멜_인지_쫀득바출시_인물리뷰형_인물리뷰형_var3.릴스_코어의외성.X_2P_고가영_260612_빙과_유영현,4,0,10.0,0,2,인지
2026-09-17,1874030330240002,[빙과_스틱바]_쫀득바_인지2_video,[망고] 맛인지_6.3W,[26.06]F_V_JD망_인지_쫀득바출시_맛인지형_맛인지형.인지_var4.릴스_혜택.진수.6월.수민PJ_2P_문선정_260619_빙과_김지연_6H8Mjtxm.mp4_[26.06]F_V_JD망_인지_쫀득바출시_맛인지형_맛인지형.인지_var4.릴스_혜택.진수.6월.수민PJ_2P_문선정_260619_빙과_김지연,12,0,12.0,0,3,인지
2026-09-17,1873959685405714,[빙과_스틱바]_쫀득바_인지2_video,[멜론] 인물리뷰(1)_6.3W,[26.06]F_V_JD멜_인지_쫀득바출시_인물리뷰형_인물리뷰형_var2.릴스_대세감.X_2P_고가영_260612_빙과_유영현_JSgYoFLC.mp4_[26.06]F_V_JD멜_인지_쫀득바출시_인물리뷰형_인물리뷰형_var2.릴스_대세감.X_2P_고가영_260612_빙과_유영현,37,0,46.0,0,9,인지
2026-09-17,1876009532262641,[빙과_스틱바]_복쫀바_인지2_video,[3SKU] 9월 2주_정보전달형_정요한,7684134973299212309__26.09_F_V_JD혼_인지_복쫀바출시_바이럴형_정보전달형_var1.렉카_품절되면.X_스틱바P_김바다_260910_빙과_정요한,4983,0,8149.0,0,1473,인지
2026-09-17,1873959601100177,[빙과_스틱바]_쫀득바_인지2_video,[멜론] 인플루언서형_6.3W,[26.06]F_V_JD멜_인지_상시_인플루언서형_인플루언서형.인지_var2.릴스_대세감.X_1P_문선정_260619_빙과_이수민_Bwvr3K0z.mp4_[26.06]F_V_JD멜_인지_상시_인플루언서형_인플루언서형.인지_var2.릴스_대세감.X_1P_문선정_260619_빙과_이수민,19,0,33.0,0,6,인지
2026-09-17,1874370092553873,[빙과_스틱바]_쫀득바_인지2_video,[멜론] 무디 파트너십 광고 (26년 10월까지만 활용 가능),riverbinn_N8nEPrUl.mp4_riverbinn,260,0,727.0,0,164,인지
2026-09-17,1874734944122306,[빙과_스틱바]_쫀득바_인지2_video,[멜론] 무디 파트너십 광고 (26년 10월까지만 활용 가능),miju_yah_n5sMw4xC.mp4_miju_yah.mp4,2577,0,8633.0,0,1771,인지
2026-09-17,1873959572271185,[빙과_스틱바]_쫀득바_인지2_video,[멜론] 써우리BP_6.4W,[26.06]F_V_JD멜_인지_쫀득바출시_맛인지형_맛인지형.인지_var1.릴스_왁뿌볼.X_1P_문선정_260612_빙과_이수민_EwQB6yWu.mp4_[26.06]F_V_JD멜_인지_쫀득바출시_맛인지형_맛인지형.인지_var1.릴스_왁뿌볼.X_1P_문선정_260612_빙과_이수민,88,0,161.0,0,31,인지
2026-09-17,1874030341331282,[빙과_스틱바]_쫀득바_인지2_video,[멜론] 전세계에서일본에만_7.1W,[26.07]F_V_JD멜_인지_쫀득바출시_인물리뷰형_인물리뷰형_var1.릴스_상단.국내출시.X_2P_문선정_260703_빙과_유영현_hYJso2jc.mp4_[26.07]F_V_JD멜_인지_쫀득바출시_인물리뷰형_인물리뷰형_var1.릴스_상단.국내출시.X_2P_문선정_260703_빙과_유영현,277,0,677.0,0,122,인지
2026-09-17,1876277367598130,[빙과_스틱바]_쫀득바_전환2_video,[복숭아] 09.11 복숭아쫀득바_맛인지_렉카변환_정요한,7685232024458936340__26.09_F_V_JD복_전환_복쫀바출시_맛인지형_오먹_var1.렉카_납작복숭아가격비교.렉카변환.슈기샤_9413ff53,134,5,710.0,0,0,전환
2026-09-17,1874370060202321,[빙과_스틱바]_쫀득바_인지2_video,[멜론] 무디 파트너십 광고 (26년 10월까지만 활용 가능),eunbynko_XVZyBHut.mp4_eunbynko,31,0,111.0,0,26,인지
2026-09-17,1873959484807170,[빙과_스틱바]_쫀득바_인지2_video,[멜론] 전세계에서일본에만_7.1W,[26.07]F_V_JD멜_인지_쫀득바출시_인물리뷰형_인물리뷰형_var4.릴스_상단.일본안가.X_2P_문선정_260703_빙과_유영현_lXorbHIU.mp4_[26.07]F_V_JD멜_인지_쫀득바출시_인물리뷰형_인물리뷰형_var4.릴스_상단.일본안가.X_2P_문선정_260703_빙과_유영현,2,0,4.0,0,1,인지
2026-09-17,1874370076917153,[빙과_스틱바]_쫀득바_인지2_video,[멜론] 무디 파트너십 광고 (26년 10월까지만 활용 가능),niker_jaen_dE0hLqZD.mp4_niker_jaen,291,0,912.0,0,208,인지
2026-09-17,1873959582885234,[빙과_스틱바]_쫀득바_인지2_video,[망고] 맛인지_6.3W,[26.06]F_V_JD망_인지_쫀득바출시_맛인지형_맛인지형.인지_var1.릴스_젤리식감.진수.6월.수민PJ_2P_문선정_260619_빙과_김지연_oqUjrN9C.mp4_[26.06]F_V_JD망_인지_쫀득바출시_맛인지형_맛인지형.인지_var1.릴스_젤리식감.진수.6월.수민PJ_2P_문선정_260619_빙과_김지연,3,0,6.0,0,1,인지
2026-09-17,1874370063993025,[빙과_스틱바]_쫀득바_인지2_video,[멜론] 무디 파트너십 광고 (26년 10월까지만 활용 가능),ddu___0_Jb76Kdc9.mp4_ddu___0,47,0,134.0,0,31,인지
2026-09-17,1873959599404161,[빙과_스틱바]_쫀득바_인지2_video,[멜론] 인플루언서형_6.3W,[26.06]F_V_JD멜_인지_상시_인플루언서형_인플루언서형.인지_var3.릴스_코어 후킹.X_1P_문선정_260619_빙과_이수민_fHo1zJ0X.mp4_[26.06]F_V_JD멜_인지_상시_인플루언서형_인플루언서형.인지_var3.릴스_코어 후킹.X_1P_문선정_260619_빙과_이수민,93,0,241.0,0,47,인지
2026-09-17,1873959645921585,[빙과_스틱바]_쫀득바_인지2_video,[멜론] 인물리뷰(2)_6.3W,[26.06]F_V_JD멜_인지_쫀득바출시_인물리뷰형_렉카형_var1.릴스_1년멜론.X_2P_고가영_260612_빙과_김지연_Vfw93Dij.mp4_[26.06]F_V_JD멜_인지_쫀득바출시_인물리뷰형_렉카형_var1.릴스_1년멜론.X_2P_고가영_260612_빙과_김지연,18,0,51.0,0,12,인지
2026-09-17,1874370084620641,[빙과_스틱바]_쫀득바_인지2_video,[멜론] 무디 파트너십 광고 (26년 10월까지만 활용 가능),suj_43_2u1JOHAq.mp4_suj_43,14,0,33.0,0,7,인지
2026-09-17,1876277367584770,[빙과_스틱바]_쫀득바_전환2_video,[복숭아] 09.11 복숭아쫀득바_맛인지_렉카변환_정요한,7685232024458428436__26.09_F_V_JD복_전환_복쫀바출시_맛인지형_오먹_var3.렉카_납작복숭아가격비교.렉카변환.지금놓_f7aca024,91,3,574.0,0,0,전환
2026-09-17,1873959656457905,[빙과_스틱바]_쫀득바_인지2_video,[멜론] 요거트바BP_6.3W,[26.06]F_V_JD멜_인지_쫀득바출시_인물리뷰형_편의점원정_var2.릴스_퀄리티.X_1P_문선정_260612_빙과_정요한_F6rWEnOX.mp4_[26.06]F_V_JD멜_인지_쫀득바출시_인물리뷰형_편의점원정_var2.릴스_퀄리티.X_1P_문선정_260612_빙과_정요한,45,0,121.0,0,22,인지
2026-09-17,1874371832550769,[빙과_스틱바]_쫀득바_인지2_video,[멜론] 무디 파트너십 광고 (26년 10월까지만 활용 가능),doyouknow_omg_MfVCQSX8.mp4_doyouknow_omg,23,0,51.0,0,12,인지
2026-09-17,1873959571492482,[빙과_스틱바]_쫀득바_인지2_video,[멜론] 써우리BP_6.4W,[26.06]F_V_JD멜_인지_쫀득바출시_맛인지형_맛인지형.인지_var3.릴스_국민템 멜론바.X_1P_문선정_260612_빙과_이수민_49m1RLsV.mp4_[26.06]F_V_JD멜_인지_쫀득바출시_맛인지형_맛인지형.인지_var3.릴스_국민템 멜론바.X_1P_문선정_260612_빙과_이수민,5,0,22.0,0,4,인지
2026-09-17,1876277370887458,[빙과_스틱바]_쫀득바_전환2_video,[복숭아] 09.11 복숭아쫀득바_맛인지_렉카변환_정요한,7685232079317057557__26.09_F_V_JD복_전환_복쫀바출시_맛인지형_오먹_var2.렉카_납작복숭아가격비교.렉카변환.유럽차_344cc175,126,7,412.0,0,0,전환
2026-09-17,1876277367592066,[빙과_스틱바]_쫀득바_전환2_video,[복숭아] 09.11 복숭아쫀득바_맛인지_렉카변환_정요한,7685232024458641428__26.09_F_V_JD복_전환_복쫀바출시_맛인지형_오먹_main.렉카_납작복숭아가격비교.렉카변환.당3g.X__761b5777,34,1,153.0,0,0,전환
2026-09-17,1875662207350850,[빙과_스틱바]_쫀득바_인지2_video,[멜론] 무디 파트너십 광고 (26년 10월까지만 활용 가능),myhoney_717.mp4_myhoney_717.mp4,1698,0,6650.0,0,1369,인지
2026-09-17,1874734943788354,[빙과_스틱바]_쫀득바_인지2_video,[멜론] 무디 파트너십 광고 (26년 10월까지만 활용 가능),kwaksuaaaa_qdpYkeKP.mp4_kwaksuaaaa.mp4,1926,0,5458.0,0,1213,인지
2026-09-17,1873959511342130,[빙과_스틱바]_쫀득바_인지2_video,[멜론] 일본원정템_7.1W,[26.07]F_V_JD멜_인지_쫀득바출시_신규BP_외부BP_main.릴스_메인.키노피오브금.X_2P_문선정_260703_빙과_이하림_CMkAHnfZ.mp4_[26.07]F_V_JD멜_인지_쫀득바출시_신규BP_외부BP_main.릴스_메인.키노피오브금.X_2P_문선정_260703_빙과_이하림,32,0,57.0,0,11,인지
2026-09-17,1873959526530242,[빙과_스틱바]_쫀득바_인지2_video,[멜론] 책상네고 대체_6.4W,[26.06]F_V_JD멜_인지_쫀득바출시_기타_비하인드썰풀기_var2.릴스_POV.X_1P_김유진_260626_빙과_강다빈_dvNEWTwx.mp4_[26.06]F_V_JD멜_인지_쫀득바출시_기타_비하인드썰풀기_var2.릴스_POV.X_1P_김유진_260626_빙과_강다빈,55,0,59.0,0,12,인지
2026-09-17,1874030338066737,[빙과_스틱바]_쫀득바_인지2_video,[멜론] 현지인도못구하는_7.1W,[26.07]F_V_JD멜_인지_쫀득바출시_인플루언서형_인플루언서형_var2.릴스_인물먼저.X_1P_문선정_260703_빙과_정하얀_JOamzo0T.mp4_[26.07]F_V_JD멜_인지_쫀득바출시_인플루언서형_인플루언서형_var2.릴스_인물먼저.X_1P_문선정_260703_빙과_정하얀,43,0,45.0,0,13,인지
2026-09-17,1873959600941425,[빙과_스틱바]_쫀득바_인지2_video,[멜론] 인플루언서형_6.3W,[26.06]F_V_JD멜_인지_상시_인플루언서형_인플루언서형.인지_var1.릴스_쫀득 후킹.X_1P_문선정_260619_빙과_이수민_HCZXPTgo.mp4_[26.06]F_V_JD멜_인지_상시_인플루언서형_인플루언서형.인지_var1.릴스_쫀득 후킹.X_1P_문선정_260619_빙과_이수민,7,0,6.0,0,1,인지
2026-09-17,1876277331254385,[빙과_스틱바]_쫀득바_전환2_video,[복숭아] 09.11 복숭아쫀득바_써우리BP_렉카변환_정요한,7685231885732102164__26.09_F_V_JD복_전환_복쫀바출시_인물리뷰형_써우리BP_var11.렉카_편의점.렉카변환.지금놓치면1_015f65a7,1175,61,7083.0,3,0,전환
2026-09-17,1874370098478129,[빙과_스틱바]_쫀득바_인지2_video,[멜론] 무디 파트너십 광고 (26년 10월까지만 활용 가능),kdaaeng_5cY4RH6h.mp4_kdaaeng,187,0,678.0,0,158,인지
2026-09-17,1873959592941730,[빙과_스틱바]_쫀득바_인지2_video,[멜론] 인플루언서형_6.3W,[26.06]F_V_JD멜_인지_상시_인플루언서형_인플루언서형.인지_main.릴스_공통.X_1P_문선정_260619_빙과_이수민_OcQS8Jtk.mp4_[26.06]F_V_JD멜_인지_상시_인플루언서형_인플루언서형.인지_var2.릴스_대세감.X_1P_문선정_260619_빙과_이수민,2,0,6.0,0,1,인지
2026-09-17,1873959560792561,[빙과_스틱바]_쫀득바_인지2_video,[멜론] 부자들만먹는_6.4W,[26.06]F_V_JD멜_인지_쫀득바출시_신규BP_먹방형_var1.릴스_쫀득.X_1P_문선정_260626_빙과_이수민_PAw0dpIV.mp4_[26.06]F_V_JD멜_인지_쫀득바출시_신규BP_먹방형_var1.릴스_쫀득.X_1P_문선정_260626_빙과_이수민,19,0,10.0,0,3,인지
2026-09-17,1876022594859298,[빙과_스틱바]_복쫀바_인지2_video,[3SKU] [09.11] 쫀득바3종_소비자검증형_정요한,7684188535930896405_[26.09] F_V_JD혼_인지_복쫀바출시_인물리뷰형_소비자검증형_main.릴스_일반.X_스틱바P_김바다_260911_빙과_정요한,595,0,635.0,0,120,인지
2026-09-17,1874370080353713,[빙과_스틱바]_쫀득바_인지2_video,[멜론] 무디 파트너십 광고 (26년 10월까지만 활용 가능),unyouu_ZQxjeUdR.mp4_unyouu,38,0,133.0,0,32,인지
2026-09-17,1876399916321874,[빙과_스틱바]_복쫀바_인지2_video,[3SKU] [09.15] 쫀득바3종_AI_함주현,7685734041156517909_[26.09]F_I_JD혼_인지_상시_혜택강조형__.릴스_3종.AI건.복쫀바.맛인지.__김바다_260915_빙과_함주현,55095,0,55818.0,0,11093,인지
2026-09-17,1874476587671650,[빙과_스틱바]_쫀득바_인지2_video,[멜론] 무디 파트너십 광고 (26년 10월까지만 활용 가능),xcvijy_TySpdgnO.mp4_xcvijy,1042,0,1872.0,0,362,인지
2026-09-17,1874030317649217,[빙과_스틱바]_쫀득바_인지2_video,[멜론] 인물리뷰(2)_6.3W,[26.06]F_V_JD멜_인지_쫀득바출시_인물리뷰형_렉카형_var2.릴스_상단.대세감.X_2P_고가영_260612_빙과_김지연_uJ2PiCGN.mp4_[26.06]F_V_JD멜_인지_쫀득바출시_인물리뷰형_렉카형_var2.릴스_상단.대세감.X_2P_고가영_260612_빙과_김지연,193,0,381.0,0,70,인지
2026-09-17,1876022361442754,[빙과_스틱바]_복쫀바_인지2_video,[3SKU] [09.11]쫀득바3종_점수 매기기_노현경,7684187578426114068_[26.09] F_V_JD혼_전환_복쫀바출시_인물리뷰형_점수매기기_main.릴스_점수매기기.X_스틱바P_노현경_f64f14c2,13341,0,13555.0,0,2434,인지
2026-09-17,1873959492107505,[빙과_스틱바]_쫀득바_인지2_video,[멜론] 전세계에서일본에만_7.1W,[26.07]F_V_JD멜_인지_쫀득바출시_인물리뷰형_인물리뷰형_var5.릴스_대세왁뿌.X_2P_문선정_260703_빙과_유영현_nmCE6i3s.mp4_[26.07]F_V_JD멜_인지_쫀득바출시_인물리뷰형_인물리뷰형_var5.릴스_대세왁뿌.X_2P_문선정_260703_빙과_유영현,143,0,378.0,0,70,인지
2026-09-17,1873959526530274,[빙과_스틱바]_쫀득바_인지2_video,[멜론] 책상네고 대체_6.4W,[26.06]F_V_JD멜_인지_쫀득바출시_기타_비하인드썰풀기_var1.릴스_짤림후킹.X_1P_김유진_260626_빙과_강다빈_N8xnAoaE.mp4_[26.06]F_V_JD멜_인지_쫀득바출시_기타_비하인드썰풀기_var1.릴스_짤림후킹.X_1P_김유진_260626_빙과_강다빈,264,0,329.0,0,69,인지
2026-09-17,1873959596195153,[빙과_스틱바]_쫀득바_인지2_video,[멜론] 인플루언서형_6.3W,[26.06]F_V_JD멜_인지_상시_인플루언서형_인플루언서형.인지_main.릴스_공통.X_1P_문선정_260619_빙과_이수민_OcQS8Jtk.mp4_[26.06]F_V_JD멜_인지_상시_인플루언서형_인플루언서형.인지_main.릴스_공통.X_1P_문선정_260619_빙과_이수민,565,0,445.0,0,75,인지
2026-09-17,1876022578830433,[빙과_스틱바]_복쫀바_인지2_video,[3SKU] [09.11] 쫀득바3종_소비자검증형_정요한,7684188465168973845_[26.09] F_V_JD혼_인지_복쫀바출시_인물리뷰형_소비자검증형_var1.릴스_인트로변경.X_스틱바P_김바다_260911_빙과_정요한,59311,0,60619.0,0,11694,인지
2026-09-17,1873959574894593,[빙과_스틱바]_쫀득바_인지2_video,[멜론] 써우리BP_6.4W,[26.06]F_V_JD멜_인지_쫀득바출시_맛인지형_맛인지형.인지_var2.릴스_품절대란.X_1P_문선정_260612_빙과_이수민_X4dmxg8T.mp4_[26.06]F_V_JD멜_인지_쫀득바출시_맛인지형_맛인지형.인지_var2.릴스_품절대란.X_1P_문선정_260612_빙과_이수민,22,0,60.0,0,13,인지
2026-09-17,1874370091722833,[빙과_스틱바]_쫀득바_인지2_video,[멜론] 무디 파트너십 광고 (26년 10월까지만 활용 가능),payforyouth__j28UIP7Q.mp4_payforyouth_,381,0,1401.0,0,322,인지
2026-09-17,1873959512707137,[빙과_스틱바]_쫀득바_인지2_video,[멜론] 일본원정템_7.1W,[26.07]F_V_JD멜_인지_쫀득바출시_신규BP_외부BP_var3.릴스_화내기.X_2P_문선정_260703_빙과_이하림_G6x0joRE.mp4_[26.07]F_V_JD멜_인지_쫀득바출시_신규BP_외부BP_var3.릴스_화내기.X_2P_문선정_260703_빙과_이하림,10,0,29.0,0,5,인지
2026-09-17,1876277338418306,[빙과_스틱바]_쫀득바_전환2_video,[복숭아] 09.11 복숭아쫀득바_써우리BP_렉카변환_정요한,7685231932977692693__26.09_F_V_JD복_전환_복쫀바출시_인물리뷰형_써우리BP_var8.렉카_편의점.렉카변환.당3g.X_스틱바_19720db1,2124,119,12342.0,3,0,전환
2026-09-17,1873959649053697,[빙과_스틱바]_쫀득바_인지2_video,[멜론] 인물리뷰(2)_6.3W,[26.06]F_V_JD멜_인지_쫀득바출시_인물리뷰형_렉카형_var3.릴스_상단.조회수.X_2P_고가영_260612_빙과_김지연_o3Oil7XF.mp4_[26.06]F_V_JD멜_인지_쫀득바출시_인물리뷰형_렉카형_var3.릴스_상단.조회수.X_2P_고가영_260612_빙과_김지연,9,0,19.0,0,4,인지
2026-09-17,1874030313976066,[빙과_스틱바]_쫀득바_인지2_video,[멜론] 인물리뷰(1)_6.3W,[26.06]F_V_JD멜_인지_쫀득바출시_인물리뷰형_인물리뷰형_var4.릴스_후킹.X_2P_고가영_260612_빙과_유영현_JfFPUknj.mp4_[26.06]F_V_JD멜_인지_쫀득바출시_인물리뷰형_인물리뷰형_var4.릴스_후킹.X_2P_고가영_260612_빙과_유영현,154,0,285.0,0,54,인지
2026-09-17,1874030333521250,[빙과_스틱바]_쫀득바_인지2_video,[멜론] 초딩유행템2_6.4W,[26.06]F_V_JD멜_인지_쫀득바출시_신규BP_써우리BP_var2.릴스_혜택.X_1P_문선정_260626_빙과_김진수_AGmDZ35w.mp4_[26.06]F_V_JD멜_인지_쫀득바출시_신규BP_써우리BP_var2.릴스_혜택.X_1P_문선정_260626_빙과_김진수,147,0,315.0,0,69,인지
2026-09-17,1873959606553906,[빙과_스틱바]_쫀득바_인지2_video,[멜론] 수박BP_6.3W,[26.06]F_V_JD멜_인지_쫀득바출시_맛인지형_수박BP_main.릴스_1년에딱.X_1P_김유진_260619_빙과_정하얀_4WnKJzct.mp4_[26.06]F_V_JD멜_인지_쫀득바출시_맛인지형_수박BP_main.릴스_1년에딱.X_1P_김유진_260619_빙과_정하얀,116,0,378.0,0,68,인지
2026-09-17,1873959648848097,[빙과_스틱바]_쫀득바_인지2_video,[멜론] 인물리뷰(2)_6.3W,[26.06]F_V_JD멜_인지_쫀득바출시_인물리뷰형_렉카형_var4.릴스_상단.판매중단.X_2P_고가영_260612_빙과_김지연_qc1ljdun.mp4_[26.06]F_V_JD멜_인지_쫀득바출시_인물리뷰형_렉카형_var4.릴스_상단.판매중단.X_2P_고가영_260612_빙과_김지연,3,0,12.0,0,2,인지
2026-09-17,1874370060195937,[빙과_스틱바]_쫀득바_인지2_video,[멜론] 무디 파트너십 광고 (26년 10월까지만 활용 가능),02_TbcHadv6.mp4_02,26,0,69.0,0,19,인지
2026-09-17,1873959567272305,[빙과_스틱바]_쫀득바_인지2_video,[멜론] 부자들만먹는_6.4W,[26.06]F_V_JD멜_인지_쫀득바출시_신규BP_먹방형_var4.릴스_숏.X_1P_문선정_260626_빙과_이수민_51lK2MkR.mp4_[26.06]F_V_JD멜_인지_쫀득바출시_신규BP_먹방형_var4.릴스_숏.X_1P_문선정_260626_빙과_이수민,24,0,56.0,0,13,인지
2026-09-17,1874371832380434,[빙과_스틱바]_쫀득바_인지2_video,[멜론] 무디 파트너십 광고 (26년 10월까지만 활용 가능),dodoscene_9lkPTqUt.mp4_dodoscene,76,0,241.0,0,57,인지
2026-09-17,1874030323030129,[빙과_스틱바]_쫀득바_인지2_video,[멜론] 인플루언서형_6.3W,[26.06]F_V_JD멜_인지_상시_인플루언서형_인플루언서형.인지_main.릴스_공통.X_1P_문선정_260619_빙과_이수민_OcQS8Jtk.mp4_Copy 3 of [26.06]F_V_JD멜_인지_상시_인플루언서형_인플루언서형.인지_main.릴스_공통.X_1P_문선정_260619_빙과_이수민,15,0,27.0,0,5,인지
2026-09-17,1876022394378385,[빙과_스틱바]_복쫀바_인지2_video,[3SKU] [09.11]쫀득바3종_차먹방노현경,7684187716040671253_[26.09]F_V_JD혼_전환_복쫀바출시_인물리뷰형_차먹방_main.릴스_차먹방.X_스틱바P_노현경_260911_빙과_노현경,24181,0,28326.0,0,5405,인지
2026-09-17,1876277331277089,[빙과_스틱바]_쫀득바_전환2_video,[복숭아] 09.11 복숭아쫀득바_써우리BP_렉카변환_정요한,7685231912206221332__26.09_F_V_JD복_전환_복쫀바출시_인물리뷰형_써우리BP_var9.렉카_편의점.렉카변환.슈기샤라웃.X__823f9a40,182,10,662.0,0,0,전환
2026-09-17,1875662210241730,[빙과_스틱바]_쫀득바_인지2_video,[멜론] 무디 파트너십 광고 (26년 10월까지만 활용 가능),eunring_.mp4_eunring_.mp4,1422,0,5475.0,0,1201,인지
2026-09-17,1876009558439089,[빙과_스틱바]_복쫀바_인지2_video,[3SKU] 9월 2주_정보전달형_정요한,7684135117962805268__26.09_F_V_JD혼_인지_복쫀바출시_바이럴형_정보전달형_main.렉카_못사게막는이유.X_스틱바P_김바다_260910_빙과_정요한,6698,0,6027.0,0,1165,인지
2026-09-17,1873959483402306,[빙과_스틱바]_쫀득바_인지2_video,[멜론] 전세계에서일본에만_7.1W,[26.07]F_V_JD멜_인지_쫀득바출시_인물리뷰형_인물리뷰형_var2.릴스_상단.1등로손.X_2P_문선정_260703_빙과_유영현_kvnPtLWY.mp4_[26.07]F_V_JD멜_인지_쫀득바출시_인물리뷰형_인물리뷰형_var2.릴스_상단.1등로손.X_2P_문선정_260703_빙과_유영현,34,0,54.0,0,11,인지
2026-09-17,1873959509314913,[빙과_스틱바]_쫀득바_인지2_video,[멜론] 일본원정템_7.1W,[26.07]F_V_JD멜_인지_쫀득바출시_신규BP_외부BP_var1.릴스_메인.일반브금.X_2P_문선정_260703_빙과_이하림_WTZLraDf.mp4_[26.07]F_V_JD멜_인지_쫀득바출시_신규BP_외부BP_var1.릴스_메인.일반브금.X_2P_문선정_260703_빙과_이하림,135,0,288.0,0,53,인지
2026-09-17,1876277361584914,[빙과_스틱바]_쫀득바_전환2_video,[복숭아] 09.11 복숭아쫀득바_백정BP_렉카변환_정요한,7685232058989494292__26.09_F_V_JD복_전환_복쫀바출시_신규BP_백정BP_var5.렉카_납작복숭아.렉카변환.슈기샤라웃.X_스_3bb926e4,1144,48,9943.0,1,0,전환
2026-09-17,1873959679955218,[빙과_스틱바]_쫀득바_인지2_video,[멜론] 인물리뷰(1)_6.3W,[26.06]F_V_JD멜_인지_쫀득바출시_인물리뷰형_인물리뷰형_var1.릴스_블랙바.X_2P_고가영_260612_빙과_유영현_bKsUmrtE.mp4_[26.06]F_V_JD멜_인지_쫀득바출시_인물리뷰형_인물리뷰형_var1.릴스_블랙바.X_2P_고가영_260612_빙과_유영현,2,0,6.0,0,1,인지
2026-09-17,1873959488337921,[빙과_스틱바]_쫀득바_인지2_video,[멜론] 전세계에서일본에만_7.1W,[26.07]F_V_JD멜_인지_쫀득바출시_인물리뷰형_인물리뷰형_var3.릴스_상단.GS1등.X_2P_문선정_260703_빙과_유영현_8cUvPSAN.mp4_[26.07]F_V_JD멜_인지_쫀득바출시_인물리뷰형_인물리뷰형_var3.릴스_상단.GS1등.X_2P_문선정_260703_빙과_유영현,37,0,25.0,0,6,인지
2026-09-17,1873959654248546,[빙과_스틱바]_쫀득바_인지2_video,[멜론] 요거트바BP_6.3W,[26.06]F_V_JD멜_인지_쫀득바출시_인물리뷰형_편의점원정_var1.릴스_맛.X_1P_문선정_260612_빙과_정요한_USPOMvkw.mp4_[26.06]F_V_JD멜_인지_쫀득바출시_인물리뷰형_편의점원정_var1.릴스_맛.X_1P_문선정_260612_빙과_정요한,93,0,209.0,0,40,인지
2026-09-17,1874370094864626,[빙과_스틱바]_쫀득바_인지2_video,[멜론] 무디 파트너십 광고 (26년 10월까지만 활용 가능),bbuni_sol_0lW2JXmG.mp4_bbuni_sol,148,0,581.0,0,140,인지
2026-09-18,1873959492107505,[빙과_스틱바]_쫀득바_인지2_video,[멜론] 전세계에서일본에만_7.1W,[26.07]F_V_JD멜_인지_쫀득바출시_인물리뷰형_인물리뷰형_var5.릴스_대세왁뿌.X_2P_문선정_260703_빙과_유영현_nmCE6i3s.mp4_[26.07]F_V_JD멜_인지_쫀득바출시_인물리뷰형_인물리뷰형_var5.릴스_대세왁뿌.X_2P_문선정_260703_빙과_유영현,163,0,322.0,0,60,인지
2026-09-18,1874370063993025,[빙과_스틱바]_쫀득바_인지2_video,[멜론] 무디 파트너십 광고 (26년 10월까지만 활용 가능),ddu___0_Jb76Kdc9.mp4_ddu___0,21,0,75.0,0,16,인지
2026-09-18,1873959484807170,[빙과_스틱바]_쫀득바_인지2_video,[멜론] 전세계에서일본에만_7.1W,[26.07]F_V_JD멜_인지_쫀득바출시_인물리뷰형_인물리뷰형_var4.릴스_상단.일본안가.X_2P_문선정_260703_빙과_유영현_lXorbHIU.mp4_[26.07]F_V_JD멜_인지_쫀득바출시_인물리뷰형_인물리뷰형_var4.릴스_상단.일본안가.X_2P_문선정_260703_빙과_유영현,1,0,6.0,0,1,인지
2026-09-18,1874030338066737,[빙과_스틱바]_쫀득바_인지2_video,[멜론] 현지인도못구하는_7.1W,[26.07]F_V_JD멜_인지_쫀득바출시_인플루언서형_인플루언서형_var2.릴스_인물먼저.X_1P_문선정_260703_빙과_정하얀_JOamzo0T.mp4_[26.07]F_V_JD멜_인지_쫀득바출시_인플루언서형_인플루언서형_var2.릴스_인물먼저.X_1P_문선정_260703_빙과_정하얀,31,0,63.0,0,15,인지
2026-09-18,1873959645921585,[빙과_스틱바]_쫀득바_인지2_video,[멜론] 인물리뷰(2)_6.3W,[26.06]F_V_JD멜_인지_쫀득바출시_인물리뷰형_렉카형_var1.릴스_1년멜론.X_2P_고가영_260612_빙과_김지연_Vfw93Dij.mp4_[26.06]F_V_JD멜_인지_쫀득바출시_인물리뷰형_렉카형_var1.릴스_1년멜론.X_2P_고가영_260612_빙과_김지연,20,0,65.0,0,14,인지
2026-09-18,1873959560792561,[빙과_스틱바]_쫀득바_인지2_video,[멜론] 부자들만먹는_6.4W,[26.06]F_V_JD멜_인지_쫀득바출시_신규BP_먹방형_var1.릴스_쫀득.X_1P_문선정_260626_빙과_이수민_PAw0dpIV.mp4_[26.06]F_V_JD멜_인지_쫀득바출시_신규BP_먹방형_var1.릴스_쫀득.X_1P_문선정_260626_빙과_이수민,3,0,8.0,0,3,인지
2026-09-18,1874371832380434,[빙과_스틱바]_쫀득바_인지2_video,[멜론] 무디 파트너십 광고 (26년 10월까지만 활용 가능),dodoscene_9lkPTqUt.mp4_dodoscene,89,0,291.0,0,64,인지
2026-09-18,1874030317649217,[빙과_스틱바]_쫀득바_인지2_video,[멜론] 인물리뷰(2)_6.3W,[26.06]F_V_JD멜_인지_쫀득바출시_인물리뷰형_렉카형_var2.릴스_상단.대세감.X_2P_고가영_260612_빙과_김지연_uJ2PiCGN.mp4_[26.06]F_V_JD멜_인지_쫀득바출시_인물리뷰형_렉카형_var2.릴스_상단.대세감.X_2P_고가영_260612_빙과_김지연,118,0,260.0,0,50,인지
2026-09-18,1874734943788354,[빙과_스틱바]_쫀득바_인지2_video,[멜론] 무디 파트너십 광고 (26년 10월까지만 활용 가능),kwaksuaaaa_qdpYkeKP.mp4_kwaksuaaaa.mp4,1079,0,3307.0,0,753,인지
2026-09-18,1876277367592066,[빙과_스틱바]_쫀득바_전환2_video,[복숭아] 09.11 복숭아쫀득바_맛인지_렉카변환_정요한,7685232024458641428__26.09_F_V_JD복_전환_복쫀바출시_맛인지형_오먹_main.렉카_납작복숭아가격비교.렉카변환.당3g.X__761b5777,132,6,494.0,0,0,전환
2026-09-18,1876022361442754,[빙과_스틱바]_복쫀바_인지2_video,[3SKU] [09.11]쫀득바3종_점수 매기기_노현경,7684187578426114068_[26.09] F_V_JD혼_전환_복쫀바출시_인물리뷰형_점수매기기_main.릴스_점수매기기.X_스틱바P_노현경_f64f14c2,14511,0,15431.0,0,2668,인지
2026-09-18,1873959582885234,[빙과_스틱바]_쫀득바_인지2_video,[망고] 맛인지_6.3W,[26.06]F_V_JD망_인지_쫀득바출시_맛인지형_맛인지형.인지_var1.릴스_젤리식감.진수.6월.수민PJ_2P_문선정_260619_빙과_김지연_oqUjrN9C.mp4_[26.06]F_V_JD망_인지_쫀득바출시_맛인지형_맛인지형.인지_var1.릴스_젤리식감.진수.6월.수민PJ_2P_문선정_260619_빙과_김지연,1,0,2.0,0,1,인지
2026-09-18,1875662210241730,[빙과_스틱바]_쫀득바_인지2_video,[멜론] 무디 파트너십 광고 (26년 10월까지만 활용 가능),eunring_.mp4_eunring_.mp4,1728,0,6567.0,0,1387,인지
2026-09-18,1873959526530242,[빙과_스틱바]_쫀득바_인지2_video,[멜론] 책상네고 대체_6.4W,[26.06]F_V_JD멜_인지_쫀득바출시_기타_비하인드썰풀기_var2.릴스_POV.X_1P_김유진_260626_빙과_강다빈_dvNEWTwx.mp4_[26.06]F_V_JD멜_인지_쫀득바출시_기타_비하인드썰풀기_var2.릴스_POV.X_1P_김유진_260626_빙과_강다빈,54,0,28.0,0,6,인지
2026-09-18,1873959571492482,[빙과_스틱바]_쫀득바_인지2_video,[멜론] 써우리BP_6.4W,[26.06]F_V_JD멜_인지_쫀득바출시_맛인지형_맛인지형.인지_var3.릴스_국민템 멜론바.X_1P_문선정_260612_빙과_이수민_49m1RLsV.mp4_[26.06]F_V_JD멜_인지_쫀득바출시_맛인지형_맛인지형.인지_var3.릴스_국민템 멜론바.X_1P_문선정_260612_빙과_이수민,8,0,16.0,0,3,인지
2026-09-18,1873959592941730,[빙과_스틱바]_쫀득바_인지2_video,[멜론] 인플루언서형_6.3W,[26.06]F_V_JD멜_인지_상시_인플루언서형_인플루언서형.인지_main.릴스_공통.X_1P_문선정_260619_빙과_이수민_OcQS8Jtk.mp4_[26.06]F_V_JD멜_인지_상시_인플루언서형_인플루언서형.인지_var2.릴스_대세감.X_1P_문선정_260619_빙과_이수민,4,0,23.0,0,4,인지
2026-09-18,1876277331254385,[빙과_스틱바]_쫀득바_전환2_video,[복숭아] 09.11 복숭아쫀득바_써우리BP_렉카변환_정요한,7685231885732102164__26.09_F_V_JD복_전환_복쫀바출시_인물리뷰형_써우리BP_var11.렉카_편의점.렉카변환.지금놓치면1_015f65a7,2923,190,15615.0,3,0,전환
2026-09-18,1873959526530274,[빙과_스틱바]_쫀득바_인지2_video,[멜론] 책상네고 대체_6.4W,[26.06]F_V_JD멜_인지_쫀득바출시_기타_비하인드썰풀기_var1.릴스_짤림후킹.X_1P_김유진_260626_빙과_강다빈_N8xnAoaE.mp4_[26.06]F_V_JD멜_인지_쫀득바출시_기타_비하인드썰풀기_var1.릴스_짤림후킹.X_1P_김유진_260626_빙과_강다빈,265,0,342.0,0,77,인지
2026-09-18,1873959648848097,[빙과_스틱바]_쫀득바_인지2_video,[멜론] 인물리뷰(2)_6.3W,[26.06]F_V_JD멜_인지_쫀득바출시_인물리뷰형_렉카형_var4.릴스_상단.판매중단.X_2P_고가영_260612_빙과_김지연_qc1ljdun.mp4_[26.06]F_V_JD멜_인지_쫀득바출시_인물리뷰형_렉카형_var4.릴스_상단.판매중단.X_2P_고가영_260612_빙과_김지연,7,0,24.0,0,4,인지
2026-09-18,1873959596195153,[빙과_스틱바]_쫀득바_인지2_video,[멜론] 인플루언서형_6.3W,[26.06]F_V_JD멜_인지_상시_인플루언서형_인플루언서형.인지_main.릴스_공통.X_1P_문선정_260619_빙과_이수민_OcQS8Jtk.mp4_[26.06]F_V_JD멜_인지_상시_인플루언서형_인플루언서형.인지_main.릴스_공통.X_1P_문선정_260619_빙과_이수민,462,0,309.0,0,53,인지
2026-09-18,1876022578830433,[빙과_스틱바]_복쫀바_인지2_video,[3SKU] [09.11] 쫀득바3종_소비자검증형_정요한,7684188465168973845_[26.09] F_V_JD혼_인지_복쫀바출시_인물리뷰형_소비자검증형_var1.릴스_인트로변경.X_스틱바P_김바다_260911_빙과_정요한,37729,0,48619.0,0,9241,인지
2026-09-18,1874370098478129,[빙과_스틱바]_쫀득바_인지2_video,[멜론] 무디 파트너십 광고 (26년 10월까지만 활용 가능),kdaaeng_5cY4RH6h.mp4_kdaaeng,193,0,729.0,0,163,인지
2026-09-18,1874370060195937,[빙과_스틱바]_쫀득바_인지2_video,[멜론] 무디 파트너십 광고 (26년 10월까지만 활용 가능),02_TbcHadv6.mp4_02,15,0,41.0,0,12,인지
2026-09-18,1876022594859298,[빙과_스틱바]_복쫀바_인지2_video,[3SKU] [09.11] 쫀득바3종_소비자검증형_정요한,7684188535930896405_[26.09] F_V_JD혼_인지_복쫀바출시_인물리뷰형_소비자검증형_main.릴스_일반.X_스틱바P_김바다_260911_빙과_정요한,1952,0,2154.0,0,376,인지
2026-09-18,1875662207350850,[빙과_스틱바]_쫀득바_인지2_video,[멜론] 무디 파트너십 광고 (26년 10월까지만 활용 가능),myhoney_717.mp4_myhoney_717.mp4,1729,0,6637.0,0,1372,인지
2026-09-18,1873959645922641,[빙과_스틱바]_쫀득바_인지2_video,[멜론] 인물리뷰(2)_6.3W,[26.06]F_V_JD멜_인지_쫀득바출시_인물리뷰형_렉카형_main.릴스_공통.X_2P_고가영_260612_빙과_김지연_bRJKpluY.mp4_[26.06]F_V_JD멜_인지_쫀득바출시_인물리뷰형_렉카형_main.릴스_공통.X_2P_고가영_260612_빙과_김지연,13,0,39.0,0,8,인지
2026-09-18,1874370092553873,[빙과_스틱바]_쫀득바_인지2_video,[멜론] 무디 파트너십 광고 (26년 10월까지만 활용 가능),riverbinn_N8nEPrUl.mp4_riverbinn,401,0,1240.0,0,254,인지
2026-09-18,1874030313976066,[빙과_스틱바]_쫀득바_인지2_video,[멜론] 인물리뷰(1)_6.3W,[26.06]F_V_JD멜_인지_쫀득바출시_인물리뷰형_인물리뷰형_var4.릴스_후킹.X_2P_고가영_260612_빙과_유영현_JfFPUknj.mp4_[26.06]F_V_JD멜_인지_쫀득바출시_인물리뷰형_인물리뷰형_var4.릴스_후킹.X_2P_고가영_260612_빙과_유영현,135,0,272.0,0,60,인지
2026-09-18,1874370080353713,[빙과_스틱바]_쫀득바_인지2_video,[멜론] 무디 파트너십 광고 (26년 10월까지만 활용 가능),unyouu_ZQxjeUdR.mp4_unyouu,58,0,190.0,0,48,인지
2026-09-18,1874476587075634,[빙과_스틱바]_쫀득바_인지2_video,[멜론] 무디 파트너십 광고 (26년 10월까지만 활용 가능),okindflower_tiktok_16x9_F9pfKXPt.mp4_okindflower,474,0,1600.0,0,344,인지
2026-09-18,1873959585040561,[빙과_스틱바]_쫀득바_인지2_video,[망고] 맛인지_6.3W,[26.06]F_V_JD망_인지_쫀득바출시_맛인지형_맛인지형.인지_var3.릴스_대세감.진수.6월.수민PJ_2P_문선정_260619_빙과_김지연_694xYrHj.mp4_[26.06]F_V_JD망_인지_쫀득바출시_맛인지형_맛인지형.인지_var3.릴스_대세감.진수.6월.수민PJ_2P_문선정_260619_빙과_김지연,25,0,12.0,0,4,인지
2026-09-18,1873959606553906,[빙과_스틱바]_쫀득바_인지2_video,[멜론] 수박BP_6.3W,[26.06]F_V_JD멜_인지_쫀득바출시_맛인지형_수박BP_main.릴스_1년에딱.X_1P_김유진_260619_빙과_정하얀_4WnKJzct.mp4_[26.06]F_V_JD멜_인지_쫀득바출시_맛인지형_수박BP_main.릴스_1년에딱.X_1P_김유진_260619_빙과_정하얀,95,0,254.0,0,53,인지
2026-09-18,1873959509314913,[빙과_스틱바]_쫀득바_인지2_video,[멜론] 일본원정템_7.1W,[26.07]F_V_JD멜_인지_쫀득바출시_신규BP_외부BP_var1.릴스_메인.일반브금.X_2P_문선정_260703_빙과_이하림_WTZLraDf.mp4_[26.07]F_V_JD멜_인지_쫀득바출시_신규BP_외부BP_var1.릴스_메인.일반브금.X_2P_문선정_260703_빙과_이하림,60,0,127.0,0,23,인지
2026-09-18,1876277361584914,[빙과_스틱바]_쫀득바_전환2_video,[복숭아] 09.11 복숭아쫀득바_백정BP_렉카변환_정요한,7685232058989494292__26.09_F_V_JD복_전환_복쫀바출시_신규BP_백정BP_var5.렉카_납작복숭아.렉카변환.슈기샤라웃.X_스_3bb926e4,2841,166,18154.0,9,0,전환
2026-09-18,1876277331277089,[빙과_스틱바]_쫀득바_전환2_video,[복숭아] 09.11 복숭아쫀득바_써우리BP_렉카변환_정요한,7685231912206221332__26.09_F_V_JD복_전환_복쫀바출시_인물리뷰형_써우리BP_var9.렉카_편의점.렉카변환.슈기샤라웃.X__823f9a40,183,17,571.0,0,0,전환
2026-09-18,1873959483402306,[빙과_스틱바]_쫀득바_인지2_video,[멜론] 전세계에서일본에만_7.1W,[26.07]F_V_JD멜_인지_쫀득바출시_인물리뷰형_인물리뷰형_var2.릴스_상단.1등로손.X_2P_문선정_260703_빙과_유영현_kvnPtLWY.mp4_[26.07]F_V_JD멜_인지_쫀득바출시_인물리뷰형_인물리뷰형_var2.릴스_상단.1등로손.X_2P_문선정_260703_빙과_유영현,32,0,34.0,0,8,인지
2026-09-18,1876277338418306,[빙과_스틱바]_쫀득바_전환2_video,[복숭아] 09.11 복숭아쫀득바_써우리BP_렉카변환_정요한,7685231932977692693__26.09_F_V_JD복_전환_복쫀바출시_인물리뷰형_써우리BP_var8.렉카_편의점.렉카변환.당3g.X_스틱바_19720db1,5854,453,31373.0,4,0,전환
2026-09-18,1874030323030129,[빙과_스틱바]_쫀득바_인지2_video,[멜론] 인플루언서형_6.3W,[26.06]F_V_JD멜_인지_상시_인플루언서형_인플루언서형.인지_main.릴스_공통.X_1P_문선정_260619_빙과_이수민_OcQS8Jtk.mp4_Copy 3 of [26.06]F_V_JD멜_인지_상시_인플루언서형_인플루언서형.인지_main.릴스_공통.X_1P_문선정_260619_빙과_이수민,18,0,52.0,0,10,인지
2026-09-18,1873959600941425,[빙과_스틱바]_쫀득바_인지2_video,[멜론] 인플루언서형_6.3W,[26.06]F_V_JD멜_인지_상시_인플루언서형_인플루언서형.인지_var1.릴스_쫀득 후킹.X_1P_문선정_260619_빙과_이수민_HCZXPTgo.mp4_[26.06]F_V_JD멜_인지_상시_인플루언서형_인플루언서형.인지_var1.릴스_쫀득 후킹.X_1P_문선정_260619_빙과_이수민,4,0,12.0,0,2,인지
2026-09-18,1873959649053697,[빙과_스틱바]_쫀득바_인지2_video,[멜론] 인물리뷰(2)_6.3W,[26.06]F_V_JD멜_인지_쫀득바출시_인물리뷰형_렉카형_var3.릴스_상단.조회수.X_2P_고가영_260612_빙과_김지연_o3Oil7XF.mp4_[26.06]F_V_JD멜_인지_쫀득바출시_인물리뷰형_렉카형_var3.릴스_상단.조회수.X_2P_고가영_260612_빙과_김지연,10,0,27.0,0,6,인지
2026-09-18,1873959654248546,[빙과_스틱바]_쫀득바_인지2_video,[멜론] 요거트바BP_6.3W,[26.06]F_V_JD멜_인지_쫀득바출시_인물리뷰형_편의점원정_var1.릴스_맛.X_1P_문선정_260612_빙과_정요한_USPOMvkw.mp4_[26.06]F_V_JD멜_인지_쫀득바출시_인물리뷰형_편의점원정_var1.릴스_맛.X_1P_문선정_260612_빙과_정요한,145,0,427.0,0,80,인지
2026-09-18,1873959568365938,[빙과_스틱바]_쫀득바_인지2_video,[멜론] 부자들만먹는_6.4W,[26.06]F_V_JD멜_인지_쫀득바출시_신규BP_먹방형_var3.릴스_5만원멜론.X_1P_문선정_260626_빙과_이수민_4jVCt9QI.mp4_[26.06]F_V_JD멜_인지_쫀득바출시_신규BP_먹방형_var3.릴스_5만원멜론.X_1P_문선정_260626_빙과_이수민,5,0,3.0,0,2,인지
2026-09-18,1874370094864626,[빙과_스틱바]_쫀득바_인지2_video,[멜론] 무디 파트너십 광고 (26년 10월까지만 활용 가능),bbuni_sol_0lW2JXmG.mp4_bbuni_sol,204,0,766.0,0,173,인지
2026-09-18,1875398369068242,[빙과_스틱바]_쫀득바_인지2_video,[멜론] 무디 파트너십 광고 (26년 10월까지만 활용 가능),euunjoo_D2fhy7T5.mp4_euunjoo.mp4,1631,0,3883.0,0,820,인지
2026-09-18,1873959488337921,[빙과_스틱바]_쫀득바_인지2_video,[멜론] 전세계에서일본에만_7.1W,[26.07]F_V_JD멜_인지_쫀득바출시_인물리뷰형_인물리뷰형_var3.릴스_상단.GS1등.X_2P_문선정_260703_빙과_유영현_8cUvPSAN.mp4_[26.07]F_V_JD멜_인지_쫀득바출시_인물리뷰형_인물리뷰형_var3.릴스_상단.GS1등.X_2P_문선정_260703_빙과_유영현,6,0,6.0,0,1,인지
2026-09-18,1876277370887458,[빙과_스틱바]_쫀득바_전환2_video,[복숭아] 09.11 복숭아쫀득바_맛인지_렉카변환_정요한,7685232079317057557__26.09_F_V_JD복_전환_복쫀바출시_맛인지형_오먹_var2.렉카_납작복숭아가격비교.렉카변환.유럽차_344cc175,262,23,1054.0,0,0,전환
2026-09-18,1873959679955250,[빙과_스틱바]_쫀득바_인지2_video,[멜론] 인물리뷰(1)_6.3W,[26.06]F_V_JD멜_인지_쫀득바출시_인물리뷰형_인물리뷰형_main.릴스_샀어요.X_2P_고가영_260612_빙과_유영현_ay8jLH2u.mp4_[26.06]F_V_JD멜_인지_쫀득바출시_인물리뷰형_인물리뷰형_main.릴스_샀어요.X_2P_고가영_260612_빙과_유영현,17,0,57.0,0,12,인지
2026-09-18,1876022394378385,[빙과_스틱바]_복쫀바_인지2_video,[3SKU] [09.11]쫀득바3종_차먹방노현경,7684187716040671253_[26.09]F_V_JD혼_전환_복쫀바출시_인물리뷰형_차먹방_main.릴스_차먹방.X_스틱바P_노현경_260911_빙과_노현경,33187,0,31666.0,0,6080,인지
2026-09-18,1873959567272305,[빙과_스틱바]_쫀득바_인지2_video,[멜론] 부자들만먹는_6.4W,[26.06]F_V_JD멜_인지_쫀득바출시_신규BP_먹방형_var4.릴스_숏.X_1P_문선정_260626_빙과_이수민_51lK2MkR.mp4_[26.06]F_V_JD멜_인지_쫀득바출시_신규BP_먹방형_var4.릴스_숏.X_1P_문선정_260626_빙과_이수민,29,0,79.0,0,19,인지
2026-09-18,1873959574894593,[빙과_스틱바]_쫀득바_인지2_video,[멜론] 써우리BP_6.4W,[26.06]F_V_JD멜_인지_쫀득바출시_맛인지형_맛인지형.인지_var2.릴스_품절대란.X_1P_문선정_260612_빙과_이수민_X4dmxg8T.mp4_[26.06]F_V_JD멜_인지_쫀득바출시_맛인지형_맛인지형.인지_var2.릴스_품절대란.X_1P_문선정_260612_빙과_이수민,48,0,119.0,0,25,인지
2026-09-18,1876009558439089,[빙과_스틱바]_복쫀바_인지2_video,[3SKU] 9월 2주_정보전달형_정요한,7684135117962805268__26.09_F_V_JD혼_인지_복쫀바출시_바이럴형_정보전달형_main.렉카_못사게막는이유.X_스틱바P_김바다_260910_빙과_정요한,19706,0,15480.0,0,2878,인지
2026-09-18,1874370091722833,[빙과_스틱바]_쫀득바_인지2_video,[멜론] 무디 파트너십 광고 (26년 10월까지만 활용 가능),payforyouth__j28UIP7Q.mp4_payforyouth_,570,0,2287.0,0,501,인지
2026-09-18,1873959679955218,[빙과_스틱바]_쫀득바_인지2_video,[멜론] 인물리뷰(1)_6.3W,[26.06]F_V_JD멜_인지_쫀득바출시_인물리뷰형_인물리뷰형_var1.릴스_블랙바.X_2P_고가영_260612_빙과_유영현_bKsUmrtE.mp4_[26.06]F_V_JD멜_인지_쫀득바출시_인물리뷰형_인물리뷰형_var1.릴스_블랙바.X_2P_고가영_260612_빙과_유영현,4,0,18.0,0,3,인지
2026-09-18,1873959599404161,[빙과_스틱바]_쫀득바_인지2_video,[멜론] 인플루언서형_6.3W,[26.06]F_V_JD멜_인지_상시_인플루언서형_인플루언서형.인지_var3.릴스_코어 후킹.X_1P_문선정_260619_빙과_이수민_fHo1zJ0X.mp4_[26.06]F_V_JD멜_인지_상시_인플루언서형_인플루언서형.인지_var3.릴스_코어 후킹.X_1P_문선정_260619_빙과_이수민,51,0,124.0,0,23,인지
2026-09-18,1873959656457905,[빙과_스틱바]_쫀득바_인지2_video,[멜론] 요거트바BP_6.3W,[26.06]F_V_JD멜_인지_쫀득바출시_인물리뷰형_편의점원정_var2.릴스_퀄리티.X_1P_문선정_260612_빙과_정요한_F6rWEnOX.mp4_[26.06]F_V_JD멜_인지_쫀득바출시_인물리뷰형_편의점원정_var2.릴스_퀄리티.X_1P_문선정_260612_빙과_정요한,50,0,134.0,0,23,인지
2026-09-18,1873959662058609,[빙과_스틱바]_쫀득바_인지2_video,[멜론] 요거트바BP_6.3W,[26.06]F_V_JD멜_인지_쫀득바출시_인물리뷰형_편의점원정_var4.릴스_대세감.X_1P_문선정_260612_빙과_정요한_dTrqo0s9.mp4_[26.06]F_V_JD멜_인지_쫀득바출시_인물리뷰형_편의점원정_var4.릴스_대세감.X_1P_문선정_260612_빙과_정요한,7,0,9.0,0,2,인지
2026-09-18,1873959654247474,[빙과_스틱바]_쫀득바_인지2_video,[멜론] 요거트바BP_6.3W,[26.06]F_V_JD멜_인지_쫀득바출시_인물리뷰형_편의점원정_main.릴스_공통.X_1P_문선정_260612_빙과_정요한_YkIZOlu0.mp4_[26.06]F_V_JD멜_인지_쫀득바출시_인물리뷰형_편의점원정_main.릴스_공통.X_1P_문선정_260612_빙과_정요한,380,0,291.0,0,50,인지
2026-09-18,1873959559414897,[빙과_스틱바]_쫀득바_인지2_video,[멜론] 부자들만먹는_6.4W,[26.06]F_V_JD멜_인지_쫀득바출시_신규BP_먹방형_var2.릴스_먹방.X_1P_문선정_260626_빙과_이수민_jNE7zmU8.mp4_[26.06]F_V_JD멜_인지_쫀득바출시_신규BP_먹방형_var2.릴스_먹방.X_1P_문선정_260626_빙과_이수민,11,0,3.0,0,1,인지
2026-09-18,1873959502194113,[빙과_스틱바]_쫀득바_인지2_video,[멜론] 현지인도못구하는_7.1W,[26.07]F_V_JD멜_인지_쫀득바출시_인플루언서형_인플루언서형_main.릴스_비행기표취소.X_1P_문선정_260703_빙과_정하얀_6J9yLGRu.mp4_[26.07]F_V_JD멜_인지_쫀득바출시_인플루언서형_인플루언서형_main.릴스_비행기표취소.X_1P_문선정_260703_빙과_정하얀,298,0,479.0,0,94,인지
2026-09-18,1873959502194161,[빙과_스틱바]_쫀득바_인지2_video,[멜론] 현지인도못구하는_7.1W,[26.07]F_V_JD멜_인지_쫀득바출시_인플루언서형_인플루언서형_var1.릴스_제품먼저.X_1P_문선정_260703_빙과_정하얀_gA26O49Z.mp4_[26.07]F_V_JD멜_인지_쫀득바출시_인플루언서형_인플루언서형_var1.릴스_제품먼저.X_1P_문선정_260703_빙과_정하얀,66,0,109.0,0,22,인지
2026-09-18,1873959483402274,[빙과_스틱바]_쫀득바_인지2_video,[멜론] 전세계에서일본에만_7.1W,[26.07]F_V_JD멜_인지_쫀득바출시_인물리뷰형_인물리뷰형_main.릴스_공통.X_2P_문선정_260703_빙과_유영현_hfC8Honk.mp4_[26.07]F_V_JD멜_인지_쫀득바출시_인물리뷰형_인물리뷰형_main.릴스_공통.X_2P_문선정_260703_빙과_유영현,4,0,8.0,0,2,인지
2026-09-18,1874370060202321,[빙과_스틱바]_쫀득바_인지2_video,[멜론] 무디 파트너십 광고 (26년 10월까지만 활용 가능),eunbynko_XVZyBHut.mp4_eunbynko,40,0,160.0,0,33,인지
2026-09-18,1873959586022625,[빙과_스틱바]_쫀득바_인지2_video,[망고] 맛인지_6.3W,[26.06]F_V_JD망_인지_쫀득바출시_맛인지형_맛인지형.인지_var2.릴스_망고맛.진수.6월.수민PJ_2P_문선정_260619_빙과_김지연_85l4f3Aq.mp4_[26.06]F_V_JD망_인지_쫀득바출시_맛인지형_맛인지형.인지_var2.릴스_망고맛.진수.6월.수민PJ_2P_문선정_260619_빙과_김지연,82,0,224.0,0,44,인지
2026-09-18,1873959559414865,[빙과_스틱바]_쫀득바_인지2_video,[멜론] 부자들만먹는_6.4W,[26.06]F_V_JD멜_인지_쫀득바출시_신규BP_먹방형_main.릴스_공통.X_1P_문선정_260626_빙과_이수민_6K4RW1kr.mp4_[26.06]F_V_JD멜_인지_쫀득바출시_신규BP_먹방형_main.릴스_공통.X_1P_문선정_260626_빙과_이수민,378,0,771.0,0,141,인지
2026-09-18,1874370090397122,[빙과_스틱바]_쫀득바_인지2_video,[멜론] 무디 파트너십 광고 (26년 10월까지만 활용 가능),minimore.927_wXMpjCo9.mp4_minimore.927,143,0,506.0,0,122,인지
2026-09-18,1876277338412258,[빙과_스틱바]_쫀득바_전환2_video,[복숭아] 09.11 복숭아쫀득바_써우리BP_렉카변환_정요한,7685231932977315861__26.09_F_V_JD복_전환_복쫀바출시_인물리뷰형_써우리BP_var10.렉카_편의점.렉카변환.유럽차원달라_5d831433,720,32,3394.0,1,0,전환
2026-09-18,1874370090377506,[빙과_스틱바]_쫀득바_인지2_video,[멜론] 무디 파트너십 광고 (26년 10월까지만 활용 가능),xeoj.ng_L7HK2Ueo.mp4_xeoj.ng,65,0,205.0,0,57,인지
2026-09-18,1874370083000546,[빙과_스틱바]_쫀득바_인지2_video,[멜론] 무디 파트너십 광고 (26년 10월까지만 활용 가능),s_eo__fit_xO7qAYSe.mp4_s_eo__fit,162,0,621.0,0,135,인지
2026-09-18,1873959606553874,[빙과_스틱바]_쫀득바_인지2_video,[멜론] 수박BP_6.3W,[26.06]F_V_JD멜_인지_쫀득바출시_맛인지형_수박BP_var1.릴스_저샀어요.X_1P_김유진_260619_빙과_정하얀_KxT2Mrn4.mp4_[26.06]F_V_JD멜_인지_쫀득바출시_맛인지형_수박BP_var1.릴스_저샀어요.X_1P_김유진_260619_빙과_정하얀,100,0,232.0,0,51,인지
2026-09-18,1873959509313921,[빙과_스틱바]_쫀득바_인지2_video,[멜론] 일본원정템_7.1W,[26.07]F_V_JD멜_인지_쫀득바출시_신규BP_외부BP_var2.릴스_POV.X_2P_문선정_260703_빙과_이하림_vSPVRZmI.mp4_[26.07]F_V_JD멜_인지_쫀득바출시_신규BP_외부BP_var2.릴스_POV.X_2P_문선정_260703_빙과_이하림,49,0,136.0,0,31,인지
2026-09-18,1874030330240002,[빙과_스틱바]_쫀득바_인지2_video,[망고] 맛인지_6.3W,[26.06]F_V_JD망_인지_쫀득바출시_맛인지형_맛인지형.인지_var4.릴스_혜택.진수.6월.수민PJ_2P_문선정_260619_빙과_김지연_6H8Mjtxm.mp4_[26.06]F_V_JD망_인지_쫀득바출시_맛인지형_맛인지형.인지_var4.릴스_혜택.진수.6월.수민PJ_2P_문선정_260619_빙과_김지연,22,0,43.0,0,10,인지
2026-09-18,1876277351519281,[빙과_스틱바]_쫀득바_전환2_video,[복숭아] 09.11 복숭아쫀득바_백정BP_렉카변환_정요한,7685231932978774037__26.09_F_V_JD복_전환_복쫀바출시_신규BP_백정BP_var6.렉카_납작복숭아.렉카변환.유럽차원달라.X__104e8ef0,1773,129,7939.0,0,0,전환
2026-09-18,1873959512707137,[빙과_스틱바]_쫀득바_인지2_video,[멜론] 일본원정템_7.1W,[26.07]F_V_JD멜_인지_쫀득바출시_신규BP_외부BP_var3.릴스_화내기.X_2P_문선정_260703_빙과_이하림_G6x0joRE.mp4_[26.07]F_V_JD멜_인지_쫀득바출시_신규BP_외부BP_var3.릴스_화내기.X_2P_문선정_260703_빙과_이하림,12,0,41.0,0,7,인지
2026-09-18,1876399926849761,[빙과_스틱바]_복쫀바_인지2_video,[3SKU] [09.15] 쫀득바3종_AI_함주현,7685734073861718036_[26.09]F_I_JD혼_인지_상시_혜택강조형__.릴스_3종.AI건.복쫀바.대세감.__김바다_260915_빙과_함주현,1213,0,3798.0,0,797,인지
2026-09-18,1874030333521250,[빙과_스틱바]_쫀득바_인지2_video,[멜론] 초딩유행템2_6.4W,[26.06]F_V_JD멜_인지_쫀득바출시_신규BP_써우리BP_var2.릴스_혜택.X_1P_문선정_260626_빙과_김진수_AGmDZ35w.mp4_[26.06]F_V_JD멜_인지_쫀득바출시_신규BP_써우리BP_var2.릴스_혜택.X_1P_문선정_260626_빙과_김진수,162,0,396.0,0,84,인지
2026-09-18,1873959572271185,[빙과_스틱바]_쫀득바_인지2_video,[멜론] 써우리BP_6.4W,[26.06]F_V_JD멜_인지_쫀득바출시_맛인지형_맛인지형.인지_var1.릴스_왁뿌볼.X_1P_문선정_260612_빙과_이수민_EwQB6yWu.mp4_[26.06]F_V_JD멜_인지_쫀득바출시_맛인지형_맛인지형.인지_var1.릴스_왁뿌볼.X_1P_문선정_260612_빙과_이수민,80,0,104.0,0,24,인지
2026-09-18,1876399916321874,[빙과_스틱바]_복쫀바_인지2_video,[3SKU] [09.15] 쫀득바3종_AI_함주현,7685734041156517909_[26.09]F_I_JD혼_인지_상시_혜택강조형__.릴스_3종.AI건.복쫀바.맛인지.__김바다_260915_빙과_함주현,6980,0,13238.0,0,2571,인지
2026-09-18,1874030341331282,[빙과_스틱바]_쫀득바_인지2_video,[멜론] 전세계에서일본에만_7.1W,[26.07]F_V_JD멜_인지_쫀득바출시_인물리뷰형_인물리뷰형_var1.릴스_상단.국내출시.X_2P_문선정_260703_빙과_유영현_hYJso2jc.mp4_[26.07]F_V_JD멜_인지_쫀득바출시_인물리뷰형_인물리뷰형_var1.릴스_상단.국내출시.X_2P_문선정_260703_빙과_유영현,162,0,311.0,0,59,인지
2026-09-18,1874370084620641,[빙과_스틱바]_쫀득바_인지2_video,[멜론] 무디 파트너십 광고 (26년 10월까지만 활용 가능),suj_43_2u1JOHAq.mp4_suj_43,8,0,9.0,0,2,인지
2026-09-18,1876277367584770,[빙과_스틱바]_쫀득바_전환2_video,[복숭아] 09.11 복숭아쫀득바_맛인지_렉카변환_정요한,7685232024458428436__26.09_F_V_JD복_전환_복쫀바출시_맛인지형_오먹_var3.렉카_납작복숭아가격비교.렉카변환.지금놓_f7aca024,2,0,13.0,0,0,전환
2026-09-18,1876277351529105,[빙과_스틱바]_쫀득바_전환2_video,[복숭아] 09.11 복숭아쫀득바_백정BP_렉카변환_정요한,7685232002665873428__26.09_F_V_JD복_전환_복쫀바출시_신규BP_백정BP_var4.렉카_납작복숭아.렉카변환.당3g.X_스틱바P__4614b6aa,102,6,422.0,0,0,전환
2026-09-18,1876277367598130,[빙과_스틱바]_쫀득바_전환2_video,[복숭아] 09.11 복숭아쫀득바_맛인지_렉카변환_정요한,7685232024458936340__26.09_F_V_JD복_전환_복쫀바출시_맛인지형_오먹_var1.렉카_납작복숭아가격비교.렉카변환.슈기샤_9413ff53,27,3,140.0,0,0,전환
2026-09-18,1874476587671650,[빙과_스틱바]_쫀득바_인지2_video,[멜론] 무디 파트너십 광고 (26년 10월까지만 활용 가능),xcvijy_TySpdgnO.mp4_xcvijy,912,0,1968.0,0,402,인지
2026-09-18,1873959681209441,[빙과_스틱바]_쫀득바_인지2_video,[멜론] 인물리뷰(1)_6.3W,[26.06]F_V_JD멜_인지_쫀득바출시_인물리뷰형_인물리뷰형_var3.릴스_코어의외성.X_2P_고가영_260612_빙과_유영현_wjEIQSXr.mp4_[26.06]F_V_JD멜_인지_쫀득바출시_인물리뷰형_인물리뷰형_var3.릴스_코어의외성.X_2P_고가영_260612_빙과_유영현,7,0,23.0,0,4,인지
2026-09-18,1873959685405714,[빙과_스틱바]_쫀득바_인지2_video,[멜론] 인물리뷰(1)_6.3W,[26.06]F_V_JD멜_인지_쫀득바출시_인물리뷰형_인물리뷰형_var2.릴스_대세감.X_2P_고가영_260612_빙과_유영현_JSgYoFLC.mp4_[26.06]F_V_JD멜_인지_쫀득바출시_인물리뷰형_인물리뷰형_var2.릴스_대세감.X_2P_고가영_260612_빙과_유영현,28,0,70.0,0,15,인지
2026-09-18,1874371832550769,[빙과_스틱바]_쫀득바_인지2_video,[멜론] 무디 파트너십 광고 (26년 10월까지만 활용 가능),doyouknow_omg_MfVCQSX8.mp4_doyouknow_omg,28,0,88.0,0,20,인지
2026-09-18,1874734944122306,[빙과_스틱바]_쫀득바_인지2_video,[멜론] 무디 파트너십 광고 (26년 10월까지만 활용 가능),miju_yah_n5sMw4xC.mp4_miju_yah.mp4,2339,0,7914.0,0,1614,인지
2026-09-18,1874370068335249,[빙과_스틱바]_쫀득바_인지2_video,[멜론] 무디 파트너십 광고 (26년 10월까지만 활용 가능),cmonprefere__k_Hx4qLXWs.mp4_cmonprefere__k,18,0,77.0,0,16,인지
2026-09-18,1873959511342130,[빙과_스틱바]_쫀득바_인지2_video,[멜론] 일본원정템_7.1W,[26.07]F_V_JD멜_인지_쫀득바출시_신규BP_외부BP_main.릴스_메인.키노피오브금.X_2P_문선정_260703_빙과_이하림_CMkAHnfZ.mp4_[26.07]F_V_JD멜_인지_쫀득바출시_신규BP_외부BP_main.릴스_메인.키노피오브금.X_2P_문선정_260703_빙과_이하림,22,0,38.0,0,8,인지
2026-09-18,1873959601100177,[빙과_스틱바]_쫀득바_인지2_video,[멜론] 인플루언서형_6.3W,[26.06]F_V_JD멜_인지_상시_인플루언서형_인플루언서형.인지_var2.릴스_대세감.X_1P_문선정_260619_빙과_이수민_Bwvr3K0z.mp4_[26.06]F_V_JD멜_인지_상시_인플루언서형_인플루언서형.인지_var2.릴스_대세감.X_1P_문선정_260619_빙과_이수민,19,0,28.0,0,5,인지
2026-09-18,1876009532262641,[빙과_스틱바]_복쫀바_인지2_video,[3SKU] 9월 2주_정보전달형_정요한,7684134973299212309__26.09_F_V_JD혼_인지_복쫀바출시_바이럴형_정보전달형_var1.렉카_품절되면.X_스틱바P_김바다_260910_빙과_정요한,5729,0,9300.0,0,1664,인지
2026-09-18,1874370076917153,[빙과_스틱바]_쫀득바_인지2_video,[멜론] 무디 파트너십 광고 (26년 10월까지만 활용 가능),niker_jaen_dE0hLqZD.mp4_niker_jaen,468,0,1471.0,0,318,인지
2026-09-19,1873959483402274,[빙과_스틱바]_쫀득바_인지2_video,[멜론] 전세계에서일본에만_7.1W,[26.07]F_V_JD멜_인지_쫀득바출시_인물리뷰형_인물리뷰형_main.릴스_공통.X_2P_문선정_260703_빙과_유영현_hfC8Honk.mp4_[26.07]F_V_JD멜_인지_쫀득바출시_인물리뷰형_인물리뷰형_main.릴스_공통.X_2P_문선정_260703_빙과_유영현,10,0,41.0,0,8,인지
2026-09-19,1873959488337921,[빙과_스틱바]_쫀득바_인지2_video,[멜론] 전세계에서일본에만_7.1W,[26.07]F_V_JD멜_인지_쫀득바출시_인물리뷰형_인물리뷰형_var3.릴스_상단.GS1등.X_2P_문선정_260703_빙과_유영현_8cUvPSAN.mp4_[26.07]F_V_JD멜_인지_쫀득바출시_인물리뷰형_인물리뷰형_var3.릴스_상단.GS1등.X_2P_문선정_260703_빙과_유영현,28,0,20.0,0,6,인지
2026-09-19,1874370060202321,[빙과_스틱바]_쫀득바_인지2_video,[멜론] 무디 파트너십 광고 (26년 10월까지만 활용 가능),eunbynko_XVZyBHut.mp4_eunbynko,18,0,75.0,0,15,인지
2026-09-19,1873959654248546,[빙과_스틱바]_쫀득바_인지2_video,[멜론] 요거트바BP_6.3W,[26.06]F_V_JD멜_인지_쫀득바출시_인물리뷰형_편의점원정_var1.릴스_맛.X_1P_문선정_260612_빙과_정요한_USPOMvkw.mp4_[26.06]F_V_JD멜_인지_쫀득바출시_인물리뷰형_편의점원정_var1.릴스_맛.X_1P_문선정_260612_빙과_정요한,199,0,499.0,0,98,인지
2026-09-19,1876670525056273,[빙과_스틱바]_복쫀바_인지2_video,[복숭아] 9월 3주차_주현_맛인지,7686842459485487125_[26.09]F_I_JD복_인지_상시_혜택강조형__.릴스_고효율베리.생그릭요거트.__이재원_260918_빙과_함주현.,12192,0,7033.0,0,1178,인지
2026-09-19,1876009532262641,[빙과_스틱바]_복쫀바_인지2_video,[3SKU] 9월 2주_정보전달형_정요한,7684134973299212309__26.09_F_V_JD혼_인지_복쫀바출시_바이럴형_정보전달형_var1.렉카_품절되면.X_스틱바P_김바다_260910_빙과_정요한,8173,0,14282.0,0,2703,인지
2026-09-19,1874030333521250,[빙과_스틱바]_쫀득바_인지2_video,[멜론] 초딩유행템2_6.4W,[26.06]F_V_JD멜_인지_쫀득바출시_신규BP_써우리BP_var2.릴스_혜택.X_1P_문선정_260626_빙과_김진수_AGmDZ35w.mp4_[26.06]F_V_JD멜_인지_쫀득바출시_신규BP_써우리BP_var2.릴스_혜택.X_1P_문선정_260626_빙과_김진수,840,0,2262.0,0,459,인지
2026-09-19,1876277351519281,[빙과_스틱바]_쫀득바_전환2_video,[복숭아] 09.11 복숭아쫀득바_백정BP_렉카변환_정요한,7685231932978774037__26.09_F_V_JD복_전환_복쫀바출시_신규BP_백정BP_var6.렉카_납작복숭아.렉카변환.유럽차원달라.X__104e8ef0,273,17,844.0,1,0,전환
2026-09-19,1874370076917153,[빙과_스틱바]_쫀득바_인지2_video,[멜론] 무디 파트너십 광고 (26년 10월까지만 활용 가능),niker_jaen_dE0hLqZD.mp4_niker_jaen,419,0,1325.0,0,297,인지
2026-09-19,1873959559414865,[빙과_스틱바]_쫀득바_인지2_video,[멜론] 부자들만먹는_6.4W,[26.06]F_V_JD멜_인지_쫀득바출시_신규BP_먹방형_main.릴스_공통.X_1P_문선정_260626_빙과_이수민_6K4RW1kr.mp4_[26.06]F_V_JD멜_인지_쫀득바출시_신규BP_먹방형_main.릴스_공통.X_1P_문선정_260626_빙과_이수민,469,0,834.0,0,165,인지
2026-09-19,1874371832550769,[빙과_스틱바]_쫀득바_인지2_video,[멜론] 무디 파트너십 광고 (26년 10월까지만 활용 가능),doyouknow_omg_MfVCQSX8.mp4_doyouknow_omg,14,0,22.0,0,5,인지
2026-09-19,1873959568365938,[빙과_스틱바]_쫀득바_인지2_video,[멜론] 부자들만먹는_6.4W,[26.06]F_V_JD멜_인지_쫀득바출시_신규BP_먹방형_var3.릴스_5만원멜론.X_1P_문선정_260626_빙과_이수민_4jVCt9QI.mp4_[26.06]F_V_JD멜_인지_쫀득바출시_신규BP_먹방형_var3.릴스_5만원멜론.X_1P_문선정_260626_빙과_이수민,7,0,6.0,0,1,인지
2026-09-19,1873959656457905,[빙과_스틱바]_쫀득바_인지2_video,[멜론] 요거트바BP_6.3W,[26.06]F_V_JD멜_인지_쫀득바출시_인물리뷰형_편의점원정_var2.릴스_퀄리티.X_1P_문선정_260612_빙과_정요한_F6rWEnOX.mp4_[26.06]F_V_JD멜_인지_쫀득바출시_인물리뷰형_편의점원정_var2.릴스_퀄리티.X_1P_문선정_260612_빙과_정요한,58,0,152.0,0,27,인지
2026-09-19,1873959649053697,[빙과_스틱바]_쫀득바_인지2_video,[멜론] 인물리뷰(2)_6.3W,[26.06]F_V_JD멜_인지_쫀득바출시_인물리뷰형_렉카형_var3.릴스_상단.조회수.X_2P_고가영_260612_빙과_김지연_o3Oil7XF.mp4_[26.06]F_V_JD멜_인지_쫀득바출시_인물리뷰형_렉카형_var3.릴스_상단.조회수.X_2P_고가영_260612_빙과_김지연,24,0,87.0,0,18,인지
2026-09-19,1874370083000546,[빙과_스틱바]_쫀득바_인지2_video,[멜론] 무디 파트너십 광고 (26년 10월까지만 활용 가능),s_eo__fit_xO7qAYSe.mp4_s_eo__fit,79,0,284.0,0,66,인지
2026-09-19,1873959559414897,[빙과_스틱바]_쫀득바_인지2_video,[멜론] 부자들만먹는_6.4W,[26.06]F_V_JD멜_인지_쫀득바출시_신규BP_먹방형_var2.릴스_먹방.X_1P_문선정_260626_빙과_이수민_jNE7zmU8.mp4_[26.06]F_V_JD멜_인지_쫀득바출시_신규BP_먹방형_var2.릴스_먹방.X_1P_문선정_260626_빙과_이수민,13,0,6.0,0,2,인지
2026-09-19,1873959592940658,[빙과_스틱바]_쫀득바_인지2_video,[멜론] 인플루언서형_6.3W,[26.06]F_V_JD멜_인지_상시_인플루언서형_인플루언서형.인지_var1.릴스_쫀득 후킹.X_1P_문선정_260619_빙과_이수민_HCZXPTgo.mp4_[26.06]F_V_JD멜_인지_상시_인플루언서형_인플루언서형.인지_var1.릴스_쫀득 후킹.X_1P_문선정_260619_빙과_이수민,9,0,12.0,0,3,인지
2026-09-19,1874030330240002,[빙과_스틱바]_쫀득바_인지2_video,[망고] 맛인지_6.3W,[26.06]F_V_JD망_인지_쫀득바출시_맛인지형_맛인지형.인지_var4.릴스_혜택.진수.6월.수민PJ_2P_문선정_260619_빙과_김지연_6H8Mjtxm.mp4_[26.06]F_V_JD망_인지_쫀득바출시_맛인지형_맛인지형.인지_var4.릴스_혜택.진수.6월.수민PJ_2P_문선정_260619_빙과_김지연,141,0,492.0,0,103,인지
2026-09-19,1873959509313921,[빙과_스틱바]_쫀득바_인지2_video,[멜론] 일본원정템_7.1W,[26.07]F_V_JD멜_인지_쫀득바출시_신규BP_외부BP_var2.릴스_POV.X_2P_문선정_260703_빙과_이하림_vSPVRZmI.mp4_[26.07]F_V_JD멜_인지_쫀득바출시_신규BP_외부BP_var2.릴스_POV.X_2P_문선정_260703_빙과_이하림,98,0,269.0,0,62,인지
2026-09-19,1873959679955218,[빙과_스틱바]_쫀득바_인지2_video,[멜론] 인물리뷰(1)_6.3W,[26.06]F_V_JD멜_인지_쫀득바출시_인물리뷰형_인물리뷰형_var1.릴스_블랙바.X_2P_고가영_260612_빙과_유영현_bKsUmrtE.mp4_[26.06]F_V_JD멜_인지_쫀득바출시_인물리뷰형_인물리뷰형_var1.릴스_블랙바.X_2P_고가영_260612_빙과_유영현,51,0,160.0,0,31,인지
2026-09-19,1876277361584914,[빙과_스틱바]_쫀득바_전환2_video,[복숭아] 09.11 복숭아쫀득바_백정BP_렉카변환_정요한,7685232058989494292__26.09_F_V_JD복_전환_복쫀바출시_신규BP_백정BP_var5.렉카_납작복숭아.렉카변환.슈기샤라웃.X_스_3bb926e4,3581,159,24735.0,5,0,전환
2026-09-19,1873959512707137,[빙과_스틱바]_쫀득바_인지2_video,[멜론] 일본원정템_7.1W,[26.07]F_V_JD멜_인지_쫀득바출시_신규BP_외부BP_var3.릴스_화내기.X_2P_문선정_260703_빙과_이하림_G6x0joRE.mp4_[26.07]F_V_JD멜_인지_쫀득바출시_신규BP_외부BP_var3.릴스_화내기.X_2P_문선정_260703_빙과_이하림,66,0,207.0,0,39,인지
2026-09-19,1873959487025618,[빙과_스틱바]_쫀득바_인지2_video,[멜론] 전세계에서일본에만_7.1W,[26.07]F_V_JD멜_인지_쫀득바출시_인물리뷰형_인물리뷰형_var6.릴스_1위강조.X_2P_문선정_260703_빙과_유영현_PV7bCcFl.mp4_[26.07]F_V_JD멜_인지_쫀득바출시_인물리뷰형_인물리뷰형_var6.릴스_1위강조.X_2P_문선정_260703_빙과_유영현,26,0,12.0,0,2,인지
2026-09-19,1873959599404161,[빙과_스틱바]_쫀득바_인지2_video,[멜론] 인플루언서형_6.3W,[26.06]F_V_JD멜_인지_상시_인플루언서형_인플루언서형.인지_var3.릴스_코어 후킹.X_1P_문선정_260619_빙과_이수민_fHo1zJ0X.mp4_[26.06]F_V_JD멜_인지_상시_인플루언서형_인플루언서형.인지_var3.릴스_코어 후킹.X_1P_문선정_260619_빙과_이수민,103,0,277.0,0,58,인지
2026-09-19,1873959526530274,[빙과_스틱바]_쫀득바_인지2_video,[멜론] 책상네고 대체_6.4W,[26.06]F_V_JD멜_인지_쫀득바출시_기타_비하인드썰풀기_var1.릴스_짤림후킹.X_1P_김유진_260626_빙과_강다빈_N8xnAoaE.mp4_[26.06]F_V_JD멜_인지_쫀득바출시_기타_비하인드썰풀기_var1.릴스_짤림후킹.X_1P_김유진_260626_빙과_강다빈,669,0,1022.0,0,225,인지
2026-09-19,1874476587671650,[빙과_스틱바]_쫀득바_인지2_video,[멜론] 무디 파트너십 광고 (26년 10월까지만 활용 가능),xcvijy_TySpdgnO.mp4_xcvijy,773,0,1516.0,0,315,인지
2026-09-19,1876670563662001,[빙과_스틱바]_복쫀바_인지2_video,[복숭아] 9월 3주차_주현_맛인지,7686842600683487252_[26.09]F_I_JD복_인지_상시_혜택강조형__.릴스_고효율베리.한정선.__이재원_260918_빙과_함주현,21888,0,10268.0,0,1715,인지
2026-09-19,1876399926849761,[빙과_스틱바]_복쫀바_인지2_video,[3SKU] [09.15] 쫀득바3종_AI_함주현,7685734073861718036_[26.09]F_I_JD혼_인지_상시_혜택강조형__.릴스_3종.AI건.복쫀바.대세감.__김바다_260915_빙과_함주현,1332,0,4107.0,0,866,인지
2026-09-19,1874370080353713,[빙과_스틱바]_쫀득바_인지2_video,[멜론] 무디 파트너십 광고 (26년 10월까지만 활용 가능),unyouu_ZQxjeUdR.mp4_unyouu,34,0,127.0,0,31,인지
2026-09-19,1874370068335249,[빙과_스틱바]_쫀득바_인지2_video,[멜론] 무디 파트너십 광고 (26년 10월까지만 활용 가능),cmonprefere__k_Hx4qLXWs.mp4_cmonprefere__k,8,0,45.0,0,8,인지
2026-09-19,1873959606553874,[빙과_스틱바]_쫀득바_인지2_video,[멜론] 수박BP_6.3W,[26.06]F_V_JD멜_인지_쫀득바출시_맛인지형_수박BP_var1.릴스_저샀어요.X_1P_김유진_260619_빙과_정하얀_KxT2Mrn4.mp4_[26.06]F_V_JD멜_인지_쫀득바출시_맛인지형_수박BP_var1.릴스_저샀어요.X_1P_김유진_260619_빙과_정하얀,94,0,243.0,0,51,인지
2026-09-19,1876277338412258,[빙과_스틱바]_쫀득바_전환2_video,[복숭아] 09.11 복숭아쫀득바_써우리BP_렉카변환_정요한,7685231932977315861__26.09_F_V_JD복_전환_복쫀바출시_인물리뷰형_써우리BP_var10.렉카_편의점.렉카변환.유럽차원달라_5d831433,983,51,6193.0,1,0,전환
2026-09-19,1876670525563281,[빙과_스틱바]_복쫀바_인지2_video,[복숭아] 9월 3주차_주현_맛인지,7686842456840454165_[26.09]F_I_JD복_인지_상시_혜택강조형__.릴스_고효율베리.그릭맛강조.__이재원_260918_빙과_함주현,6504,0,5040.0,0,995,인지
2026-09-19,1876277367592066,[빙과_스틱바]_쫀득바_전환2_video,[복숭아] 09.11 복숭아쫀득바_맛인지_렉카변환_정요한,7685232024458641428__26.09_F_V_JD복_전환_복쫀바출시_맛인지형_오먹_main.렉카_납작복숭아가격비교.렉카변환.당3g.X__761b5777,173,11,777.0,0,0,전환
2026-09-19,1873959601100177,[빙과_스틱바]_쫀득바_인지2_video,[멜론] 인플루언서형_6.3W,[26.06]F_V_JD멜_인지_상시_인플루언서형_인플루언서형.인지_var2.릴스_대세감.X_1P_문선정_260619_빙과_이수민_Bwvr3K0z.mp4_[26.06]F_V_JD멜_인지_상시_인플루언서형_인플루언서형.인지_var2.릴스_대세감.X_1P_문선정_260619_빙과_이수민,18,0,3.0,0,1,인지
2026-09-19,1873959662058609,[빙과_스틱바]_쫀득바_인지2_video,[멜론] 요거트바BP_6.3W,[26.06]F_V_JD멜_인지_쫀득바출시_인물리뷰형_편의점원정_var4.릴스_대세감.X_1P_문선정_260612_빙과_정요한_dTrqo0s9.mp4_[26.06]F_V_JD멜_인지_쫀득바출시_인물리뷰형_편의점원정_var4.릴스_대세감.X_1P_문선정_260612_빙과_정요한,35,0,92.0,0,17,인지
2026-09-19,1873959685405714,[빙과_스틱바]_쫀득바_인지2_video,[멜론] 인물리뷰(1)_6.3W,[26.06]F_V_JD멜_인지_쫀득바출시_인물리뷰형_인물리뷰형_var2.릴스_대세감.X_2P_고가영_260612_빙과_유영현_JSgYoFLC.mp4_[26.06]F_V_JD멜_인지_쫀득바출시_인물리뷰형_인물리뷰형_var2.릴스_대세감.X_2P_고가영_260612_빙과_유영현,140,0,319.0,0,60,인지
2026-09-19,1873959511342130,[빙과_스틱바]_쫀득바_인지2_video,[멜론] 일본원정템_7.1W,[26.07]F_V_JD멜_인지_쫀득바출시_신규BP_외부BP_main.릴스_메인.키노피오브금.X_2P_문선정_260703_빙과_이하림_CMkAHnfZ.mp4_[26.07]F_V_JD멜_인지_쫀득바출시_신규BP_외부BP_main.릴스_메인.키노피오브금.X_2P_문선정_260703_빙과_이하림,32,0,52.0,0,11,인지
2026-09-19,1873959526530242,[빙과_스틱바]_쫀득바_인지2_video,[멜론] 책상네고 대체_6.4W,[26.06]F_V_JD멜_인지_쫀득바출시_기타_비하인드썰풀기_var2.릴스_POV.X_1P_김유진_260626_빙과_강다빈_dvNEWTwx.mp4_[26.06]F_V_JD멜_인지_쫀득바출시_기타_비하인드썰풀기_var2.릴스_POV.X_1P_김유진_260626_빙과_강다빈,147,0,189.0,0,38,인지
2026-09-19,1876399916321874,[빙과_스틱바]_복쫀바_인지2_video,[3SKU] [09.15] 쫀득바3종_AI_함주현,7685734041156517909_[26.09]F_I_JD혼_인지_상시_혜택강조형__.릴스_3종.AI건.복쫀바.맛인지.__김바다_260915_빙과_함주현,36422,0,36180.0,0,7252,인지
2026-09-19,1876277351529105,[빙과_스틱바]_쫀득바_전환2_video,[복숭아] 09.11 복숭아쫀득바_백정BP_렉카변환_정요한,7685232002665873428__26.09_F_V_JD복_전환_복쫀바출시_신규BP_백정BP_var4.렉카_납작복숭아.렉카변환.당3g.X_스틱바P__4614b6aa,294,22,1098.0,0,0,전환
2026-09-19,1874030341331282,[빙과_스틱바]_쫀득바_인지2_video,[멜론] 전세계에서일본에만_7.1W,[26.07]F_V_JD멜_인지_쫀득바출시_인물리뷰형_인물리뷰형_var1.릴스_상단.국내출시.X_2P_문선정_260703_빙과_유영현_hYJso2jc.mp4_[26.07]F_V_JD멜_인지_쫀득바출시_인물리뷰형_인물리뷰형_var1.릴스_상단.국내출시.X_2P_문선정_260703_빙과_유영현,446,0,560.0,0,107,인지
2026-09-19,1874734944122306,[빙과_스틱바]_쫀득바_인지2_video,[멜론] 무디 파트너십 광고 (26년 10월까지만 활용 가능),miju_yah_n5sMw4xC.mp4_miju_yah.mp4,814,0,2689.0,0,543,인지
2026-09-19,1876022361442754,[빙과_스틱바]_복쫀바_인지2_video,[3SKU] [09.11]쫀득바3종_점수 매기기_노현경,7684187578426114068_[26.09] F_V_JD혼_전환_복쫀바출시_인물리뷰형_점수매기기_main.릴스_점수매기기.X_스틱바P_노현경_f64f14c2,61584,0,57558.0,0,10382,인지
2026-09-19,1873959582885234,[빙과_스틱바]_쫀득바_인지2_video,[망고] 맛인지_6.3W,[26.06]F_V_JD망_인지_쫀득바출시_맛인지형_맛인지형.인지_var1.릴스_젤리식감.진수.6월.수민PJ_2P_문선정_260619_빙과_김지연_oqUjrN9C.mp4_[26.06]F_V_JD망_인지_쫀득바출시_맛인지형_맛인지형.인지_var1.릴스_젤리식감.진수.6월.수민PJ_2P_문선정_260619_빙과_김지연,14,0,14.0,0,4,인지
2026-09-19,1875662210241730,[빙과_스틱바]_쫀득바_인지2_video,[멜론] 무디 파트너십 광고 (26년 10월까지만 활용 가능),eunring_.mp4_eunring_.mp4,822,0,3271.0,0,693,인지
2026-09-19,1874370060195937,[빙과_스틱바]_쫀득바_인지2_video,[멜론] 무디 파트너십 광고 (26년 10월까지만 활용 가능),02_TbcHadv6.mp4_02,11,0,25.0,0,6,인지
2026-09-19,1873959592941730,[빙과_스틱바]_쫀득바_인지2_video,[멜론] 인플루언서형_6.3W,[26.06]F_V_JD멜_인지_상시_인플루언서형_인플루언서형.인지_main.릴스_공통.X_1P_문선정_260619_빙과_이수민_OcQS8Jtk.mp4_[26.06]F_V_JD멜_인지_상시_인플루언서형_인플루언서형.인지_var2.릴스_대세감.X_1P_문선정_260619_빙과_이수민,12,0,50.0,0,9,인지
2026-09-19,1876022594859298,[빙과_스틱바]_복쫀바_인지2_video,[3SKU] [09.11] 쫀득바3종_소비자검증형_정요한,7684188535930896405_[26.09] F_V_JD혼_인지_복쫀바출시_인물리뷰형_소비자검증형_main.릴스_일반.X_스틱바P_김바다_260911_빙과_정요한,439,0,1384.0,0,263,인지
2026-09-19,1873959596195153,[빙과_스틱바]_쫀득바_인지2_video,[멜론] 인플루언서형_6.3W,[26.06]F_V_JD멜_인지_상시_인플루언서형_인플루언서형.인지_main.릴스_공통.X_1P_문선정_260619_빙과_이수민_OcQS8Jtk.mp4_[26.06]F_V_JD멜_인지_상시_인플루언서형_인플루언서형.인지_main.릴스_공통.X_1P_문선정_260619_빙과_이수민,92,0,344.0,0,67,인지
2026-09-19,1874030317649217,[빙과_스틱바]_쫀득바_인지2_video,[멜론] 인물리뷰(2)_6.3W,[26.06]F_V_JD멜_인지_쫀득바출시_인물리뷰형_렉카형_var2.릴스_상단.대세감.X_2P_고가영_260612_빙과_김지연_uJ2PiCGN.mp4_[26.06]F_V_JD멜_인지_쫀득바출시_인물리뷰형_렉카형_var2.릴스_상단.대세감.X_2P_고가영_260612_빙과_김지연,314,0,668.0,0,127,인지
2026-09-19,1876670574942241,[빙과_스틱바]_복쫀바_인지2_video,[복숭아] 9월 3주차_주현_맛인지,7686842652785000469_[26.09]F_I_JD복_인지_상시_혜택강조형__.릴스_고효율베리.그릭모모.__이재원_260918_빙과_함주현,1627,0,2176.0,0,450,인지
2026-09-19,1873959492107505,[빙과_스틱바]_쫀득바_인지2_video,[멜론] 전세계에서일본에만_7.1W,[26.07]F_V_JD멜_인지_쫀득바출시_인물리뷰형_인물리뷰형_var5.릴스_대세왁뿌.X_2P_문선정_260703_빙과_유영현_nmCE6i3s.mp4_[26.07]F_V_JD멜_인지_쫀득바출시_인물리뷰형_인물리뷰형_var5.릴스_대세왁뿌.X_2P_문선정_260703_빙과_유영현,133,0,390.0,0,76,인지
2026-09-19,1873959484807170,[빙과_스틱바]_쫀득바_인지2_video,[멜론] 전세계에서일본에만_7.1W,[26.07]F_V_JD멜_인지_쫀득바출시_인물리뷰형_인물리뷰형_var4.릴스_상단.일본안가.X_2P_문선정_260703_빙과_유영현_lXorbHIU.mp4_[26.07]F_V_JD멜_인지_쫀득바출시_인물리뷰형_인물리뷰형_var4.릴스_상단.일본안가.X_2P_문선정_260703_빙과_유영현,11,0,7.0,0,2,인지
2026-09-19,1873959645922641,[빙과_스틱바]_쫀득바_인지2_video,[멜론] 인물리뷰(2)_6.3W,[26.06]F_V_JD멜_인지_쫀득바출시_인물리뷰형_렉카형_main.릴스_공통.X_2P_고가영_260612_빙과_김지연_bRJKpluY.mp4_[26.06]F_V_JD멜_인지_쫀득바출시_인물리뷰형_렉카형_main.릴스_공통.X_2P_고가영_260612_빙과_김지연,27,0,74.0,0,16,인지
2026-09-19,1873959560792561,[빙과_스틱바]_쫀득바_인지2_video,[멜론] 부자들만먹는_6.4W,[26.06]F_V_JD멜_인지_쫀득바출시_신규BP_먹방형_var1.릴스_쫀득.X_1P_문선정_260626_빙과_이수민_PAw0dpIV.mp4_[26.06]F_V_JD멜_인지_쫀득바출시_신규BP_먹방형_var1.릴스_쫀득.X_1P_문선정_260626_빙과_이수민,17,0,44.0,0,10,인지
2026-09-19,1875662207350850,[빙과_스틱바]_쫀득바_인지2_video,[멜론] 무디 파트너십 광고 (26년 10월까지만 활용 가능),myhoney_717.mp4_myhoney_717.mp4,854,0,3291.0,0,687,인지
2026-09-19,1874734943788354,[빙과_스틱바]_쫀득바_인지2_video,[멜론] 무디 파트너십 광고 (26년 10월까지만 활용 가능),kwaksuaaaa_qdpYkeKP.mp4_kwaksuaaaa.mp4,417,0,1076.0,0,259,인지
2026-09-19,1874030313976066,[빙과_스틱바]_쫀득바_인지2_video,[멜론] 인물리뷰(1)_6.3W,[26.06]F_V_JD멜_인지_쫀득바출시_인물리뷰형_인물리뷰형_var4.릴스_후킹.X_2P_고가영_260612_빙과_유영현_JfFPUknj.mp4_[26.06]F_V_JD멜_인지_쫀득바출시_인물리뷰형_인물리뷰형_var4.릴스_후킹.X_2P_고가영_260612_빙과_유영현,389,0,797.0,0,165,인지
2026-09-19,1873959645921585,[빙과_스틱바]_쫀득바_인지2_video,[멜론] 인물리뷰(2)_6.3W,[26.06]F_V_JD멜_인지_쫀득바출시_인물리뷰형_렉카형_var1.릴스_1년멜론.X_2P_고가영_260612_빙과_김지연_Vfw93Dij.mp4_[26.06]F_V_JD멜_인지_쫀득바출시_인물리뷰형_렉카형_var1.릴스_1년멜론.X_2P_고가영_260612_빙과_김지연,53,0,136.0,0,28,인지
2026-09-19,1873959681209441,[빙과_스틱바]_쫀득바_인지2_video,[멜론] 인물리뷰(1)_6.3W,[26.06]F_V_JD멜_인지_쫀득바출시_인물리뷰형_인물리뷰형_var3.릴스_코어의외성.X_2P_고가영_260612_빙과_유영현_wjEIQSXr.mp4_[26.06]F_V_JD멜_인지_쫀득바출시_인물리뷰형_인물리뷰형_var3.릴스_코어의외성.X_2P_고가영_260612_빙과_유영현,32,0,101.0,0,20,인지
2026-09-19,1873959606553906,[빙과_스틱바]_쫀득바_인지2_video,[멜론] 수박BP_6.3W,[26.06]F_V_JD멜_인지_쫀득바출시_맛인지형_수박BP_main.릴스_1년에딱.X_1P_김유진_260619_빙과_정하얀_4WnKJzct.mp4_[26.06]F_V_JD멜_인지_쫀득바출시_맛인지형_수박BP_main.릴스_1년에딱.X_1P_김유진_260619_빙과_정하얀,63,0,166.0,0,33,인지
2026-09-19,1876277338418306,[빙과_스틱바]_쫀득바_전환2_video,[복숭아] 09.11 복숭아쫀득바_써우리BP_렉카변환_정요한,7685231932977692693__26.09_F_V_JD복_전환_복쫀바출시_인물리뷰형_써우리BP_var8.렉카_편의점.렉카변환.당3g.X_스틱바_19720db1,2861,183,12434.0,5,0,전환
2026-09-19,1874370092553873,[빙과_스틱바]_쫀득바_인지2_video,[멜론] 무디 파트너십 광고 (26년 10월까지만 활용 가능),riverbinn_N8nEPrUl.mp4_riverbinn,326,0,914.0,0,194,인지
2026-09-19,1873959571492482,[빙과_스틱바]_쫀득바_인지2_video,[멜론] 써우리BP_6.4W,[26.06]F_V_JD멜_인지_쫀득바출시_맛인지형_맛인지형.인지_var3.릴스_국민템 멜론바.X_1P_문선정_260612_빙과_이수민_49m1RLsV.mp4_[26.06]F_V_JD멜_인지_쫀득바출시_맛인지형_맛인지형.인지_var3.릴스_국민템 멜론바.X_1P_문선정_260612_빙과_이수민,48,0,159.0,0,34,인지
2026-09-19,1874370098478129,[빙과_스틱바]_쫀득바_인지2_video,[멜론] 무디 파트너십 광고 (26년 10월까지만 활용 가능),kdaaeng_5cY4RH6h.mp4_kdaaeng,106,0,345.0,0,91,인지
2026-09-19,1873959572271185,[빙과_스틱바]_쫀득바_인지2_video,[멜론] 써우리BP_6.4W,[26.06]F_V_JD멜_인지_쫀득바출시_맛인지형_맛인지형.인지_var1.릴스_왁뿌볼.X_1P_문선정_260612_빙과_이수민_EwQB6yWu.mp4_[26.06]F_V_JD멜_인지_쫀득바출시_맛인지형_맛인지형.인지_var1.릴스_왁뿌볼.X_1P_문선정_260612_빙과_이수민,130,0,234.0,0,44,인지
2026-09-19,1874370063993025,[빙과_스틱바]_쫀득바_인지2_video,[멜론] 무디 파트너십 광고 (26년 10월까지만 활용 가능),ddu___0_Jb76Kdc9.mp4_ddu___0,9,0,6.0,0,2,인지
2026-09-19,1874371832380434,[빙과_스틱바]_쫀득바_인지2_video,[멜론] 무디 파트너십 광고 (26년 10월까지만 활용 가능),dodoscene_9lkPTqUt.mp4_dodoscene,119,0,356.0,0,75,인지
2026-09-19,1873959648848097,[빙과_스틱바]_쫀득바_인지2_video,[멜론] 인물리뷰(2)_6.3W,[26.06]F_V_JD멜_인지_쫀득바출시_인물리뷰형_렉카형_var4.릴스_상단.판매중단.X_2P_고가영_260612_빙과_김지연_qc1ljdun.mp4_[26.06]F_V_JD멜_인지_쫀득바출시_인물리뷰형_렉카형_var4.릴스_상단.판매중단.X_2P_고가영_260612_빙과_김지연,17,0,16.0,0,3,인지
2026-09-19,1874030338066737,[빙과_스틱바]_쫀득바_인지2_video,[멜론] 현지인도못구하는_7.1W,[26.07]F_V_JD멜_인지_쫀득바출시_인플루언서형_인플루언서형_var2.릴스_인물먼저.X_1P_문선정_260703_빙과_정하얀_JOamzo0T.mp4_[26.07]F_V_JD멜_인지_쫀득바출시_인플루언서형_인플루언서형_var2.릴스_인물먼저.X_1P_문선정_260703_빙과_정하얀,72,0,150.0,0,34,인지
2026-09-19,1876022578830433,[빙과_스틱바]_복쫀바_인지2_video,[3SKU] [09.11] 쫀득바3종_소비자검증형_정요한,7684188465168973845_[26.09] F_V_JD혼_인지_복쫀바출시_인물리뷰형_소비자검증형_var1.릴스_인트로변경.X_스틱바P_김바다_260911_빙과_정요한,55061,0,92313.0,0,19067,인지
2026-09-19,1876009558439089,[빙과_스틱바]_복쫀바_인지2_video,[3SKU] 9월 2주_정보전달형_정요한,7684135117962805268__26.09_F_V_JD혼_인지_복쫀바출시_바이럴형_정보전달형_main.렉카_못사게막는이유.X_스틱바P_김바다_260910_빙과_정요한,171,0,286.0,0,54,인지
2026-09-19,1874030323030129,[빙과_스틱바]_쫀득바_인지2_video,[멜론] 인플루언서형_6.3W,[26.06]F_V_JD멜_인지_상시_인플루언서형_인플루언서형.인지_main.릴스_공통.X_1P_문선정_260619_빙과_이수민_OcQS8Jtk.mp4_Copy 3 of [26.06]F_V_JD멜_인지_상시_인플루언서형_인플루언서형.인지_main.릴스_공통.X_1P_문선정_260619_빙과_이수민,44,0,140.0,0,27,인지
2026-09-19,1875398369068242,[빙과_스틱바]_쫀득바_인지2_video,[멜론] 무디 파트너십 광고 (26년 10월까지만 활용 가능),euunjoo_D2fhy7T5.mp4_euunjoo.mp4,709,0,1555.0,0,329,인지
2026-09-19,1876277331254385,[빙과_스틱바]_쫀득바_전환2_video,[복숭아] 09.11 복숭아쫀득바_써우리BP_렉카변환_정요한,7685231885732102164__26.09_F_V_JD복_전환_복쫀바출시_인물리뷰형_써우리BP_var11.렉카_편의점.렉카변환.지금놓치면1_015f65a7,1205,96,6139.0,1,0,전환
2026-09-19,1876277331277089,[빙과_스틱바]_쫀득바_전환2_video,[복숭아] 09.11 복숭아쫀득바_써우리BP_렉카변환_정요한,7685231912206221332__26.09_F_V_JD복_전환_복쫀바출시_인물리뷰형_써우리BP_var9.렉카_편의점.렉카변환.슈기샤라웃.X__823f9a40,252,11,590.0,0,0,전환
2026-09-19,1873959483402306,[빙과_스틱바]_쫀득바_인지2_video,[멜론] 전세계에서일본에만_7.1W,[26.07]F_V_JD멜_인지_쫀득바출시_인물리뷰형_인물리뷰형_var2.릴스_상단.1등로손.X_2P_문선정_260703_빙과_유영현_kvnPtLWY.mp4_[26.07]F_V_JD멜_인지_쫀득바출시_인물리뷰형_인물리뷰형_var2.릴스_상단.1등로손.X_2P_문선정_260703_빙과_유영현,57,0,85.0,0,18,인지
2026-09-19,1874476587075634,[빙과_스틱바]_쫀득바_인지2_video,[멜론] 무디 파트너십 광고 (26년 10월까지만 활용 가능),okindflower_tiktok_16x9_F9pfKXPt.mp4_okindflower,307,0,1080.0,0,237,인지
2026-09-19,1873959585040561,[빙과_스틱바]_쫀득바_인지2_video,[망고] 맛인지_6.3W,[26.06]F_V_JD망_인지_쫀득바출시_맛인지형_맛인지형.인지_var3.릴스_대세감.진수.6월.수민PJ_2P_문선정_260619_빙과_김지연_694xYrHj.mp4_[26.06]F_V_JD망_인지_쫀득바출시_맛인지형_맛인지형.인지_var3.릴스_대세감.진수.6월.수민PJ_2P_문선정_260619_빙과_김지연,81,0,86.0,0,17,인지
2026-09-19,1873959509314913,[빙과_스틱바]_쫀득바_인지2_video,[멜론] 일본원정템_7.1W,[26.07]F_V_JD멜_인지_쫀득바출시_신규BP_외부BP_var1.릴스_메인.일반브금.X_2P_문선정_260703_빙과_이하림_WTZLraDf.mp4_[26.07]F_V_JD멜_인지_쫀득바출시_신규BP_외부BP_var1.릴스_메인.일반브금.X_2P_문선정_260703_빙과_이하림,200,0,367.0,0,72,인지
2026-09-19,1874370094864626,[빙과_스틱바]_쫀득바_인지2_video,[멜론] 무디 파트너십 광고 (26년 10월까지만 활용 가능),bbuni_sol_0lW2JXmG.mp4_bbuni_sol,125,0,413.0,0,102,인지
2026-09-19,1876022394378385,[빙과_스틱바]_복쫀바_인지2_video,[3SKU] [09.11]쫀득바3종_차먹방노현경,7684187716040671253_[26.09]F_V_JD혼_전환_복쫀바출시_인물리뷰형_차먹방_main.릴스_차먹방.X_스틱바P_노현경_260911_빙과_노현경,27815,0,49832.0,0,10638,인지
2026-09-19,1874370090377506,[빙과_스틱바]_쫀득바_인지2_video,[멜론] 무디 파트너십 광고 (26년 10월까지만 활용 가능),xeoj.ng_L7HK2Ueo.mp4_xeoj.ng,72,0,221.0,0,60,인지
2026-09-19,1873959567272305,[빙과_스틱바]_쫀득바_인지2_video,[멜론] 부자들만먹는_6.4W,[26.06]F_V_JD멜_인지_쫀득바출시_신규BP_먹방형_var4.릴스_숏.X_1P_문선정_260626_빙과_이수민_51lK2MkR.mp4_[26.06]F_V_JD멜_인지_쫀득바출시_신규BP_먹방형_var4.릴스_숏.X_1P_문선정_260626_빙과_이수민,83,0,266.0,0,61,인지
2026-09-19,1873959679955250,[빙과_스틱바]_쫀득바_인지2_video,[멜론] 인물리뷰(1)_6.3W,[26.06]F_V_JD멜_인지_쫀득바출시_인물리뷰형_인물리뷰형_main.릴스_샀어요.X_2P_고가영_260612_빙과_유영현_ay8jLH2u.mp4_[26.06]F_V_JD멜_인지_쫀득바출시_인물리뷰형_인물리뷰형_main.릴스_샀어요.X_2P_고가영_260612_빙과_유영현,122,0,396.0,0,74,인지
2026-09-19,1876670559296881,[빙과_스틱바]_복쫀바_인지2_video,[복숭아] 9월 3주차_주현_맛인지,7686842588848029716_[26.09]F_I_JD복_인지_상시_혜택강조형__.릴스_고효율베리.요거트비교.__이재원_260918_빙과_함주현,2974,0,1895.0,0,345,인지
2026-09-19,1873959502194113,[빙과_스틱바]_쫀득바_인지2_video,[멜론] 현지인도못구하는_7.1W,[26.07]F_V_JD멜_인지_쫀득바출시_인플루언서형_인플루언서형_main.릴스_비행기표취소.X_1P_문선정_260703_빙과_정하얀_6J9yLGRu.mp4_[26.07]F_V_JD멜_인지_쫀득바출시_인플루언서형_인플루언서형_main.릴스_비행기표취소.X_1P_문선정_260703_빙과_정하얀,317,0,510.0,0,105,인지
2026-09-19,1874370091722833,[빙과_스틱바]_쫀득바_인지2_video,[멜론] 무디 파트너십 광고 (26년 10월까지만 활용 가능),payforyouth__j28UIP7Q.mp4_payforyouth_,448,0,1670.0,0,379,인지
2026-09-19,1873959586022625,[빙과_스틱바]_쫀득바_인지2_video,[망고] 맛인지_6.3W,[26.06]F_V_JD망_인지_쫀득바출시_맛인지형_맛인지형.인지_var2.릴스_망고맛.진수.6월.수민PJ_2P_문선정_260619_빙과_김지연_85l4f3Aq.mp4_[26.06]F_V_JD망_인지_쫀득바출시_맛인지형_맛인지형.인지_var2.릴스_망고맛.진수.6월.수민PJ_2P_문선정_260619_빙과_김지연,361,0,990.0,0,194,인지
2026-09-19,1873959574894593,[빙과_스틱바]_쫀득바_인지2_video,[멜론] 써우리BP_6.4W,[26.06]F_V_JD멜_인지_쫀득바출시_맛인지형_맛인지형.인지_var2.릴스_품절대란.X_1P_문선정_260612_빙과_이수민_X4dmxg8T.mp4_[26.06]F_V_JD멜_인지_쫀득바출시_맛인지형_맛인지형.인지_var2.릴스_품절대란.X_1P_문선정_260612_빙과_이수민,75,0,257.0,0,54,인지
2026-09-19,1876277370887458,[빙과_스틱바]_쫀득바_전환2_video,[복숭아] 09.11 복숭아쫀득바_맛인지_렉카변환_정요한,7685232079317057557__26.09_F_V_JD복_전환_복쫀바출시_맛인지형_오먹_var2.렉카_납작복숭아가격비교.렉카변환.유럽차_344cc175,193,8,555.0,0,0,전환
2026-09-19,1873959654247474,[빙과_스틱바]_쫀득바_인지2_video,[멜론] 요거트바BP_6.3W,[26.06]F_V_JD멜_인지_쫀득바출시_인물리뷰형_편의점원정_main.릴스_공통.X_1P_문선정_260612_빙과_정요한_YkIZOlu0.mp4_[26.06]F_V_JD멜_인지_쫀득바출시_인물리뷰형_편의점원정_main.릴스_공통.X_1P_문선정_260612_빙과_정요한,165,0,328.0,0,73,인지
2026-09-19,1873959600941425,[빙과_스틱바]_쫀득바_인지2_video,[멜론] 인플루언서형_6.3W,[26.06]F_V_JD멜_인지_상시_인플루언서형_인플루언서형.인지_var1.릴스_쫀득 후킹.X_1P_문선정_260619_빙과_이수민_HCZXPTgo.mp4_[26.06]F_V_JD멜_인지_상시_인플루언서형_인플루언서형.인지_var1.릴스_쫀득 후킹.X_1P_문선정_260619_빙과_이수민,17,0,32.0,0,7,인지
2026-09-19,1874370090397122,[빙과_스틱바]_쫀득바_인지2_video,[멜론] 무디 파트너십 광고 (26년 10월까지만 활용 가능),minimore.927_wXMpjCo9.mp4_minimore.927,117,0,437.0,0,102,인지
2026-09-19,1873959502194161,[빙과_스틱바]_쫀득바_인지2_video,[멜론] 현지인도못구하는_7.1W,[26.07]F_V_JD멜_인지_쫀득바출시_인플루언서형_인플루언서형_var1.릴스_제품먼저.X_1P_문선정_260703_빙과_정하얀_gA26O49Z.mp4_[26.07]F_V_JD멜_인지_쫀득바출시_인플루언서형_인플루언서형_var1.릴스_제품먼저.X_1P_문선정_260703_빙과_정하얀,128,0,145.0,0,28,인지
2026-09-20,1876670574942241,[빙과_스틱바]_복쫀바_인지2_video,[복숭아] 9월 3주차_주현_맛인지,7686842652785000469_[26.09]F_I_JD복_인지_상시_혜택강조형__.릴스_고효율베리.그릭모모.__이재원_260918_빙과_함주현,554,0,916.0,0,213,인지
2026-09-20,1873959512707137,[빙과_스틱바]_쫀득바_인지2_video,[멜론] 일본원정템_7.1W,[26.07]F_V_JD멜_인지_쫀득바출시_신규BP_외부BP_var3.릴스_화내기.X_2P_문선정_260703_빙과_이하림_G6x0joRE.mp4_[26.07]F_V_JD멜_인지_쫀득바출시_신규BP_외부BP_var3.릴스_화내기.X_2P_문선정_260703_빙과_이하림,34,0,88.0,0,21,인지
2026-09-20,1873959649053697,[빙과_스틱바]_쫀득바_인지2_video,[멜론] 인물리뷰(2)_6.3W,[26.06]F_V_JD멜_인지_쫀득바출시_인물리뷰형_렉카형_var3.릴스_상단.조회수.X_2P_고가영_260612_빙과_김지연_o3Oil7XF.mp4_[26.06]F_V_JD멜_인지_쫀득바출시_인물리뷰형_렉카형_var3.릴스_상단.조회수.X_2P_고가영_260612_빙과_김지연,36,0,109.0,0,25,인지
2026-09-20,1873959596195153,[빙과_스틱바]_쫀득바_인지2_video,[멜론] 인플루언서형_6.3W,[26.06]F_V_JD멜_인지_상시_인플루언서형_인플루언서형.인지_main.릴스_공통.X_1P_문선정_260619_빙과_이수민_OcQS8Jtk.mp4_[26.06]F_V_JD멜_인지_상시_인플루언서형_인플루언서형.인지_main.릴스_공통.X_1P_문선정_260619_빙과_이수민,51,0,180.0,0,38,인지
2026-09-20,1873959568365938,[빙과_스틱바]_쫀득바_인지2_video,[멜론] 부자들만먹는_6.4W,[26.06]F_V_JD멜_인지_쫀득바출시_신규BP_먹방형_var3.릴스_5만원멜론.X_1P_문선정_260626_빙과_이수민_4jVCt9QI.mp4_[26.06]F_V_JD멜_인지_쫀득바출시_신규BP_먹방형_var3.릴스_5만원멜론.X_1P_문선정_260626_빙과_이수민,9,0,5.0,0,2,인지
2026-09-20,1873959648848097,[빙과_스틱바]_쫀득바_인지2_video,[멜론] 인물리뷰(2)_6.3W,[26.06]F_V_JD멜_인지_쫀득바출시_인물리뷰형_렉카형_var4.릴스_상단.판매중단.X_2P_고가영_260612_빙과_김지연_qc1ljdun.mp4_[26.06]F_V_JD멜_인지_쫀득바출시_인물리뷰형_렉카형_var4.릴스_상단.판매중단.X_2P_고가영_260612_빙과_김지연,19,0,29.0,0,5,인지
2026-09-20,1874030330240002,[빙과_스틱바]_쫀득바_인지2_video,[망고] 맛인지_6.3W,[26.06]F_V_JD망_인지_쫀득바출시_맛인지형_맛인지형.인지_var4.릴스_혜택.진수.6월.수민PJ_2P_문선정_260619_빙과_김지연_6H8Mjtxm.mp4_[26.06]F_V_JD망_인지_쫀득바출시_맛인지형_맛인지형.인지_var4.릴스_혜택.진수.6월.수민PJ_2P_문선정_260619_빙과_김지연,133,0,406.0,0,95,인지
2026-09-20,1873959645922641,[빙과_스틱바]_쫀득바_인지2_video,[멜론] 인물리뷰(2)_6.3W,[26.06]F_V_JD멜_인지_쫀득바출시_인물리뷰형_렉카형_main.릴스_공통.X_2P_고가영_260612_빙과_김지연_bRJKpluY.mp4_[26.06]F_V_JD멜_인지_쫀득바출시_인물리뷰형_렉카형_main.릴스_공통.X_2P_고가영_260612_빙과_김지연,51,0,86.0,0,19,인지
2026-09-20,1874030313976066,[빙과_스틱바]_쫀득바_인지2_video,[멜론] 인물리뷰(1)_6.3W,[26.06]F_V_JD멜_인지_쫀득바출시_인물리뷰형_인물리뷰형_var4.릴스_후킹.X_2P_고가영_260612_빙과_유영현_JfFPUknj.mp4_[26.06]F_V_JD멜_인지_쫀득바출시_인물리뷰형_인물리뷰형_var4.릴스_후킹.X_2P_고가영_260612_빙과_유영현,570,0,995.0,0,195,인지
2026-09-20,1874030333521250,[빙과_스틱바]_쫀득바_인지2_video,[멜론] 초딩유행템2_6.4W,[26.06]F_V_JD멜_인지_쫀득바출시_신규BP_써우리BP_var2.릴스_혜택.X_1P_문선정_260626_빙과_김진수_AGmDZ35w.mp4_[26.06]F_V_JD멜_인지_쫀득바출시_신규BP_써우리BP_var2.릴스_혜택.X_1P_문선정_260626_빙과_김진수,778,0,1783.0,0,343,인지
2026-09-20,1876670525056273,[빙과_스틱바]_복쫀바_인지2_video,[복숭아] 9월 3주차_주현_맛인지,7686842459485487125_[26.09]F_I_JD복_인지_상시_혜택강조형__.릴스_고효율베리.생그릭요거트.__이재원_260918_빙과_함주현.,9823,0,5852.0,0,1119,인지
2026-09-20,1874030341331282,[빙과_스틱바]_쫀득바_인지2_video,[멜론] 전세계에서일본에만_7.1W,[26.07]F_V_JD멜_인지_쫀득바출시_인물리뷰형_인물리뷰형_var1.릴스_상단.국내출시.X_2P_문선정_260703_빙과_유영현_hYJso2jc.mp4_[26.07]F_V_JD멜_인지_쫀득바출시_인물리뷰형_인물리뷰형_var1.릴스_상단.국내출시.X_2P_문선정_260703_빙과_유영현,172,0,211.0,0,46,인지
2026-09-20,1876277351519281,[빙과_스틱바]_쫀득바_전환2_video,[복숭아] 09.11 복숭아쫀득바_백정BP_렉카변환_정요한,7685231932978774037__26.09_F_V_JD복_전환_복쫀바출시_신규BP_백정BP_var6.렉카_납작복숭아.렉카변환.유럽차원달라.X__104e8ef0,231,16,912.0,0,0,전환
2026-09-20,1876022594859298,[빙과_스틱바]_복쫀바_인지2_video,[3SKU] [09.11] 쫀득바3종_소비자검증형_정요한,7684188535930896405_[26.09] F_V_JD혼_인지_복쫀바출시_인물리뷰형_소비자검증형_main.릴스_일반.X_스틱바P_김바다_260911_빙과_정요한,151,0,401.0,0,76,인지
2026-09-20,1876009532262641,[빙과_스틱바]_복쫀바_인지2_video,[3SKU] 9월 2주_정보전달형_정요한,7684134973299212309__26.09_F_V_JD혼_인지_복쫀바출시_바이럴형_정보전달형_var1.렉카_품절되면.X_스틱바P_김바다_260910_빙과_정요한,6641,0,11468.0,0,2174,인지
2026-09-20,1873959572271185,[빙과_스틱바]_쫀득바_인지2_video,[멜론] 써우리BP_6.4W,[26.06]F_V_JD멜_인지_쫀득바출시_맛인지형_맛인지형.인지_var1.릴스_왁뿌볼.X_1P_문선정_260612_빙과_이수민_EwQB6yWu.mp4_[26.06]F_V_JD멜_인지_쫀득바출시_맛인지형_맛인지형.인지_var1.릴스_왁뿌볼.X_1P_문선정_260612_빙과_이수민,70,0,139.0,0,28,인지
2026-09-20,1873959601100177,[빙과_스틱바]_쫀득바_인지2_video,[멜론] 인플루언서형_6.3W,[26.06]F_V_JD멜_인지_상시_인플루언서형_인플루언서형.인지_var2.릴스_대세감.X_1P_문선정_260619_빙과_이수민_Bwvr3K0z.mp4_[26.06]F_V_JD멜_인지_상시_인플루언서형_인플루언서형.인지_var2.릴스_대세감.X_1P_문선정_260619_빙과_이수민,14,0,7.0,0,2,인지
2026-09-20,1873959487025618,[빙과_스틱바]_쫀득바_인지2_video,[멜론] 전세계에서일본에만_7.1W,[26.07]F_V_JD멜_인지_쫀득바출시_인물리뷰형_인물리뷰형_var6.릴스_1위강조.X_2P_문선정_260703_빙과_유영현_PV7bCcFl.mp4_[26.07]F_V_JD멜_인지_쫀득바출시_인물리뷰형_인물리뷰형_var6.릴스_1위강조.X_2P_문선정_260703_빙과_유영현,4,0,7.0,0,2,인지
2026-09-20,1873959606553906,[빙과_스틱바]_쫀득바_인지2_video,[멜론] 수박BP_6.3W,[26.06]F_V_JD멜_인지_쫀득바출시_맛인지형_수박BP_main.릴스_1년에딱.X_1P_김유진_260619_빙과_정하얀_4WnKJzct.mp4_[26.06]F_V_JD멜_인지_쫀득바출시_맛인지형_수박BP_main.릴스_1년에딱.X_1P_김유진_260619_빙과_정하얀,54,0,146.0,0,29,인지
2026-09-20,1873959574894593,[빙과_스틱바]_쫀득바_인지2_video,[멜론] 써우리BP_6.4W,[26.06]F_V_JD멜_인지_쫀득바출시_맛인지형_맛인지형.인지_var2.릴스_품절대란.X_1P_문선정_260612_빙과_이수민_X4dmxg8T.mp4_[26.06]F_V_JD멜_인지_쫀득바출시_맛인지형_맛인지형.인지_var2.릴스_품절대란.X_1P_문선정_260612_빙과_이수민,52,0,124.0,0,31,인지
2026-09-20,1876277331277089,[빙과_스틱바]_쫀득바_전환2_video,[복숭아] 09.11 복숭아쫀득바_써우리BP_렉카변환_정요한,7685231912206221332__26.09_F_V_JD복_전환_복쫀바출시_인물리뷰형_써우리BP_var9.렉카_편의점.렉카변환.슈기샤라웃.X__823f9a40,141,11,525.0,0,0,전환
2026-09-20,1873959484807170,[빙과_스틱바]_쫀득바_인지2_video,[멜론] 전세계에서일본에만_7.1W,[26.07]F_V_JD멜_인지_쫀득바출시_인물리뷰형_인물리뷰형_var4.릴스_상단.일본안가.X_2P_문선정_260703_빙과_유영현_lXorbHIU.mp4_[26.07]F_V_JD멜_인지_쫀득바출시_인물리뷰형_인물리뷰형_var4.릴스_상단.일본안가.X_2P_문선정_260703_빙과_유영현,17,0,14.0,0,3,인지
2026-09-20,1873959656457905,[빙과_스틱바]_쫀득바_인지2_video,[멜론] 요거트바BP_6.3W,[26.06]F_V_JD멜_인지_쫀득바출시_인물리뷰형_편의점원정_var2.릴스_퀄리티.X_1P_문선정_260612_빙과_정요한_F6rWEnOX.mp4_[26.06]F_V_JD멜_인지_쫀득바출시_인물리뷰형_편의점원정_var2.릴스_퀄리티.X_1P_문선정_260612_빙과_정요한,34,0,78.0,0,18,인지
2026-09-20,1873959509314913,[빙과_스틱바]_쫀득바_인지2_video,[멜론] 일본원정템_7.1W,[26.07]F_V_JD멜_인지_쫀득바출시_신규BP_외부BP_var1.릴스_메인.일반브금.X_2P_문선정_260703_빙과_이하림_WTZLraDf.mp4_[26.07]F_V_JD멜_인지_쫀득바출시_신규BP_외부BP_var1.릴스_메인.일반브금.X_2P_문선정_260703_빙과_이하림,292,0,433.0,0,90,인지
2026-09-20,1873959599404161,[빙과_스틱바]_쫀득바_인지2_video,[멜론] 인플루언서형_6.3W,[26.06]F_V_JD멜_인지_상시_인플루언서형_인플루언서형.인지_var3.릴스_코어 후킹.X_1P_문선정_260619_빙과_이수민_fHo1zJ0X.mp4_[26.06]F_V_JD멜_인지_상시_인플루언서형_인플루언서형.인지_var3.릴스_코어 후킹.X_1P_문선정_260619_빙과_이수민,44,0,145.0,0,30,인지
2026-09-20,1876670525563281,[빙과_스틱바]_복쫀바_인지2_video,[복숭아] 9월 3주차_주현_맛인지,7686842456840454165_[26.09]F_I_JD복_인지_상시_혜택강조형__.릴스_고효율베리.그릭맛강조.__이재원_260918_빙과_함주현,2143,0,3122.0,0,648,인지
2026-09-20,1876009558439089,[빙과_스틱바]_복쫀바_인지2_video,[3SKU] 9월 2주_정보전달형_정요한,7684135117962805268__26.09_F_V_JD혼_인지_복쫀바출시_바이럴형_정보전달형_main.렉카_못사게막는이유.X_스틱바P_김바다_260910_빙과_정요한,27,0,72.0,0,14,인지
2026-09-20,1873959582885234,[빙과_스틱바]_쫀득바_인지2_video,[망고] 맛인지_6.3W,[26.06]F_V_JD망_인지_쫀득바출시_맛인지형_맛인지형.인지_var1.릴스_젤리식감.진수.6월.수민PJ_2P_문선정_260619_빙과_김지연_oqUjrN9C.mp4_[26.06]F_V_JD망_인지_쫀득바출시_맛인지형_맛인지형.인지_var1.릴스_젤리식감.진수.6월.수민PJ_2P_문선정_260619_빙과_김지연,9,0,25.0,0,4,인지
2026-09-20,1873959483402306,[빙과_스틱바]_쫀득바_인지2_video,[멜론] 전세계에서일본에만_7.1W,[26.07]F_V_JD멜_인지_쫀득바출시_인물리뷰형_인물리뷰형_var2.릴스_상단.1등로손.X_2P_문선정_260703_빙과_유영현_kvnPtLWY.mp4_[26.07]F_V_JD멜_인지_쫀득바출시_인물리뷰형_인물리뷰형_var2.릴스_상단.1등로손.X_2P_문선정_260703_빙과_유영현,26,0,39.0,0,8,인지
2026-09-20,1876022394378385,[빙과_스틱바]_복쫀바_인지2_video,[3SKU] [09.11]쫀득바3종_차먹방노현경,7684187716040671253_[26.09]F_V_JD혼_전환_복쫀바출시_인물리뷰형_차먹방_main.릴스_차먹방.X_스틱바P_노현경_260911_빙과_노현경,17151,0,29254.0,0,6259,인지
2026-09-20,1873959567272305,[빙과_스틱바]_쫀득바_인지2_video,[멜론] 부자들만먹는_6.4W,[26.06]F_V_JD멜_인지_쫀득바출시_신규BP_먹방형_var4.릴스_숏.X_1P_문선정_260626_빙과_이수민_51lK2MkR.mp4_[26.06]F_V_JD멜_인지_쫀득바출시_신규BP_먹방형_var4.릴스_숏.X_1P_문선정_260626_빙과_이수민,59,0,188.0,0,45,인지
2026-09-20,1874030338066737,[빙과_스틱바]_쫀득바_인지2_video,[멜론] 현지인도못구하는_7.1W,[26.07]F_V_JD멜_인지_쫀득바출시_인플루언서형_인플루언서형_var2.릴스_인물먼저.X_1P_문선정_260703_빙과_정하얀_JOamzo0T.mp4_[26.07]F_V_JD멜_인지_쫀득바출시_인플루언서형_인플루언서형_var2.릴스_인물먼저.X_1P_문선정_260703_빙과_정하얀,247,0,709.0,0,169,인지
2026-09-20,1873959654248546,[빙과_스틱바]_쫀득바_인지2_video,[멜론] 요거트바BP_6.3W,[26.06]F_V_JD멜_인지_쫀득바출시_인물리뷰형_편의점원정_var1.릴스_맛.X_1P_문선정_260612_빙과_정요한_USPOMvkw.mp4_[26.06]F_V_JD멜_인지_쫀득바출시_인물리뷰형_편의점원정_var1.릴스_맛.X_1P_문선정_260612_빙과_정요한,78,0,139.0,0,27,인지
2026-09-20,1873959488337921,[빙과_스틱바]_쫀득바_인지2_video,[멜론] 전세계에서일본에만_7.1W,[26.07]F_V_JD멜_인지_쫀득바출시_인물리뷰형_인물리뷰형_var3.릴스_상단.GS1등.X_2P_문선정_260703_빙과_유영현_8cUvPSAN.mp4_[26.07]F_V_JD멜_인지_쫀득바출시_인물리뷰형_인물리뷰형_var3.릴스_상단.GS1등.X_2P_문선정_260703_빙과_유영현,13,0,16.0,0,3,인지
2026-09-20,1873959645921585,[빙과_스틱바]_쫀득바_인지2_video,[멜론] 인물리뷰(2)_6.3W,[26.06]F_V_JD멜_인지_쫀득바출시_인물리뷰형_렉카형_var1.릴스_1년멜론.X_2P_고가영_260612_빙과_김지연_Vfw93Dij.mp4_[26.06]F_V_JD멜_인지_쫀득바출시_인물리뷰형_렉카형_var1.릴스_1년멜론.X_2P_고가영_260612_빙과_김지연,99,0,293.0,0,71,인지
2026-09-20,1873959681209441,[빙과_스틱바]_쫀득바_인지2_video,[멜론] 인물리뷰(1)_6.3W,[26.06]F_V_JD멜_인지_쫀득바출시_인물리뷰형_인물리뷰형_var3.릴스_코어의외성.X_2P_고가영_260612_빙과_유영현_wjEIQSXr.mp4_[26.06]F_V_JD멜_인지_쫀득바출시_인물리뷰형_인물리뷰형_var3.릴스_코어의외성.X_2P_고가영_260612_빙과_유영현,35,0,117.0,0,24,인지
2026-09-20,1873959679955218,[빙과_스틱바]_쫀득바_인지2_video,[멜론] 인물리뷰(1)_6.3W,[26.06]F_V_JD멜_인지_쫀득바출시_인물리뷰형_인물리뷰형_var1.릴스_블랙바.X_2P_고가영_260612_빙과_유영현_bKsUmrtE.mp4_[26.06]F_V_JD멜_인지_쫀득바출시_인물리뷰형_인물리뷰형_var1.릴스_블랙바.X_2P_고가영_260612_빙과_유영현,43,0,105.0,0,20,인지
2026-09-20,1874030323030129,[빙과_스틱바]_쫀득바_인지2_video,[멜론] 인플루언서형_6.3W,[26.06]F_V_JD멜_인지_상시_인플루언서형_인플루언서형.인지_main.릴스_공통.X_1P_문선정_260619_빙과_이수민_OcQS8Jtk.mp4_Copy 3 of [26.06]F_V_JD멜_인지_상시_인플루언서형_인플루언서형.인지_main.릴스_공통.X_1P_문선정_260619_빙과_이수민,26,0,102.0,0,21,인지
2026-09-20,1873959571492482,[빙과_스틱바]_쫀득바_인지2_video,[멜론] 써우리BP_6.4W,[26.06]F_V_JD멜_인지_쫀득바출시_맛인지형_맛인지형.인지_var3.릴스_국민템 멜론바.X_1P_문선정_260612_빙과_이수민_49m1RLsV.mp4_[26.06]F_V_JD멜_인지_쫀득바출시_맛인지형_맛인지형.인지_var3.릴스_국민템 멜론바.X_1P_문선정_260612_빙과_이수민,28,0,69.0,0,17,인지
2026-09-20,1876277361584914,[빙과_스틱바]_쫀득바_전환2_video,[복숭아] 09.11 복숭아쫀득바_백정BP_렉카변환_정요한,7685232058989494292__26.09_F_V_JD복_전환_복쫀바출시_신규BP_백정BP_var5.렉카_납작복숭아.렉카변환.슈기샤라웃.X_스_3bb926e4,2203,108,16053.0,2,0,전환
2026-09-20,1876277338418306,[빙과_스틱바]_쫀득바_전환2_video,[복숭아] 09.11 복숭아쫀득바_써우리BP_렉카변환_정요한,7685231932977692693__26.09_F_V_JD복_전환_복쫀바출시_인물리뷰형_써우리BP_var8.렉카_편의점.렉카변환.당3g.X_스틱바_19720db1,1186,88,7206.0,2,0,전환
2026-09-20,1873959526530242,[빙과_스틱바]_쫀득바_인지2_video,[멜론] 책상네고 대체_6.4W,[26.06]F_V_JD멜_인지_쫀득바출시_기타_비하인드썰풀기_var2.릴스_POV.X_1P_김유진_260626_빙과_강다빈_dvNEWTwx.mp4_[26.06]F_V_JD멜_인지_쫀득바출시_기타_비하인드썰풀기_var2.릴스_POV.X_1P_김유진_260626_빙과_강다빈,88,0,58.0,0,14,인지
2026-09-20,1876277338412258,[빙과_스틱바]_쫀득바_전환2_video,[복숭아] 09.11 복숭아쫀득바_써우리BP_렉카변환_정요한,7685231932977315861__26.09_F_V_JD복_전환_복쫀바출시_인물리뷰형_써우리BP_var10.렉카_편의점.렉카변환.유럽차원달라_5d831433,335,20,1847.0,0,0,전환
2026-09-20,1873959679955250,[빙과_스틱바]_쫀득바_인지2_video,[멜론] 인물리뷰(1)_6.3W,[26.06]F_V_JD멜_인지_쫀득바출시_인물리뷰형_인물리뷰형_main.릴스_샀어요.X_2P_고가영_260612_빙과_유영현_ay8jLH2u.mp4_[26.06]F_V_JD멜_인지_쫀득바출시_인물리뷰형_인물리뷰형_main.릴스_샀어요.X_2P_고가영_260612_빙과_유영현,171,0,520.0,0,95,인지
2026-09-20,1876670559296881,[빙과_스틱바]_복쫀바_인지2_video,[복숭아] 9월 3주차_주현_맛인지,7686842588848029716_[26.09]F_I_JD복_인지_상시_혜택강조형__.릴스_고효율베리.요거트비교.__이재원_260918_빙과_함주현,3433,0,1781.0,0,333,인지
2026-09-20,1873959502194161,[빙과_스틱바]_쫀득바_인지2_video,[멜론] 현지인도못구하는_7.1W,[26.07]F_V_JD멜_인지_쫀득바출시_인플루언서형_인플루언서형_var1.릴스_제품먼저.X_1P_문선정_260703_빙과_정하얀_gA26O49Z.mp4_[26.07]F_V_JD멜_인지_쫀득바출시_인플루언서형_인플루언서형_var1.릴스_제품먼저.X_1P_문선정_260703_빙과_정하얀,2981,0,1907.0,0,362,인지
2026-09-20,1873959511342130,[빙과_스틱바]_쫀득바_인지2_video,[멜론] 일본원정템_7.1W,[26.07]F_V_JD멜_인지_쫀득바출시_신규BP_외부BP_main.릴스_메인.키노피오브금.X_2P_문선정_260703_빙과_이하림_CMkAHnfZ.mp4_[26.07]F_V_JD멜_인지_쫀득바출시_신규BP_외부BP_main.릴스_메인.키노피오브금.X_2P_문선정_260703_빙과_이하림,18,0,50.0,0,9,인지
2026-09-20,1873959502194113,[빙과_스틱바]_쫀득바_인지2_video,[멜론] 현지인도못구하는_7.1W,[26.07]F_V_JD멜_인지_쫀득바출시_인플루언서형_인플루언서형_main.릴스_비행기표취소.X_1P_문선정_260703_빙과_정하얀_6J9yLGRu.mp4_[26.07]F_V_JD멜_인지_쫀득바출시_인플루언서형_인플루언서형_main.릴스_비행기표취소.X_1P_문선정_260703_빙과_정하얀,922,0,1563.0,0,295,인지
2026-09-20,1876277370887458,[빙과_스틱바]_쫀득바_전환2_video,[복숭아] 09.11 복숭아쫀득바_맛인지_렉카변환_정요한,7685232079317057557__26.09_F_V_JD복_전환_복쫀바출시_맛인지형_오먹_var2.렉카_납작복숭아가격비교.렉카변환.유럽차_344cc175,132,9,483.0,0,0,전환
2026-09-20,1876277331254385,[빙과_스틱바]_쫀득바_전환2_video,[복숭아] 09.11 복숭아쫀득바_써우리BP_렉카변환_정요한,7685231885732102164__26.09_F_V_JD복_전환_복쫀바출시_인물리뷰형_써우리BP_var11.렉카_편의점.렉카변환.지금놓치면1_015f65a7,450,36,2116.0,0,0,전환
2026-09-20,1873959600941425,[빙과_스틱바]_쫀득바_인지2_video,[멜론] 인플루언서형_6.3W,[26.06]F_V_JD멜_인지_상시_인플루언서형_인플루언서형.인지_var1.릴스_쫀득 후킹.X_1P_문선정_260619_빙과_이수민_HCZXPTgo.mp4_[26.06]F_V_JD멜_인지_상시_인플루언서형_인플루언서형.인지_var1.릴스_쫀득 후킹.X_1P_문선정_260619_빙과_이수민,9,0,15.0,0,4,인지
2026-09-20,1873959509313921,[빙과_스틱바]_쫀득바_인지2_video,[멜론] 일본원정템_7.1W,[26.07]F_V_JD멜_인지_쫀득바출시_신규BP_외부BP_var2.릴스_POV.X_2P_문선정_260703_빙과_이하림_vSPVRZmI.mp4_[26.07]F_V_JD멜_인지_쫀득바출시_신규BP_외부BP_var2.릴스_POV.X_2P_문선정_260703_빙과_이하림,62,0,137.0,0,35,인지
2026-09-20,1873959654247474,[빙과_스틱바]_쫀득바_인지2_video,[멜론] 요거트바BP_6.3W,[26.06]F_V_JD멜_인지_쫀득바출시_인물리뷰형_편의점원정_main.릴스_공통.X_1P_문선정_260612_빙과_정요한_YkIZOlu0.mp4_[26.06]F_V_JD멜_인지_쫀득바출시_인물리뷰형_편의점원정_main.릴스_공통.X_1P_문선정_260612_빙과_정요한,96,0,227.0,0,50,인지
2026-09-20,1873959560792561,[빙과_스틱바]_쫀득바_인지2_video,[멜론] 부자들만먹는_6.4W,[26.06]F_V_JD멜_인지_쫀득바출시_신규BP_먹방형_var1.릴스_쫀득.X_1P_문선정_260626_빙과_이수민_PAw0dpIV.mp4_[26.06]F_V_JD멜_인지_쫀득바출시_신규BP_먹방형_var1.릴스_쫀득.X_1P_문선정_260626_빙과_이수민,11,0,23.0,0,7,인지
2026-09-20,1873959592941730,[빙과_스틱바]_쫀득바_인지2_video,[멜론] 인플루언서형_6.3W,[26.06]F_V_JD멜_인지_상시_인플루언서형_인플루언서형.인지_main.릴스_공통.X_1P_문선정_260619_빙과_이수민_OcQS8Jtk.mp4_[26.06]F_V_JD멜_인지_상시_인플루언서형_인플루언서형.인지_var2.릴스_대세감.X_1P_문선정_260619_빙과_이수민,5,0,17.0,0,3,인지
2026-09-20,1876399926849761,[빙과_스틱바]_복쫀바_인지2_video,[3SKU] [09.15] 쫀득바3종_AI_함주현,7685734073861718036_[26.09]F_I_JD혼_인지_상시_혜택강조형__.릴스_3종.AI건.복쫀바.대세감.__김바다_260915_빙과_함주현,574,0,1564.0,0,358,인지
2026-09-20,1874030317649217,[빙과_스틱바]_쫀득바_인지2_video,[멜론] 인물리뷰(2)_6.3W,[26.06]F_V_JD멜_인지_쫀득바출시_인물리뷰형_렉카형_var2.릴스_상단.대세감.X_2P_고가영_260612_빙과_김지연_uJ2PiCGN.mp4_[26.06]F_V_JD멜_인지_쫀득바출시_인물리뷰형_렉카형_var2.릴스_상단.대세감.X_2P_고가영_260612_빙과_김지연,469,0,759.0,0,141,인지
2026-09-20,1876399916321874,[빙과_스틱바]_복쫀바_인지2_video,[3SKU] [09.15] 쫀득바3종_AI_함주현,7685734041156517909_[26.09]F_I_JD혼_인지_상시_혜택강조형__.릴스_3종.AI건.복쫀바.맛인지.__김바다_260915_빙과_함주현,10181,0,14915.0,0,3165,인지
2026-09-20,1876277351529105,[빙과_스틱바]_쫀득바_전환2_video,[복숭아] 09.11 복숭아쫀득바_백정BP_렉카변환_정요한,7685232002665873428__26.09_F_V_JD복_전환_복쫀바출시_신규BP_백정BP_var4.렉카_납작복숭아.렉카변환.당3g.X_스틱바P__4614b6aa,574,41,3129.0,1,0,전환
2026-09-20,1873959606553874,[빙과_스틱바]_쫀득바_인지2_video,[멜론] 수박BP_6.3W,[26.06]F_V_JD멜_인지_쫀득바출시_맛인지형_수박BP_var1.릴스_저샀어요.X_1P_김유진_260619_빙과_정하얀_KxT2Mrn4.mp4_[26.06]F_V_JD멜_인지_쫀득바출시_맛인지형_수박BP_var1.릴스_저샀어요.X_1P_김유진_260619_빙과_정하얀,91,0,202.0,0,53,인지
2026-09-20,1876670563662001,[빙과_스틱바]_복쫀바_인지2_video,[복숭아] 9월 3주차_주현_맛인지,7686842600683487252_[26.09]F_I_JD복_인지_상시_혜택강조형__.릴스_고효율베리.한정선.__이재원_260918_빙과_함주현,65272,0,29621.0,0,5325,인지
2026-09-20,1876022578830433,[빙과_스틱바]_복쫀바_인지2_video,[3SKU] [09.11] 쫀득바3종_소비자검증형_정요한,7684188465168973845_[26.09] F_V_JD혼_인지_복쫀바출시_인물리뷰형_소비자검증형_var1.릴스_인트로변경.X_스틱바P_김바다_260911_빙과_정요한,32694,0,51160.0,0,10672,인지
2026-09-20,1873959685405714,[빙과_스틱바]_쫀득바_인지2_video,[멜론] 인물리뷰(1)_6.3W,[26.06]F_V_JD멜_인지_쫀득바출시_인물리뷰형_인물리뷰형_var2.릴스_대세감.X_2P_고가영_260612_빙과_유영현_JSgYoFLC.mp4_[26.06]F_V_JD멜_인지_쫀득바출시_인물리뷰형_인물리뷰형_var2.릴스_대세감.X_2P_고가영_260612_빙과_유영현,159,0,357.0,0,67,인지
2026-09-20,1873959526530274,[빙과_스틱바]_쫀득바_인지2_video,[멜론] 책상네고 대체_6.4W,[26.06]F_V_JD멜_인지_쫀득바출시_기타_비하인드썰풀기_var1.릴스_짤림후킹.X_1P_김유진_260626_빙과_강다빈_N8xnAoaE.mp4_[26.06]F_V_JD멜_인지_쫀득바출시_기타_비하인드썰풀기_var1.릴스_짤림후킹.X_1P_김유진_260626_빙과_강다빈,341,0,457.0,0,105,인지
2026-09-20,1873959586022625,[빙과_스틱바]_쫀득바_인지2_video,[망고] 맛인지_6.3W,[26.06]F_V_JD망_인지_쫀득바출시_맛인지형_맛인지형.인지_var2.릴스_망고맛.진수.6월.수민PJ_2P_문선정_260619_빙과_김지연_85l4f3Aq.mp4_[26.06]F_V_JD망_인지_쫀득바출시_맛인지형_맛인지형.인지_var2.릴스_망고맛.진수.6월.수민PJ_2P_문선정_260619_빙과_김지연,300,0,676.0,0,140,인지
2026-09-20,1873959585040561,[빙과_스틱바]_쫀득바_인지2_video,[망고] 맛인지_6.3W,[26.06]F_V_JD망_인지_쫀득바출시_맛인지형_맛인지형.인지_var3.릴스_대세감.진수.6월.수민PJ_2P_문선정_260619_빙과_김지연_694xYrHj.mp4_[26.06]F_V_JD망_인지_쫀득바출시_맛인지형_맛인지형.인지_var3.릴스_대세감.진수.6월.수민PJ_2P_문선정_260619_빙과_김지연,42,0,48.0,0,11,인지
2026-09-20,1873959492107505,[빙과_스틱바]_쫀득바_인지2_video,[멜론] 전세계에서일본에만_7.1W,[26.07]F_V_JD멜_인지_쫀득바출시_인물리뷰형_인물리뷰형_var5.릴스_대세왁뿌.X_2P_문선정_260703_빙과_유영현_nmCE6i3s.mp4_[26.07]F_V_JD멜_인지_쫀득바출시_인물리뷰형_인물리뷰형_var5.릴스_대세왁뿌.X_2P_문선정_260703_빙과_유영현,65,0,168.0,0,36,인지
2026-09-20,1873959559414865,[빙과_스틱바]_쫀득바_인지2_video,[멜론] 부자들만먹는_6.4W,[26.06]F_V_JD멜_인지_쫀득바출시_신규BP_먹방형_main.릴스_공통.X_1P_문선정_260626_빙과_이수민_6K4RW1kr.mp4_[26.06]F_V_JD멜_인지_쫀득바출시_신규BP_먹방형_main.릴스_공통.X_1P_문선정_260626_빙과_이수민,375,0,648.0,0,134,인지
2026-09-20,1876277367592066,[빙과_스틱바]_쫀득바_전환2_video,[복숭아] 09.11 복숭아쫀득바_맛인지_렉카변환_정요한,7685232024458641428__26.09_F_V_JD복_전환_복쫀바출시_맛인지형_오먹_main.렉카_납작복숭아가격비교.렉카변환.당3g.X__761b5777,90,2,636.0,0,0,전환
2026-09-20,1876022361442754,[빙과_스틱바]_복쫀바_인지2_video,[3SKU] [09.11]쫀득바3종_점수 매기기_노현경,7684187578426114068_[26.09] F_V_JD혼_전환_복쫀바출시_인물리뷰형_점수매기기_main.릴스_점수매기기.X_스틱바P_노현경_f64f14c2,31189,0,30985.0,0,5997,인지
2026-09-20,1873959483402274,[빙과_스틱바]_쫀득바_인지2_video,[멜론] 전세계에서일본에만_7.1W,[26.07]F_V_JD멜_인지_쫀득바출시_인물리뷰형_인물리뷰형_main.릴스_공통.X_2P_문선정_260703_빙과_유영현_hfC8Honk.mp4_[26.07]F_V_JD멜_인지_쫀득바출시_인물리뷰형_인물리뷰형_main.릴스_공통.X_2P_문선정_260703_빙과_유영현,3,0,15.0,0,3,인지
2026-09-20,1873959662058609,[빙과_스틱바]_쫀득바_인지2_video,[멜론] 요거트바BP_6.3W,[26.06]F_V_JD멜_인지_쫀득바출시_인물리뷰형_편의점원정_var4.릴스_대세감.X_1P_문선정_260612_빙과_정요한_dTrqo0s9.mp4_[26.06]F_V_JD멜_인지_쫀득바출시_인물리뷰형_편의점원정_var4.릴스_대세감.X_1P_문선정_260612_빙과_정요한,26,0,24.0,0,4,인지
