date,ad_id,campaign_name,adset_name,ad_name,impressions,clicks,spend,conversions,thruplay,광고목적
2026-08-03,1872492057259041,[빙과_스틱바]_쫀득바_인지_video,0803_초딩유행템 TEST (타겟),[26.08]F_V_JD멜_인지_쫀득바출시_바이럴형_테스트_var3.렉카_초딩유행템.포켓몬보다.X_2P_김바다_260803_빙과_최재헌,9671,0,33359.0,0,4223,인지
2026-08-03,1870311021360514,[빙과_스틱바]_쫀득바_인지_video,[멜론] 인물리뷰형(수현님)_7.2W,[26.07]F_V_JD멜_인지_쫀득바출시_인물리뷰형_관계강조형_var5.릴스_하몽.당황.X_1P_김유진_260710_빙과_이수현,8408,0,15912.0,0,1261,인지
2026-08-03,1870311021360530,[빙과_스틱바]_쫀득바_인지_video,[멜론] 인물리뷰형(수현님)_7.2W,[26.07]F_V_JD멜_인지_쫀득바출시_인물리뷰형_관계강조형_var1.릴스_치즈칩.X_1P_김유진_260710_빙과_이수현,77,0,86.0,0,7,인지
2026-08-03,1870316261745730,[빙과_스틱바]_쫀득바_인지_video,[멜론] 썰풀기형_7.2W,[26.07]F_V_JD멜_인지_쫀득바출시_바이럴형_썰풀기형_main.릴스_숏버전.X_1P_문선정_260710_빙과_김진수,11340,0,24412.0,0,2375,인지
2026-08-03,1870319674584545,[빙과_스틱바]_쫀득바_인지_video,[멜론] 바이럴형_7.2W,[26.07]F_V_JD멜_인지_쫀득바출시_바이럴형_렉카형_var1.릴스_슈기X.초딩후킹.X_1P_문선정_260710_빙과_김진수,1862,0,4798.0,0,437,인지
2026-08-03,1870316261745746,[빙과_스틱바]_쫀득바_인지_video,[멜론] 썰풀기형_7.2W,[26.07]F_V_JD멜_인지_쫀득바출시_바이럴형_썰풀기형_var1.릴스_롱버전.X_1P_문선정_260710_빙과_김진수,30563,0,76662.0,0,7018,인지
2026-08-03,1870319674584561,[빙과_스틱바]_쫀득바_인지_video,[멜론] 바이럴형_7.2W,[26.07]F_V_JD멜_인지_쫀득바출시_바이럴형_렉카형_main.릴스_슈기O.X_1P_문선정_260710_빙과_김진수,33477,0,95963.0,0,8826,인지
2026-08-03,1870311021359346,[빙과_스틱바]_쫀득바_인지_video,[멜론] 인물리뷰형(수현님)_7.2W,[26.07]F_V_JD멜_인지_쫀득바출시_인물리뷰형_관계강조형_var7.릴스_하몽.레시피.X_1P_김유진_260710_빙과_이수현,172,0,177.0,0,10,인지
2026-08-03,1870311021359362,[빙과_스틱바]_쫀득바_인지_video,[멜론] 인물리뷰형(수현님)_7.2W,[26.07]F_V_JD멜_인지_쫀득바출시_인물리뷰형_관계강조형_var6.릴스_하몽.슈기.X_1P_김유진_260710_빙과_이수현,28487,0,85326.0,0,7572,인지
2026-08-03,1869682127855746,[빙과_스틱바]_쫀득바_인지_video,[멜론] 1위단독_7.1W,[26.07]F_V_JD멜_인지_쫀득바출시_바이럴형_커뮤니티형_var1.릴스_30년만에.신입탕비담당.X_1P_문선정_260702_빙과_김진수,14,0,47.0,0,6,인지
2026-08-03,1869682127854962,[빙과_스틱바]_쫀득바_인지_video,[멜론] 1위단독_7.1W,[26.07]F_V_JD멜_인지_쫀득바출시_바이럴형_커뮤니티형_main.릴스_중소기업.쉬었음청년.X_1P_문선정_260702_빙과_김진수,11603,0,25247.0,0,2380,인지
2026-08-03,1871371023505473,[빙과_스틱바]_쫀득바_인지_video,[멜론] 바이럴형(요한님)_(1)_7.4W,[26.07]F_V_JD멜_인지_쫀득바출시_바이럴형_정보전달형_main.렉카_건희소스활용.X_1P_김유진_260721_빙과_정요한,42059,0,100855.0,0,10841,인지
2026-08-03,1871377718162465,[빙과_스틱바]_쫀득바_인지_video,[멜론] 바이럴형(수현님)_(1)_7.4W,[26.07]F_V_JD멜_인지_쫀득바출시_바이럴형_커뮤니티형_main.릴스_대기업.간식.X_1P_김유진_260722_빙과_이수현,42790,0,101419.0,0,5021,인지
2026-08-03,1871409439050033,[빙과_스틱바]_쫀득바_인지_video,[멜론] AI형(초딩유행템)_7.4W,[26.07]F_V_JD멜_인지_쫀득바출시_기타_AI활용형_var1.릴스_초딩유행템.금지령.AI건_1P_문선정_260722_빙과_강다빈,43393,0,150674.0,0,11319,인지
2026-08-03,1872494804994434,[빙과_스틱바]_쫀득바_인지_video,0803_초딩유행템 TEST,[26.08]F_V_JD멜_인지_쫀득바출시_바이럴형_테스트_main.렉카_초딩유행템.충격초딩급식.X_2P_김바다_260803_빙과_최재헌,8759,0,20792.0,0,3376,인지
2026-08-03,1871409439050017,[빙과_스틱바]_쫀득바_인지_video,[멜론] AI형(초딩유행템)_7.4W,[26.07]F_V_JD멜_인지_쫀득바출시_기타_AI활용형_var2.릴스_초딩유행템.허버칩.AI건_1P_문선정_260722_빙과_강다빈,19052,0,49753.0,0,3659,인지
2026-08-03,1872494804996578,[빙과_스틱바]_쫀득바_인지_video,0803_초딩유행템 TEST,[26.08]F_V_JD멜_인지_쫀득바출시_바이럴형_테스트_var3.렉카_초딩유행템.포켓몬보다.X_2P_김바다_260803_빙과_최재헌,17998,0,44234.0,0,9258,인지
2026-08-03,1872494804996562,[빙과_스틱바]_쫀득바_인지_video,0803_초딩유행템 TEST,[26.08]F_V_JD멜_인지_쫀득바출시_바이럴형_테스트_var2.렉카_초딩유행템.왁뿌볼보다.X_2P_김바다_260803_빙과_최재헌,12348,0,30498.0,0,5971,인지
2026-08-03,1872494804996546,[빙과_스틱바]_쫀득바_인지_video,0803_초딩유행템 TEST,[26.08]F_V_JD멜_인지_쫀득바출시_바이럴형_테스트_var1.렉카_초딩유행템.아이돌보다.X_2P_김바다_260803_빙과_최재헌,2343,0,6002.0,0,972,인지
2026-08-03,1870322845573234,[빙과_스틱바]_쫀득바_인지_video,[멜론] AI형(실수네고2)_7.2W,[26.07]F_V_JD멜_인지_쫀득바출시_기타_AI활용형_main.릴스_실수네고형.원재료발주.본론.AI건_1P_문선정_260710_빙과_강다빈,32662,0,88555.0,0,7634,인지
2026-08-03,1871404471091650,[빙과_스틱바]_쫀득바_인지_video,[멜론] 바이럴형(요한님)_(2)_7.4W,(운영X) [26.07]F_V_JD멜_인지_쫀득바출시_바이럴형_커뮤니티형_main.렉카_슈기.슈기활용.X_1P_김유진_260722_빙과_정요한,35179,0,101182.0,0,10071,인지
2026-08-03,1870322845573218,[빙과_스틱바]_쫀득바_인지_video,[멜론] AI형(실수네고2)_7.2W,[26.07]F_V_JD멜_인지_쫀득바출시_기타_AI활용형_var1.릴스_실수네고형.원재료발주.혼쭐후킹.AI건_1P_문선정_260710_빙과_강다빈,5562,0,13158.0,0,1192,인지
2026-08-03,1871404471091682,[빙과_스틱바]_쫀득바_인지_video,[멜론] 바이럴형(영현님)_(2)_7.4W,[26.07]F_V_JD멜_인지_쫀득바출시_바이럴형_정보전달형_main.렉카_업계최초.X_2P_김유진_260722_빙과_유영현,43787,0,101534.0,0,4831,인지
2026-08-03,1871502752294370,[빙과_스틱바]_쫀득바_인지_video,[멜론] 바이럴형(요한님)_(3)_7.4W,(운영X) [26.07]F_V_JD멜_인지_쫀득바출시_바이럴형_썰풀기형_var1.렉카_슈기.건희.집단활용.싫어하는유튜버.X_1P_김유진_260723_빙과_정요한,6367,0,6906.0,0,308,인지
2026-08-03,1871377471208097,[빙과_스틱바]_쫀득바_인지_video,[멜론] 바이럴형(영현님)_(1)_7.4W,[26.07]F_V_JD멜_인지_쫀득바출시_바이럴형_커뮤니티형_main.릴스_업계퇴사자.X_2P_김유진_260721_빙과_유영현,102981,0,303434.0,0,12433,인지
2026-08-03,1871502712468641,[빙과_스틱바]_쫀득바_인지_video,[멜론] 바이럴형(요한님)_(3)_7.4W,(운영X) [26.07]F_V_JD멜_인지_쫀득바출시_바이럴형_썰풀기형_main.렉카_슈기.건희.집단활용.직원들만못사먹는.X_1P_김유진_260723_빙과_정요한,29391,0,80349.0,0,4826,인지
2026-08-03,1871503055081618,[빙과_스틱바]_쫀득바_인지_video,[멜론] 바이럴형(요한님)_(4)_7.4W,[26.07]F_V_JD멜_인지_쫀득바출시_바이럴형_썰풀기형_var2.렉카_건희소스2.건희코인.X_1P_김유진_260723_빙과_정요한,30829,0,92774.0,0,5384,인지
2026-08-03,1870950529912034,[빙과_스틱바]_쫀득바_인지_video,[멜론] 육아BP_7.3W,[26.07]F_V_JD멜_인지_쫀득바출시_신규BP_육아bp_var2.릴스_엄마.X_2P_문선정_260716_빙과_이하림,6947,0,17650.0,0,2495,인지
2026-08-03,1872494093768833,[빙과_스틱바]_쫀득바_인지_video,0803_초딩유행템 TEST (타겟),[26.08]F_V_JD멜_인지_쫀득바출시_바이럴형_테스트_main.렉카_초딩유행템.충격초딩급식.X_2P_김바다_260803_빙과_최재헌,5956,0,17246.0,0,2162,인지
2026-08-03,1871502752294386,[빙과_스틱바]_쫀득바_인지_video,[멜론] 바이럴형(요한님)_(3)_7.4W,(운영X) [26.07]F_V_JD멜_인지_쫀득바출시_바이럴형_썰풀기형_var2.렉카_슈기.건희.집단활용.작은공.X_1P_김유진_260723_빙과_정요한,10268,0,13439.0,0,641,인지
2026-08-03,1871503055081602,[빙과_스틱바]_쫀득바_인지_video,[멜론] 바이럴형(요한님)_(4)_7.4W,[26.07]F_V_JD멜_인지_쫀득바출시_바이럴형_썰풀기형_main.렉카_건희소스2.먹잘알치트키.X_1P_김유진_260723_빙과_정요한,4750,0,4605.0,0,201,인지
2026-08-03,1870950529912050,[빙과_스틱바]_쫀득바_인지_video,[멜론] 육아BP_7.3W,[26.07]F_V_JD멜_인지_쫀득바출시_신규BP_육아bp_var1.릴스_아기.X_2P_문선정_260716_빙과_이하림,35870,0,107007.0,0,15780,인지
2026-08-03,1869684423930881,[빙과_스틱바]_쫀득바_인지_video,[멜론] 브이로그형_7.1W,[26.07]F_V_JD멜_인지_쫀득바출시_소비자상황형_브이로그형_main.릴스_번따당함.X_1P_문선정_260703_빙과_정하얀,47090,0,100938.0,0,10238,인지
2026-08-03,1872494093768817,[빙과_스틱바]_쫀득바_인지_video,0803_초딩유행템 TEST (타겟),[26.08]F_V_JD멜_인지_쫀득바출시_바이럴형_테스트_var1.렉카_초딩유행템.아이돌보다.X_2P_김바다_260803_빙과_최재헌,5707,0,15307.0,0,1838,인지
2026-08-03,1872494093768801,[빙과_스틱바]_쫀득바_인지_video,0803_초딩유행템 TEST (타겟),[26.08]F_V_JD멜_인지_쫀득바출시_바이럴형_테스트_var2.렉카_초딩유행템.왁뿌볼보다.X_2P_김바다_260803_빙과_최재헌,9173,0,30636.0,0,3920,인지
2026-08-03,1870950529912018,[빙과_스틱바]_쫀득바_인지_video,[멜론] 육아BP_7.3W,(운영X) [26.07]F_V_JD멜_인지_쫀득바출시_신규BP_육아bp_var3.릴스_슈기.X_2P_문선정_260716_빙과_이하림,57,0,144.0,0,17,인지
2026-08-03,1870311021360546,[빙과_스틱바]_쫀득바_인지_video,[멜론] 인물리뷰형(수현님)_7.2W,[26.07]F_V_JD멜_인지_쫀득바출시_인물리뷰형_관계강조형_var3.릴스_1등소구.X_1P_김유진_260710_빙과_이수현,106,0,117.0,0,11,인지
2026-08-03,1870311021360562,[빙과_스틱바]_쫀득바_인지_video,[멜론] 인물리뷰형(수현님)_7.2W,[26.07]F_V_JD멜_인지_쫀득바출시_인물리뷰형_관계강조형_main.릴스_본론.X_1P_김유진_260710_빙과_이수현,128,0,268.0,0,18,인지
2026-08-03,1869686115116050,[빙과_스틱바]_쫀득바_인지_video,[멜론] 1위단독_7.1W,[26.07]F_V_JD멜_인지_쫀득바출시_바이럴형_커뮤니티형_var2.릴스_매출1등.입사동기.X_1P_문선정_260703_빙과_김진수,3395,0,7721.0,0,797,인지
2026-08-03,1871409439050753,[빙과_스틱바]_쫀득바_인지_video,[멜론] AI형(초딩유행템)_7.4W,[26.07]F_V_JD멜_인지_쫀득바출시_기타_AI활용형_main.릴스_초딩유행템.본론.AI건_1P_문선정_260722_빙과_강다빈,660,0,1634.0,0,103,인지
2026-08-03,1869686115116066,[빙과_스틱바]_쫀득바_인지_video,[멜론] 1위단독_7.1W,[26.07]F_V_JD멜_인지_쫀득바출시_바이럴형_커뮤니티형_var3.릴스_요즘애들.초딩.X_1P_문선정_260703_빙과_김진수,39406,1,67862.0,0,5611,인지
2026-08-03,1870950529912834,[빙과_스틱바]_쫀득바_인지_video,[멜론] 육아BP_7.3W,[26.07]F_V_JD멜_인지_쫀득바출시_신규BP_육아bp_main.릴스_공통.X_2P_문선정_260716_빙과_이하림,28447,0,76835.0,0,10570,인지
2026-08-03,1870950529912850,[빙과_스틱바]_쫀득바_인지_video,[멜론] 육아BP_7.3W,[26.07]F_V_JD멜_인지_쫀득바출시_신규BP_육아bp_var4.릴스_로블록스.X_2P_문선정_260716_빙과_이하림,6,0,34.0,0,1,인지
2026-08-03,1871503055081634,[빙과_스틱바]_쫀득바_인지_video,[멜론] 바이럴형(요한님)_(4)_7.4W,[26.07]F_V_JD멜_인지_쫀득바출시_바이럴형_썰풀기형_var1.렉카_건희소스2.하이디라오붐업.X_1P_김유진_260723_빙과_정요한,2133,0,3732.0,0,186,인지
2026-08-04,1871409439050033,[빙과_스틱바]_쫀득바_인지_video,[멜론] AI형(초딩유행템)_7.4W,[26.07]F_V_JD멜_인지_쫀득바출시_기타_AI활용형_var1.릴스_초딩유행템.금지령.AI건_1P_문선정_260722_빙과_강다빈,11877,0,38990.0,0,3230,인지
2026-08-04,1872494804996546,[빙과_스틱바]_쫀득바_인지_video,0803_초딩유행템 TEST,[26.08]F_V_JD멜_인지_쫀득바출시_바이럴형_테스트_var1.렉카_초딩유행템.아이돌보다.X_2P_김바다_260803_빙과_최재헌,322,0,502.0,0,135,인지
2026-08-04,1871409439050017,[빙과_스틱바]_쫀득바_인지_video,[멜론] AI형(초딩유행템)_7.4W,[26.07]F_V_JD멜_인지_쫀득바출시_기타_AI활용형_var2.릴스_초딩유행템.허버칩.AI건_1P_문선정_260722_빙과_강다빈,14472,0,35690.0,0,3182,인지
2026-08-04,1872494804996562,[빙과_스틱바]_쫀득바_인지_video,0803_초딩유행템 TEST,[26.08]F_V_JD멜_인지_쫀득바출시_바이럴형_테스트_var2.렉카_초딩유행템.왁뿌볼보다.X_2P_김바다_260803_빙과_최재헌,2881,0,4534.0,0,1218,인지
2026-08-04,1872494804996578,[빙과_스틱바]_쫀득바_인지_video,0803_초딩유행템 TEST,[26.08]F_V_JD멜_인지_쫀득바출시_바이럴형_테스트_var3.렉카_초딩유행템.포켓몬보다.X_2P_김바다_260803_빙과_최재헌,3606,0,7990.0,0,2129,인지
2026-08-04,1872587110105154,[빙과_스틱바]_쫀득바_인지_video,0804_4050 남성 TEST (타겟),[26.08]F_V_JD멜_인지_쫀득바출시_바이럴형_테스트_var2.렉카_4050남성트렌드.은근트렌디.X_2P_김바다_260804_빙과_최재헌,15143,0,36792.0,0,3013,인지
2026-08-04,1872587110103634,[빙과_스틱바]_쫀득바_인지_video,0804_4050 남성 TEST,[26.08]F_V_JD멜_인지_쫀득바출시_바이럴형_테스트_var3.렉카_4050남성트렌드.알고리즘.X_2P_김바다_260804_빙과_최재헌,14455,0,29443.0,0,3140,인지
2026-08-04,1872587110105170,[빙과_스틱바]_쫀득바_인지_video,0804_4050 남성 TEST (타겟),26.08]F_V_JD멜_인지_쫀득바출시_바이럴형_테스트_main.렉카_4050남성트렌드.SNS에서.X_2P_김바다_260804_빙과_최재헌,8828,0,22917.0,0,2386,인지
2026-08-04,1871377471208097,[빙과_스틱바]_쫀득바_인지_video,[멜론] 바이럴형(영현님)_(1)_7.4W,[26.07]F_V_JD멜_인지_쫀득바출시_바이럴형_커뮤니티형_main.릴스_업계퇴사자.X_2P_김유진_260721_빙과_유영현,37840,0,106076.0,0,5510,인지
2026-08-04,1870322845573218,[빙과_스틱바]_쫀득바_인지_video,[멜론] AI형(실수네고2)_7.2W,[26.07]F_V_JD멜_인지_쫀득바출시_기타_AI활용형_var1.릴스_실수네고형.원재료발주.혼쭐후킹.AI건_1P_문선정_260710_빙과_강다빈,2376,0,6207.0,0,816,인지
2026-08-04,1871502752294370,[빙과_스틱바]_쫀득바_인지_video,[멜론] 바이럴형(요한님)_(3)_7.4W,(운영X) [26.07]F_V_JD멜_인지_쫀득바출시_바이럴형_썰풀기형_var1.렉카_슈기.건희.집단활용.싫어하는유튜버.X_1P_김유진_260723_빙과_정요한,2437,0,5153.0,0,351,인지
2026-08-04,1870322845573234,[빙과_스틱바]_쫀득바_인지_video,[멜론] AI형(실수네고2)_7.2W,[26.07]F_V_JD멜_인지_쫀득바출시_기타_AI활용형_main.릴스_실수네고형.원재료발주.본론.AI건_1P_문선정_260710_빙과_강다빈,12473,0,33673.0,0,3489,인지
2026-08-04,1871502752294386,[빙과_스틱바]_쫀득바_인지_video,[멜론] 바이럴형(요한님)_(3)_7.4W,(운영X) [26.07]F_V_JD멜_인지_쫀득바출시_바이럴형_썰풀기형_var2.렉카_슈기.건희.집단활용.작은공.X_1P_김유진_260723_빙과_정요한,4981,0,9945.0,0,702,인지
2026-08-04,1870950529912018,[빙과_스틱바]_쫀득바_인지_video,[멜론] 육아BP_7.3W,(운영X) [26.07]F_V_JD멜_인지_쫀득바출시_신규BP_육아bp_var3.릴스_슈기.X_2P_문선정_260716_빙과_이하림,23,0,6.0,0,2,인지
2026-08-04,1872494093768817,[빙과_스틱바]_쫀득바_인지_video,0803_초딩유행템 TEST (타겟),[26.08]F_V_JD멜_인지_쫀득바출시_바이럴형_테스트_var1.렉카_초딩유행템.아이돌보다.X_2P_김바다_260803_빙과_최재헌,1497,0,4902.0,0,517,인지
2026-08-04,1872494093768801,[빙과_스틱바]_쫀득바_인지_video,0803_초딩유행템 TEST (타겟),[26.08]F_V_JD멜_인지_쫀득바출시_바이럴형_테스트_var2.렉카_초딩유행템.왁뿌볼보다.X_2P_김바다_260803_빙과_최재헌,1889,0,6740.0,0,741,인지
2026-08-04,1870319674584561,[빙과_스틱바]_쫀득바_인지_video,[멜론] 바이럴형_7.2W,[26.07]F_V_JD멜_인지_쫀득바출시_바이럴형_렉카형_main.릴스_슈기O.X_1P_문선정_260710_빙과_김진수,14639,1,38296.0,0,4153,인지
2026-08-04,1870950529912050,[빙과_스틱바]_쫀득바_인지_video,[멜론] 육아BP_7.3W,[26.07]F_V_JD멜_인지_쫀득바출시_신규BP_육아bp_var1.릴스_아기.X_2P_문선정_260716_빙과_이하림,15233,0,44084.0,0,6240,인지
2026-08-04,1870311021360546,[빙과_스틱바]_쫀득바_인지_video,[멜론] 인물리뷰형(수현님)_7.2W,[26.07]F_V_JD멜_인지_쫀득바출시_인물리뷰형_관계강조형_var3.릴스_1등소구.X_1P_김유진_260710_빙과_이수현,79,0,102.0,0,10,인지
2026-08-04,1871502712468641,[빙과_스틱바]_쫀득바_인지_video,[멜론] 바이럴형(요한님)_(3)_7.4W,(운영X) [26.07]F_V_JD멜_인지_쫀득바출시_바이럴형_썰풀기형_main.렉카_슈기.건희.집단활용.직원들만못사먹는.X_1P_김유진_260723_빙과_정요한,7174,0,22895.0,0,1666,인지
2026-08-04,1869684423930881,[빙과_스틱바]_쫀득바_인지_video,[멜론] 브이로그형_7.1W,[26.07]F_V_JD멜_인지_쫀득바출시_소비자상황형_브이로그형_main.릴스_번따당함.X_1P_문선정_260703_빙과_정하얀,19435,0,38198.0,0,4495,인지
2026-08-04,1870319674584545,[빙과_스틱바]_쫀득바_인지_video,[멜론] 바이럴형_7.2W,[26.07]F_V_JD멜_인지_쫀득바출시_바이럴형_렉카형_var1.릴스_슈기X.초딩후킹.X_1P_문선정_260710_빙과_김진수,889,0,2378.0,0,329,인지
2026-08-04,1870950529912034,[빙과_스틱바]_쫀득바_인지_video,[멜론] 육아BP_7.3W,[26.07]F_V_JD멜_인지_쫀득바출시_신규BP_육아bp_var2.릴스_엄마.X_2P_문선정_260716_빙과_이하림,3145,0,8983.0,0,1193,인지
2026-08-04,1872494093768833,[빙과_스틱바]_쫀득바_인지_video,0803_초딩유행템 TEST (타겟),[26.08]F_V_JD멜_인지_쫀득바출시_바이럴형_테스트_main.렉카_초딩유행템.충격초딩급식.X_2P_김바다_260803_빙과_최재헌,2673,0,8591.0,0,834,인지
2026-08-04,1870311021360562,[빙과_스틱바]_쫀득바_인지_video,[멜론] 인물리뷰형(수현님)_7.2W,[26.07]F_V_JD멜_인지_쫀득바출시_인물리뷰형_관계강조형_main.릴스_본론.X_1P_김유진_260710_빙과_이수현,484,0,1375.0,0,107,인지
2026-08-04,1870950529912850,[빙과_스틱바]_쫀득바_인지_video,[멜론] 육아BP_7.3W,[26.07]F_V_JD멜_인지_쫀득바출시_신규BP_육아bp_var4.릴스_로블록스.X_2P_문선정_260716_빙과_이하림,56,0,154.0,0,44,인지
2026-08-04,1869686115116066,[빙과_스틱바]_쫀득바_인지_video,[멜론] 1위단독_7.1W,[26.07]F_V_JD멜_인지_쫀득바출시_바이럴형_커뮤니티형_var3.릴스_요즘애들.초딩.X_1P_문선정_260703_빙과_김진수,16399,1,27740.0,0,2739,인지
2026-08-04,1870950529912834,[빙과_스틱바]_쫀득바_인지_video,[멜론] 육아BP_7.3W,[26.07]F_V_JD멜_인지_쫀득바출시_신규BP_육아bp_main.릴스_공통.X_2P_문선정_260716_빙과_이하림,7661,0,20628.0,0,2789,인지
2026-08-04,1869686115116050,[빙과_스틱바]_쫀득바_인지_video,[멜론] 1위단독_7.1W,[26.07]F_V_JD멜_인지_쫀득바출시_바이럴형_커뮤니티형_var2.릴스_매출1등.입사동기.X_1P_문선정_260703_빙과_김진수,857,0,1568.0,0,201,인지
2026-08-04,1871503055081634,[빙과_스틱바]_쫀득바_인지_video,[멜론] 바이럴형(요한님)_(4)_7.4W,[26.07]F_V_JD멜_인지_쫀득바출시_바이럴형_썰풀기형_var1.렉카_건희소스2.하이디라오붐업.X_1P_김유진_260723_빙과_정요한,1204,0,4019.0,0,501,인지
2026-08-04,1870316261745746,[빙과_스틱바]_쫀득바_인지_video,[멜론] 썰풀기형_7.2W,[26.07]F_V_JD멜_인지_쫀득바출시_바이럴형_썰풀기형_var1.릴스_롱버전.X_1P_문선정_260710_빙과_김진수,10644,0,25341.0,0,2831,인지
2026-08-04,1871409439050753,[빙과_스틱바]_쫀득바_인지_video,[멜론] AI형(초딩유행템)_7.4W,[26.07]F_V_JD멜_인지_쫀득바출시_기타_AI활용형_main.릴스_초딩유행템.본론.AI건_1P_문선정_260722_빙과_강다빈,971,0,3943.0,0,229,인지
2026-08-04,1872492057259041,[빙과_스틱바]_쫀득바_인지_video,0803_초딩유행템 TEST (타겟),[26.08]F_V_JD멜_인지_쫀득바출시_바이럴형_테스트_var3.렉카_초딩유행템.포켓몬보다.X_2P_김바다_260803_빙과_최재헌,5815,0,20910.0,0,2187,인지
2026-08-04,1870316261745730,[빙과_스틱바]_쫀득바_인지_video,[멜론] 썰풀기형_7.2W,[26.07]F_V_JD멜_인지_쫀득바출시_바이럴형_썰풀기형_main.릴스_숏버전.X_1P_문선정_260710_빙과_김진수,6490,0,11921.0,0,1593,인지
2026-08-04,1871503055081602,[빙과_스틱바]_쫀득바_인지_video,[멜론] 바이럴형(요한님)_(4)_7.4W,[26.07]F_V_JD멜_인지_쫀득바출시_바이럴형_썰풀기형_main.렉카_건희소스2.먹잘알치트키.X_1P_김유진_260723_빙과_정요한,2598,0,4650.0,0,377,인지
2026-08-04,1870311021360514,[빙과_스틱바]_쫀득바_인지_video,[멜론] 인물리뷰형(수현님)_7.2W,[26.07]F_V_JD멜_인지_쫀득바출시_인물리뷰형_관계강조형_var5.릴스_하몽.당황.X_1P_김유진_260710_빙과_이수현,3597,0,6931.0,0,766,인지
2026-08-04,1871503055081618,[빙과_스틱바]_쫀득바_인지_video,[멜론] 바이럴형(요한님)_(4)_7.4W,[26.07]F_V_JD멜_인지_쫀득바출시_바이럴형_썰풀기형_var2.렉카_건희소스2.건희코인.X_1P_김유진_260723_빙과_정요한,10725,0,30650.0,0,2169,인지
2026-08-04,1869682127854962,[빙과_스틱바]_쫀득바_인지_video,[멜론] 1위단독_7.1W,[26.07]F_V_JD멜_인지_쫀득바출시_바이럴형_커뮤니티형_main.릴스_중소기업.쉬었음청년.X_1P_문선정_260702_빙과_김진수,5529,0,8675.0,0,1148,인지
2026-08-04,1870311021360530,[빙과_스틱바]_쫀득바_인지_video,[멜론] 인물리뷰형(수현님)_7.2W,[26.07]F_V_JD멜_인지_쫀득바출시_인물리뷰형_관계강조형_var1.릴스_치즈칩.X_1P_김유진_260710_빙과_이수현,137,0,338.0,0,104,인지
2026-08-04,1869682127855746,[빙과_스틱바]_쫀득바_인지_video,[멜론] 1위단독_7.1W,[26.07]F_V_JD멜_인지_쫀득바출시_바이럴형_커뮤니티형_var1.릴스_30년만에.신입탕비담당.X_1P_문선정_260702_빙과_김진수,54,0,90.0,0,27,인지
2026-08-04,1872587110104754,[빙과_스틱바]_쫀득바_인지_video,0804_4050 남성 TEST (타겟),[26.08]F_V_JD멜_인지_쫀득바출시_바이럴형_테스트_var3.렉카_4050남성트렌드.알고리즘.X_2P_김바다_260804_빙과_최재헌,16673,0,24044.0,0,2850,인지
2026-08-04,1871404471091682,[빙과_스틱바]_쫀득바_인지_video,[멜론] 바이럴형(영현님)_(2)_7.4W,[26.07]F_V_JD멜_인지_쫀득바출시_바이럴형_정보전달형_main.렉카_업계최초.X_2P_김유진_260722_빙과_유영현,16906,0,38325.0,0,2683,인지
2026-08-04,1872587110104770,[빙과_스틱바]_쫀득바_인지_video,0804_4050 남성 TEST (타겟),[26.08]F_V_JD멜_인지_쫀득바출시_바이럴형_테스트_var1.렉카_4050남성트렌드.유행끝.X_2P_김바다_260804_빙과_최재헌,9013,0,17234.0,0,1635,인지
2026-08-04,1871377718162465,[빙과_스틱바]_쫀득바_인지_video,[멜론] 바이럴형(수현님)_(1)_7.4W,[26.07]F_V_JD멜_인지_쫀득바출시_바이럴형_커뮤니티형_main.릴스_대기업.간식.X_1P_김유진_260722_빙과_이수현,16917,0,39845.0,0,2728,인지
2026-08-04,1871404471091650,[빙과_스틱바]_쫀득바_인지_video,[멜론] 바이럴형(요한님)_(2)_7.4W,(운영X) [26.07]F_V_JD멜_인지_쫀득바출시_바이럴형_커뮤니티형_main.렉카_슈기.슈기활용.X_1P_김유진_260722_빙과_정요한,15340,0,37202.0,0,5356,인지
2026-08-04,1872587110103650,[빙과_스틱바]_쫀득바_인지_video,0804_4050 남성 TEST,[26.08]F_V_JD멜_인지_쫀득바출시_바이럴형_테스트_var1.렉카_4050남성트렌드.유행끝.X_2P_김바다_260804_빙과_최재헌,15031,0,11266.0,0,3511,인지
2026-08-04,1870311021359362,[빙과_스틱바]_쫀득바_인지_video,[멜론] 인물리뷰형(수현님)_7.2W,[26.07]F_V_JD멜_인지_쫀득바출시_인물리뷰형_관계강조형_var6.릴스_하몽.슈기.X_1P_김유진_260710_빙과_이수현,10964,0,31767.0,0,3448,인지
2026-08-04,1872494804994434,[빙과_스틱바]_쫀득바_인지_video,0803_초딩유행템 TEST,[26.08]F_V_JD멜_인지_쫀득바출시_바이럴형_테스트_main.렉카_초딩유행템.충격초딩급식.X_2P_김바다_260803_빙과_최재헌,33438,0,24022.0,0,8978,인지
2026-08-04,1872587110103666,[빙과_스틱바]_쫀득바_인지_video,0804_4050 남성 TEST,[26.08]F_V_JD멜_인지_쫀득바출시_바이럴형_테스트_var2.렉카_4050남성트렌드.은근트렌디.X_2P_김바다_260804_빙과_최재헌,9446,0,21542.0,0,2434,인지
2026-08-04,1871371023505473,[빙과_스틱바]_쫀득바_인지_video,[멜론] 바이럴형(요한님)_(1)_7.4W,[26.07]F_V_JD멜_인지_쫀득바출시_바이럴형_정보전달형_main.렉카_건희소스활용.X_1P_김유진_260721_빙과_정요한,18907,0,37443.0,0,5270,인지
2026-08-04,1872587110104722,[빙과_스틱바]_쫀득바_인지_video,0804_4050 남성 TEST,26.08]F_V_JD멜_인지_쫀득바출시_바이럴형_테스트_main.렉카_4050남성트렌드.SNS에서.X_2P_김바다_260804_빙과_최재헌,16978,0,38491.0,0,5499,인지
2026-08-04,1870311021359346,[빙과_스틱바]_쫀득바_인지_video,[멜론] 인물리뷰형(수현님)_7.2W,[26.07]F_V_JD멜_인지_쫀득바출시_인물리뷰형_관계강조형_var7.릴스_하몽.레시피.X_1P_김유진_260710_빙과_이수현,96,0,134.0,0,25,인지
2026-08-05,1872673583158881,[빙과_스틱바]_쫀득바_인지_video,08.05_2030선망성 TEST,[26.08]F_V_JD멜_인지_쫀득바출시_바이럴형_선망성_main.렉카_2030선망성.말 한마디로 팩폭.강찬띠니.X_2P_김바다_260805_빙과_최재헌,9408,0,14557.0,0,1877,인지
2026-08-05,1872587110104722,[빙과_스틱바]_쫀득바_인지_video,0804_4050 남성 TEST,26.08]F_V_JD멜_인지_쫀득바출시_바이럴형_테스트_main.렉카_4050남성트렌드.SNS에서.X_2P_김바다_260804_빙과_최재헌,20558,0,20968.0,0,6755,인지
2026-08-05,1872587110103650,[빙과_스틱바]_쫀득바_인지_video,0804_4050 남성 TEST,[26.08]F_V_JD멜_인지_쫀득바출시_바이럴형_테스트_var1.렉카_4050남성트렌드.유행끝.X_2P_김바다_260804_빙과_최재헌,3214,0,3820.0,0,945,인지
2026-08-05,1872587110103666,[빙과_스틱바]_쫀득바_인지_video,0804_4050 남성 TEST,[26.08]F_V_JD멜_인지_쫀득바출시_바이럴형_테스트_var2.렉카_4050남성트렌드.은근트렌디.X_2P_김바다_260804_빙과_최재헌,4629,0,8226.0,0,1423,인지
2026-08-05,1872587110104770,[빙과_스틱바]_쫀득바_인지_video,0804_4050 남성 TEST (타겟),[26.08]F_V_JD멜_인지_쫀득바출시_바이럴형_테스트_var1.렉카_4050남성트렌드.유행끝.X_2P_김바다_260804_빙과_최재헌,1170,0,3006.0,0,351,인지
2026-08-05,1872587110104754,[빙과_스틱바]_쫀득바_인지_video,0804_4050 남성 TEST (타겟),[26.08]F_V_JD멜_인지_쫀득바출시_바이럴형_테스트_var3.렉카_4050남성트렌드.알고리즘.X_2P_김바다_260804_빙과_최재헌,1968,0,4871.0,0,581,인지
2026-08-05,1872587110105170,[빙과_스틱바]_쫀득바_인지_video,0804_4050 남성 TEST (타겟),26.08]F_V_JD멜_인지_쫀득바출시_바이럴형_테스트_main.렉카_4050남성트렌드.SNS에서.X_2P_김바다_260804_빙과_최재헌,8922,0,18381.0,0,2595,인지
2026-08-05,1872587110103634,[빙과_스틱바]_쫀득바_인지_video,0804_4050 남성 TEST,[26.08]F_V_JD멜_인지_쫀득바출시_바이럴형_테스트_var3.렉카_4050남성트렌드.알고리즘.X_2P_김바다_260804_빙과_최재헌,3798,0,3982.0,0,812,인지
2026-08-05,1872587110105154,[빙과_스틱바]_쫀득바_인지_video,0804_4050 남성 TEST (타겟),[26.08]F_V_JD멜_인지_쫀득바출시_바이럴형_테스트_var2.렉카_4050남성트렌드.은근트렌디.X_2P_김바다_260804_빙과_최재헌,4182,0,10320.0,0,1293,인지
2026-08-05,1872673874641346,[빙과_스틱바]_쫀득바_인지_video,08.05_2030선망성 TEST (타겟),[26.08]F_V_JD멜_인지_쫀득바출시_바이럴형_선망성_var1.렉카_2030선망성.대한민국 1티어.발레리나.X_2P_김바다_260805_빙과_최재헌,31705,0,86359.0,0,14453,인지
2026-08-05,1872673874641362,[빙과_스틱바]_쫀득바_인지_video,08.05_2030선망성 TEST (타겟),[26.08]F_V_JD멜_인지_쫀득바출시_바이럴형_선망성_main.렉카_2030선망성.말 한마디로 팩폭.강찬띠니.X_2P_김바다_260805_빙과_최재헌,7349,0,14258.0,0,1459,인지
2026-08-05,1872673705816737,[빙과_스틱바]_쫀득바_인지_video,08.05_2030선망성 TEST,[26.08]F_V_JD멜_인지_쫀득바출시_바이럴형_선망성_var1.렉카_2030선망성.대한민국 1티어.발레리나.X_2P_김바다_260805_빙과_최재헌,36259,0,86180.0,0,14349,인지
2026-08-06,1872769106527490,[빙과_스틱바]_쫀득바_인지_video,08.06_3040 남성 TEST (타겟),[26.08]F_V_JD멜_인지_쫀득바출시_바이럴형_먹잘알_var1.렉카_3040남선망성.대감집 노비.X_파인트P_김바다_260806_빙과_최재헌,6561,0,12468.0,0,1304,인지
2026-08-06,1872673874641362,[빙과_스틱바]_쫀득바_인지_video,08.05_2030선망성 TEST (타겟),[26.08]F_V_JD멜_인지_쫀득바출시_바이럴형_선망성_main.렉카_2030선망성.말 한마디로 팩폭.강찬띠니.X_2P_김바다_260805_빙과_최재헌,85,0,140.0,0,21,인지
2026-08-06,1872673874641346,[빙과_스틱바]_쫀득바_인지_video,08.05_2030선망성 TEST (타겟),[26.08]F_V_JD멜_인지_쫀득바출시_바이럴형_선망성_var1.렉카_2030선망성.대한민국 1티어.발레리나.X_2P_김바다_260805_빙과_최재헌,14364,0,32644.0,0,7457,인지
2026-08-06,1872673583158881,[빙과_스틱바]_쫀득바_인지_video,08.05_2030선망성 TEST,[26.08]F_V_JD멜_인지_쫀득바출시_바이럴형_선망성_main.렉카_2030선망성.말 한마디로 팩폭.강찬띠니.X_2P_김바다_260805_빙과_최재헌,1524,0,3084.0,0,945,인지
2026-08-06,1872768751848706,[빙과_스틱바]_쫀득바_인지_video,08.06_3040 남성 TEST,[26.08]F_V_JD멜_인지_쫀득바출시_바이럴형_먹잘알_var1.렉카_3040남선망성.대감집 노비.X_파인트P_김바다_260806_빙과_최재헌,7830,0,11951.0,0,2037,인지
2026-08-06,1872769106526402,[빙과_스틱바]_쫀득바_인지_video,08.06_3040 남성 TEST (타겟),[26.08]F_V_JD멜_인지_쫀득바출시_바이럴형_먹잘알_main.렉카_3040남선망성.의외로 대기업.X_파인트P_김바다_260806_빙과_최재헌,10032,0,25683.0,0,2740,인지
2026-08-06,1872673705816737,[빙과_스틱바]_쫀득바_인지_video,08.05_2030선망성 TEST,[26.08]F_V_JD멜_인지_쫀득바출시_바이럴형_선망성_var1.렉카_2030선망성.대한민국 1티어.발레리나.X_2P_김바다_260805_빙과_최재헌,16320,0,28749.0,0,7163,인지
2026-08-06,1872769009109425,[빙과_스틱바]_쫀득바_인지_video,08.06_3040 남성 TEST,[26.08]F_V_JD멜_인지_쫀득바출시_바이럴형_먹잘알_main.렉카_3040남선망성.의외로 대기업.X_파인트P_김바다_260806_빙과_최재헌,11830,0,22725.0,0,3788,인지
2026-08-07,1872769106526402,[빙과_스틱바]_쫀득바_인지_video,08.06_3040 남성 TEST (타겟),[26.08]F_V_JD멜_인지_쫀득바출시_바이럴형_먹잘알_main.렉카_3040남선망성.의외로 대기업.X_파인트P_김바다_260806_빙과_최재헌,8319,0,19840.0,0,3021,인지
2026-08-07,1872769009109425,[빙과_스틱바]_쫀득바_인지_video,08.06_3040 남성 TEST,[26.08]F_V_JD멜_인지_쫀득바출시_바이럴형_먹잘알_main.렉카_3040남선망성.의외로 대기업.X_파인트P_김바다_260806_빙과_최재헌,8343,0,16649.0,0,4081,인지
2026-08-07,1872769106527490,[빙과_스틱바]_쫀득바_인지_video,08.06_3040 남성 TEST (타겟),[26.08]F_V_JD멜_인지_쫀득바출시_바이럴형_먹잘알_var1.렉카_3040남선망성.대감집 노비.X_파인트P_김바다_260806_빙과_최재헌,944,0,2068.0,0,373,인지
2026-08-07,1872768751848706,[빙과_스틱바]_쫀득바_인지_video,08.06_3040 남성 TEST,[26.08]F_V_JD멜_인지_쫀득바출시_바이럴형_먹잘알_var1.렉카_3040남선망성.대감집 노비.X_파인트P_김바다_260806_빙과_최재헌,2446,0,4967.0,0,1427,인지
2026-08-13,1871595983398018,[빙과_스틱바]_쫀득바_인지_video,0724_영현_바이럴(4)_JD멜,[26.07]F_V_JD멜_인지_쫀득바출시_바이럴형_썰풀기형_var1.릴스_큰손손님.X_2P_김유진_260724_빙과_유영현,7834,0,19912.0,0,1898,인지
2026-08-13,1871595983396994,[빙과_스틱바]_쫀득바_인지_video,0724_영현_바이럴(4)_JD멜,[26.07]F_V_JD멜_인지_쫀득바출시_바이럴형_썰풀기형_main.릴스_140kg.X_2P_김유진_260724_빙과_유영현,440,0,1133.0,0,94,인지
2026-08-13,1871586559538225,[빙과_스틱바]_쫀득바_인지_video,0724_추성훈BP_JD멜,[26.07]F_V_JD멜_인지_쫀득바출시_신규BP_추성훈BP_var4.렉카_택배깡.7월.수민PJ_1P_영상팀_260724_빙과_이수민,476,0,1645.0,0,209,인지
2026-08-13,1871586559538209,[빙과_스틱바]_쫀득바_인지_video,0724_추성훈BP_JD멜,[26.07]F_V_JD멜_인지_쫀득바출시_신규BP_추성훈BP_var5.렉카_매출1등.7월.수민PJ_1P_영상팀_260724_빙과_이수민,28,0,92.0,0,8,인지
2026-08-13,1871371023505473,[빙과_스틱바]_쫀득바_인지_video,[멜론] 바이럴형(요한님)_(1)_7.4W,[26.07]F_V_JD멜_인지_쫀득바출시_바이럴형_정보전달형_main.렉카_건희소스활용.X_1P_김유진_260721_빙과_정요한,7468,0,17041.0,0,2043,인지
2026-08-13,1871377718162465,[빙과_스틱바]_쫀득바_인지_video,[멜론] 바이럴형(수현님)_(1)_7.4W,[26.07]F_V_JD멜_인지_쫀득바출시_바이럴형_커뮤니티형_main.릴스_대기업.간식.X_1P_김유진_260722_빙과_이수현,1922,0,5451.0,0,504,인지
2026-08-13,1869054301421826,[빙과_스틱바]_쫀득바_인지_video,[망고] 꼬막BP_6.4W,[26.06]F_V_JD망_인지_쫀득바출시_맛인지형_꼬막BP_var1.릴스_취식먼저.X_1P_김유진_260626_빙과_정하얀,16888,0,44276.0,0,4283,인지
2026-08-13,1871409439050033,[빙과_스틱바]_쫀득바_인지_video,[멜론] AI형(초딩유행템)_7.4W,[26.07]F_V_JD멜_인지_쫀득바출시_기타_AI활용형_var1.릴스_초딩유행템.금지령.AI건_1P_문선정_260722_빙과_강다빈,7680,0,21735.0,0,2112,인지
2026-08-13,1869054301421810,[빙과_스틱바]_쫀득바_인지_video,[망고] 꼬막BP_6.4W,[26.06]F_V_JD망_인지_쫀득바출시_맛인지형_꼬막BP_main.릴스_그만만들기.X_1P_김유진_260626_빙과_정하얀,730,0,1694.0,0,149,인지
2026-08-13,1871409439050017,[빙과_스틱바]_쫀득바_인지_video,[멜론] AI형(초딩유행템)_7.4W,[26.07]F_V_JD멜_인지_쫀득바출시_기타_AI활용형_var2.릴스_초딩유행템.허버칩.AI건_1P_문선정_260722_빙과_강다빈,4765,0,14828.0,0,1470,인지
2026-08-13,1870870495895746,[빙과_스틱바]_쫀득바_인지_video,[멜론] 현장감BP_7.3W,[26.07]F_V_JD멜_인지_쫀득바출시_신규BP_현장감BP_main.릴스_공통.X_2P_문선정_260716_빙과_유영현,583,0,2068.0,0,152,인지
2026-08-13,1871594707705266,[빙과_스틱바]_쫀득바_인지_video,0724_하림_외국인편의점BP_JD멜,[26.07]F_V_JD멜_인지_쫀득바출시_신규BP_외국인편의점bp_var2.릴스_처음먹는 외국인.X_2P_문선정_260724_빙과_이하림,933,0,3039.0,0,343,인지
2026-08-13,1871584652077137,[빙과_스틱바]_쫀득바_인지_video,0724_수현_바이럴(5)_JD멜,(운영X) [26.07]F_V_JD멜_인지_쫀득바출시_바이럴형_썰풀기형_main.릴스_하몽슈기.X_1P_김유진_260724_빙과_이수현,6834,0,22114.0,0,2811,인지
2026-08-13,1871587337139553,[빙과_스틱바]_쫀득바_인지_video,0724_온드_비하인드(1)_JD멜,[26.07]F_V_JD멜_인지_쫀득바출시_신규BP_비하인드 다큐_main.렉카_멜쫀바폐기.X_2P_문선정_260724_빙과_노현경,5751,0,19149.0,0,2042,인지
2026-08-13,1873392540174562,[빙과_스틱바]_쫀득바_인지_video,0813_영현_바이럴(2)_JD멜,(운영X)TT__26.08_F_V_JD멜_인지_쫀득바출시_바이럴형_정보전달형_main.릴스_이나연.자기관리.마운자로.X_스틱바P_이재원_260813_빙과_유영_17f95db78a,77,0,206.0,0,15,인지
2026-08-13,1870319674584545,[빙과_스틱바]_쫀득바_인지_video,[멜론] 바이럴형_7.2W,[26.07]F_V_JD멜_인지_쫀득바출시_바이럴형_렉카형_var1.릴스_슈기X.초딩후킹.X_1P_문선정_260710_빙과_김진수,512,0,1414.0,0,167,인지
2026-08-13,1870319674584561,[빙과_스틱바]_쫀득바_인지_video,[멜론] 바이럴형_7.2W,[26.07]F_V_JD멜_인지_쫀득바출시_바이럴형_렉카형_main.릴스_슈기O.X_1P_문선정_260710_빙과_김진수,15492,0,43847.0,0,4786,인지
2026-08-13,1870870495892594,[빙과_스틱바]_쫀득바_인지_video,[멜론] 현장감BP_7.3W,(운영X) [26.07]F_V_JD멜_인지_쫀득바출시_신규BP_현장감BP_var5.릴스_슈기.X_2P_문선정_260716_빙과_유영현,188,0,689.0,0,83,인지
2026-08-13,1870870495892578,[빙과_스틱바]_쫀득바_인지_video,[멜론] 현장감BP_7.3W,[26.07]F_V_JD멜_인지_쫀득바출시_신규BP_현장감BP_var6.릴스_초딩.X_2P_문선정_260716_빙과_유영현,259,0,692.0,0,57,인지
2026-08-13,1870870495893906,[빙과_스틱바]_쫀득바_인지_video,[멜론] 현장감BP_7.3W,[26.07]F_V_JD멜_인지_쫀득바출시_신규BP_현장감BP_var4.릴스_취식후킹.X_2P_문선정_260716_빙과_유영현,105,0,295.0,0,30,인지
2026-08-13,1871586578988225,[빙과_스틱바]_쫀득바_인지_video,0724_추성훈BP_JD멜,[26.07]F_V_JD멜_인지_쫀득바출시_신규BP_추성훈BP_var3.렉카_몰래먹기.7월.수민PJ_1P_영상팀_260724_빙과_이수민,27,0,101.0,0,7,인지
2026-08-13,1869682127855746,[빙과_스틱바]_쫀득바_인지_video,[멜론] 1위단독_7.1W,[26.07]F_V_JD멜_인지_쫀득바출시_바이럴형_커뮤니티형_var1.릴스_30년만에.신입탕비담당.X_1P_문선정_260702_빙과_김진수,23,0,31.0,0,3,인지
2026-08-13,1870870495893890,[빙과_스틱바]_쫀득바_인지_video,[멜론] 현장감BP_7.3W,[26.07]F_V_JD멜_인지_쫀득바출시_신규BP_현장감BP_var3.릴스_사재기.싫은.X_2P_문선정_260716_빙과_유영현,8767,0,24362.0,0,2450,인지
2026-08-13,1871586578988241,[빙과_스틱바]_쫀득바_인지_video,0724_추성훈BP_JD멜,[26.07]F_V_JD멜_인지_쫀득바출시_신규BP_추성훈BP_var2.렉카_1204호.7월.수민PJ_1P_영상팀_260724_빙과_이수민,62,0,308.0,0,22,인지
2026-08-13,1873392657738770,[빙과_스틱바]_쫀득바_인지_video,0813_수현_바이럴(3)_JD멜,TT__26.08_F_V_JD멜_인지_쫀득바출시_바이럴형_커뮤니티형_main.릴스_컴플레인.고급멜론.MZ알바.X_스틱바P_이재원_260813_빙과_이_d47ec390ba,861,0,3085.0,0,196,인지
2026-08-13,1869682127854962,[빙과_스틱바]_쫀득바_인지_video,[멜론] 1위단독_7.1W,[26.07]F_V_JD멜_인지_쫀득바출시_바이럴형_커뮤니티형_main.릴스_중소기업.쉬었음청년.X_1P_문선정_260702_빙과_김진수,6141,0,15977.0,0,1524,인지
2026-08-13,1870870495893938,[빙과_스틱바]_쫀득바_인지_video,[멜론] 현장감BP_7.3W,[26.07]F_V_JD멜_인지_쫀득바출시_신규BP_현장감BP_var2.릴스_사재기.죄송.X_2P_문선정_260716_빙과_유영현,11482,0,28010.0,0,2811,인지
2026-08-13,1871586578988257,[빙과_스틱바]_쫀득바_인지_video,0724_추성훈BP_JD멜,[26.07]F_V_JD멜_인지_쫀득바출시_신규BP_추성훈BP_var1.렉카_손이없어서.7월.수민PJ_1P_영상팀_260724_빙과_이수민,141,0,564.0,0,46,인지
2026-08-13,1870870495893922,[빙과_스틱바]_쫀득바_인지_video,[멜론] 현장감BP_7.3W,[26.07]F_V_JD멜_인지_쫀득바출시_신규BP_현장감BP_var1.릴스_품절.X_2P_문선정_260716_빙과_유영현,229,0,364.0,0,38,인지
2026-08-13,1869686115116050,[빙과_스틱바]_쫀득바_인지_video,[멜론] 1위단독_7.1W,[26.07]F_V_JD멜_인지_쫀득바출시_바이럴형_커뮤니티형_var2.릴스_매출1등.입사동기.X_1P_문선정_260703_빙과_김진수,1274,0,3822.0,0,417,인지
2026-08-13,1871586578988273,[빙과_스틱바]_쫀득바_인지_video,0724_추성훈BP_JD멜,[26.07]F_V_JD멜_인지_쫀득바출시_신규BP_추성훈BP_main.렉카_공통.7월.수민PJ_1P_영상팀_260724_빙과_이수민,7798,0,25765.0,0,3077,인지
2026-08-13,1871409439050753,[빙과_스틱바]_쫀득바_인지_video,[멜론] AI형(초딩유행템)_7.4W,[26.07]F_V_JD멜_인지_쫀득바출시_기타_AI활용형_main.릴스_초딩유행템.본론.AI건_1P_문선정_260722_빙과_강다빈,376,0,321.0,0,26,인지
2026-08-13,1871594707705938,[빙과_스틱바]_쫀득바_인지_video,0724_하림_외국인편의점BP_JD멜,[26.07]F_V_JD멜_인지_쫀득바출시_신규BP_외국인편의점bp_main.릴스_공통.X_2P_문선정_260724_빙과_이하림,3126,0,10928.0,0,1239,인지
2026-08-13,1869686115116066,[빙과_스틱바]_쫀득바_인지_video,[멜론] 1위단독_7.1W,[26.07]F_V_JD멜_인지_쫀득바출시_바이럴형_커뮤니티형_var3.릴스_요즘애들.초딩.X_1P_문선정_260703_빙과_김진수,9865,0,23458.0,0,2264,인지
2026-08-13,1871595417962866,[빙과_스틱바]_쫀득바_인지_video,0724_하림_외국인빠삐코BP_JD멜,[26.07]F_V_JD멜_인지_쫀득바출시_신규BP_외국인빠삐코BP_main.릴스_공통.X_2P_문선정_260724_빙과_이하림,5123,0,15261.0,0,1392,인지
2026-08-13,1871594707705922,[빙과_스틱바]_쫀득바_인지_video,0724_하림_외국인편의점BP_JD멜,[26.07]F_V_JD멜_인지_쫀득바출시_신규BP_외국인편의점bp_var1.릴스_놀란 외국인.X_2P_문선정_260724_빙과_이하림,3098,0,10886.0,0,1151,인지
2026-08-13,1873391985501266,[빙과_스틱바]_쫀득바_인지_video,0813_영현_바이럴(2)_JD멜,(운영X)TT__26.08_F_V_JD멜_인지_쫀득바출시_바이럴형_정보전달형_main.릴스_이나연.갓생.오픈런.X_스틱바P_이재원_260813_빙과_유영현_14719f6ad4,16,0,19.0,0,1,인지
2026-08-13,1873393003847089,[빙과_스틱바]_쫀득바_인지_video,0813_영현_바이럴(2)_JD멜,(운영X)TT__26.08_F_V_JD멜_인지_쫀득바출시_바이럴형_정보전달형_main.릴스_이나연.갓생.반응.X_스틱바P_이재원_260813_빙과_유영현_68130d464f,6,0,20.0,0,1,인지
2026-08-13,1871404471091650,[빙과_스틱바]_쫀득바_인지_video,[멜론] 바이럴형(요한님)_(2)_7.4W,(운영X) [26.07]F_V_JD멜_인지_쫀득바출시_바이럴형_커뮤니티형_main.렉카_슈기.슈기활용.X_1P_김유진_260722_빙과_정요한,5118,0,13964.0,0,1612,인지
2026-08-13,1871404471091682,[빙과_스틱바]_쫀득바_인지_video,[멜론] 바이럴형(영현님)_(2)_7.4W,[26.07]F_V_JD멜_인지_쫀득바출시_바이럴형_정보전달형_main.렉카_업계최초.X_2P_김유진_260722_빙과_유영현,1702,0,4846.0,0,432,인지
2026-08-13,1873392438712353,[빙과_스틱바]_쫀득바_인지_video,0813_요한_바이럴(3)_JD멜,TT__26.08_F_V_JD멜_인지_쫀득바출시_바이럴형_정보전달형_main.릴스_대구돈키호테.X_스틱바P_이재원_260813_빙과_정요한_29e4907289,503,0,1305.0,0,103,인지
2026-08-13,1871588342625393,[빙과_스틱바]_쫀득바_인지_video,0724_하림_외국인빠삐코BP_JD멜,[26.07]F_V_JD멜_인지_쫀득바출시_신규BP_외국인빠삐코BP_var1.릴스_충격 외국인.X_2P_문선정_260724_빙과_이하림,889,0,2272.0,0,204,인지
2026-08-14,1870950529912018,[빙과_스틱바]_쫀득바_인지_video,[멜론] 육아BP_7.3W,(운영X) [26.07]F_V_JD멜_인지_쫀득바출시_신규BP_육아bp_var3.릴스_슈기.X_2P_문선정_260716_빙과_이하림,33,0,46.0,0,8,인지
2026-08-14,1871586578988225,[빙과_스틱바]_쫀득바_인지_video,0724_추성훈BP_JD멜,[26.07]F_V_JD멜_인지_쫀득바출시_신규BP_추성훈BP_var3.렉카_몰래먹기.7월.수민PJ_1P_영상팀_260724_빙과_이수민,108,0,282.0,0,22,인지
2026-08-14,1873392574928081,[빙과_스틱바]_쫀득바_인지_video,0813_영현_바이럴(2)_JD멜,(운영X)TT__26.08_F_V_JD멜_인지_쫀득바출시_바이럴형_커뮤니티형_main.릴스_이나연.자기관리.15kg.X_스틱바P_이재원_260813_빙과_유영_0d4d4bf059,429,0,770.0,0,27,인지
2026-08-14,1873391985501266,[빙과_스틱바]_쫀득바_인지_video,0813_영현_바이럴(2)_JD멜,(운영X)TT__26.08_F_V_JD멜_인지_쫀득바출시_바이럴형_정보전달형_main.릴스_이나연.갓생.오픈런.X_스틱바P_이재원_260813_빙과_유영현_14719f6ad4,17137,0,54565.0,0,4272,인지
2026-08-14,1872587110104754,[빙과_스틱바]_쫀득바_인지_video,0804_4050 남성 TEST (타겟),[26.08]F_V_JD멜_인지_쫀득바출시_바이럴형_테스트_var3.렉카_4050남성트렌드.알고리즘.X_2P_김바다_260804_빙과_최재헌,1458,0,3883.0,0,502,인지
2026-08-14,1871586578988241,[빙과_스틱바]_쫀득바_인지_video,0724_추성훈BP_JD멜,[26.07]F_V_JD멜_인지_쫀득바출시_신규BP_추성훈BP_var2.렉카_1204호.7월.수민PJ_1P_영상팀_260724_빙과_이수민,295,0,600.0,0,84,인지
2026-08-14,1870950529912050,[빙과_스틱바]_쫀득바_인지_video,[멜론] 육아BP_7.3W,[26.07]F_V_JD멜_인지_쫀득바출시_신규BP_육아bp_var1.릴스_아기.X_2P_문선정_260716_빙과_이하림,37267,0,109400.0,0,15849,인지
2026-08-14,1872587110104770,[빙과_스틱바]_쫀득바_인지_video,0804_4050 남성 TEST (타겟),[26.08]F_V_JD멜_인지_쫀득바출시_바이럴형_테스트_var1.렉카_4050남성트렌드.유행끝.X_2P_김바다_260804_빙과_최재헌,1595,0,4672.0,0,601,인지
2026-08-14,1870950529912034,[빙과_스틱바]_쫀득바_인지_video,[멜론] 육아BP_7.3W,[26.07]F_V_JD멜_인지_쫀득바출시_신규BP_육아bp_var2.릴스_엄마.X_2P_문선정_260716_빙과_이하림,8170,0,21558.0,0,3093,인지
2026-08-14,1872769106526402,[빙과_스틱바]_쫀득바_인지_video,08.06_3040 남성 TEST (타겟),[26.08]F_V_JD멜_인지_쫀득바출시_바이럴형_먹잘알_main.렉카_3040남선망성.의외로 대기업.X_파인트P_김바다_260806_빙과_최재헌,7468,0,21941.0,0,2603,인지
2026-08-14,1871595417962866,[빙과_스틱바]_쫀득바_인지_video,0724_하림_외국인빠삐코BP_JD멜,[26.07]F_V_JD멜_인지_쫀득바출시_신규BP_외국인빠삐코BP_main.릴스_공통.X_2P_문선정_260724_빙과_이하림,4185,0,13123.0,0,1378,인지
2026-08-14,1872673705816737,[빙과_스틱바]_쫀득바_인지_video,08.05_2030선망성 TEST,[26.08]F_V_JD멜_인지_쫀득바출시_바이럴형_선망성_var1.렉카_2030선망성.대한민국 1티어.발레리나.X_2P_김바다_260805_빙과_최재헌,19378,0,43681.0,0,8820,인지
2026-08-14,1872587110103650,[빙과_스틱바]_쫀득바_인지_video,0804_4050 남성 TEST,[26.08]F_V_JD멜_인지_쫀득바출시_바이럴형_테스트_var1.렉카_4050남성트렌드.유행끝.X_2P_김바다_260804_빙과_최재헌,3844,0,8371.0,0,1567,인지
2026-08-14,1870950529912850,[빙과_스틱바]_쫀득바_인지_video,[멜론] 육아BP_7.3W,[26.07]F_V_JD멜_인지_쫀득바출시_신규BP_육아bp_var4.릴스_로블록스.X_2P_문선정_260716_빙과_이하림,173,0,740.0,0,113,인지
2026-08-14,1872587110103666,[빙과_스틱바]_쫀득바_인지_video,0804_4050 남성 TEST,[26.08]F_V_JD멜_인지_쫀득바출시_바이럴형_테스트_var2.렉카_4050남성트렌드.은근트렌디.X_2P_김바다_260804_빙과_최재헌,2808,0,6247.0,0,1021,인지
2026-08-14,1870950529912834,[빙과_스틱바]_쫀득바_인지_video,[멜론] 육아BP_7.3W,[26.07]F_V_JD멜_인지_쫀득바출시_신규BP_육아bp_main.릴스_공통.X_2P_문선정_260716_빙과_이하림,26473,0,69724.0,0,9943,인지
2026-08-14,1871594707705266,[빙과_스틱바]_쫀득바_인지_video,0724_하림_외국인편의점BP_JD멜,[26.07]F_V_JD멜_인지_쫀득바출시_신규BP_외국인편의점bp_var2.릴스_처음먹는 외국인.X_2P_문선정_260724_빙과_이하림,8853,0,25641.0,0,3257,인지
2026-08-14,1871586578988257,[빙과_스틱바]_쫀득바_인지_video,0724_추성훈BP_JD멜,[26.07]F_V_JD멜_인지_쫀득바출시_신규BP_추성훈BP_var1.렉카_손이없어서.7월.수민PJ_1P_영상팀_260724_빙과_이수민,5986,0,15115.0,0,2407,인지
2026-08-14,1872587110104722,[빙과_스틱바]_쫀득바_인지_video,0804_4050 남성 TEST,26.08]F_V_JD멜_인지_쫀득바출시_바이럴형_테스트_main.렉카_4050남성트렌드.SNS에서.X_2P_김바다_260804_빙과_최재헌,15435,0,26529.0,0,5441,인지
2026-08-14,1873394094051505,[빙과_스틱바]_쫀득바_인지_video,0811_수현_바이럴(1)_JD멜,TT__26.08_F_V_JD멜_인지_쫀득바출시_바이럴형_커뮤니티형_main.릴스_성심당.비교.X_스틱바P_이재원_260811_빙과_이수현_db2f34b82b,1509,0,3970.0,0,356,인지
2026-08-14,1873394363971714,[빙과_스틱바]_쫀득바_인지_video,0813_하림_바이럴(6)_JD멜,(운영X)TT__26.08_F_V_JD멜_인지_쫀득바출시_바이럴형_정보전달형_main.릴스_이나연미슐랭1.X_스틱바P_이재원_260813_빙과_이하림_f28a0aad64,1014,0,2566.0,0,156,인지
2026-08-14,1872494804996546,[빙과_스틱바]_쫀득바_인지_video,0803_초딩유행템 TEST,[26.08]F_V_JD멜_인지_쫀득바출시_바이럴형_테스트_var1.렉카_초딩유행템.아이돌보다.X_2P_김바다_260803_빙과_최재헌,331,0,749.0,0,164,인지
2026-08-14,1872494804996562,[빙과_스틱바]_쫀득바_인지_video,0803_초딩유행템 TEST,[26.08]F_V_JD멜_인지_쫀득바출시_바이럴형_테스트_var2.렉카_초딩유행템.왁뿌볼보다.X_2P_김바다_260803_빙과_최재헌,4976,0,11704.0,0,2653,인지
2026-08-14,1870870495893922,[빙과_스틱바]_쫀득바_인지_video,[멜론] 현장감BP_7.3W,[26.07]F_V_JD멜_인지_쫀득바출시_신규BP_현장감BP_var1.릴스_품절.X_2P_문선정_260716_빙과_유영현,1531,0,1209.0,0,68,인지
2026-08-14,1870321016259601,[빙과_스틱바]_쫀득바_인지_video,[멜론] 일상반응형(영현님)_7.2W,[26.07]F_V_JD멜_인지_쫀득바출시_일상반응형_누나동생_main.릴스_며칠전.X_2P_문선정_260710_빙과_유영현,46,0,163.0,0,12,인지
2026-08-14,1872494804996578,[빙과_스틱바]_쫀득바_인지_video,0803_초딩유행템 TEST,[26.08]F_V_JD멜_인지_쫀득바출시_바이럴형_테스트_var3.렉카_초딩유행템.포켓몬보다.X_2P_김바다_260803_빙과_최재헌,11694,0,27583.0,0,6420,인지
2026-08-14,1870321016259585,[빙과_스틱바]_쫀득바_인지_video,[멜론] 일상반응형(영현님)_7.2W,[26.07]F_V_JD멜_인지_쫀득바출시_일상반응형_누나동생_var5.릴스_황치즈.X_2P_문선정_260710_빙과_유영현,4532,0,14115.0,0,1315,인지
2026-08-14,1873394486897825,[빙과_스틱바]_쫀득바_인지_video,0813_하림_바이럴(7)_JD멜,(운영X)TT__26.08_F_V_JD멜_인지_쫀득바출시_바이럴형_정보전달형_main.릴스_이나연.난리난회사.X_스틱바P_이재원_260813_빙과_이하림_7c1f924802,924,0,4483.0,0,152,인지
2026-08-14,1870321016259633,[빙과_스틱바]_쫀득바_인지_video,[멜론] 일상반응형(영현님)_7.2W,[26.07]F_V_JD멜_인지_쫀득바출시_일상반응형_누나동생_var4.릴스_슈기.X_2P_문선정_260710_빙과_유영현,438,0,805.0,0,52,인지
2026-08-14,1873393003847089,[빙과_스틱바]_쫀득바_인지_video,0813_영현_바이럴(2)_JD멜,(운영X)TT__26.08_F_V_JD멜_인지_쫀득바출시_바이럴형_정보전달형_main.릴스_이나연.갓생.반응.X_스틱바P_이재원_260813_빙과_유영현_68130d464f,7894,0,15432.0,0,1450,인지
2026-08-14,1870870495893906,[빙과_스틱바]_쫀득바_인지_video,[멜론] 현장감BP_7.3W,[26.07]F_V_JD멜_인지_쫀득바출시_신규BP_현장감BP_var4.릴스_취식후킹.X_2P_문선정_260716_빙과_유영현,153,0,223.0,0,17,인지
2026-08-14,1870321016259617,[빙과_스틱바]_쫀득바_인지_video,[멜론] 일상반응형(영현님)_7.2W,[26.07]F_V_JD멜_인지_쫀득바출시_일상반응형_누나동생_var1.릴스_시무룩.X_2P_문선정_260710_빙과_유영현,798,0,2201.0,0,179,인지
2026-08-14,1871588342625393,[빙과_스틱바]_쫀득바_인지_video,0724_하림_외국인빠삐코BP_JD멜,[26.07]F_V_JD멜_인지_쫀득바출시_신규BP_외국인빠삐코BP_var1.릴스_충격 외국인.X_2P_문선정_260724_빙과_이하림,411,0,1155.0,0,124,인지
2026-08-14,1873394373201121,[빙과_스틱바]_쫀득바_인지_video,0813_하림_바이럴(5)_JD멜,(운영X)TT__26.08_F_V_JD멜_인지_쫀득바출시_바이럴형_정보전달형_main.릴스_이나연.대통합.희두나연.X_스틱바P_이재원_260813_빙과_이하림_92e6f9d781,874,0,2249.0,0,144,인지
2026-08-14,1870870495892578,[빙과_스틱바]_쫀득바_인지_video,[멜론] 현장감BP_7.3W,[26.07]F_V_JD멜_인지_쫀득바출시_신규BP_현장감BP_var6.릴스_초딩.X_2P_문선정_260716_빙과_유영현,1241,0,4674.0,0,244,인지
2026-08-14,1870322845573218,[빙과_스틱바]_쫀득바_인지_video,[멜론] AI형(실수네고2)_7.2W,[26.07]F_V_JD멜_인지_쫀득바출시_기타_AI활용형_var1.릴스_실수네고형.원재료발주.혼쭐후킹.AI건_1P_문선정_260710_빙과_강다빈,2269,0,5923.0,0,764,인지
2026-08-14,1870322123247906,[빙과_스틱바]_쫀득바_인지_video,[멜론] 인물리뷰형(현경님)_7.2W,[26.07]F_V_JD멜_인지_쫀득바출시_인물리뷰형_인물리뷰_main.릴스_현장.X_2P_영상팀_260710_빙과_노현경,4003,0,12340.0,0,1130,인지
2026-08-14,1873461044618994,[빙과_스틱바]_쫀득바_인지_video,0814_하림_바이럴(8)_JD멜,(운영X)TT__26.08_F_V_JD멜_인지_쫀득바출시_바이럴형_정보전달형_main.릴스_이나연.오마카세.X_스틱바P_이재원_260814_빙과_이하림_aa495be899,15316,0,26449.0,0,2389,인지
2026-08-14,1870870495892594,[빙과_스틱바]_쫀득바_인지_video,[멜론] 현장감BP_7.3W,(운영X) [26.07]F_V_JD멜_인지_쫀득바출시_신규BP_현장감BP_var5.릴스_슈기.X_2P_문선정_260716_빙과_유영현,479,0,1002.0,0,62,인지
2026-08-14,1870322845573234,[빙과_스틱바]_쫀득바_인지_video,[멜론] AI형(실수네고2)_7.2W,[26.07]F_V_JD멜_인지_쫀득바출시_기타_AI활용형_main.릴스_실수네고형.원재료발주.본론.AI건_1P_문선정_260710_빙과_강다빈,15219,0,41240.0,0,5105,인지
2026-08-14,1870322123247922,[빙과_스틱바]_쫀득바_인지_video,[멜론] 인물리뷰형(현경님)_7.2W,[26.07]F_V_JD멜_인지_쫀득바출시_인물리뷰형_인물리뷰_var1.릴스_나레이션.X_2P_영상팀_260710_빙과_노현경,462,0,1239.0,0,65,인지
2026-08-14,1872769009109425,[빙과_스틱바]_쫀득바_인지_video,08.06_3040 남성 TEST,[26.08]F_V_JD멜_인지_쫀득바출시_바이럴형_먹잘알_main.렉카_3040남선망성.의외로 대기업.X_파인트P_김바다_260806_빙과_최재헌,8960,0,21547.0,0,3556,인지
2026-08-14,1870315731249569,[빙과_스틱바]_쫀득바_인지_video,[멜론] 일상반응형(요한님)_7.2W,[26.07]F_V_JD멜_인지_쫀득바출시_일상반응형_지인대화_var1.릴스_축약.X_1P_영상팀_260710_빙과_정요한,475,0,1226.0,0,84,인지
2026-08-14,1872769106527490,[빙과_스틱바]_쫀득바_인지_video,08.06_3040 남성 TEST (타겟),[26.08]F_V_JD멜_인지_쫀득바출시_바이럴형_먹잘알_var1.렉카_3040남선망성.대감집 노비.X_파인트P_김바다_260806_빙과_최재헌,516,0,1738.0,0,240,인지
2026-08-14,1872494093768817,[빙과_스틱바]_쫀득바_인지_video,0803_초딩유행템 TEST (타겟),[26.08]F_V_JD멜_인지_쫀득바출시_바이럴형_테스트_var1.렉카_초딩유행템.아이돌보다.X_2P_김바다_260803_빙과_최재헌,3685,0,9189.0,0,1746,인지
2026-08-14,1870315731249553,[빙과_스틱바]_쫀득바_인지_video,[멜론] 일상반응형(요한님)_7.2W,[26.07]F_V_JD멜_인지_쫀득바출시_일상반응형_지인대화_main.릴스_공통.X_1P_영상팀_260710_빙과_정요한,5228,0,15159.0,0,1379,인지
2026-08-14,1872494093768801,[빙과_스틱바]_쫀득바_인지_video,0803_초딩유행템 TEST (타겟),[26.08]F_V_JD멜_인지_쫀득바출시_바이럴형_테스트_var2.렉카_초딩유행템.왁뿌볼보다.X_2P_김바다_260803_빙과_최재헌,4891,0,13650.0,0,2447,인지
2026-08-14,1873459783174322,[빙과_스틱바]_쫀득바_인지_video,0811_요한_바이럴(1)_JD멜,TT__26.08_F_V_JD멜_인지_쫀득바출시_바이럴형_정보전달형_main.릴스_돈키호테역대급콜라보.X_스틱바P_이재원_260811_빙과_정요한_947cc50eb7,48473,0,97887.0,0,9909,인지
2026-08-14,1872673874641346,[빙과_스틱바]_쫀득바_인지_video,08.05_2030선망성 TEST (타겟),[26.08]F_V_JD멜_인지_쫀득바출시_바이럴형_선망성_var1.렉카_2030선망성.대한민국 1티어.발레리나.X_2P_김바다_260805_빙과_최재헌,19719,0,44032.0,0,8976,인지
2026-08-14,1873392438712353,[빙과_스틱바]_쫀득바_인지_video,0813_요한_바이럴(3)_JD멜,TT__26.08_F_V_JD멜_인지_쫀득바출시_바이럴형_정보전달형_main.릴스_대구돈키호테.X_스틱바P_이재원_260813_빙과_정요한_29e4907289,49733,0,128781.0,0,11997,인지
2026-08-14,1873394273619121,[빙과_스틱바]_쫀득바_인지_video,0812_요한_바이럴(2)_JD멜,TT__26.08_F_V_JD멜_인지_쫀득바출시_바이럴형_커뮤니티형_main.릴스_돈키호테역대급콜라보.X_스틱바P_이재원_260812_빙과_정요한_82db5ddd6f,22522,0,69208.0,0,6715,인지
2026-08-14,1872673874641362,[빙과_스틱바]_쫀득바_인지_video,08.05_2030선망성 TEST (타겟),[26.08]F_V_JD멜_인지_쫀득바출시_바이럴형_선망성_main.렉카_2030선망성.말 한마디로 팩폭.강찬띠니.X_2P_김바다_260805_빙과_최재헌,5,0,12.0,0,3,인지
2026-08-14,1869684423930881,[빙과_스틱바]_쫀득바_인지_video,[멜론] 브이로그형_7.1W,[26.07]F_V_JD멜_인지_쫀득바출시_소비자상황형_브이로그형_main.릴스_번따당함.X_1P_문선정_260703_빙과_정하얀,65032,0,196799.0,0,18606,인지
2026-08-14,1873392540174562,[빙과_스틱바]_쫀득바_인지_video,0813_영현_바이럴(2)_JD멜,(운영X)TT__26.08_F_V_JD멜_인지_쫀득바출시_바이럴형_정보전달형_main.릴스_이나연.자기관리.마운자로.X_스틱바P_이재원_260813_빙과_유영_17f95db78a,409,0,1217.0,0,42,인지
2026-08-14,1870319674584545,[빙과_스틱바]_쫀득바_인지_video,[멜론] 바이럴형_7.2W,[26.07]F_V_JD멜_인지_쫀득바출시_바이럴형_렉카형_var1.릴스_슈기X.초딩후킹.X_1P_문선정_260710_빙과_김진수,7876,0,28433.0,0,1992,인지
2026-08-14,1872494093768833,[빙과_스틱바]_쫀득바_인지_video,0803_초딩유행템 TEST (타겟),[26.08]F_V_JD멜_인지_쫀득바출시_바이럴형_테스트_main.렉카_초딩유행템.충격초딩급식.X_2P_김바다_260803_빙과_최재헌,2478,0,6111.0,0,1004,인지
2026-08-14,1873394185644146,[빙과_스틱바]_쫀득바_인지_video,0812_수현_바이럴(2)_JD멜,TT__26.08_F_V_JD멜_인지_쫀득바출시_바이럴형_정보전달형_main.릴스_성심당.중소기업.X_스틱바P_이재원_260812_빙과_이수현_feca9fa9dc,1341,0,3503.0,0,267,인지
2026-08-14,1871586559538225,[빙과_스틱바]_쫀득바_인지_video,0724_추성훈BP_JD멜,[26.07]F_V_JD멜_인지_쫀득바출시_신규BP_추성훈BP_var4.렉카_택배깡.7월.수민PJ_1P_영상팀_260724_빙과_이수민,71521,0,213457.0,0,30906,인지
2026-08-14,1872494804994434,[빙과_스틱바]_쫀득바_인지_video,0803_초딩유행템 TEST,[26.08]F_V_JD멜_인지_쫀득바출시_바이럴형_테스트_main.렉카_초딩유행템.충격초딩급식.X_2P_김바다_260803_빙과_최재헌,2249,0,4519.0,0,949,인지
2026-08-14,1871586559538209,[빙과_스틱바]_쫀득바_인지_video,0724_추성훈BP_JD멜,[26.07]F_V_JD멜_인지_쫀득바출시_신규BP_추성훈BP_var5.렉카_매출1등.7월.수민PJ_1P_영상팀_260724_빙과_이수민,77,0,309.0,0,60,인지
2026-08-14,1871594707705938,[빙과_스틱바]_쫀득바_인지_video,0724_하림_외국인편의점BP_JD멜,[26.07]F_V_JD멜_인지_쫀득바출시_신규BP_외국인편의점bp_main.릴스_공통.X_2P_문선정_260724_빙과_이하림,9514,0,37352.0,0,2665,인지
2026-08-14,1870321016258801,[빙과_스틱바]_쫀득바_인지_video,[멜론] 일상반응형(영현님)_7.2W,[26.07]F_V_JD멜_인지_쫀득바출시_일상반응형_누나동생_var2.릴스_틱톡먹방.X_2P_문선정_260710_빙과_유영현,42,0,69.0,0,6,인지
2026-08-14,1872673583158881,[빙과_스틱바]_쫀득바_인지_video,08.05_2030선망성 TEST,[26.08]F_V_JD멜_인지_쫀득바출시_바이럴형_선망성_main.렉카_2030선망성.말 한마디로 팩폭.강찬띠니.X_2P_김바다_260805_빙과_최재헌,51,0,134.0,0,24,인지
2026-08-14,1871594707705922,[빙과_스틱바]_쫀득바_인지_video,0724_하림_외국인편의점BP_JD멜,[26.07]F_V_JD멜_인지_쫀득바출시_신규BP_외국인편의점bp_var1.릴스_놀란 외국인.X_2P_문선정_260724_빙과_이하림,56085,0,195759.0,0,21471,인지
2026-08-14,1870321016258785,[빙과_스틱바]_쫀득바_인지_video,[멜론] 일상반응형(영현님)_7.2W,[26.07]F_V_JD멜_인지_쫀득바출시_일상반응형_누나동생_var3.릴스_세대변화.X_2P_문선정_260710_빙과_유영현,5084,0,17554.0,0,1893,인지
2026-08-14,1870870495895746,[빙과_스틱바]_쫀득바_인지_video,[멜론] 현장감BP_7.3W,[26.07]F_V_JD멜_인지_쫀득바출시_신규BP_현장감BP_main.릴스_공통.X_2P_문선정_260716_빙과_유영현,4268,0,19773.0,0,921,인지
2026-08-14,1870316261745746,[빙과_스틱바]_쫀득바_인지_video,[멜론] 썰풀기형_7.2W,[26.07]F_V_JD멜_인지_쫀득바출시_바이럴형_썰풀기형_var1.릴스_롱버전.X_1P_문선정_260710_빙과_김진수,10243,0,25467.0,0,2890,인지
2026-08-14,1872587110105154,[빙과_스틱바]_쫀득바_인지_video,0804_4050 남성 TEST (타겟),[26.08]F_V_JD멜_인지_쫀득바출시_바이럴형_테스트_var2.렉카_4050남성트렌드.은근트렌디.X_2P_김바다_260804_빙과_최재헌,2483,0,6415.0,0,854,인지
2026-08-14,1872492057259041,[빙과_스틱바]_쫀득바_인지_video,0803_초딩유행템 TEST (타겟),[26.08]F_V_JD멜_인지_쫀득바출시_바이럴형_테스트_var3.렉카_초딩유행템.포켓몬보다.X_2P_김바다_260803_빙과_최재헌,5713,0,14525.0,0,2715,인지
2026-08-14,1872587110103634,[빙과_스틱바]_쫀득바_인지_video,0804_4050 남성 TEST,[26.08]F_V_JD멜_인지_쫀득바출시_바이럴형_테스트_var3.렉카_4050남성트렌드.알고리즘.X_2P_김바다_260804_빙과_최재헌,1573,0,3801.0,0,668,인지
2026-08-14,1870316261745730,[빙과_스틱바]_쫀득바_인지_video,[멜론] 썰풀기형_7.2W,[26.07]F_V_JD멜_인지_쫀득바출시_바이럴형_썰풀기형_main.릴스_숏버전.X_1P_문선정_260710_빙과_김진수,7432,0,19187.0,0,2314,인지
2026-08-14,1872587110105170,[빙과_스틱바]_쫀득바_인지_video,0804_4050 남성 TEST (타겟),26.08]F_V_JD멜_인지_쫀득바출시_바이럴형_테스트_main.렉카_4050남성트렌드.SNS에서.X_2P_김바다_260804_빙과_최재헌,14310,0,29087.0,0,3708,인지
2026-08-14,1872768751848706,[빙과_스틱바]_쫀득바_인지_video,08.06_3040 남성 TEST,[26.08]F_V_JD멜_인지_쫀득바출시_바이럴형_먹잘알_var1.렉카_3040남선망성.대감집 노비.X_파인트P_김바다_260806_빙과_최재헌,641,0,1988.0,0,398,인지
2026-08-14,1871587337139553,[빙과_스틱바]_쫀득바_인지_video,0724_온드_비하인드(1)_JD멜,[26.07]F_V_JD멜_인지_쫀득바출시_신규BP_비하인드 다큐_main.렉카_멜쫀바폐기.X_2P_문선정_260724_빙과_노현경,76207,0,196041.0,0,28647,인지
2026-08-15,1872673874641346,[빙과_스틱바]_쫀득바_인지_video,08.05_2030선망성 TEST (타겟),[26.08]F_V_JD멜_인지_쫀득바출시_바이럴형_선망성_var1.렉카_2030선망성.대한민국 1티어.발레리나.X_2P_김바다_260805_빙과_최재헌,37259,0,94304.0,0,18198,인지
2026-08-15,1872673874641362,[빙과_스틱바]_쫀득바_인지_video,08.05_2030선망성 TEST (타겟),[26.08]F_V_JD멜_인지_쫀득바출시_바이럴형_선망성_main.렉카_2030선망성.말 한마디로 팩폭.강찬띠니.X_2P_김바다_260805_빙과_최재헌,55,0,150.0,0,23,인지
2026-08-15,1872494093768833,[빙과_스틱바]_쫀득바_인지_video,0803_초딩유행템 TEST (타겟),[26.08]F_V_JD멜_인지_쫀득바출시_바이럴형_테스트_main.렉카_초딩유행템.충격초딩급식.X_2P_김바다_260803_빙과_최재헌,4724,0,14240.0,0,1348,인지
2026-08-15,1871586559538225,[빙과_스틱바]_쫀득바_인지_video,0724_추성훈BP_JD멜,[26.07]F_V_JD멜_인지_쫀득바출시_신규BP_추성훈BP_var4.렉카_택배깡.7월.수민PJ_1P_영상팀_260724_빙과_이수민,8199,0,31455.0,0,2635,인지
2026-08-15,1872494093768801,[빙과_스틱바]_쫀득바_인지_video,0803_초딩유행템 TEST (타겟),[26.08]F_V_JD멜_인지_쫀득바출시_바이럴형_테스트_var2.렉카_초딩유행템.왁뿌볼보다.X_2P_김바다_260803_빙과_최재헌,4069,0,13014.0,0,1401,인지
2026-08-15,1871586559538209,[빙과_스틱바]_쫀득바_인지_video,0724_추성훈BP_JD멜,[26.07]F_V_JD멜_인지_쫀득바출시_신규BP_추성훈BP_var5.렉카_매출1등.7월.수민PJ_1P_영상팀_260724_빙과_이수민,129,0,603.0,0,72,인지
2026-08-15,1872494093768817,[빙과_스틱바]_쫀득바_인지_video,0803_초딩유행템 TEST (타겟),[26.08]F_V_JD멜_인지_쫀득바출시_바이럴형_테스트_var1.렉카_초딩유행템.아이돌보다.X_2P_김바다_260803_빙과_최재헌,2927,0,7639.0,0,837,인지
2026-08-15,1871587337139553,[빙과_스틱바]_쫀득바_인지_video,0724_온드_비하인드(1)_JD멜,[26.07]F_V_JD멜_인지_쫀득바출시_신규BP_비하인드 다큐_main.렉카_멜쫀바폐기.X_2P_문선정_260724_빙과_노현경,10075,0,33228.0,0,3193,인지
2026-08-15,1870316261745746,[빙과_스틱바]_쫀득바_인지_video,[멜론] 썰풀기형_7.2W,[26.07]F_V_JD멜_인지_쫀득바출시_바이럴형_썰풀기형_var1.릴스_롱버전.X_1P_문선정_260710_빙과_김진수,1422,0,4757.0,0,393,인지
2026-08-15,1870316261745730,[빙과_스틱바]_쫀득바_인지_video,[멜론] 썰풀기형_7.2W,[26.07]F_V_JD멜_인지_쫀득바출시_바이럴형_썰풀기형_main.릴스_숏버전.X_1P_문선정_260710_빙과_김진수,1237,0,3684.0,0,329,인지
2026-08-15,1872494804994434,[빙과_스틱바]_쫀득바_인지_video,0803_초딩유행템 TEST,[26.08]F_V_JD멜_인지_쫀득바출시_바이럴형_테스트_main.렉카_초딩유행템.충격초딩급식.X_2P_김바다_260803_빙과_최재헌,37997,0,31029.0,0,11519,인지
2026-08-15,1871594707705938,[빙과_스틱바]_쫀득바_인지_video,0724_하림_외국인편의점BP_JD멜,[26.07]F_V_JD멜_인지_쫀득바출시_신규BP_외국인편의점bp_main.릴스_공통.X_2P_문선정_260724_빙과_이하림,1308,0,5026.0,0,441,인지
2026-08-15,1871594707705922,[빙과_스틱바]_쫀득바_인지_video,0724_하림_외국인편의점BP_JD멜,[26.07]F_V_JD멜_인지_쫀득바출시_신규BP_외국인편의점bp_var1.릴스_놀란 외국인.X_2P_문선정_260724_빙과_이하림,4922,0,17974.0,0,1621,인지
2026-08-15,1872587110105154,[빙과_스틱바]_쫀득바_인지_video,0804_4050 남성 TEST (타겟),[26.08]F_V_JD멜_인지_쫀득바출시_바이럴형_테스트_var2.렉카_4050남성트렌드.은근트렌디.X_2P_김바다_260804_빙과_최재헌,7584,0,14609.0,0,1408,인지
2026-08-15,1872492057259041,[빙과_스틱바]_쫀득바_인지_video,0803_초딩유행템 TEST (타겟),[26.08]F_V_JD멜_인지_쫀득바출시_바이럴형_테스트_var3.렉카_초딩유행템.포켓몬보다.X_2P_김바다_260803_빙과_최재헌,28335,0,94049.0,0,9948,인지
2026-08-15,1872673583158881,[빙과_스틱바]_쫀득바_인지_video,08.05_2030선망성 TEST,[26.08]F_V_JD멜_인지_쫀득바출시_바이럴형_선망성_main.렉카_2030선망성.말 한마디로 팩폭.강찬띠니.X_2P_김바다_260805_빙과_최재헌,688,0,1636.0,0,401,인지
2026-08-15,1872587110105170,[빙과_스틱바]_쫀득바_인지_video,0804_4050 남성 TEST (타겟),26.08]F_V_JD멜_인지_쫀득바출시_바이럴형_테스트_main.렉카_4050남성트렌드.SNS에서.X_2P_김바다_260804_빙과_최재헌,35014,0,108139.0,0,8144,인지
2026-08-15,1872587110103634,[빙과_스틱바]_쫀득바_인지_video,0804_4050 남성 TEST,[26.08]F_V_JD멜_인지_쫀득바출시_바이럴형_테스트_var3.렉카_4050남성트렌드.알고리즘.X_2P_김바다_260804_빙과_최재헌,1082,0,2909.0,0,491,인지
2026-08-15,1872769106527490,[빙과_스틱바]_쫀득바_인지_video,08.06_3040 남성 TEST (타겟),[26.08]F_V_JD멜_인지_쫀득바출시_바이럴형_먹잘알_var1.렉카_3040남선망성.대감집 노비.X_파인트P_김바다_260806_빙과_최재헌,2689,0,7452.0,0,646,인지
2026-08-15,1872768751848706,[빙과_스틱바]_쫀득바_인지_video,08.06_3040 남성 TEST,[26.08]F_V_JD멜_인지_쫀득바출시_바이럴형_먹잘알_var1.렉카_3040남선망성.대감집 노비.X_파인트P_김바다_260806_빙과_최재헌,8373,0,8632.0,0,2091,인지
2026-08-15,1873459783174322,[빙과_스틱바]_쫀득바_인지_video,0811_요한_바이럴(1)_JD멜,TT__26.08_F_V_JD멜_인지_쫀득바출시_바이럴형_정보전달형_main.릴스_돈키호테역대급콜라보.X_스틱바P_이재원_260811_빙과_정요한_947cc50eb7,3012,0,12999.0,0,771,인지
2026-08-15,1870322845573218,[빙과_스틱바]_쫀득바_인지_video,[멜론] AI형(실수네고2)_7.2W,[26.07]F_V_JD멜_인지_쫀득바출시_기타_AI활용형_var1.릴스_실수네고형.원재료발주.혼쭐후킹.AI건_1P_문선정_260710_빙과_강다빈,636,0,1903.0,0,153,인지
2026-08-15,1870322845573234,[빙과_스틱바]_쫀득바_인지_video,[멜론] AI형(실수네고2)_7.2W,[26.07]F_V_JD멜_인지_쫀득바출시_기타_AI활용형_main.릴스_실수네고형.원재료발주.본론.AI건_1P_문선정_260710_빙과_강다빈,1664,0,5500.0,0,524,인지
2026-08-15,1872587110104722,[빙과_스틱바]_쫀득바_인지_video,0804_4050 남성 TEST,26.08]F_V_JD멜_인지_쫀득바출시_바이럴형_테스트_main.렉카_4050남성트렌드.SNS에서.X_2P_김바다_260804_빙과_최재헌,25292,0,60087.0,0,9740,인지
2026-08-15,1871586578988257,[빙과_스틱바]_쫀득바_인지_video,0724_추성훈BP_JD멜,[26.07]F_V_JD멜_인지_쫀득바출시_신규BP_추성훈BP_var1.렉카_손이없어서.7월.수민PJ_1P_영상팀_260724_빙과_이수민,481,0,1425.0,0,112,인지
2026-08-15,1872673705816737,[빙과_스틱바]_쫀득바_인지_video,08.05_2030선망성 TEST,[26.08]F_V_JD멜_인지_쫀득바출시_바이럴형_선망성_var1.렉카_2030선망성.대한민국 1티어.발레리나.X_2P_김바다_260805_빙과_최재헌,51636,0,121566.0,0,23463,인지
2026-08-15,1872587110103650,[빙과_스틱바]_쫀득바_인지_video,0804_4050 남성 TEST,[26.08]F_V_JD멜_인지_쫀득바출시_바이럴형_테스트_var1.렉카_4050남성트렌드.유행끝.X_2P_김바다_260804_빙과_최재헌,16413,0,40830.0,0,6625,인지
2026-08-15,1872587110103666,[빙과_스틱바]_쫀득바_인지_video,0804_4050 남성 TEST,[26.08]F_V_JD멜_인지_쫀득바출시_바이럴형_테스트_var2.렉카_4050남성트렌드.은근트렌디.X_2P_김바다_260804_빙과_최재헌,84747,0,78508.0,0,17480,인지
2026-08-15,1871594707705266,[빙과_스틱바]_쫀득바_인지_video,0724_하림_외국인편의점BP_JD멜,[26.07]F_V_JD멜_인지_쫀득바출시_신규BP_외국인편의점bp_var2.릴스_처음먹는 외국인.X_2P_문선정_260724_빙과_이하림,959,0,2249.0,0,217,인지
2026-08-15,1872494804996578,[빙과_스틱바]_쫀득바_인지_video,0803_초딩유행템 TEST,[26.08]F_V_JD멜_인지_쫀득바출시_바이럴형_테스트_var3.렉카_초딩유행템.포켓몬보다.X_2P_김바다_260803_빙과_최재헌,10276,0,24571.0,0,5715,인지
2026-08-15,1872587110104770,[빙과_스틱바]_쫀득바_인지_video,0804_4050 남성 TEST (타겟),[26.08]F_V_JD멜_인지_쫀득바출시_바이럴형_테스트_var1.렉카_4050남성트렌드.유행끝.X_2P_김바다_260804_빙과_최재헌,4965,0,18343.0,0,1500,인지
2026-08-15,1872494804996546,[빙과_스틱바]_쫀득바_인지_video,0803_초딩유행템 TEST,[26.08]F_V_JD멜_인지_쫀득바출시_바이럴형_테스트_var1.렉카_초딩유행템.아이돌보다.X_2P_김바다_260803_빙과_최재헌,609,0,1281.0,0,279,인지
2026-08-15,1871586578988241,[빙과_스틱바]_쫀득바_인지_video,0724_추성훈BP_JD멜,[26.07]F_V_JD멜_인지_쫀득바출시_신규BP_추성훈BP_var2.렉카_1204호.7월.수민PJ_1P_영상팀_260724_빙과_이수민,48,0,207.0,0,14,인지
2026-08-15,1872494804996562,[빙과_스틱바]_쫀득바_인지_video,0803_초딩유행템 TEST,[26.08]F_V_JD멜_인지_쫀득바출시_바이럴형_테스트_var2.렉카_초딩유행템.왁뿌볼보다.X_2P_김바다_260803_빙과_최재헌,2855,0,6893.0,0,1622,인지
2026-08-15,1872587110104754,[빙과_스틱바]_쫀득바_인지_video,0804_4050 남성 TEST (타겟),[26.08]F_V_JD멜_인지_쫀득바출시_바이럴형_테스트_var3.렉카_4050남성트렌드.알고리즘.X_2P_김바다_260804_빙과_최재헌,2201,0,7108.0,0,571,인지
2026-08-15,1871586578988225,[빙과_스틱바]_쫀득바_인지_video,0724_추성훈BP_JD멜,[26.07]F_V_JD멜_인지_쫀득바출시_신규BP_추성훈BP_var3.렉카_몰래먹기.7월.수민PJ_1P_영상팀_260724_빙과_이수민,33,0,82.0,0,7,인지
2026-08-15,1872769106526402,[빙과_스틱바]_쫀득바_인지_video,08.06_3040 남성 TEST (타겟),[26.08]F_V_JD멜_인지_쫀득바출시_바이럴형_먹잘알_main.렉카_3040남선망성.의외로 대기업.X_파인트P_김바다_260806_빙과_최재헌,24645,0,78743.0,0,6609,인지
2026-08-15,1870950529912850,[빙과_스틱바]_쫀득바_인지_video,[멜론] 육아BP_7.3W,[26.07]F_V_JD멜_인지_쫀득바출시_신규BP_육아bp_var4.릴스_로블록스.X_2P_문선정_260716_빙과_이하림,50,0,448.0,0,25,인지
2026-08-15,1873461044618994,[빙과_스틱바]_쫀득바_인지_video,0814_하림_바이럴(8)_JD멜,(운영X)TT__26.08_F_V_JD멜_인지_쫀득바출시_바이럴형_정보전달형_main.릴스_이나연.오마카세.X_스틱바P_이재원_260814_빙과_이하림_aa495be899,12787,0,38579.0,0,2938,인지
2026-08-15,1870950529912834,[빙과_스틱바]_쫀득바_인지_video,[멜론] 육아BP_7.3W,[26.07]F_V_JD멜_인지_쫀득바출시_신규BP_육아bp_main.릴스_공통.X_2P_문선정_260716_빙과_이하림,2039,0,7451.0,0,565,인지
2026-08-15,1870950529912050,[빙과_스틱바]_쫀득바_인지_video,[멜론] 육아BP_7.3W,[26.07]F_V_JD멜_인지_쫀득바출시_신규BP_육아bp_var1.릴스_아기.X_2P_문선정_260716_빙과_이하림,2585,0,11156.0,0,861,인지
2026-08-15,1872769009109425,[빙과_스틱바]_쫀득바_인지_video,08.06_3040 남성 TEST,[26.08]F_V_JD멜_인지_쫀득바출시_바이럴형_먹잘알_main.렉카_3040남선망성.의외로 대기업.X_파인트P_김바다_260806_빙과_최재헌,18620,0,40131.0,0,7210,인지
2026-08-15,1870950529912034,[빙과_스틱바]_쫀득바_인지_video,[멜론] 육아BP_7.3W,[26.07]F_V_JD멜_인지_쫀득바출시_신규BP_육아bp_var2.릴스_엄마.X_2P_문선정_260716_빙과_이하림,1329,0,4923.0,0,345,인지
2026-08-15,1870950529912018,[빙과_스틱바]_쫀득바_인지_video,[멜론] 육아BP_7.3W,(운영X) [26.07]F_V_JD멜_인지_쫀득바출시_신규BP_육아bp_var3.릴스_슈기.X_2P_문선정_260716_빙과_이하림,18,0,128.0,0,7,인지
2026-08-16,1872587110103650,[빙과_스틱바]_쫀득바_인지_video,0804_4050 남성 TEST,[26.08]F_V_JD멜_인지_쫀득바출시_바이럴형_테스트_var1.렉카_4050남성트렌드.유행끝.X_2P_김바다_260804_빙과_최재헌,32370,0,87334.0,0,11021,인지
2026-08-16,1871594707705266,[빙과_스틱바]_쫀득바_인지_video,0724_하림_외국인편의점BP_JD멜,[26.07]F_V_JD멜_인지_쫀득바출시_신규BP_외국인편의점bp_var2.릴스_처음먹는 외국인.X_2P_문선정_260724_빙과_이하림,10551,0,25275.0,0,3565,인지
2026-08-16,1872587110103666,[빙과_스틱바]_쫀득바_인지_video,0804_4050 남성 TEST,[26.08]F_V_JD멜_인지_쫀득바출시_바이럴형_테스트_var2.렉카_4050남성트렌드.은근트렌디.X_2P_김바다_260804_빙과_최재헌,2293,0,5117.0,0,618,인지
2026-08-16,1872494804996578,[빙과_스틱바]_쫀득바_인지_video,0803_초딩유행템 TEST,[26.08]F_V_JD멜_인지_쫀득바출시_바이럴형_테스트_var3.렉카_초딩유행템.포켓몬보다.X_2P_김바다_260803_빙과_최재헌,12438,0,18884.0,0,4602,인지
2026-08-16,1872494804996562,[빙과_스틱바]_쫀득바_인지_video,0803_초딩유행템 TEST,[26.08]F_V_JD멜_인지_쫀득바출시_바이럴형_테스트_var2.렉카_초딩유행템.왁뿌볼보다.X_2P_김바다_260803_빙과_최재헌,22868,0,24207.0,0,6601,인지
2026-08-16,1872587110104722,[빙과_스틱바]_쫀득바_인지_video,0804_4050 남성 TEST,26.08]F_V_JD멜_인지_쫀득바출시_바이럴형_테스트_main.렉카_4050남성트렌드.SNS에서.X_2P_김바다_260804_빙과_최재헌,121807,0,188474.0,0,25268,인지
2026-08-16,1871586578988257,[빙과_스틱바]_쫀득바_인지_video,0724_추성훈BP_JD멜,[26.07]F_V_JD멜_인지_쫀득바출시_신규BP_추성훈BP_var1.렉카_손이없어서.7월.수민PJ_1P_영상팀_260724_빙과_이수민,5942,0,9982.0,0,1391,인지
2026-08-16,1872494804996546,[빙과_스틱바]_쫀득바_인지_video,0803_초딩유행템 TEST,[26.08]F_V_JD멜_인지_쫀득바출시_바이럴형_테스트_var1.렉카_초딩유행템.아이돌보다.X_2P_김바다_260803_빙과_최재헌,126,0,190.0,0,40,인지
2026-08-16,1870322845573234,[빙과_스틱바]_쫀득바_인지_video,[멜론] AI형(실수네고2)_7.2W,[26.07]F_V_JD멜_인지_쫀득바출시_기타_AI활용형_main.릴스_실수네고형.원재료발주.본론.AI건_1P_문선정_260710_빙과_강다빈,16236,0,41639.0,0,5688,인지
2026-08-16,1873461044618994,[빙과_스틱바]_쫀득바_인지_video,0814_하림_바이럴(8)_JD멜,(운영X)TT__26.08_F_V_JD멜_인지_쫀득바출시_바이럴형_정보전달형_main.릴스_이나연.오마카세.X_스틱바P_이재원_260814_빙과_이하림_aa495be899,5137,0,14988.0,0,1273,인지
2026-08-16,1871586578988241,[빙과_스틱바]_쫀득바_인지_video,0724_추성훈BP_JD멜,[26.07]F_V_JD멜_인지_쫀득바출시_신규BP_추성훈BP_var2.렉카_1204호.7월.수민PJ_1P_영상팀_260724_빙과_이수민,133,0,248.0,0,30,인지
2026-08-16,1870322845573218,[빙과_스틱바]_쫀득바_인지_video,[멜론] AI형(실수네고2)_7.2W,[26.07]F_V_JD멜_인지_쫀득바출시_기타_AI활용형_var1.릴스_실수네고형.원재료발주.혼쭐후킹.AI건_1P_문선정_260710_빙과_강다빈,3638,0,8087.0,0,947,인지
2026-08-16,1871586578988225,[빙과_스틱바]_쫀득바_인지_video,0724_추성훈BP_JD멜,[26.07]F_V_JD멜_인지_쫀득바출시_신규BP_추성훈BP_var3.렉카_몰래먹기.7월.수민PJ_1P_영상팀_260724_빙과_이수민,21,0,61.0,0,8,인지
2026-08-16,1871586559538209,[빙과_스틱바]_쫀득바_인지_video,0724_추성훈BP_JD멜,[26.07]F_V_JD멜_인지_쫀득바출시_신규BP_추성훈BP_var5.렉카_매출1등.7월.수민PJ_1P_영상팀_260724_빙과_이수민,316,0,1339.0,0,228,인지
2026-08-16,1871586559538225,[빙과_스틱바]_쫀득바_인지_video,0724_추성훈BP_JD멜,[26.07]F_V_JD멜_인지_쫀득바출시_신규BP_추성훈BP_var4.렉카_택배깡.7월.수민PJ_1P_영상팀_260724_빙과_이수민,87817,0,229914.0,0,31598,인지
2026-08-16,1872673874641362,[빙과_스틱바]_쫀득바_인지_video,08.05_2030선망성 TEST (타겟),[26.08]F_V_JD멜_인지_쫀득바출시_바이럴형_선망성_main.렉카_2030선망성.말 한마디로 팩폭.강찬띠니.X_2P_김바다_260805_빙과_최재헌,71,0,194.0,0,28,인지
2026-08-16,1870950529912018,[빙과_스틱바]_쫀득바_인지_video,[멜론] 육아BP_7.3W,(운영X) [26.07]F_V_JD멜_인지_쫀득바출시_신규BP_육아bp_var3.릴스_슈기.X_2P_문선정_260716_빙과_이하림,116,0,344.0,0,35,인지
2026-08-16,1872673874641346,[빙과_스틱바]_쫀득바_인지_video,08.05_2030선망성 TEST (타겟),[26.08]F_V_JD멜_인지_쫀득바출시_바이럴형_선망성_var1.렉카_2030선망성.대한민국 1티어.발레리나.X_2P_김바다_260805_빙과_최재헌,36898,0,94242.0,0,15430,인지
2026-08-16,1870950529912834,[빙과_스틱바]_쫀득바_인지_video,[멜론] 육아BP_7.3W,[26.07]F_V_JD멜_인지_쫀득바출시_신규BP_육아bp_main.릴스_공통.X_2P_문선정_260716_빙과_이하림,36725,1,102725.0,0,11989,인지
2026-08-16,1870950529912050,[빙과_스틱바]_쫀득바_인지_video,[멜론] 육아BP_7.3W,[26.07]F_V_JD멜_인지_쫀득바출시_신규BP_육아bp_var1.릴스_아기.X_2P_문선정_260716_빙과_이하림,22919,0,69331.0,0,8527,인지
2026-08-16,1872673705816737,[빙과_스틱바]_쫀득바_인지_video,08.05_2030선망성 TEST,[26.08]F_V_JD멜_인지_쫀득바출시_바이럴형_선망성_var1.렉카_2030선망성.대한민국 1티어.발레리나.X_2P_김바다_260805_빙과_최재헌,59475,0,140696.0,0,23000,인지
2026-08-16,1870950529912850,[빙과_스틱바]_쫀득바_인지_video,[멜론] 육아BP_7.3W,[26.07]F_V_JD멜_인지_쫀득바출시_신규BP_육아bp_var4.릴스_로블록스.X_2P_문선정_260716_빙과_이하림,227,0,1163.0,0,125,인지
2026-08-16,1870950529912034,[빙과_스틱바]_쫀득바_인지_video,[멜론] 육아BP_7.3W,[26.07]F_V_JD멜_인지_쫀득바출시_신규BP_육아bp_var2.릴스_엄마.X_2P_문선정_260716_빙과_이하림,6780,0,19781.0,0,2261,인지
2026-08-16,1872769009109425,[빙과_스틱바]_쫀득바_인지_video,08.06_3040 남성 TEST,[26.08]F_V_JD멜_인지_쫀득바출시_바이럴형_먹잘알_main.렉카_3040남선망성.의외로 대기업.X_파인트P_김바다_260806_빙과_최재헌,28520,0,47662.0,0,7924,인지
2026-08-16,1872673583158881,[빙과_스틱바]_쫀득바_인지_video,08.05_2030선망성 TEST,[26.08]F_V_JD멜_인지_쫀득바출시_바이럴형_선망성_main.렉카_2030선망성.말 한마디로 팩폭.강찬띠니.X_2P_김바다_260805_빙과_최재헌,825,0,2190.0,0,427,인지
2026-08-16,1872494093768801,[빙과_스틱바]_쫀득바_인지_video,0803_초딩유행템 TEST (타겟),[26.08]F_V_JD멜_인지_쫀득바출시_바이럴형_테스트_var2.렉카_초딩유행템.왁뿌볼보다.X_2P_김바다_260803_빙과_최재헌,1154,0,4274.0,0,391,인지
2026-08-16,1872494093768817,[빙과_스틱바]_쫀득바_인지_video,0803_초딩유행템 TEST (타겟),[26.08]F_V_JD멜_인지_쫀득바출시_바이럴형_테스트_var1.렉카_초딩유행템.아이돌보다.X_2P_김바다_260803_빙과_최재헌,999,0,3262.0,0,285,인지
2026-08-16,1872494093768833,[빙과_스틱바]_쫀득바_인지_video,0803_초딩유행템 TEST (타겟),[26.08]F_V_JD멜_인지_쫀득바출시_바이럴형_테스트_main.렉카_초딩유행템.충격초딩급식.X_2P_김바다_260803_빙과_최재헌,2742,0,8657.0,0,727,인지
2026-08-16,1870316261745746,[빙과_스틱바]_쫀득바_인지_video,[멜론] 썰풀기형_7.2W,[26.07]F_V_JD멜_인지_쫀득바출시_바이럴형_썰풀기형_var1.릴스_롱버전.X_1P_문선정_260710_빙과_김진수,14385,1,32046.0,0,3837,인지
2026-08-16,1870316261745730,[빙과_스틱바]_쫀득바_인지_video,[멜론] 썰풀기형_7.2W,[26.07]F_V_JD멜_인지_쫀득바출시_바이럴형_썰풀기형_main.릴스_숏버전.X_1P_문선정_260710_빙과_김진수,8375,0,18167.0,0,2533,인지
2026-08-16,1872494804994434,[빙과_스틱바]_쫀득바_인지_video,0803_초딩유행템 TEST,[26.08]F_V_JD멜_인지_쫀득바출시_바이럴형_테스트_main.렉카_초딩유행템.충격초딩급식.X_2P_김바다_260803_빙과_최재헌,2058,0,4087.0,0,889,인지
2026-08-16,1871587337139553,[빙과_스틱바]_쫀득바_인지_video,0724_온드_비하인드(1)_JD멜,[26.07]F_V_JD멜_인지_쫀득바출시_신규BP_비하인드 다큐_main.렉카_멜쫀바폐기.X_2P_문선정_260724_빙과_노현경,91608,0,193702.0,0,31130,인지
2026-08-16,1872768751848706,[빙과_스틱바]_쫀득바_인지_video,08.06_3040 남성 TEST,[26.08]F_V_JD멜_인지_쫀득바출시_바이럴형_먹잘알_var1.렉카_3040남선망성.대감집 노비.X_파인트P_김바다_260806_빙과_최재헌,1627,0,3488.0,0,745,인지
2026-08-16,1872492057259041,[빙과_스틱바]_쫀득바_인지_video,0803_초딩유행템 TEST (타겟),[26.08]F_V_JD멜_인지_쫀득바출시_바이럴형_테스트_var3.렉카_초딩유행템.포켓몬보다.X_2P_김바다_260803_빙과_최재헌,4226,0,15853.0,0,1300,인지
2026-08-16,1871594707705922,[빙과_스틱바]_쫀득바_인지_video,0724_하림_외국인편의점BP_JD멜,[26.07]F_V_JD멜_인지_쫀득바출시_신규BP_외국인편의점bp_var1.릴스_놀란 외국인.X_2P_문선정_260724_빙과_이하림,56270,0,152739.0,0,20358,인지
2026-08-16,1872587110103634,[빙과_스틱바]_쫀득바_인지_video,0804_4050 남성 TEST,[26.08]F_V_JD멜_인지_쫀득바출시_바이럴형_테스트_var3.렉카_4050남성트렌드.알고리즘.X_2P_김바다_260804_빙과_최재헌,1321,0,3557.0,0,397,인지
2026-08-16,1871594707705938,[빙과_스틱바]_쫀득바_인지_video,0724_하림_외국인편의점BP_JD멜,[26.07]F_V_JD멜_인지_쫀득바출시_신규BP_외국인편의점bp_main.릴스_공통.X_2P_문선정_260724_빙과_이하림,6539,0,16392.0,0,2154,인지
2026-08-18,1871587337139553,[빙과_스틱바]_쫀득바_인지_video,0724_온드_비하인드(1)_JD멜,[26.07]F_V_JD멜_인지_쫀득바출시_신규BP_비하인드 다큐_main.렉카_멜쫀바폐기.X_2P_문선정_260724_빙과_노현경,1750,0,4820.0,0,278,인지
2026-08-18,1872587110103634,[빙과_스틱바]_쫀득바_인지_video,0804_4050 남성 TEST,[26.08]F_V_JD멜_인지_쫀득바출시_바이럴형_테스트_var3.렉카_4050남성트렌드.알고리즘.X_2P_김바다_260804_빙과_최재헌,23107,0,87947.0,0,1351,인지
2026-08-18,1872494804994434,[빙과_스틱바]_쫀득바_인지_video,0803_초딩유행템 TEST,[26.08]F_V_JD멜_인지_쫀득바출시_바이럴형_테스트_main.렉카_초딩유행템.충격초딩급식.X_2P_김바다_260803_빙과_최재헌,9621,0,44349.0,0,2152,인지
2026-08-18,1872587110105170,[빙과_스틱바]_쫀득바_인지_video,0804_4050 남성 TEST (타겟),26.08]F_V_JD멜_인지_쫀득바출시_바이럴형_테스트_main.렉카_4050남성트렌드.SNS에서.X_2P_김바다_260804_빙과_최재헌,1,0,5.0,0,1,인지
2026-08-18,1872673874641362,[빙과_스틱바]_쫀득바_인지_video,08.05_2030선망성 TEST (타겟),[26.08]F_V_JD멜_인지_쫀득바출시_바이럴형_선망성_main.렉카_2030선망성.말 한마디로 팩폭.강찬띠니.X_2P_김바다_260805_빙과_최재헌,1040,0,7219.0,0,137,인지
2026-08-18,1872673874641346,[빙과_스틱바]_쫀득바_인지_video,08.05_2030선망성 TEST (타겟),[26.08]F_V_JD멜_인지_쫀득바출시_바이럴형_선망성_var1.렉카_2030선망성.대한민국 1티어.발레리나.X_2P_김바다_260805_빙과_최재헌,660,0,2330.0,0,154,인지
2026-08-18,1872673705816737,[빙과_스틱바]_쫀득바_인지_video,08.05_2030선망성 TEST,[26.08]F_V_JD멜_인지_쫀득바출시_바이럴형_선망성_var1.렉카_2030선망성.대한민국 1티어.발레리나.X_2P_김바다_260805_빙과_최재헌,211,0,741.0,0,40,인지
2026-08-18,1871594707705266,[빙과_스틱바]_쫀득바_인지_video,0724_하림_외국인편의점BP_JD멜,[26.07]F_V_JD멜_인지_쫀득바출시_신규BP_외국인편의점bp_var2.릴스_처음먹는 외국인.X_2P_문선정_260724_빙과_이하림,56,0,40.0,0,2,인지
2026-08-18,1872494093768833,[빙과_스틱바]_쫀득바_인지_video,0803_초딩유행템 TEST (타겟),[26.08]F_V_JD멜_인지_쫀득바출시_바이럴형_테스트_main.렉카_초딩유행템.충격초딩급식.X_2P_김바다_260803_빙과_최재헌,127,0,809.0,0,19,인지
2026-08-18,1871586559538225,[빙과_스틱바]_쫀득바_인지_video,0724_추성훈BP_JD멜,[26.07]F_V_JD멜_인지_쫀득바출시_신규BP_추성훈BP_var4.렉카_택배깡.7월.수민PJ_1P_영상팀_260724_빙과_이수민,683,0,1984.0,0,115,인지
2026-08-18,1872494093768817,[빙과_스틱바]_쫀득바_인지_video,0803_초딩유행템 TEST (타겟),[26.08]F_V_JD멜_인지_쫀득바출시_바이럴형_테스트_var1.렉카_초딩유행템.아이돌보다.X_2P_김바다_260803_빙과_최재헌,1234,0,10065.0,0,119,인지
2026-08-18,1871586559538209,[빙과_스틱바]_쫀득바_인지_video,0724_추성훈BP_JD멜,[26.07]F_V_JD멜_인지_쫀득바출시_신규BP_추성훈BP_var5.렉카_매출1등.7월.수민PJ_1P_영상팀_260724_빙과_이수민,117,0,28.0,0,1,인지
2026-08-18,1872494093768801,[빙과_스틱바]_쫀득바_인지_video,0803_초딩유행템 TEST (타겟),[26.08]F_V_JD멜_인지_쫀득바출시_바이럴형_테스트_var2.렉카_초딩유행템.왁뿌볼보다.X_2P_김바다_260803_빙과_최재헌,258,0,1160.0,0,24,인지
2026-08-18,1870316261745730,[빙과_스틱바]_쫀득바_인지_video,[멜론] 썰풀기형_7.2W,[26.07]F_V_JD멜_인지_쫀득바출시_바이럴형_썰풀기형_main.릴스_숏버전.X_1P_문선정_260710_빙과_김진수,161,0,298.0,0,16,인지
2026-08-18,1871594707705938,[빙과_스틱바]_쫀득바_인지_video,0724_하림_외국인편의점BP_JD멜,[26.07]F_V_JD멜_인지_쫀득바출시_신규BP_외국인편의점bp_main.릴스_공통.X_2P_문선정_260724_빙과_이하림,12818,1,57695.0,0,1028,인지
2026-08-18,1870950529912834,[빙과_스틱바]_쫀득바_인지_video,[멜론] 육아BP_7.3W,[26.07]F_V_JD멜_인지_쫀득바출시_신규BP_육아bp_main.릴스_공통.X_2P_문선정_260716_빙과_이하림,786,0,1965.0,0,91,인지
2026-08-18,1870316261745746,[빙과_스틱바]_쫀득바_인지_video,[멜론] 썰풀기형_7.2W,[26.07]F_V_JD멜_인지_쫀득바출시_바이럴형_썰풀기형_var1.릴스_롱버전.X_1P_문선정_260710_빙과_김진수,1129,0,1816.0,0,99,인지
2026-08-18,1871594707705922,[빙과_스틱바]_쫀득바_인지_video,0724_하림_외국인편의점BP_JD멜,[26.07]F_V_JD멜_인지_쫀득바출시_신규BP_외국인편의점bp_var1.릴스_놀란 외국인.X_2P_문선정_260724_빙과_이하림,1361,0,3132.0,0,195,인지
2026-08-18,1870950529912850,[빙과_스틱바]_쫀득바_인지_video,[멜론] 육아BP_7.3W,[26.07]F_V_JD멜_인지_쫀득바출시_신규BP_육아bp_var4.릴스_로블록스.X_2P_문선정_260716_빙과_이하림,707,0,1308.0,0,49,인지
2026-08-18,1872769009109425,[빙과_스틱바]_쫀득바_인지_video,08.06_3040 남성 TEST,[26.08]F_V_JD멜_인지_쫀득바출시_바이럴형_먹잘알_main.렉카_3040남선망성.의외로 대기업.X_파인트P_김바다_260806_빙과_최재헌,685,0,859.0,0,44,인지
2026-08-18,1870950529912034,[빙과_스틱바]_쫀득바_인지_video,[멜론] 육아BP_7.3W,[26.07]F_V_JD멜_인지_쫀득바출시_신규BP_육아bp_var2.릴스_엄마.X_2P_문선정_260716_빙과_이하림,287,0,815.0,0,41,인지
2026-08-18,1872492057259041,[빙과_스틱바]_쫀득바_인지_video,0803_초딩유행템 TEST (타겟),[26.08]F_V_JD멜_인지_쫀득바출시_바이럴형_테스트_var3.렉카_초딩유행템.포켓몬보다.X_2P_김바다_260803_빙과_최재헌,85,0,197.0,0,14,인지
2026-08-18,1870950529912050,[빙과_스틱바]_쫀득바_인지_video,[멜론] 육아BP_7.3W,[26.07]F_V_JD멜_인지_쫀득바출시_신규BP_육아bp_var1.릴스_아기.X_2P_문선정_260716_빙과_이하림,1035,0,2929.0,0,142,인지
2026-08-18,1872673583158881,[빙과_스틱바]_쫀득바_인지_video,08.05_2030선망성 TEST,[26.08]F_V_JD멜_인지_쫀득바출시_바이럴형_선망성_main.렉카_2030선망성.말 한마디로 팩폭.강찬띠니.X_2P_김바다_260805_빙과_최재헌,16128,0,54954.0,0,1021,인지
2026-08-18,1872768751848706,[빙과_스틱바]_쫀득바_인지_video,08.06_3040 남성 TEST,[26.08]F_V_JD멜_인지_쫀득바출시_바이럴형_먹잘알_var1.렉카_3040남선망성.대감집 노비.X_파인트P_김바다_260806_빙과_최재헌,294,0,127.0,0,8,인지
2026-08-18,1870950529912018,[빙과_스틱바]_쫀득바_인지_video,[멜론] 육아BP_7.3W,(운영X) [26.07]F_V_JD멜_인지_쫀득바출시_신규BP_육아bp_var3.릴스_슈기.X_2P_문선정_260716_빙과_이하림,4990,0,9632.0,0,289,인지
2026-08-18,1871586578988257,[빙과_스틱바]_쫀득바_인지_video,0724_추성훈BP_JD멜,[26.07]F_V_JD멜_인지_쫀득바출시_신규BP_추성훈BP_var1.렉카_손이없어서.7월.수민PJ_1P_영상팀_260724_빙과_이수민,5222,1,18345.0,0,612,인지
2026-08-18,1870322845573234,[빙과_스틱바]_쫀득바_인지_video,[멜론] AI형(실수네고2)_7.2W,[26.07]F_V_JD멜_인지_쫀득바출시_기타_AI활용형_main.릴스_실수네고형.원재료발주.본론.AI건_1P_문선정_260710_빙과_강다빈,443,0,786.0,0,41,인지
2026-08-18,1870322845573218,[빙과_스틱바]_쫀득바_인지_video,[멜론] AI형(실수네고2)_7.2W,[26.07]F_V_JD멜_인지_쫀득바출시_기타_AI활용형_var1.릴스_실수네고형.원재료발주.혼쭐후킹.AI건_1P_문선정_260710_빙과_강다빈,12588,1,20537.0,0,621,인지
2026-08-18,1872587110103666,[빙과_스틱바]_쫀득바_인지_video,0804_4050 남성 TEST,[26.08]F_V_JD멜_인지_쫀득바출시_바이럴형_테스트_var2.렉카_4050남성트렌드.은근트렌디.X_2P_김바다_260804_빙과_최재헌,148,0,350.0,0,23,인지
2026-08-18,1872494804996578,[빙과_스틱바]_쫀득바_인지_video,0803_초딩유행템 TEST,[26.08]F_V_JD멜_인지_쫀득바출시_바이럴형_테스트_var3.렉카_초딩유행템.포켓몬보다.X_2P_김바다_260803_빙과_최재헌,898,0,2710.0,0,262,인지
2026-08-18,1872587110103650,[빙과_스틱바]_쫀득바_인지_video,0804_4050 남성 TEST,[26.08]F_V_JD멜_인지_쫀득바출시_바이럴형_테스트_var1.렉카_4050남성트렌드.유행끝.X_2P_김바다_260804_빙과_최재헌,27,0,91.0,0,6,인지
2026-08-18,1872494804996562,[빙과_스틱바]_쫀득바_인지_video,0803_초딩유행템 TEST,[26.08]F_V_JD멜_인지_쫀득바출시_바이럴형_테스트_var2.렉카_초딩유행템.왁뿌볼보다.X_2P_김바다_260803_빙과_최재헌,7432,0,27429.0,0,1261,인지
2026-08-18,1872587110104722,[빙과_스틱바]_쫀득바_인지_video,0804_4050 남성 TEST,26.08]F_V_JD멜_인지_쫀득바출시_바이럴형_테스트_main.렉카_4050남성트렌드.SNS에서.X_2P_김바다_260804_빙과_최재헌,216,0,447.0,0,27,인지
2026-08-18,1871586578988225,[빙과_스틱바]_쫀득바_인지_video,0724_추성훈BP_JD멜,[26.07]F_V_JD멜_인지_쫀득바출시_신규BP_추성훈BP_var3.렉카_몰래먹기.7월.수민PJ_1P_영상팀_260724_빙과_이수민,282,0,952.0,0,27,인지
2026-08-18,1872494804996546,[빙과_스틱바]_쫀득바_인지_video,0803_초딩유행템 TEST,[26.08]F_V_JD멜_인지_쫀득바출시_바이럴형_테스트_var1.렉카_초딩유행템.아이돌보다.X_2P_김바다_260803_빙과_최재헌,3679,0,14089.0,0,605,인지
2026-08-18,1871586578988241,[빙과_스틱바]_쫀득바_인지_video,0724_추성훈BP_JD멜,[26.07]F_V_JD멜_인지_쫀득바출시_신규BP_추성훈BP_var2.렉카_1204호.7월.수민PJ_1P_영상팀_260724_빙과_이수민,23,0,131.0,0,5,인지
2026-08-19,1870950529912850,[빙과_스틱바]_쫀득바_인지_video,[멜론] 육아BP_7.3W,[26.07]F_V_JD멜_인지_쫀득바출시_신규BP_육아bp_var4.릴스_로블록스.X_2P_문선정_260716_빙과_이하림,2885,0,8680.0,0,687,인지
2026-08-19,1869682127855746,[빙과_스틱바]_쫀득바_인지_video,[멜론] 1위단독_7.1W,[26.07]F_V_JD멜_인지_쫀득바출시_바이럴형_커뮤니티형_var1.릴스_30년만에.신입탕비담당.X_1P_문선정_260702_빙과_김진수,16524,1,47776.0,0,2792,인지
2026-08-19,1871594707705938,[빙과_스틱바]_쫀득바_인지_video,0724_하림_외국인편의점BP_JD멜,[26.07]F_V_JD멜_인지_쫀득바출시_신규BP_외국인편의점bp_main.릴스_공통.X_2P_문선정_260724_빙과_이하림,907,0,2549.0,0,265,인지
2026-08-19,1870950529912018,[빙과_스틱바]_쫀득바_인지_video,[멜론] 육아BP_7.3W,(운영X) [26.07]F_V_JD멜_인지_쫀득바출시_신규BP_육아bp_var3.릴스_슈기.X_2P_문선정_260716_빙과_이하림,11210,1,40216.0,0,3197,인지
2026-08-19,1873485189887057,[빙과_스틱바]_쫀득바_인지_video,0814_요한_바이럴(4)_JD멜,TT__26.08_F_V_JD멜_인지_쫀득바출시_바이럴형_썰풀기형_main.릴스_GS25컴플레인.X_스틱바P_이재원_260814_빙과_정요한_dc811cf2ba,21658,1,60246.0,0,7405,인지
2026-08-19,1871586578988257,[빙과_스틱바]_쫀득바_인지_video,0724_추성훈BP_JD멜,[26.07]F_V_JD멜_인지_쫀득바출시_신규BP_추성훈BP_var1.렉카_손이없어서.7월.수민PJ_1P_영상팀_260724_빙과_이수민,21668,0,70244.0,0,6409,인지
2026-08-19,1870322845573218,[빙과_스틱바]_쫀득바_인지_video,[멜론] AI형(실수네고2)_7.2W,[26.07]F_V_JD멜_인지_쫀득바출시_기타_AI활용형_var1.릴스_실수네고형.원재료발주.혼쭐후킹.AI건_1P_문선정_260710_빙과_강다빈,18602,0,54045.0,0,3965,인지
2026-08-19,1871586578988225,[빙과_스틱바]_쫀득바_인지_video,0724_추성훈BP_JD멜,[26.07]F_V_JD멜_인지_쫀득바출시_신규BP_추성훈BP_var3.렉카_몰래먹기.7월.수민PJ_1P_영상팀_260724_빙과_이수민,1183,0,3841.0,0,319,인지
2026-08-19,1872494804996546,[빙과_스틱바]_쫀득바_인지_video,0803_초딩유행템 TEST,[26.08]F_V_JD멜_인지_쫀득바출시_바이럴형_테스트_var1.렉카_초딩유행템.아이돌보다.X_2P_김바다_260803_빙과_최재헌,2429,0,6955.0,0,1000,인지
2026-08-19,1871586578988241,[빙과_스틱바]_쫀득바_인지_video,0724_추성훈BP_JD멜,[26.07]F_V_JD멜_인지_쫀득바출시_신규BP_추성훈BP_var2.렉카_1204호.7월.수민PJ_1P_영상팀_260724_빙과_이수민,246,0,853.0,0,75,인지
2026-08-19,1872494804996562,[빙과_스틱바]_쫀득바_인지_video,0803_초딩유행템 TEST,[26.08]F_V_JD멜_인지_쫀득바출시_바이럴형_테스트_var2.렉카_초딩유행템.왁뿌볼보다.X_2P_김바다_260803_빙과_최재헌,25209,0,71813.0,0,10088,인지
2026-08-19,1872494804994434,[빙과_스틱바]_쫀득바_인지_video,0803_초딩유행템 TEST,[26.08]F_V_JD멜_인지_쫀득바출시_바이럴형_테스트_main.렉카_초딩유행템.충격초딩급식.X_2P_김바다_260803_빙과_최재헌,14504,0,35495.0,0,5093,인지
2026-08-19,1871586559538209,[빙과_스틱바]_쫀득바_인지_video,0724_추성훈BP_JD멜,[26.07]F_V_JD멜_인지_쫀득바출시_신규BP_추성훈BP_var5.렉카_매출1등.7월.수민PJ_1P_영상팀_260724_빙과_이수민,317,0,626.0,0,109,인지
2026-08-19,1872673874641362,[빙과_스틱바]_쫀득바_인지_video,08.05_2030선망성 TEST (타겟),[26.08]F_V_JD멜_인지_쫀득바출시_바이럴형_선망성_main.렉카_2030선망성.말 한마디로 팩폭.강찬띠니.X_2P_김바다_260805_빙과_최재헌,3402,0,11692.0,0,977,인지
2026-08-19,1873478974785858,[빙과_스틱바]_쫀득바_인지_video,0814_수현_바이럴(4)_JD멜,TT__26.08_F_V_JD멜_인지_쫀득바출시_바이럴형_썰애니형_main.릴스_컴플레인.편의점.고급멜론.X_스틱바P_이수현_260814_빙과_이수현_7a37e273b3,28780,0,76270.0,0,9520,인지
2026-08-19,1869684423930881,[빙과_스틱바]_쫀득바_인지_video,[멜론] 브이로그형_7.1W,[26.07]F_V_JD멜_인지_쫀득바출시_소비자상황형_브이로그형_main.릴스_번따당함.X_1P_문선정_260703_빙과_정하얀,28271,0,85869.0,0,6829,인지
2026-08-19,1870319674584545,[빙과_스틱바]_쫀득바_인지_video,[멜론] 바이럴형_7.2W,[26.07]F_V_JD멜_인지_쫀득바출시_바이럴형_렉카형_var1.릴스_슈기X.초딩후킹.X_1P_문선정_260710_빙과_김진수,15333,0,47797.0,0,3510,인지
2026-08-20,1873959534654866,[빙과_스틱바]_쫀득바_인지2_video,[멜론] 농부대첩_6.4W,[26.06]F_V_JD멜_인지_쫀득바출시_신규BP_농부대첩BP_var3.릴스_레시피.X_2P_김유진_260626_빙과_노현경_oK6TcGtU.mp4_[26.06]F_V_JD멜_인지_쫀득바출시_신규BP_농부대첩BP_var3.릴스_레시피.X_2P_김유진_260626_빙과_노현경,5157,0,4123.0,0,1342,인지
2026-08-20,1874034134958354,[빙과_스틱바]_쫀득바_전환_video,[멜론쫀득바] 바운스번BP_6.3W,Black Truffle Ham Series-Music_Refresh-1-2_[26.06]F_V_JD멜_전환_쫀득바출시_신규BP_바운스번BP_var2.릴스_혜택.X_2P_고가영_260612_빙과_조의진,2425,19,11461.0,0,0,전환
2026-08-20,1874038787281921,[빙과_스틱바]_쫀득바_전환_video,[멜론쫀득바] 네고형_6.3W,블랙트러플 하몽 시리즈 - 라라스윗-Music_Refresh-1-2_[26.06]F_V_JD멜_전환_쫀득바출시_네고형_네고형_var2.릴스_4만원.쫀쫀.X_1P_문선정_260619_빙과_이수민,1250,14,2436.0,0,0,전환
2026-08-20,1874038787284993,[빙과_스틱바]_쫀득바_전환_video,[멜론쫀득바] 네고형_6.3W,HighCostBau-v10033g50000d9vdo47og65q8gebe8gg_[26.06]F_V_JD멜_전환_쫀득바출시_네고형_네고형_var2.릴스_4만원.쫀쫀.X_1P_문선정_260619_빙과_이수민,15,0,39.0,0,0,전환
2026-08-20,1873959494450226,[빙과_스틱바]_쫀득바_인지2_video,[멜론] 1위단독_7.1W,[26.07]F_V_JD멜_인지_쫀득바출시_바이럴형_커뮤니티형_var3.릴스_요즘애들.초딩.X_1P_문선정_260703_빙과_김진수_f8b6Nqhy.mp4_[26.07]F_V_JD멜_인지_쫀득바출시_바이럴형_커뮤니티형_var3.릴스_요즘애들.초딩.X_1P_문선정_260703_빙과_김진수,35588,0,60247.0,0,11112,인지
2026-08-20,1874034145494018,[빙과_스틱바]_쫀득바_전환_video,[멜론쫀득바] 전화네고형_6.3W,블랙트러플 하몽 시리즈 - 라라스윗-Music_Refresh-1-2_WRpAX9_0_[26.06]F_V_JD멜_전환_쫀득바출시_네고형_전화네고형_var3.릴스_노을멜론취식강조.X_1P_김유진_260605_빙과_이수민,22,0,19.0,0,0,전환
2026-08-20,1868781741232178,[빙과_스틱바]_쫀득바_전환_video,[멜론쫀득바] 지인네고형_6.3W,[26.06]F_V_JD멜_전환_쫀득바출시_네고형_지인네고형_main.릴스_본론.X_1P_김유진_260619_빙과_이수현_N0LGwE1m.mp4_[26.06]F_V_JD멜_전환_쫀득바출시_네고형_지인네고형_main.릴스_본론.X_1P_김유진_260619_빙과_이수현,744,6,3542.0,0,0,전환
2026-08-20,1874030334903522,[빙과_스틱바]_쫀득바_인지2_video,[멜론] 1년후에받는_6.4W,[26.06]F_V_JD멜_인지_쫀득바출시_신규BP_써우리BP_main.릴스_공통.X_1P_문선정_260626_빙과_이수민_ATprqdNR.mp4_[26.06]F_V_JD멜_인지_쫀득바출시_신규BP_써우리BP_main.릴스_공통.X_1P_문선정_260626_빙과_이수민,354,0,247.0,0,92,인지
2026-08-20,1874034134958386,[빙과_스틱바]_쫀득바_전환_video,[멜론쫀득바] 바운스번BP_6.3W,블랙트러플 하몽 시리즈 - 라라스윗-Music_Refresh-1-2_UlUAEz_3_[26.06]F_V_JD멜_전환_쫀득바출시_신규BP_바운스번BP_var2.릴스_혜택.X_2P_고가영_260612_빙과_조의진,16,0,14.0,0,0,전환
2026-08-20,1873959585040561,[빙과_스틱바]_쫀득바_인지2_video,[망고] 맛인지_6.3W,[26.06]F_V_JD망_인지_쫀득바출시_맛인지형_맛인지형.인지_var3.릴스_대세감.진수.6월.수민PJ_2P_문선정_260619_빙과_김지연_694xYrHj.mp4_[26.06]F_V_JD망_인지_쫀득바출시_맛인지형_맛인지형.인지_var3.릴스_대세감.진수.6월.수민PJ_2P_문선정_260619_빙과_김지연,1195,0,389.0,0,220,인지
2026-08-20,1874038787281953,[빙과_스틱바]_쫀득바_전환_video,[멜론쫀득바] 네고형_6.3W,블랙트러플 하몽 시리즈 - 라라스윗-Music_Refresh-2-3_[26.06]F_V_JD멜_전환_쫀득바출시_네고형_네고형_var2.릴스_4만원.쫀쫀.X_1P_문선정_260619_빙과_이수민,3,0,4.0,0,0,전환
2026-08-20,1868418305541281,[빙과_스틱바]_쫀득바_전환_video,[멜론쫀득바] AI_6.3W,[26.06]F_V_JD멜_전환_쫀득바출시_기타_AI활용형_var8.릴스_타임어택.가격강조.X_1P_이석영_260605_빙과_함주현_HLTnYEFz.MP4_[26.06]F_V_JD멜_전환_쫀득바출시_기타_AI활용형_var8.릴스_타임어택.가격강조.X_1P_이석영_260605_빙과_함주현,76,2,357.0,0,0,전환
2026-08-20,1873959633516657,[빙과_스틱바]_쫀득바_인지2_video,[멜론] 스틱바BP_6.3W,[26.06]F_V_JD멜_인지_쫀득바출시_인물리뷰형_4050대세감_var5.릴스_쩜오건.숏.음산브금.X_1P_문선정_260619_빙과_강다빈_OPETBUCN.mp4_[26.06]F_V_JD멜_인지_쫀득바출시_인물리뷰형_4050대세감_var5.릴스_쩜오건.숏.음산브금.X_1P_문선정_260619_빙과_강다빈,1400,0,801.0,0,297,인지
2026-08-20,1873959606553874,[빙과_스틱바]_쫀득바_인지2_video,[멜론] 수박BP_6.3W,[26.06]F_V_JD멜_인지_쫀득바출시_맛인지형_수박BP_var1.릴스_저샀어요.X_1P_김유진_260619_빙과_정하얀_KxT2Mrn4.mp4_[26.06]F_V_JD멜_인지_쫀득바출시_맛인지형_수박BP_var1.릴스_저샀어요.X_1P_김유진_260619_빙과_정하얀,959,0,166.0,0,107,인지
2026-08-20,1873959679955250,[빙과_스틱바]_쫀득바_인지2_video,[멜론] 인물리뷰(1)_6.3W,[26.06]F_V_JD멜_인지_쫀득바출시_인물리뷰형_인물리뷰형_main.릴스_샀어요.X_2P_고가영_260612_빙과_유영현_ay8jLH2u.mp4_[26.06]F_V_JD멜_인지_쫀득바출시_인물리뷰형_인물리뷰형_main.릴스_샀어요.X_2P_고가영_260612_빙과_유영현,810,0,371.0,0,147,인지
2026-08-20,1874030321444945,[빙과_스틱바]_쫀득바_인지2_video,[멜론] 컨비니BP_6.3W,[26.06]F_V_JD멜_인지_쫀득바출시_제조과정형_컨비니BP_var5.릴스_공통.할인.X_1P_김유진_260619_빙과_정요한_7cNBXRYq.mp4_[26.06]F_V_JD멜_인지_쫀득바출시_제조과정형_컨비니BP_var5.릴스_공통.할인.X_1P_김유진_260619_빙과_정요한,373,0,52.0,0,31,인지
2026-08-20,1874035807093937,[빙과_스틱바]_쫀득바_전환_video,[멜론쫀득바] 인플루언서형_6.3W,Black Truffle Ham Series (10 packs)-Music_Refresh-4-3_[26.06]F_V_JD멜_전환_상시_인플루언서형_인플루언서형.전환_var3.릴스_혜택.X_1P_문선정_260619_빙과_이수민,630,6,2523.0,0,0,전환
2026-08-20,1874038793251042,[빙과_스틱바]_쫀득바_전환_video,[멜론쫀득바] AI_6.3W,블랙트러플 하몽 시리즈 - 라라스윗-Music_Refresh-2-4_[26.06]F_V_JD멜_전환_쫀득바출시_기타_AI활용형_var2.릴스_악플 소구점 2개 .X_1P_이석영_260605_빙과_함주현,1,0,1.0,0,0,전환
2026-08-20,1873959685405714,[빙과_스틱바]_쫀득바_인지2_video,[멜론] 인물리뷰(1)_6.3W,[26.06]F_V_JD멜_인지_쫀득바출시_인물리뷰형_인물리뷰형_var2.릴스_대세감.X_2P_고가영_260612_빙과_유영현_JSgYoFLC.mp4_[26.06]F_V_JD멜_인지_쫀득바출시_인물리뷰형_인물리뷰형_var2.릴스_대세감.X_2P_고가영_260612_빙과_유영현,2371,0,1023.0,0,454,인지
2026-08-20,1873959538557410,[빙과_스틱바]_쫀득바_인지2_video,[멜론] 농부대첩_6.4W,[26.06]F_V_JD멜_인지_쫀득바출시_신규BP_농부대첩BP_var1.릴스_카피제품.X_2P_김유진_260626_빙과_노현경_8oC5A2E0.mp4_[26.06]F_V_JD멜_인지_쫀득바출시_신규BP_농부대첩BP_var1.릴스_카피제품.X_2P_김유진_260626_빙과_노현경,3509,0,1568.0,0,862,인지
2026-08-20,1873959636477954,[빙과_스틱바]_쫀득바_인지2_video,[멜론] 초딩유행템_6.3W,[26.06]F_V_JD멜_인지_쫀득바출시_일상반응형_누나동생_var1.렉카_편지.X_1P_문선정_260615_빙과_노현경_fLPbqC4B.mp4_[26.06]F_V_JD멜_인지_쫀득바출시_일상반응형_누나동생_var1.렉카_편지.X_1P_문선정_260615_빙과_노현경,9415,0,12710.0,0,2830,인지
2026-08-20,1874034145489426,[빙과_스틱바]_쫀득바_전환_video,[멜론쫀득바] 전화네고형_6.3W,블랙트러플 하몽 시리즈 - 라라스윗-Music_Refresh-1-2_0j8Z7j_2_[26.06]F_V_JD멜_전환_쫀득바출시_네고형_전화네고형_var3.릴스_노을멜론취식강조.X_1P_김유진_260605_빙과_이수민,445,2,2496.0,0,0,전환
2026-08-20,1873959586022625,[빙과_스틱바]_쫀득바_인지2_video,[망고] 맛인지_6.3W,[26.06]F_V_JD망_인지_쫀득바출시_맛인지형_맛인지형.인지_var2.릴스_망고맛.진수.6월.수민PJ_2P_문선정_260619_빙과_김지연_85l4f3Aq.mp4_[26.06]F_V_JD망_인지_쫀득바출시_맛인지형_맛인지형.인지_var2.릴스_망고맛.진수.6월.수민PJ_2P_문선정_260619_빙과_김지연,1989,0,430.0,0,216,인지
2026-08-20,1873959631566914,[빙과_스틱바]_쫀득바_인지2_video,[멜론] 스틱바BP_6.3W,[26.06]F_V_JD멜_인지_쫀득바출시_인물리뷰형_4050대세감_var6.릴스_쩜오건.숏.큐티브금.X_1P_문선정_260619_빙과_강다빈_i87tvceJ.mp4_[26.06]F_V_JD멜_인지_쫀득바출시_인물리뷰형_4050대세감_var6.릴스_쩜오건.숏.큐티브금.X_1P_문선정_260619_빙과_강다빈,1573,0,385.0,0,164,인지
2026-08-20,1873959654247474,[빙과_스틱바]_쫀득바_인지2_video,[멜론] 요거트바BP_6.3W,[26.06]F_V_JD멜_인지_쫀득바출시_인물리뷰형_편의점원정_main.릴스_공통.X_1P_문선정_260612_빙과_정요한_YkIZOlu0.mp4_[26.06]F_V_JD멜_인지_쫀득바출시_인물리뷰형_편의점원정_main.릴스_공통.X_1P_문선정_260612_빙과_정요한,1061,0,258.0,0,124,인지
2026-08-20,1868417905520705,[빙과_스틱바]_쫀득바_전환_video,[멜론쫀득바] AI_6.3W,[26.06]F_V_JD멜_전환_쫀득바출시_기타_AI활용형_var4.릴스_막차운행.멜쫀.음악.X_1P_이석영_260604_빙과_함주현_vNFQptgb.MP4_[26.06]F_V_JD멜_전환_쫀득바출시_기타_AI활용형_var4.릴스_막차운행.멜쫀.음악.X_1P_이석영_260604_빙과_함주현,400,2,2752.0,0,0,전환
2026-08-20,1873959476064386,[빙과_스틱바]_쫀득바_인지2_video,[멜론] 떡볶이BP_7.1W,[26.07]F_V_JD멜_인지_쫀득바출시_신규BP_떡볶이BP_var5.릴스_공통.X_2P_김유진_260703_빙과_조의진_xJdzvYMF.mp4_[26.07]F_V_JD멜_인지_쫀득바출시_신규BP_떡볶이BP_var5.릴스_공통.X_2P_김유진_260703_빙과_조의진,11503,0,9737.0,0,2410,인지
2026-08-20,1874038787284193,[빙과_스틱바]_쫀득바_전환_video,[멜론쫀득바] 네고형_6.3W,Black Truffle Ham Chips-Music_Refresh-1-2_EQC3Lx_2_[26.06]F_V_JD멜_전환_쫀득바출시_네고형_네고형_var2.릴스_4만원.쫀쫀.X_1P_문선정_260619_빙과_이수민,57,0,646.0,0,0,전환
2026-08-20,1874034150953473,[빙과_스틱바]_쫀득바_전환_video,[멜론쫀득바] 컨비니BP_6.3W,Black Truffle Ham Chips-Music_Refresh-0-4_[26.06]F_V_JD멜_전환_쫀득바출시_제조과정형_컨비니BP_var2.릴스_에르메스.X_1P_김유진_260619_빙과_정요한,3,0,3.0,0,0,전환
2026-08-20,1874034145492530,[빙과_스틱바]_쫀득바_전환_video,[멜론쫀득바] 전화네고형_6.3W,블랙트러플 하몽 시리즈 - 라라스윗-Music_Refresh-1-2_UlUAEz_3_[26.06]F_V_JD멜_전환_쫀득바출시_네고형_전화네고형_var3.릴스_노을멜론취식강조.X_1P_김유진_260605_빙과_이수민,11,0,12.0,0,0,전환
2026-08-20,1874034145489458,[빙과_스틱바]_쫀득바_전환_video,[멜론쫀득바] 전화네고형_6.3W,Black Truffle Ham Series (10 packs)-Music_Refresh-2-6_[26.06]F_V_JD멜_전환_쫀득바출시_네고형_전화네고형_var3.릴스_노을멜론취식강조.X_1P_김유진_260605_빙과_이수민,1483,6,9313.0,0,0,전환
2026-08-20,1873959502194161,[빙과_스틱바]_쫀득바_인지2_video,[멜론] 현지인도못구하는_7.1W,[26.07]F_V_JD멜_인지_쫀득바출시_인플루언서형_인플루언서형_var1.릴스_제품먼저.X_1P_문선정_260703_빙과_정하얀_gA26O49Z.mp4_[26.07]F_V_JD멜_인지_쫀득바출시_인플루언서형_인플루언서형_var1.릴스_제품먼저.X_1P_문선정_260703_빙과_정하얀,2204,0,814.0,0,372,인지
2026-08-20,1868782462877714,[빙과_스틱바]_쫀득바_전환_video,[멜론쫀득바] 네고형_6.3W,[26.06]F_V_JD멜_전환_쫀득바출시_네고형_네고형_main.릴스_공통.X_1P_문선정_260619_빙과_이수민_X6gaGnEq.mp4_[26.06]F_V_JD멜_전환_쫀득바출시_네고형_네고형_main.릴스_공통.X_1P_문선정_260619_빙과_이수민,854,6,480.0,0,0,전환
2026-08-20,1874038793247906,[빙과_스틱바]_쫀득바_전환_video,[멜론쫀득바] AI_6.3W,블랙트러플 하몽 시리즈 - 라라스윗-Music_Refresh-2-6_[26.06]F_V_JD멜_전환_쫀득바출시_기타_AI활용형_var2.릴스_악플 소구점 2개 .X_1P_이석영_260605_빙과_함주현,704,4,2057.0,0,0,전환
2026-08-20,1873959582885234,[빙과_스틱바]_쫀득바_인지2_video,[망고] 맛인지_6.3W,[26.06]F_V_JD망_인지_쫀득바출시_맛인지형_맛인지형.인지_var1.릴스_젤리식감.진수.6월.수민PJ_2P_문선정_260619_빙과_김지연_oqUjrN9C.mp4_[26.06]F_V_JD망_인지_쫀득바출시_맛인지형_맛인지형.인지_var1.릴스_젤리식감.진수.6월.수민PJ_2P_문선정_260619_빙과_김지연,1622,0,265.0,0,139,인지
2026-08-20,1868417913545745,[빙과_스틱바]_쫀득바_전환_video,[멜론쫀득바] AI_6.3W,[26.06]F_V_JD멜_전환_쫀득바출시_기타_AI활용형_var1.릴스_악플 와다다.X_1P_이석영_260605_빙과_함주현_CPg31LFM.MP4_[26.06]F_V_JD멜_전환_쫀득바출시_기타_AI활용형_var1.릴스_악플 와다다.X_1P_이석영_260605_빙과_함주현,1781,8,3275.0,0,0,전환
2026-08-20,1874035807099457,[빙과_스틱바]_쫀득바_전환_video,[멜론쫀득바] 인플루언서형_6.3W,Auto-generated-Add_Text_Sticker_Retrieve-0-1_pxZTlq_0_[26.06]F_V_JD멜_전환_상시_인플루언서형_인플루언서형.전환_var3.릴스_혜택.X_1P_문선정_260619_빙과_이수민,250,6,2085.0,0,0,전환
2026-08-20,1874034144299314,[빙과_스틱바]_쫀득바_전환_video,[멜론쫀득바] 지인네고형_6.3W,Black Truffle Ham Series-Music_Refresh-3-2_[26.06]F_V_JD멜_전환_쫀득바출시_네고형_지인네고형_var1.릴스_규모감.X_1P_김유진_260619_빙과_이수현,736,4,2417.0,0,0,전환
2026-08-20,1873959592941730,[빙과_스틱바]_쫀득바_인지2_video,[멜론] 인플루언서형_6.3W,[26.06]F_V_JD멜_인지_상시_인플루언서형_인플루언서형.인지_main.릴스_공통.X_1P_문선정_260619_빙과_이수민_OcQS8Jtk.mp4_[26.06]F_V_JD멜_인지_상시_인플루언서형_인플루언서형.인지_var2.릴스_대세감.X_1P_문선정_260619_빙과_이수민,766,0,262.0,0,126,인지
2026-08-20,1873959487025618,[빙과_스틱바]_쫀득바_인지2_video,[멜론] 전세계에서일본에만_7.1W,[26.07]F_V_JD멜_인지_쫀득바출시_인물리뷰형_인물리뷰형_var6.릴스_1위강조.X_2P_문선정_260703_빙과_유영현_PV7bCcFl.mp4_[26.07]F_V_JD멜_인지_쫀득바출시_인물리뷰형_인물리뷰형_var6.릴스_1위강조.X_2P_문선정_260703_빙과_유영현,619,0,235.0,0,108,인지
2026-08-20,1868780396968018,[빙과_스틱바]_쫀득바_전환_video,[멜론쫀득바] 인플루언서형_6.3W,[26.06]F_V_JD멜_전환_상시_인플루언서형_인플루언서형.전환_var2.릴스_쫀득.X_1P_문선정_260619_빙과_이수민_Eoc9nyH1.mp4_[26.06]F_V_JD멜_전환_상시_인플루언서형_인플루언서형.전환_var2.릴스_쫀득.X_1P_문선정_260619_빙과_이수민,1165,30,11339.0,1,0,전환
2026-08-20,1873959671881745,[빙과_스틱바]_쫀득바_인지2_video,[멜론] 유튜버썰풀기형_6.3W,[26.06]F_V_JD멜_인지_쫀득바출시_숏츠형_유튜브읽기형_var6.릴스_업계최초.의외로.X_1P_문선정_260612_빙과_이수현_KyiOqcTE.mp4_[26.06]F_V_JD멜_인지_쫀득바출시_숏츠형_유튜브읽기형_var6.릴스_업계최초.의외로.X_1P_문선정_260612_빙과_이수현,1849,0,738.0,0,302,인지
2026-08-20,1873959596195153,[빙과_스틱바]_쫀득바_인지2_video,[멜론] 인플루언서형_6.3W,[26.06]F_V_JD멜_인지_상시_인플루언서형_인플루언서형.인지_main.릴스_공통.X_1P_문선정_260619_빙과_이수민_OcQS8Jtk.mp4_[26.06]F_V_JD멜_인지_상시_인플루언서형_인플루언서형.인지_main.릴스_공통.X_1P_문선정_260619_빙과_이수민,843,0,253.0,0,123,인지
2026-08-20,1873959484807170,[빙과_스틱바]_쫀득바_인지2_video,[멜론] 전세계에서일본에만_7.1W,[26.07]F_V_JD멜_인지_쫀득바출시_인물리뷰형_인물리뷰형_var4.릴스_상단.일본안가.X_2P_문선정_260703_빙과_유영현_lXorbHIU.mp4_[26.07]F_V_JD멜_인지_쫀득바출시_인물리뷰형_인물리뷰형_var4.릴스_상단.일본안가.X_2P_문선정_260703_빙과_유영현,1202,0,460.0,0,200,인지
2026-08-20,1873959493639409,[빙과_스틱바]_쫀득바_인지2_video,[멜론] 초딩유행템2_6.4W,[26.06]F_V_JD멜_인지_쫀득바출시_신규BP_써우리BP_var1.릴스_초딩유행템.X_1P_문선정_260626_빙과_김진수_zL5oeyvi.mp4_[26.06]F_V_JD멜_인지_쫀득바출시_신규BP_써우리BP_var1.릴스_초딩유행템.X_1P_문선정_260626_빙과_김진수,2925,0,2545.0,0,884,인지
2026-08-20,1874038793251010,[빙과_스틱바]_쫀득바_전환_video,[멜론쫀득바] AI_6.3W,블랙트러플 하몽 시리즈 - 라라스윗-Music_Refresh-1-2_UlUAEz_3_[26.06]F_V_JD멜_전환_쫀득바출시_기타_AI활용형_var2.릴스_악플 소구점 2개 .X_1P_이석영_260605_빙과_함주현,4,0,1.0,0,0,전환
2026-08-20,1874030317649217,[빙과_스틱바]_쫀득바_인지2_video,[멜론] 인물리뷰(2)_6.3W,[26.06]F_V_JD멜_인지_쫀득바출시_인물리뷰형_렉카형_var2.릴스_상단.대세감.X_2P_고가영_260612_빙과_김지연_uJ2PiCGN.mp4_[26.06]F_V_JD멜_인지_쫀득바출시_인물리뷰형_렉카형_var2.릴스_상단.대세감.X_2P_고가영_260612_빙과_김지연,1206,0,315.0,0,163,인지
2026-08-20,1874034144299282,[빙과_스틱바]_쫀득바_전환_video,[멜론쫀득바] 지인네고형_6.3W,블랙트러플 하몽 시리즈 - 라라스윗-Music_Refresh-1-2_0j8Z7j_2_[26.06]F_V_JD멜_전환_쫀득바출시_네고형_지인네고형_var1.릴스_규모감.X_1P_김유진_260619_빙과_이수현,59,2,196.0,0,0,전환
2026-08-20,1873959645922641,[빙과_스틱바]_쫀득바_인지2_video,[멜론] 인물리뷰(2)_6.3W,[26.06]F_V_JD멜_인지_쫀득바출시_인물리뷰형_렉카형_main.릴스_공통.X_2P_고가영_260612_빙과_김지연_bRJKpluY.mp4_[26.06]F_V_JD멜_인지_쫀득바출시_인물리뷰형_렉카형_main.릴스_공통.X_2P_고가영_260612_빙과_김지연,2661,0,766.0,0,354,인지
2026-08-20,1873959550576913,[빙과_스틱바]_쫀득바_인지2_video,[멜론] 1년후에받는_6.4W,[26.06]F_V_JD멜_인지_쫀득바출시_신규BP_써우리BP_var3.릴스_찾는척.X_1P_문선정_260626_빙과_이수민_dsA5VQTS.mp4_[26.06]F_V_JD멜_인지_쫀득바출시_신규BP_써우리BP_var3.릴스_찾는척.X_1P_문선정_260626_빙과_이수민,3797,0,1912.0,0,804,인지
2026-08-20,1873959668420802,[빙과_스틱바]_쫀득바_인지2_video,[멜론] 유튜버썰풀기형_6.3W,[26.06]F_V_JD멜_인지_쫀득바출시_숏츠형_유튜브읽기형_var2.릴스_원조이김.국민템.X_1P_문선정_260612_빙과_이수현_sC9KkVo2.mp4_[26.06]F_V_JD멜_인지_쫀득바출시_숏츠형_유튜브읽기형_var2.릴스_원조이김.국민템.X_1P_문선정_260612_빙과_이수현,2578,0,1202.0,0,443,인지
2026-08-20,1868417916599330,[빙과_스틱바]_쫀득바_전환_video,[멜론쫀득바] AI_6.3W,[26.06]F_V_JD멜_전환_쫀득바출시_기타_AI활용형_var2.릴스_악플 소구점 2개 .X_1P_이석영_260605_빙과_함주현_KZS27ox0.MP4_[26.06]F_V_JD멜_전환_쫀득바출시_기타_AI활용형_var2.릴스_악플 소구점 2개 .X_1P_이석영_260605_빙과_함주현,1136,15,6190.0,0,0,전환
2026-08-20,1874030330240002,[빙과_스틱바]_쫀득바_인지2_video,[망고] 맛인지_6.3W,[26.06]F_V_JD망_인지_쫀득바출시_맛인지형_맛인지형.인지_var4.릴스_혜택.진수.6월.수민PJ_2P_문선정_260619_빙과_김지연_6H8Mjtxm.mp4_[26.06]F_V_JD망_인지_쫀득바출시_맛인지형_맛인지형.인지_var4.릴스_혜택.진수.6월.수민PJ_2P_문선정_260619_빙과_김지연,268,0,100.0,0,33,인지
2026-08-20,1873959509313921,[빙과_스틱바]_쫀득바_인지2_video,[멜론] 일본원정템_7.1W,[26.07]F_V_JD멜_인지_쫀득바출시_신규BP_외부BP_var2.릴스_POV.X_2P_문선정_260703_빙과_이하림_vSPVRZmI.mp4_[26.07]F_V_JD멜_인지_쫀득바출시_신규BP_외부BP_var2.릴스_POV.X_2P_문선정_260703_빙과_이하림,1095,0,441.0,0,164,인지
2026-08-20,1873959645921585,[빙과_스틱바]_쫀득바_인지2_video,[멜론] 인물리뷰(2)_6.3W,[26.06]F_V_JD멜_인지_쫀득바출시_인물리뷰형_렉카형_var1.릴스_1년멜론.X_2P_고가영_260612_빙과_김지연_Vfw93Dij.mp4_[26.06]F_V_JD멜_인지_쫀득바출시_인물리뷰형_렉카형_var1.릴스_1년멜론.X_2P_고가영_260612_빙과_김지연,1092,0,237.0,0,140,인지
2026-08-20,1868419579552946,[빙과_스틱바]_쫀득바_전환_video,[멜론쫀득바] 공구네고형_6.3W,[26.05]F_V_JD멜_전환_쫀득바출시_네고형_공구네고형_var3.릴스_취식.진수.X_2C_김유진_260529_2T_피재은_O0pRrSC4.mp4_[26.05]F_V_JD멜_전환_쫀득바출시_네고형_공구네고형_var3.릴스_취식.진수.X_2C_김유진_260529_2T_피재은,18,0,92.0,0,0,전환
2026-08-20,1874038793247874,[빙과_스틱바]_쫀득바_전환_video,[멜론쫀득바] AI_6.3W,Black Truffle Ham Chips-Music_Refresh-2-2_[26.06]F_V_JD멜_전환_쫀득바출시_기타_AI활용형_var2.릴스_악플 소구점 2개 .X_1P_이석영_260605_빙과_함주현,173,0,1578.0,0,0,전환
2026-08-20,1873959582885202,[빙과_스틱바]_쫀득바_인지2_video,[망고] 맛인지_6.3W,[26.06]F_V_JD망_인지_쫀득바출시_맛인지형_맛인지형.인지_main.릴스_공통.진수.6월.수민PJ_2P_문선정_260619_빙과_김지연_pI4Fmbu1.mp4_[26.06]F_V_JD망_인지_쫀득바출시_맛인지형_맛인지형.인지_main.릴스_공통.진수.6월.수민PJ_2P_문선정_260619_빙과_김지연,1628,0,849.0,0,349,인지
2026-08-20,1874038787280993,[빙과_스틱바]_쫀득바_전환_video,[멜론쫀득바] 네고형_6.3W,블랙트러플 하몽 시리즈 - 라라스윗-Music_Refresh-1-2_0j8Z7j_2_[26.06]F_V_JD멜_전환_쫀득바출시_네고형_네고형_var2.릴스_4만원.쫀쫀.X_1P_문선정_260619_빙과_이수민,52,0,247.0,0,0,전환
2026-08-20,1873959572271185,[빙과_스틱바]_쫀득바_인지2_video,[멜론] 써우리BP_6.4W,[26.06]F_V_JD멜_인지_쫀득바출시_맛인지형_맛인지형.인지_var1.릴스_왁뿌볼.X_1P_문선정_260612_빙과_이수민_EwQB6yWu.mp4_[26.06]F_V_JD멜_인지_쫀득바출시_맛인지형_맛인지형.인지_var1.릴스_왁뿌볼.X_1P_문선정_260612_빙과_이수민,1303,0,644.0,0,240,인지
2026-08-20,1873959599404161,[빙과_스틱바]_쫀득바_인지2_video,[멜론] 인플루언서형_6.3W,[26.06]F_V_JD멜_인지_상시_인플루언서형_인플루언서형.인지_var3.릴스_코어 후킹.X_1P_문선정_260619_빙과_이수민_fHo1zJ0X.mp4_[26.06]F_V_JD멜_인지_상시_인플루언서형_인플루언서형.인지_var3.릴스_코어 후킹.X_1P_문선정_260619_빙과_이수민,1652,0,313.0,0,149,인지
2026-08-20,1874035807099489,[빙과_스틱바]_쫀득바_전환_video,[멜론쫀득바] 인플루언서형_6.3W,Auto-generated-Add_Text_Sticker_Retrieve-1-2_[26.06]F_V_JD멜_전환_상시_인플루언서형_인플루언서형.전환_var3.릴스_혜택.X_1P_문선정_260619_빙과_이수민,194,2,1060.0,0,0,전환
2026-08-20,1873959500695698,[빙과_스틱바]_쫀득바_인지2_video,[멜론] 1위단독_7.1W,[26.07]F_V_JD멜_인지_쫀득바출시_바이럴형_커뮤니티형_var1.릴스_30년만에.신입탕비담당.X_1P_문선정_260702_빙과_김진수_8W5sKwHy.mp4_[26.07]F_V_JD멜_인지_쫀득바출시_바이럴형_커뮤니티형_var1.릴스_30년만에.신입탕비담당.X_1P_문선정_260702_빙과_김진수,2436,0,2454.0,0,731,인지
2026-08-20,1874030338066737,[빙과_스틱바]_쫀득바_인지2_video,[멜론] 현지인도못구하는_7.1W,[26.07]F_V_JD멜_인지_쫀득바출시_인플루언서형_인플루언서형_var2.릴스_인물먼저.X_1P_문선정_260703_빙과_정하얀_JOamzo0T.mp4_[26.07]F_V_JD멜_인지_쫀득바출시_인플루언서형_인플루언서형_var2.릴스_인물먼저.X_1P_문선정_260703_빙과_정하얀,555,0,153.0,0,64,인지
2026-08-20,1868779801616738,[빙과_스틱바]_쫀득바_전환_video,[멜론쫀득바] 컨비니BP_6.3W,[26.06]F_V_JD멜_전환_쫀득바출시_제조과정형_컨비니BP_var3.릴스_쫀득.X_1P_김유진_260619_빙과_정요한_dBD5RbfS.mp4_[26.06]F_V_JD멜_전환_쫀득바출시_제조과정형_컨비니BP_var3.릴스_쫀득.X_1P_김유진_260619_빙과_정요한,1351,44,14560.0,2,0,전환
2026-08-20,1874034140322146,[빙과_스틱바]_쫀득바_전환_video,[멜론쫀득바] 공구네고형_6.3W,Black Truffle Ham Chips-Music_Refresh-1-2_XTRhrz_1_[26.05]F_V_JD멜_전환_쫀득바출시_네고형_공구네고형_var4.릴스_에르메스.진수.X_2C_김유진_260529_2T_피재은,2057,14,3432.0,1,0,전환
2026-08-20,1874035807098305,[빙과_스틱바]_쫀득바_전환_video,[멜론쫀득바] 인플루언서형_6.3W,v10033g50000d9m6fsvog65s09kv7ks0_1200101-2_[26.06]F_V_JD멜_전환_상시_인플루언서형_인플루언서형.전환_var3.릴스_혜택.X_1P_문선정_260619_빙과_이수민,414,6,3203.0,0,0,전환
2026-08-20,1874035807097281,[빙과_스틱바]_쫀득바_전환_video,[멜론쫀득바] 인플루언서형_6.3W,Black Truffle Ham Chips-Music_Refresh-1-2_EQC3Lx_2_[26.06]F_V_JD멜_전환_상시_인플루언서형_인플루언서형.전환_var3.릴스_혜택.X_1P_문선정_260619_빙과_이수민,19,0,8.0,0,0,전환
2026-08-20,1874034134957282,[빙과_스틱바]_쫀득바_전환_video,[멜론쫀득바] 바운스번BP_6.3W,Black Truffle Ham Series (10 packs)-Music_Refresh-1-1_[26.06]F_V_JD멜_전환_쫀득바출시_신규BP_바운스번BP_var2.릴스_혜택.X_2P_고가영_260612_빙과_조의진,1688,10,8489.0,1,0,전환
2026-08-20,1868781738912801,[빙과_스틱바]_쫀득바_전환_video,[멜론쫀득바] 지인네고형_6.3W,[26.06]F_V_JD멜_전환_쫀득바출시_네고형_지인네고형_var1.릴스_규모감.X_1P_김유진_260619_빙과_이수현_2bLPnrEY.mp4_[26.06]F_V_JD멜_전환_쫀득바출시_네고형_지인네고형_var1.릴스_규모감.X_1P_김유진_260619_빙과_이수현,1812,29,8327.0,1,0,전환
2026-08-20,1868780396311809,[빙과_스틱바]_쫀득바_전환_video,[멜론쫀득바] 인플루언서형_6.3W,[26.06]F_V_JD멜_전환_상시_인플루언서형_인플루언서형.전환_var4.릴스_노을멜론.4만원.X_1P_문선정_260619_빙과_이수민_JDtpbQvE.mp4_[26.06]F_V_JD멜_전환_상시_인플루언서형_인플루언서형.전환_var4.릴스_노을멜론.4만원.X_1P_문선정_260619_빙과_이수민,1261,42,12233.0,2,0,전환
2026-08-20,1874030339424258,[빙과_스틱바]_쫀득바_인지2_video,[멜론] 1위단독_7.1W,[26.07]F_V_JD멜_인지_쫀득바출시_바이럴형_커뮤니티형_var2.릴스_매출1등.입사동기.X_1P_문선정_260703_빙과_김진수_oSB4Y18s.mp4_[26.07]F_V_JD멜_인지_쫀득바출시_바이럴형_커뮤니티형_var2.릴스_매출1등.입사동기.X_1P_문선정_260703_빙과_김진수,4978,0,3216.0,0,893,인지
2026-08-20,1868417906270338,[빙과_스틱바]_쫀득바_전환_video,[멜론쫀득바] AI_6.3W,[26.06]F_V_JD멜_전환_쫀득바출시_기타_AI활용형_var6.릴스_달리기.멜쫀바.최저가.X_1P_이석영_260605_빙과_함주현_2OmpHAa7.MP4_[26.06]F_V_JD멜_전환_쫀득바출시_기타_AI활용형_var6.릴스_달리기.멜쫀바.최저가.X_1P_이석영_260605_빙과_함주현,172,2,1482.0,0,0,전환
2026-08-20,1874034140322114,[빙과_스틱바]_쫀득바_전환_video,[멜론쫀득바] 공구네고형_6.3W,블랙트러플 하몽 시리즈 - 라라스윗-Music_Refresh-2-3_[26.05]F_V_JD멜_전환_쫀득바출시_네고형_공구네고형_var4.릴스_에르메스.진수.X_2C_김유진_260529_2T_피재은,50,0,66.0,0,0,전환
2026-08-20,1873959483402306,[빙과_스틱바]_쫀득바_인지2_video,[멜론] 전세계에서일본에만_7.1W,[26.07]F_V_JD멜_인지_쫀득바출시_인물리뷰형_인물리뷰형_var2.릴스_상단.1등로손.X_2P_문선정_260703_빙과_유영현_kvnPtLWY.mp4_[26.07]F_V_JD멜_인지_쫀득바출시_인물리뷰형_인물리뷰형_var2.릴스_상단.1등로손.X_2P_문선정_260703_빙과_유영현,700,0,221.0,0,113,인지
2026-08-20,1873959472446466,[빙과_스틱바]_쫀득바_인지2_video,[멜론] AI형(cs제조과정형)_7.2W,[26.07]F_V_JD멜_인지_쫀득바출시_기타_AI활용형_main.릴스_cs제조과정형.본론.AI건_1P_문선정_260709_빙과_강다빈_qkte3cCg.mp4_[26.07]F_V_JD멜_인지_쫀득바출시_기타_AI활용형_main.릴스_cs제조과정형.본론.AI건_1P_문선정_260709_빙과_강다빈,4151,0,3091.0,0,1023,인지
2026-08-20,1874034134957250,[빙과_스틱바]_쫀득바_전환_video,[멜론쫀득바] 바운스번BP_6.3W,Black Truffle Ham Chips-Music_Refresh-2-2_[26.06]F_V_JD멜_전환_쫀득바출시_신규BP_바운스번BP_var2.릴스_혜택.X_2P_고가영_260612_빙과_조의진,577,7,4398.0,0,0,전환
2026-08-20,1873959509314913,[빙과_스틱바]_쫀득바_인지2_video,[멜론] 일본원정템_7.1W,[26.07]F_V_JD멜_인지_쫀득바출시_신규BP_외부BP_var1.릴스_메인.일반브금.X_2P_문선정_260703_빙과_이하림_WTZLraDf.mp4_[26.07]F_V_JD멜_인지_쫀득바출시_신규BP_외부BP_var1.릴스_메인.일반브금.X_2P_문선정_260703_빙과_이하림,1005,0,446.0,0,231,인지
2026-08-20,1874034145490290,[빙과_스틱바]_쫀득바_전환_video,[멜론쫀득바] 전화네고형_6.3W,Black Truffle Ham Series-Music_Refresh-1-2_[26.06]F_V_JD멜_전환_쫀득바출시_네고형_전화네고형_var3.릴스_노을멜론취식강조.X_1P_김유진_260605_빙과_이수민,798,6,4627.0,1,0,전환
2026-08-20,1873959567272305,[빙과_스틱바]_쫀득바_인지2_video,[멜론] 부자들만먹는_6.4W,[26.06]F_V_JD멜_인지_쫀득바출시_신규BP_먹방형_var4.릴스_숏.X_1P_문선정_260626_빙과_이수민_51lK2MkR.mp4_[26.06]F_V_JD멜_인지_쫀득바출시_신규BP_먹방형_var4.릴스_숏.X_1P_문선정_260626_빙과_이수민,954,0,225.0,0,132,인지
2026-08-20,1873959610749169,[빙과_스틱바]_쫀득바_인지2_video,[멜론] 컨비니BP_6.3W,[26.06]F_V_JD멜_인지_쫀득바출시_제조과정형_컨비니BP_var7.릴스_왁뿌볼.X_1P_김유진_260619_빙과_정요한_ibKZerQN.mp4_[26.06]F_V_JD멜_인지_쫀득바출시_제조과정형_컨비니BP_var7.릴스_왁뿌볼.X_1P_김유진_260619_빙과_정요한,915,0,302.0,0,130,인지
2026-08-20,1868419575909601,[빙과_스틱바]_쫀득바_전환_video,[멜론쫀득바] 공구네고형_6.3W,[26.05]F_V_JD멜_전환_쫀득바출시_네고형_공구네고형_var5.릴스_BP.진수.X_2C_김유진_260529_2T_피재은_P7cKxot0.mp4_[26.05]F_V_JD멜_전환_쫀득바출시_네고형_공구네고형_var5.릴스_BP.진수.X_2C_김유진_260529_2T_피재은,3650,64,34811.0,2,0,전환
2026-08-20,1874034140321058,[빙과_스틱바]_쫀득바_전환_video,[멜론쫀득바] 공구네고형_6.3W,블랙트러플 하몽 시리즈 - 라라스윗-Music_Refresh-2-4_[26.05]F_V_JD멜_전환_쫀득바출시_네고형_공구네고형_var4.릴스_에르메스.진수.X_2C_김유진_260529_2T_피재은,11,0,17.0,0,0,전환
2026-08-20,1868418305544305,[빙과_스틱바]_쫀득바_전환_video,[멜론쫀득바] AI_6.3W,[26.06]F_V_JD멜_전환_쫀득바출시_기타_AI활용형_var7.릴스_달리기.멜쫀바.미안.X_1P_이석영_260605_빙과_함주현_b3KkFoOC.MP4_[26.06]F_V_JD멜_전환_쫀득바출시_기타_AI활용형_var7.릴스_달리기.멜쫀바.미안.X_1P_이석영_260605_빙과_함주현,666,8,3241.0,0,0,전환
2026-08-20,1874030336353905,[빙과_스틱바]_쫀득바_인지2_video,[멜론] 농부대첩_6.4W,[26.06]F_V_JD멜_인지_쫀득바출시_신규BP_농부대첩BP_var2.릴스_택갈이.X_2P_김유진_260626_빙과_노현경_fSprCtMj.mp4_[26.06]F_V_JD멜_인지_쫀득바출시_신규BP_농부대첩BP_var2.릴스_택갈이.X_2P_김유진_260626_빙과_노현경,615,0,161.0,0,77,인지
2026-08-20,1873959511342130,[빙과_스틱바]_쫀득바_인지2_video,[멜론] 일본원정템_7.1W,[26.07]F_V_JD멜_인지_쫀득바출시_신규BP_외부BP_main.릴스_메인.키노피오브금.X_2P_문선정_260703_빙과_이하림_CMkAHnfZ.mp4_[26.07]F_V_JD멜_인지_쫀득바출시_신규BP_외부BP_main.릴스_메인.키노피오브금.X_2P_문선정_260703_빙과_이하림,770,0,196.0,0,126,인지
2026-08-20,1874035807095041,[빙과_스틱바]_쫀득바_전환_video,[멜론쫀득바] 인플루언서형_6.3W,블랙트러플 하몽 시리즈 - 라라스윗-Music_Refresh-1-2_WRpAX9_0_[26.06]F_V_JD멜_전환_상시_인플루언서형_인플루언서형.전환_var3.릴스_혜택.X_1P_문선정_260619_빙과_이수민,14,0,12.0,0,0,전환
2026-08-20,1874034150953441,[빙과_스틱바]_쫀득바_전환_video,[멜론쫀득바] 컨비니BP_6.3W,블랙트러플 하몽 시리즈 - 라라스윗-Music_Refresh-1-2_9iG8uE_1_[26.06]F_V_JD멜_전환_쫀득바출시_제조과정형_컨비니BP_var2.릴스_에르메스.X_1P_김유진_260619_빙과_정요한,22,0,12.0,0,0,전환
2026-08-20,1868782470582401,[빙과_스틱바]_쫀득바_전환_video,[멜론쫀득바] 네고형_6.3W,[26.06]F_V_JD멜_전환_쫀득바출시_네고형_네고형_var3.릴스_4만원.할인.X_1P_문선정_260619_빙과_이수민_JLvMrVtj.mp4_[26.06]F_V_JD멜_전환_쫀득바출시_네고형_네고형_var3.릴스_4만원.할인.X_1P_문선정_260619_빙과_이수민,5016,62,14813.0,1,0,전환
2026-08-20,1874034140321026,[빙과_스틱바]_쫀득바_전환_video,[멜론쫀득바] 공구네고형_6.3W,Black Truffle Ham Series (10 packs)-Music_Refresh-4-3_[26.05]F_V_JD멜_전환_쫀득바출시_네고형_공구네고형_var4.릴스_에르메스.진수.X_2C_김유진_260529_2T_피재은,4177,29,3140.0,0,0,전환
2026-08-20,1873959480702594,[빙과_스틱바]_쫀득바_인지2_video,[멜론] 관계성네고_7.1W,[26.07]F_V_JD멜_인지_쫀득바출시_인물리뷰형_관계성_var5.릴스_거절후킹.X_1P_김유진_260703_빙과_강다빈_jZ6Hx74b.mp4_[26.07]F_V_JD멜_인지_쫀득바출시_인물리뷰형_관계성_var5.릴스_거절후킹.X_1P_김유진_260703_빙과_강다빈,16957,0,26012.0,0,5468,인지
2026-08-20,1874034144301250,[빙과_스틱바]_쫀득바_전환_video,[멜론쫀득바] 지인네고형_6.3W,Black Truffle Ham Chips-Music_Refresh-0-4_[26.06]F_V_JD멜_전환_쫀득바출시_네고형_지인네고형_var1.릴스_규모감.X_1P_김유진_260619_빙과_이수현,13,0,237.0,0,0,전환
2026-08-20,1874035807098337,[빙과_스틱바]_쫀득바_전환_video,[멜론쫀득바] 인플루언서형_6.3W,v10033g50000d9m6i2fog65k0n9vfi20_1200101-1_6WpcNz_0_[26.06]F_V_JD멜_전환_상시_인플루언서형_인플루언서형.전환_var3.릴스_혜택.X_1P_문선정_260619_빙과_이수민,822,12,5088.0,0,0,전환
2026-08-20,1874035807097313,[빙과_스틱바]_쫀득바_전환_video,[멜론쫀득바] 인플루언서형_6.3W,블랙트러플 하몽 시리즈 - 라라스윗-Music_Refresh-1-2_UlUAEz_3_[26.06]F_V_JD멜_전환_상시_인플루언서형_인플루언서형.전환_var3.릴스_혜택.X_1P_문선정_260619_빙과_이수민,18,0,28.0,0,0,전환
2026-08-20,1874030331270737,[빙과_스틱바]_쫀득바_인지2_video,[망고] 전화네고형_6.3W,[26.06]F_V_JD망_인지_쫀득바출시_네고형_전화네고형_main.릴스_공통.X_2P_문선정_260622_빙과_조의진_NYzLctHZ.mp4_[26.06]F_V_JD망_인지_쫀득바출시_네고형_전화네고형_main.릴스_공통.X_2P_문선정_260622_빙과_조의진,3643,0,1562.0,0,558,인지
2026-08-20,1873959530787025,[빙과_스틱바]_쫀득바_인지2_video,[멜론] 책상네고 대체_6.4W,[26.06]F_V_JD멜_인지_쫀득바출시_기타_비하인드썰풀기_main.릴스_본론.X_1P_김유진_260626_빙과_강다빈_viyVb41T.mp4_[26.06]F_V_JD멜_인지_쫀득바출시_기타_비하인드썰풀기_main.릴스_본론.X_1P_김유진_260626_빙과_강다빈,1432,0,699.0,0,246,인지
2026-08-20,1874034150942977,[빙과_스틱바]_쫀득바_전환_video,[멜론쫀득바] 컨비니BP_6.3W,Black Truffle Ham Series (10 packs)-Music_Refresh-1-1_[26.06]F_V_JD멜_전환_쫀득바출시_제조과정형_컨비니BP_var2.릴스_에르메스.X_1P_김유진_260619_빙과_정요한,42,0,323.0,0,0,전환
2026-08-20,1873959607444929,[빙과_스틱바]_쫀득바_인지2_video,[멜론] 컨비니BP_6.3W,[26.06]F_V_JD멜_인지_쫀득바출시_제조과정형_컨비니BP_var6.릴스_희소성.X_1P_김유진_260619_빙과_정요한_BXJfE8xs.mp4_[26.06]F_V_JD멜_인지_쫀득바출시_제조과정형_컨비니BP_var6.릴스_희소성.X_1P_김유진_260619_빙과_정요한,778,0,206.0,0,103,인지
2026-08-20,1874034140320226,[빙과_스틱바]_쫀득바_전환_video,[멜론쫀득바] 공구네고형_6.3W,블랙트러플 하몽 시리즈 - 라라스윗-Music_Refresh-1-2_0j8Z7j_2_[26.05]F_V_JD멜_전환_쫀득바출시_네고형_공구네고형_var4.릴스_에르메스.진수.X_2C_김유진_260529_2T_피재은,447,3,1721.0,0,0,전환
2026-08-20,1873959654248546,[빙과_스틱바]_쫀득바_인지2_video,[멜론] 요거트바BP_6.3W,[26.06]F_V_JD멜_인지_쫀득바출시_인물리뷰형_편의점원정_var1.릴스_맛.X_1P_문선정_260612_빙과_정요한_USPOMvkw.mp4_[26.06]F_V_JD멜_인지_쫀득바출시_인물리뷰형_편의점원정_var1.릴스_맛.X_1P_문선정_260612_빙과_정요한,756,0,116.0,0,69,인지
2026-08-20,1868779816882529,[빙과_스틱바]_쫀득바_전환_video,[멜론쫀득바] 컨비니BP_6.3W,[26.06]F_V_JD멜_전환_쫀득바출시_제조과정형_컨비니BP_var2.릴스_에르메스.X_1P_김유진_260619_빙과_정요한_qD3UNPFZ.mp4_[26.06]F_V_JD멜_전환_쫀득바출시_제조과정형_컨비니BP_var2.릴스_에르메스.X_1P_김유진_260619_빙과_정요한,1329,18,15192.0,1,0,전환
2026-08-20,1868417029176737,[빙과_스틱바]_쫀득바_전환_video,[멜론쫀득바] 전화네고형_6.3W,[26.06]F_V_JD멜_전환_쫀득바출시_네고형_전화네고형_var2.릴스_노을멜론강조.X_1P_김유진_260605_빙과_이수민_YIyaSLcq.mp4_[26.06]F_V_JD멜_전환_쫀득바출시_네고형_전화네고형_var2.릴스_노을멜론강조.X_1P_김유진_260605_빙과_이수민,21,0,68.0,0,0,전환
2026-08-20,1868417027023010,[빙과_스틱바]_쫀득바_전환_video,[멜론쫀득바] 전화네고형_6.3W,[26.06]F_V_JD멜_전환_쫀득바출시_네고형_전화네고형_var3.릴스_노을멜론취식강조.X_1P_김유진_260605_빙과_이수민_GMPE8XY3.mp4_[26.06]F_V_JD멜_전환_쫀득바출시_네고형_전화네고형_var3.릴스_노을멜론취식강조.X_1P_김유진_260605_빙과_이수민,3078,57,25304.0,0,0,전환
2026-08-20,1874034144300034,[빙과_스틱바]_쫀득바_전환_video,[멜론쫀득바] 지인네고형_6.3W,Black Truffle Ham Series (10 packs)-Music_Refresh-1-1_[26.06]F_V_JD멜_전환_쫀득바출시_네고형_지인네고형_var1.릴스_규모감.X_1P_김유진_260619_빙과_이수현,361,5,1164.0,0,0,전환
2026-08-20,1874035807095073,[빙과_스틱바]_쫀득바_전환_video,[멜론쫀득바] 인플루언서형_6.3W,블랙트러플 하몽 시리즈 - 라라스윗-Music_Refresh-1-2_9iG8uE_1_[26.06]F_V_JD멜_전환_상시_인플루언서형_인플루언서형.전환_var3.릴스_혜택.X_1P_문선정_260619_빙과_이수민,32,1,19.0,0,0,전환
2026-08-20,1874034150950209,[빙과_스틱바]_쫀득바_전환_video,[멜론쫀득바] 컨비니BP_6.3W,HighCostBau-v10033g50000d9vdo47og65q8gebe8gg_[26.06]F_V_JD멜_전환_쫀득바출시_제조과정형_컨비니BP_var2.릴스_에르메스.X_1P_김유진_260619_빙과_정요한,17,0,6.0,0,0,전환
2026-08-20,1874034134959266,[빙과_스틱바]_쫀득바_전환_video,[멜론쫀득바] 바운스번BP_6.3W,블랙트러플 하몽 시리즈 - 라라스윗-Music_Refresh-1-2_WRpAX9_0_[26.06]F_V_JD멜_전환_쫀득바출시_신규BP_바운스번BP_var2.릴스_혜택.X_2P_고가영_260612_빙과_조의진,17,0,35.0,0,0,전환
2026-08-20,1874034150942017,[빙과_스틱바]_쫀득바_전환_video,[멜론쫀득바] 컨비니BP_6.3W,블랙트러플 하몽 시리즈 - 라라스윗-Music_Refresh-1-2_0j8Z7j_2_[26.06]F_V_JD멜_전환_쫀득바출시_제조과정형_컨비니BP_var2.릴스_에르메스.X_1P_김유진_260619_빙과_정요한,67,0,530.0,0,0,전환
2026-08-20,1873959560792561,[빙과_스틱바]_쫀득바_인지2_video,[멜론] 부자들만먹는_6.4W,[26.06]F_V_JD멜_인지_쫀득바출시_신규BP_먹방형_var1.릴스_쫀득.X_1P_문선정_260626_빙과_이수민_PAw0dpIV.mp4_[26.06]F_V_JD멜_인지_쫀득바출시_신규BP_먹방형_var1.릴스_쫀득.X_1P_문선정_260626_빙과_이수민,950,0,224.0,0,133,인지
2026-08-20,1873959592940658,[빙과_스틱바]_쫀득바_인지2_video,[멜론] 인플루언서형_6.3W,[26.06]F_V_JD멜_인지_상시_인플루언서형_인플루언서형.인지_var1.릴스_쫀득 후킹.X_1P_문선정_260619_빙과_이수민_HCZXPTgo.mp4_[26.06]F_V_JD멜_인지_상시_인플루언서형_인플루언서형.인지_var1.릴스_쫀득 후킹.X_1P_문선정_260619_빙과_이수민,397,0,84.0,0,49,인지
2026-08-20,1873959662238738,[빙과_스틱바]_쫀득바_인지2_video,[멜론] 유튜버썰풀기형_6.3W,[26.06]F_V_JD멜_인지_쫀득바출시_숏츠형_유튜브읽기형_var1.릴스_1년에한달.365일.X_1P_문선정_260612_빙과_이수현_Gau8dgwA.mp4_[26.06]F_V_JD멜_인지_쫀득바출시_숏츠형_유튜브읽기형_var1.릴스_1년에한달.365일.X_1P_문선정_260612_빙과_이수현,811,0,437.0,0,163,인지
2026-08-20,1874035807093889,[빙과_스틱바]_쫀득바_전환_video,[멜론쫀득바] 인플루언서형_6.3W,블랙트러플 하몽 시리즈 - 라라스윗-Music_Refresh-1-2_0j8Z7j_2_[26.06]F_V_JD멜_전환_상시_인플루언서형_인플루언서형.전환_var3.릴스_혜택.X_1P_문선정_260619_빙과_이수민,66,1,71.0,0,0,전환
2026-08-20,1868401422641297,[빙과_스틱바]_쫀득바_전환_video,[멜론쫀득바] 바운스번BP_6.3W,[26.06]F_V_JD멜_전환_쫀득바출시_신규BP_바운스번BP_main.릴스_BP.X_2P_고가영_260612_빙과_조의진_wJqztByi.mp4_[26.06]F_V_JD멜_전환_쫀득바출시_신규BP_바운스번BP_main.릴스_BP.X_2P_고가영_260612_빙과_조의진,87,3,654.0,0,0,전환
2026-08-20,1873959571492482,[빙과_스틱바]_쫀득바_인지2_video,[멜론] 써우리BP_6.4W,[26.06]F_V_JD멜_인지_쫀득바출시_맛인지형_맛인지형.인지_var3.릴스_국민템 멜론바.X_1P_문선정_260612_빙과_이수민_49m1RLsV.mp4_[26.06]F_V_JD멜_인지_쫀득바출시_맛인지형_맛인지형.인지_var3.릴스_국민템 멜론바.X_1P_문선정_260612_빙과_이수민,1655,0,464.0,0,223,인지
2026-08-20,1868780396973426,[빙과_스틱바]_쫀득바_전환_video,[멜론쫀득바] 인플루언서형_6.3W,[26.06]F_V_JD멜_전환_상시_인플루언서형_인플루언서형.전환_var1.릴스_노을멜론.X_1P_문선정_260619_빙과_이수민_fDdEHP80.mp4_[26.06]F_V_JD멜_전환_상시_인플루언서형_인플루언서형.전환_var1.릴스_노을멜론.X_1P_문선정_260619_빙과_이수민,189,6,1701.0,0,0,전환
2026-08-20,1874034145490322,[빙과_스틱바]_쫀득바_전환_video,[멜론쫀득바] 전화네고형_6.3W,HighCostBau-v10033g50000d9vdo47og65q8gebe8gg_[26.06]F_V_JD멜_전환_쫀득바출시_네고형_전화네고형_var3.릴스_노을멜론취식강조.X_1P_김유진_260605_빙과_이수민,9,0,122.0,0,0,전환
2026-08-20,1873959544525217,[빙과_스틱바]_쫀득바_인지2_video,[멜론] 1년후에받는_6.4W,[26.06]F_V_JD멜_인지_쫀득바출시_신규BP_써우리BP_var5.릴스_광각취식2.X_1P_문선정_260626_빙과_이수민_WvbZ0G7H.mp4_[26.06]F_V_JD멜_인지_쫀득바출시_신규BP_써우리BP_var5.릴스_광각취식2.X_1P_문선정_260626_빙과_이수민,1168,0,453.0,0,234,인지
2026-08-20,1868782470606049,[빙과_스틱바]_쫀득바_전환_video,[멜론쫀득바] 네고형_6.3W,[26.06]F_V_JD멜_전환_쫀득바출시_네고형_네고형_var4.릴스_거제야호.X_1P_문선정_260619_빙과_이수민_7YkDHmyJ.mp4_[26.06]F_V_JD멜_전환_쫀득바출시_네고형_네고형_var4.릴스_거제야호.X_1P_문선정_260619_빙과_이수민,1941,20,3149.0,1,0,전환
2026-08-20,1873959606553906,[빙과_스틱바]_쫀득바_인지2_video,[멜론] 수박BP_6.3W,[26.06]F_V_JD멜_인지_쫀득바출시_맛인지형_수박BP_main.릴스_1년에딱.X_1P_김유진_260619_빙과_정하얀_4WnKJzct.mp4_[26.06]F_V_JD멜_인지_쫀득바출시_맛인지형_수박BP_main.릴스_1년에딱.X_1P_김유진_260619_빙과_정하얀,822,0,380.0,0,136,인지
2026-08-20,1873959679955218,[빙과_스틱바]_쫀득바_인지2_video,[멜론] 인물리뷰(1)_6.3W,[26.06]F_V_JD멜_인지_쫀득바출시_인물리뷰형_인물리뷰형_var1.릴스_블랙바.X_2P_고가영_260612_빙과_유영현_bKsUmrtE.mp4_[26.06]F_V_JD멜_인지_쫀득바출시_인물리뷰형_인물리뷰형_var1.릴스_블랙바.X_2P_고가영_260612_빙과_유영현,727,0,462.0,0,208,인지
2026-08-20,1868781718194754,[빙과_스틱바]_쫀득바_전환_video,[멜론쫀득바] 지인네고형_6.3W,[26.06]F_V_JD멜_전환_쫀득바출시_네고형_지인네고형_var4.릴스_맛비주얼.X_1P_김유진_260619_빙과_이수현_7r1uhRqI.mp4_[26.06]F_V_JD멜_전환_쫀득바출시_네고형_지인네고형_var4.릴스_맛비주얼.X_1P_김유진_260619_빙과_이수현,2195,29,11004.0,1,0,전환
2026-08-20,1868779817539970,[빙과_스틱바]_쫀득바_전환_video,[멜론쫀득바] 컨비니BP_6.3W,[26.06]F_V_JD멜_전환_쫀득바출시_제조과정형_컨비니BP_var1.릴스_공통.할인.X_1P_김유진_260619_빙과_정요한_yTaNUs0u.mp4_[26.06]F_V_JD멜_전환_쫀득바출시_제조과정형_컨비니BP_var1.릴스_공통.할인.X_1P_김유진_260619_빙과_정요한,1961,50,21690.0,2,0,전환
2026-08-20,1874034140323202,[빙과_스틱바]_쫀득바_전환_video,[멜론쫀득바] 공구네고형_6.3W,블랙트러플 하몽 시리즈 - 라라스윗-Music_Refresh-1-2_9iG8uE_1_[26.05]F_V_JD멜_전환_쫀득바출시_네고형_공구네고형_var4.릴스_에르메스.진수.X_2C_김유진_260529_2T_피재은,30,0,44.0,0,0,전환
2026-08-20,1873959617824033,[빙과_스틱바]_쫀득바_인지2_video,[멜론] 지인네고형_6.3W,[26.06]F_V_JD멜_인지_쫀득바출시_네고형_지인네고형_var4.릴스_맛비주얼.X_1P_김유진_260619_빙과_이수현_LAy0WBZY.mp4_[26.06]F_V_JD멜_인지_쫀득바출시_네고형_지인네고형_var4.릴스_맛비주얼.X_1P_김유진_260619_빙과_이수현,845,0,438.0,0,183,인지
2026-08-20,1873959640782897,[빙과_스틱바]_쫀득바_인지2_video,[멜론] 초딩유행템_6.3W,[26.06]F_V_JD멜_인지_쫀득바출시_일상반응형_누나동생_var3.렉카_욕심.X_1P_문선정_260615_빙과_노현경_3ocIfBlK.mp4_[26.06]F_V_JD멜_인지_쫀득바출시_일상반응형_누나동생_var3.렉카_욕심.X_1P_문선정_260615_빙과_노현경,3042,0,1214.0,0,445,인지
2026-08-20,1874038793250194,[빙과_스틱바]_쫀득바_전환_video,[멜론쫀득바] AI_6.3W,블랙트러플 하몽 시리즈 - 라라스윗-Music_Refresh-1-2_WRpAX9_0_[26.06]F_V_JD멜_전환_쫀득바출시_기타_AI활용형_var2.릴스_악플 소구점 2개 .X_1P_이석영_260605_빙과_함주현,6,0,3.0,0,0,전환
2026-08-20,1868417031211537,[빙과_스틱바]_쫀득바_전환_video,[멜론쫀득바] 전화네고형_6.3W,[26.06]F_V_JD멜_전환_쫀득바출시_네고형_전화네고형_var1.릴스_쫀득강조.X_1P_김유진_260605_빙과_이수민_OdmVDlMr.mp4_[26.06]F_V_JD멜_전환_쫀득바출시_네고형_전화네고형_var1.릴스_쫀득강조.X_1P_김유진_260605_빙과_이수민,1,0,1.0,0,0,전환
2026-08-20,1868780396978738,[빙과_스틱바]_쫀득바_전환_video,[멜론쫀득바] 인플루언서형_6.3W,[26.06]F_V_JD멜_전환_상시_인플루언서형_인플루언서형.전환_main.릴스_공통.X_1P_문선정_260619_빙과_이수민_IjhnCENH.mp4_[26.06]F_V_JD멜_전환_상시_인플루언서형_인플루언서형.전환_main.릴스_공통.X_1P_문선정_260619_빙과_이수민,388,10,3234.0,0,0,전환
2026-08-20,1868782466836929,[빙과_스틱바]_쫀득바_전환_video,[멜론쫀득바] 네고형_6.3W,[26.06]F_V_JD멜_전환_쫀득바출시_네고형_네고형_var2.릴스_4만원.쫀쫀.X_1P_문선정_260619_빙과_이수민_Ug4HNQAE.mp4_[26.06]F_V_JD멜_전환_쫀득바출시_네고형_네고형_var2.릴스_4만원.쫀쫀.X_1P_문선정_260619_빙과_이수민,6472,107,42635.0,7,0,전환
2026-08-20,1874034134958338,[빙과_스틱바]_쫀득바_전환_video,[멜론쫀득바] 바운스번BP_6.3W,블랙트러플 하몽 시리즈 - 라라스윗-Music_Refresh-2-3_[26.06]F_V_JD멜_전환_쫀득바출시_신규BP_바운스번BP_var2.릴스_혜택.X_2P_고가영_260612_빙과_조의진,9,0,6.0,0,0,전환
2026-08-20,1874038787281937,[빙과_스틱바]_쫀득바_전환_video,[멜론쫀득바] 네고형_6.3W,블랙트러플 하몽 시리즈 - 라라스윗-Music_Refresh-4-5_[26.06]F_V_JD멜_전환_쫀득바출시_네고형_네고형_var2.릴스_4만원.쫀쫀.X_1P_문선정_260619_빙과_이수민,1396,14,3321.0,0,0,전환
2026-08-20,1873959552987730,[빙과_스틱바]_쫀득바_인지2_video,[멜론] 초딩유행템2_6.4W,[26.06]F_V_JD멜_인지_쫀득바출시_신규BP_써우리BP_var4.릴스_품절희소성.X_1P_문선정_260626_빙과_김진수_M7qJXdn3.mp4_[26.06]F_V_JD멜_인지_쫀득바출시_신규BP_써우리BP_var4.릴스_품절희소성.X_1P_문선정_260626_빙과_김진수,3627,0,3394.0,0,1080,인지
2026-08-20,1873959662238770,[빙과_스틱바]_쫀득바_인지2_video,[멜론] 유튜버썰풀기형_6.3W,[26.06]F_V_JD멜_인지_쫀득바출시_숏츠형_유튜브읽기형_main.릴스_1년에한달.X_1P_문선정_260612_빙과_이수현_fA5aYhzs.mp4_[26.06]F_V_JD멜_인지_쫀득바출시_숏츠형_유튜브읽기형_main.릴스_1년에한달.X_1P_문선정_260612_빙과_이수현,1238,0,522.0,0,206,인지
2026-08-20,1873959517090066,[빙과_스틱바]_쫀득바_인지2_video,[멜론] AI형_6.4W,[26.06]F_V_JD멜_인지_쫀득바출시_ai형_스토리형_var1.릴스_바운스번스토리.제품명추가.AI건_1P_문선정_260630_빙과_함주현_hi46GNYU.mp4_[26.06]F_V_JD멜_인지_쫀득바출시_ai형_스토리형_var1.릴스_바운스번스토리.제품명추가.AI건_1P_문선정_260630_빙과_함주현,24811,0,45317.0,0,9220,인지
2026-08-20,1868780396306481,[빙과_스틱바]_쫀득바_전환_video,[멜론쫀득바] 인플루언서형_6.3W,[26.06]F_V_JD멜_전환_상시_인플루언서형_인플루언서형.전환_var5.릴스_공통.숏.X_1P_문선정_260619_빙과_이수민_pIVyTiSz.mp4_[26.06]F_V_JD멜_전환_상시_인플루언서형_인플루언서형.전환_var5.릴스_공통.숏.X_1P_문선정_260619_빙과_이수민,378,6,3230.0,1,0,전환
2026-08-20,1874030316282466,[빙과_스틱바]_쫀득바_인지2_video,[멜론] 유튜버썰풀기형_6.3W,[26.06]F_V_JD멜_인지_쫀득바출시_숏츠형_유튜브읽기형_var3.릴스_SNS도배.두쫀쿠다음.X_1P_문선정_260612_빙과_이수현_8Q64E9kb.mp4_[26.06]F_V_JD멜_인지_쫀득바출시_숏츠형_유튜브읽기형_var3.릴스_SNS도배.두쫀쿠다음.X_1P_문선정_260612_빙과_이수현,650,0,347.0,0,127,인지
2026-08-20,1874034144348162,[빙과_스틱바]_쫀득바_전환_video,[멜론쫀득바] 지인네고형_6.3W,Black Truffle Ham Chips-Music_Refresh-1-2_XTRhrz_1_[26.06]F_V_JD멜_전환_쫀득바출시_네고형_지인네고형_var1.릴스_규모감.X_1P_김유진_260619_빙과_이수현,242,0,359.0,0,0,전환
2026-08-20,1874035807093921,[빙과_스틱바]_쫀득바_전환_video,[멜론쫀득바] 인플루언서형_6.3W,Black Truffle Ham Series (10 packs)-Music_Refresh-3-5_[26.06]F_V_JD멜_전환_상시_인플루언서형_인플루언서형.전환_var3.릴스_혜택.X_1P_문선정_260619_빙과_이수민,281,3,958.0,0,0,전환
2026-08-20,1868782462892353,[빙과_스틱바]_쫀득바_전환_video,[멜론쫀득바] 네고형_6.3W,[26.06]F_V_JD멜_전환_쫀득바출시_네고형_네고형_var1.릴스_에르메스.X_1P_문선정_260619_빙과_이수민_6Gb7hU0n.mp4_[26.06]F_V_JD멜_전환_쫀득바출시_네고형_네고형_var1.릴스_에르메스.X_1P_문선정_260619_빙과_이수민,2625,23,5828.0,0,0,전환
2026-08-20,1874034134958370,[빙과_스틱바]_쫀득바_전환_video,[멜론쫀득바] 바운스번BP_6.3W,Black Truffle Ham Chips-Music_Refresh-1-2_EQC3Lx_2_[26.06]F_V_JD멜_전환_쫀득바출시_신규BP_바운스번BP_var2.릴스_혜택.X_2P_고가영_260612_빙과_조의진,174,1,251.0,0,0,전환
2026-08-20,1874038787281969,[빙과_스틱바]_쫀득바_전환_video,[멜론쫀득바] 네고형_6.3W,블랙트러플 하몽 시리즈 - 라라스윗-Music_Refresh-1-2_UlUAEz_3_[26.06]F_V_JD멜_전환_쫀득바출시_네고형_네고형_var2.릴스_4만원.쫀쫀.X_1P_문선정_260619_빙과_이수민,1,0,1.0,0,0,전환
2026-08-20,1874034145492482,[빙과_스틱바]_쫀득바_전환_video,[멜론쫀득바] 전화네고형_6.3W,블랙트러플 하몽 시리즈 - 라라스윗-Music_Refresh-2-3_[26.06]F_V_JD멜_전환_쫀득바출시_네고형_전화네고형_var3.릴스_노을멜론취식강조.X_1P_김유진_260605_빙과_이수민,7,0,7.0,0,0,전환
2026-08-20,1873959502194113,[빙과_스틱바]_쫀득바_인지2_video,[멜론] 현지인도못구하는_7.1W,[26.07]F_V_JD멜_인지_쫀득바출시_인플루언서형_인플루언서형_main.릴스_비행기표취소.X_1P_문선정_260703_빙과_정하얀_6J9yLGRu.mp4_[26.07]F_V_JD멜_인지_쫀득바출시_인플루언서형_인플루언서형_main.릴스_비행기표취소.X_1P_문선정_260703_빙과_정하얀,3912,0,1803.0,0,734,인지
2026-08-20,1873959552987762,[빙과_스틱바]_쫀득바_인지2_video,[멜론] 초딩유행템2_6.4W,[26.06]F_V_JD멜_인지_쫀득바출시_신규BP_써우리BP_var3.릴스_왁뿌.X_1P_문선정_260626_빙과_김진수_kuPHDIap.mp4_[26.06]F_V_JD멜_인지_쫀득바출시_신규BP_써우리BP_var3.릴스_왁뿌.X_1P_문선정_260626_빙과_김진수,10897,0,16721.0,0,3591,인지
2026-08-20,1873959531095265,[빙과_스틱바]_쫀득바_인지2_video,[멜론] 초딩유행템2_6.4W,[26.06]F_V_JD멜_인지_쫀득바출시_신규BP_써우리BP_main.릴스_본론.X_1P_문선정_260626_빙과_김진수_lniL3TJt.mp4_[26.06]F_V_JD멜_인지_쫀득바출시_신규BP_써우리BP_main.릴스_본론.X_1P_문선정_260626_빙과_김진수,7872,0,14323.0,0,2989,인지
2026-08-20,1874030341331282,[빙과_스틱바]_쫀득바_인지2_video,[멜론] 전세계에서일본에만_7.1W,[26.07]F_V_JD멜_인지_쫀득바출시_인물리뷰형_인물리뷰형_var1.릴스_상단.국내출시.X_2P_문선정_260703_빙과_유영현_hYJso2jc.mp4_[26.07]F_V_JD멜_인지_쫀득바출시_인물리뷰형_인물리뷰형_var1.릴스_상단.국내출시.X_2P_문선정_260703_빙과_유영현,389,0,105.0,0,45,인지
2026-08-20,1873959662058609,[빙과_스틱바]_쫀득바_인지2_video,[멜론] 요거트바BP_6.3W,[26.06]F_V_JD멜_인지_쫀득바출시_인물리뷰형_편의점원정_var4.릴스_대세감.X_1P_문선정_260612_빙과_정요한_dTrqo0s9.mp4_[26.06]F_V_JD멜_인지_쫀득바출시_인물리뷰형_편의점원정_var4.릴스_대세감.X_1P_문선정_260612_빙과_정요한,951,0,177.0,0,68,인지
2026-08-20,1873959547401362,[빙과_스틱바]_쫀득바_인지2_video,[멜론] 1년후에받는_6.4W,[26.06]F_V_JD멜_인지_쫀득바출시_신규BP_써우리BP_var4.릴스_광각취식1.X_1P_문선정_260626_빙과_이수민_qf35uhY2.mp4_[26.06]F_V_JD멜_인지_쫀득바출시_신규BP_써우리BP_var4.릴스_광각취식1.X_1P_문선정_260626_빙과_이수민,807,0,135.0,0,97,인지
2026-08-20,1873959472444578,[빙과_스틱바]_쫀득바_인지2_video,[멜론] AI형(cs제조과정형)_7.2W,[26.07]F_V_JD멜_인지_쫀득바출시_기타_AI활용형_var1.릴스_cs제조과정형.악플후킹.AI건_1P_문선정_260709_빙과_강다빈_QXK9oRU3.mp4_[26.07]F_V_JD멜_인지_쫀득바출시_기타_AI활용형_var1.릴스_cs제조과정형.악플후킹.AI건_1P_문선정_260709_빙과_강다빈,3042,0,1328.0,0,761,인지
2026-08-20,1874038787284177,[빙과_스틱바]_쫀득바_전환_video,[멜론쫀득바] 네고형_6.3W,Black Truffle Ham Series-Music_Refresh-1-2_[26.06]F_V_JD멜_전환_쫀득바출시_네고형_네고형_var2.릴스_4만원.쫀쫀.X_1P_문선정_260619_빙과_이수민,746,10,2290.0,1,0,전환
2026-08-20,1874034150942945,[빙과_스틱바]_쫀득바_전환_video,[멜론쫀득바] 컨비니BP_6.3W,Black Truffle Ham Chips-Music_Refresh-2-2_[26.06]F_V_JD멜_전환_쫀득바출시_제조과정형_컨비니BP_var2.릴스_에르메스.X_1P_김유진_260619_빙과_정요한,15,0,81.0,0,0,전환
2026-08-20,1873959576604178,[빙과_스틱바]_쫀득바_인지2_video,[멜론] 써우리BP_6.4W,[26.06]F_V_JD멜_인지_쫀득바출시_맛인지형_맛인지형.인지_var4.릴스_노을멜론.X_1P_문선정_260612_빙과_이수민_c8GfOUgM.mp4_[26.06]F_V_JD멜_인지_쫀득바출시_맛인지형_맛인지형.인지_var4.릴스_노을멜론.X_1P_문선정_260612_빙과_이수민,958,0,379.0,0,207,인지
2026-08-20,1874034145492514,[빙과_스틱바]_쫀득바_전환_video,[멜론쫀득바] 전화네고형_6.3W,블랙트러플 하몽 시리즈 - 라라스윗-Music_Refresh-1-2_9iG8uE_1_[26.06]F_V_JD멜_전환_쫀득바출시_네고형_전화네고형_var3.릴스_노을멜론취식강조.X_1P_김유진_260605_빙과_이수민,19,0,13.0,0,0,전환
2026-08-20,1874034145489442,[빙과_스틱바]_쫀득바_전환_video,[멜론쫀득바] 전화네고형_6.3W,Black Truffle Ham Chips-Music_Refresh-2-2_[26.06]F_V_JD멜_전환_쫀득바출시_네고형_전화네고형_var3.릴스_노을멜론취식강조.X_1P_김유진_260605_빙과_이수민,307,3,2084.0,0,0,전환
2026-08-20,1873959534653730,[빙과_스틱바]_쫀득바_인지2_video,[멜론] 농부대첩_6.4W,[26.06]F_V_JD멜_인지_쫀득바출시_신규BP_농부대첩BP_var4.릴스_OEM.X_2P_김유진_260626_빙과_노현경_C8ZH0kJx.mp4_[26.06]F_V_JD멜_인지_쫀득바출시_신규BP_농부대첩BP_var4.릴스_OEM.X_2P_김유진_260626_빙과_노현경,2359,0,1208.0,0,557,인지
2026-08-20,1874038787284209,[빙과_스틱바]_쫀득바_전환_video,[멜론쫀득바] 네고형_6.3W,Black Truffle Ham Chips-Music_Refresh-1-2_XTRhrz_1_[26.06]F_V_JD멜_전환_쫀득바출시_네고형_네고형_var2.릴스_4만원.쫀쫀.X_1P_문선정_260619_빙과_이수민,314,2,416.0,0,0,전환
2026-08-20,1874034144299298,[빙과_스틱바]_쫀득바_전환_video,[멜론쫀득바] 지인네고형_6.3W,Black Truffle Ham Chips-Music_Refresh-2-2_[26.06]F_V_JD멜_전환_쫀득바출시_네고형_지인네고형_var1.릴스_규모감.X_1P_김유진_260619_빙과_이수현,63,0,474.0,0,0,전환
2026-08-20,1873959612770385,[빙과_스틱바]_쫀득바_인지2_video,[멜론] 지인네고형_6.3W,[26.06]F_V_JD멜_인지_쫀득바출시_네고형_지인네고형_main.릴스_본론.X_1P_김유진_260619_빙과_이수현_RlCf6rY4.mp4_[26.06]F_V_JD멜_인지_쫀득바출시_네고형_지인네고형_main.릴스_본론.X_1P_김유진_260619_빙과_이수현,1643,0,1138.0,0,389,인지
2026-08-20,1873959483402274,[빙과_스틱바]_쫀득바_인지2_video,[멜론] 전세계에서일본에만_7.1W,[26.07]F_V_JD멜_인지_쫀득바출시_인물리뷰형_인물리뷰형_main.릴스_공통.X_2P_문선정_260703_빙과_유영현_hfC8Honk.mp4_[26.07]F_V_JD멜_인지_쫀득바출시_인물리뷰형_인물리뷰형_main.릴스_공통.X_2P_문선정_260703_빙과_유영현,2024,0,190.0,0,124,인지
2026-08-20,1874030320115922,[빙과_스틱바]_쫀득바_인지2_video,[멜론] 지인네고형_6.3W,[26.06]F_V_JD멜_인지_쫀득바출시_네고형_지인네고형_var1.릴스_규모감.X_1P_김유진_260619_빙과_이수현_8KcuLnOj.mp4_[26.06]F_V_JD멜_인지_쫀득바출시_네고형_지인네고형_var1.릴스_규모감.X_1P_김유진_260619_빙과_이수현,3201,0,2365.0,0,623,인지
2026-08-20,1873959474539681,[빙과_스틱바]_쫀득바_인지2_video,[멜론] 브이로그형_7.1W,[26.07]F_V_JD멜_인지_쫀득바출시_소비자상황형_브이로그형_main.릴스_번따당함.X_1P_문선정_260703_빙과_정하얀_PKQZupMd.mp4_[26.07]F_V_JD멜_인지_쫀득바출시_소비자상황형_브이로그형_main.릴스_번따당함.X_1P_문선정_260703_빙과_정하얀,34739,0,60567.0,0,12033,인지
2026-08-20,1874038793247922,[빙과_스틱바]_쫀득바_전환_video,[멜론쫀득바] AI_6.3W,Black Truffle Ham Series-Music_Refresh-1-2_[26.06]F_V_JD멜_전환_쫀득바출시_기타_AI활용형_var2.릴스_악플 소구점 2개 .X_1P_이석영_260605_빙과_함주현,171,5,822.0,0,0,전환
2026-08-20,1873959541152082,[빙과_스틱바]_쫀득바_인지2_video,[멜론] 1년후에받는_6.4W,[26.06]F_V_JD멜_인지_쫀득바출시_신규BP_써우리BP_var2.릴스_비교2.X_1P_문선정_260626_빙과_이수민_YFbSa6qv.mp4_[26.06]F_V_JD멜_인지_쫀득바출시_신규BP_써우리BP_var2.릴스_비교2.X_1P_문선정_260626_빙과_이수민,7344,0,3433.0,0,1418,인지
2026-08-20,1873959579301986,[빙과_스틱바]_쫀득바_인지2_video,[망고] 전화네고형_6.3W,[26.06]F_V_JD망_인지_쫀득바출시_네고형_전화네고형_var2.릴스_할인.관계.X_2P_문선정_260622_빙과_조의진_cbi1IXRd.mp4_[26.06]F_V_JD망_인지_쫀득바출시_네고형_전화네고형_var2.릴스_할인.관계.X_2P_문선정_260622_빙과_조의진,9450,0,12432.0,0,2741,인지
2026-08-20,1874035807099473,[빙과_스틱바]_쫀득바_전환_video,[멜론쫀득바] 인플루언서형_6.3W,Auto-generated-Add_Text_Sticker_Retrieve-0-1_[26.06]F_V_JD멜_전환_상시_인플루언서형_인플루언서형.전환_var3.릴스_혜택.X_1P_문선정_260619_빙과_이수민,647,23,5486.0,0,0,전환
2026-08-20,1873959612770417,[빙과_스틱바]_쫀득바_인지2_video,[멜론] 지인네고형_6.3W,[26.06]F_V_JD멜_인지_쫀득바출시_네고형_지인네고형_var2.릴스_쟁여놓기.X_1P_김유진_260619_빙과_이수현_odeX0CEq.mp4_[26.06]F_V_JD멜_인지_쫀득바출시_네고형_지인네고형_var2.릴스_쟁여놓기.X_1P_김유진_260619_빙과_이수현,4187,0,2915.0,0,895,인지
2026-08-20,1868419576387937,[빙과_스틱바]_쫀득바_전환_video,[멜론쫀득바] 공구네고형_6.3W,[26.05]F_V_JD멜_전환_쫀득바출시_네고형_공구네고형_var4.릴스_에르메스.진수.X_2C_김유진_260529_2T_피재은_NUw9HOSM.mp4_[26.05]F_V_JD멜_전환_쫀득바출시_네고형_공구네고형_var4.릴스_에르메스.진수.X_2C_김유진_260529_2T_피재은,1805,33,4307.0,1,0,전환
2026-08-20,1868401420551266,[빙과_스틱바]_쫀득바_전환_video,[멜론쫀득바] 바운스번BP_6.3W,[26.06]F_V_JD멜_전환_쫀득바출시_신규BP_바운스번BP_var2.릴스_혜택.X_2P_고가영_260612_빙과_조의진_w7BEJsnh.mp4_[26.06]F_V_JD멜_전환_쫀득바출시_신규BP_바운스번BP_var2.릴스_혜택.X_2P_고가영_260612_빙과_조의진,166,4,1388.0,0,0,전환
2026-08-20,1873959656457905,[빙과_스틱바]_쫀득바_인지2_video,[멜론] 요거트바BP_6.3W,[26.06]F_V_JD멜_인지_쫀득바출시_인물리뷰형_편의점원정_var2.릴스_퀄리티.X_1P_문선정_260612_빙과_정요한_F6rWEnOX.mp4_[26.06]F_V_JD멜_인지_쫀득바출시_인물리뷰형_편의점원정_var2.릴스_퀄리티.X_1P_문선정_260612_빙과_정요한,819,0,456.0,0,216,인지
2026-08-20,1873959499356642,[빙과_스틱바]_쫀득바_인지2_video,[멜론] 1위단독_7.1W,[26.07]F_V_JD멜_인지_쫀득바출시_바이럴형_커뮤니티형_main.릴스_중소기업.쉬었음청년.X_1P_문선정_260702_빙과_김진수_v1DPzC7x.mp4_[26.07]F_V_JD멜_인지_쫀득바출시_바이럴형_커뮤니티형_main.릴스_중소기업.쉬었음청년.X_1P_문선정_260702_빙과_김진수,12758,0,21062.0,0,4092,인지
2026-08-20,1874038793251026,[빙과_스틱바]_쫀득바_전환_video,[멜론쫀득바] AI_6.3W,HighCostBau-v10033g50000d9qhju7og65sd2k6euv0_[26.06]F_V_JD멜_전환_쫀득바출시_기타_AI활용형_var2.릴스_악플 소구점 2개 .X_1P_이석영_260605_빙과_함주현,120,1,1200.0,0,0,전환
2026-08-20,1873959624012817,[빙과_스틱바]_쫀득바_인지2_video,[멜론] 스틱바BP_6.3W,[26.06]F_V_JD멜_인지_쫀득바출시_인물리뷰형_4050대세감_main.릴스_본론.X_1P_문선정_260619_빙과_강다빈_VvFUnekb.mp4_[26.06]F_V_JD멜_인지_쫀득바출시_인물리뷰형_4050대세감_main.릴스_본론.X_1P_문선정_260619_빙과_강다빈,827,0,160.0,0,75,인지
2026-08-20,1873959607461201,[빙과_스틱바]_쫀득바_인지2_video,[멜론] 컨비니BP_6.3W,[26.06]F_V_JD멜_인지_쫀득바출시_제조과정형_컨비니BP_var4.릴스_공통.X_1P_김유진_260619_빙과_정요한_9WVuy24o.mp4_[26.06]F_V_JD멜_인지_쫀득바출시_제조과정형_컨비니BP_var4.릴스_공통.X_1P_김유진_260619_빙과_정요한,2749,0,290.0,0,187,인지
2026-08-20,1873959681209441,[빙과_스틱바]_쫀득바_인지2_video,[멜론] 인물리뷰(1)_6.3W,[26.06]F_V_JD멜_인지_쫀득바출시_인물리뷰형_인물리뷰형_var3.릴스_코어의외성.X_2P_고가영_260612_빙과_유영현_wjEIQSXr.mp4_[26.06]F_V_JD멜_인지_쫀득바출시_인물리뷰형_인물리뷰형_var3.릴스_코어의외성.X_2P_고가영_260612_빙과_유영현,870,0,338.0,0,150,인지
2026-08-20,1874034150944865,[빙과_스틱바]_쫀득바_전환_video,[멜론쫀득바] 컨비니BP_6.3W,Black Truffle Ham Series (10 packs)-Music_Refresh-4-3_[26.06]F_V_JD멜_전환_쫀득바출시_제조과정형_컨비니BP_var2.릴스_에르메스.X_1P_김유진_260619_빙과_정요한,58,2,488.0,0,0,전환
2026-08-20,1874034150948241,[빙과_스틱바]_쫀득바_전환_video,[멜론쫀득바] 컨비니BP_6.3W,Black Truffle Ham Chips-Music_Refresh-1-2_XTRhrz_1_[26.06]F_V_JD멜_전환_쫀득바출시_제조과정형_컨비니BP_var2.릴스_에르메스.X_1P_김유진_260619_빙과_정요한,8,0,40.0,0,0,전환
2026-08-20,1873959666755666,[빙과_스틱바]_쫀득바_인지2_video,[멜론] 유튜버썰풀기형_6.3W,[26.06]F_V_JD멜_인지_쫀득바출시_숏츠형_유튜브읽기형_var4.릴스_SNS도배.과일.X_1P_문선정_260612_빙과_이수현_FS2Lzmjs.mp4_[26.06]F_V_JD멜_인지_쫀득바출시_숏츠형_유튜브읽기형_var4.릴스_SNS도배.과일.X_1P_문선정_260612_빙과_이수현,1052,0,486.0,0,194,인지
2026-08-20,1873959618629778,[빙과_스틱바]_쫀득바_인지2_video,[멜론] 지인네고형_6.3W,[26.06]F_V_JD멜_인지_쫀득바출시_네고형_지인네고형_var3.릴스_원가후킹.X_1P_김유진_260619_빙과_이수현_4CvjLKUi.mp4_[26.06]F_V_JD멜_인지_쫀득바출시_네고형_지인네고형_var3.릴스_원가후킹.X_1P_김유진_260619_빙과_이수현,4199,0,2533.0,0,817,인지
2026-08-20,1874038793247890,[빙과_스틱바]_쫀득바_전환_video,[멜론쫀득바] AI_6.3W,블랙트러플 하몽 시리즈 - 라라스윗-Music_Refresh-3-4_[26.06]F_V_JD멜_전환_쫀득바출시_기타_AI활용형_var2.릴스_악플 소구점 2개 .X_1P_이석영_260605_빙과_함주현,1371,12,3536.0,1,0,전환
2026-08-20,1873959624012849,[빙과_스틱바]_쫀득바_인지2_video,[멜론] 스틱바BP_6.3W,[26.06]F_V_JD멜_인지_쫀득바출시_인물리뷰형_4050대세감_var1.릴스_맛후킹.X_1P_문선정_260619_빙과_강다빈_Stbu1VnU.mp4_[26.06]F_V_JD멜_인지_쫀득바출시_인물리뷰형_4050대세감_var1.릴스_맛후킹.X_1P_문선정_260619_빙과_강다빈,722,0,140.0,0,79,인지
2026-08-20,1873959541152114,[빙과_스틱바]_쫀득바_인지2_video,[멜론] 1년후에받는_6.4W,[26.06]F_V_JD멜_인지_쫀득바출시_신규BP_써우리BP_var1.릴스_비교1.X_1P_문선정_260626_빙과_이수민_pb8xwIkc.mp4_[26.06]F_V_JD멜_인지_쫀득바출시_신규BP_써우리BP_var1.릴스_비교1.X_1P_문선정_260626_빙과_이수민,2338,0,1106.0,0,615,인지
2026-08-20,1874038787281009,[빙과_스틱바]_쫀득바_전환_video,[멜론쫀득바] 네고형_6.3W,Black Truffle Ham Chips-Music_Refresh-2-2_[26.06]F_V_JD멜_전환_쫀득바출시_네고형_네고형_var2.릴스_4만원.쫀쫀.X_1P_문선정_260619_빙과_이수민,92,0,848.0,0,0,전환
2026-08-20,1874035807099505,[빙과_스틱바]_쫀득바_전환_video,[멜론쫀득바] 인플루언서형_6.3W,Auto-generated-Add_Text_Sticker_Retrieve-0-1_tOn8Z3_0_[26.06]F_V_JD멜_전환_상시_인플루언서형_인플루언서형.전환_var3.릴스_혜택.X_1P_문선정_260619_빙과_이수민,243,3,1399.0,0,0,전환
2026-08-20,1873959572266161,[빙과_스틱바]_쫀득바_인지2_video,[멜론] 써우리BP_6.4W,[26.06]F_V_JD멜_인지_쫀득바출시_맛인지형_맛인지형.인지_main.릴스_공통.X_1P_문선정_260612_빙과_이수민_0dkqhQiP.mp4_[26.06]F_V_JD멜_인지_쫀득바출시_맛인지형_맛인지형.인지_main.릴스_공통.X_1P_문선정_260612_빙과_이수민,13750,0,21274.0,0,4261,인지
2026-08-20,1874038787284225,[빙과_스틱바]_쫀득바_전환_video,[멜론쫀득바] 네고형_6.3W,블랙트러플 하몽 시리즈 - 라라스윗-Music_Refresh-1-2_WRpAX9_0_[26.06]F_V_JD멜_전환_쫀득바출시_네고형_네고형_var2.릴스_4만원.쫀쫀.X_1P_문선정_260619_빙과_이수민,4,0,12.0,0,0,전환
2026-08-20,1873959526530274,[빙과_스틱바]_쫀득바_인지2_video,[멜론] 책상네고 대체_6.4W,[26.06]F_V_JD멜_인지_쫀득바출시_기타_비하인드썰풀기_var1.릴스_짤림후킹.X_1P_김유진_260626_빙과_강다빈_N8xnAoaE.mp4_[26.06]F_V_JD멜_인지_쫀득바출시_기타_비하인드썰풀기_var1.릴스_짤림후킹.X_1P_김유진_260626_빙과_강다빈,959,0,256.0,0,126,인지
2026-08-20,1874034140322162,[빙과_스틱바]_쫀득바_전환_video,[멜론쫀득바] 공구네고형_6.3W,블랙트러플 하몽 시리즈 - 라라스윗-Music_Refresh-1-2_WRpAX9_0_[26.05]F_V_JD멜_전환_쫀득바출시_네고형_공구네고형_var4.릴스_에르메스.진수.X_2C_김유진_260529_2T_피재은,61,0,96.0,0,0,전환
2026-08-20,1874030323030129,[빙과_스틱바]_쫀득바_인지2_video,[멜론] 인플루언서형_6.3W,[26.06]F_V_JD멜_인지_상시_인플루언서형_인플루언서형.인지_main.릴스_공통.X_1P_문선정_260619_빙과_이수민_OcQS8Jtk.mp4_Copy 3 of [26.06]F_V_JD멜_인지_상시_인플루언서형_인플루언서형.인지_main.릴스_공통.X_1P_문선정_260619_빙과_이수민,22,0,24.0,0,5,인지
2026-08-20,1874035807098321,[빙과_스틱바]_쫀득바_전환_video,[멜론쫀득바] 인플루언서형_6.3W,v10033g50000d9m6i2fog65k0n9vfi20_1200101-1_[26.06]F_V_JD멜_전환_상시_인플루언서형_인플루언서형.전환_var3.릴스_혜택.X_1P_문선정_260619_빙과_이수민,290,4,1455.0,0,0,전환
2026-08-20,1874035807097297,[빙과_스틱바]_쫀득바_전환_video,[멜론쫀득바] 인플루언서형_6.3W,블랙트러플 하몽 시리즈 - 라라스윗-Music_Refresh-2-4_[26.06]F_V_JD멜_전환_상시_인플루언서형_인플루언서형.전환_var3.릴스_혜택.X_1P_문선정_260619_빙과_이수민,11,0,10.0,0,0,전환
2026-08-20,1874034134957298,[빙과_스틱바]_쫀득바_전환_video,[멜론쫀득바] 바운스번BP_6.3W,HighCostBau-v10033g50000d9vdo47og65q8gebe8gg_[26.06]F_V_JD멜_전환_쫀득바출시_신규BP_바운스번BP_var2.릴스_혜택.X_2P_고가영_260612_빙과_조의진,15,0,85.0,0,0,전환
2026-08-20,1874034145490274,[빙과_스틱바]_쫀득바_전환_video,[멜론쫀득바] 전화네고형_6.3W,블랙트러플 하몽 시리즈 - 라라스윗-Music_Refresh-1-2_[26.06]F_V_JD멜_전환_쫀득바출시_네고형_전화네고형_var3.릴스_노을멜론취식강조.X_1P_김유진_260605_빙과_이수민,576,0,3235.0,0,0,전환
2026-08-20,1873959636476066,[빙과_스틱바]_쫀득바_인지2_video,[멜론] 초딩유행템_6.3W,[26.06]F_V_JD멜_인지_쫀득바출시_일상반응형_누나동생_main.렉카_떼쓰기.X_1P_문선정_260615_빙과_노현경_pKk6yJO4.mp4_[26.06]F_V_JD멜_인지_쫀득바출시_일상반응형_누나동생_main.렉카_떼쓰기.X_1P_문선정_260615_빙과_노현경,2658,0,2254.0,0,688,인지
2026-08-20,1873959673179393,[빙과_스틱바]_쫀득바_인지2_video,[멜론] 유튜버썰풀기형_6.3W,[26.06]F_V_JD멜_인지_쫀득바출시_숏츠형_유튜브읽기형_var5.릴스_업계최초.X_1P_문선정_260612_빙과_이수현_EID4Njqr.mp4_[26.06]F_V_JD멜_인지_쫀득바출시_숏츠형_유튜브읽기형_var5.릴스_업계최초.X_1P_문선정_260612_빙과_이수현,1948,0,1257.0,0,458,인지
2026-08-20,1874034140322130,[빙과_스틱바]_쫀득바_전환_video,[멜론쫀득바] 공구네고형_6.3W,HighCostBau-v10033g50000d9vdo47og65q8gebe8gg_[26.05]F_V_JD멜_전환_쫀득바출시_네고형_공구네고형_var4.릴스_에르메스.진수.X_2C_김유진_260529_2T_피재은,86,1,228.0,0,0,전환
2026-08-20,1873959656924433,[빙과_스틱바]_쫀득바_인지2_video,[멜론] 요거트바BP_6.3W,[26.06]F_V_JD멜_인지_쫀득바출시_인물리뷰형_편의점원정_var3.릴스_왁뿌볼.X_1P_문선정_260612_빙과_정요한_HJ4yRNtY.mp4_[26.06]F_V_JD멜_인지_쫀득바출시_인물리뷰형_편의점원정_var3.릴스_왁뿌볼.X_1P_문선정_260612_빙과_정요한,1873,0,529.0,0,241,인지
2026-08-20,1874034134955218,[빙과_스틱바]_쫀득바_전환_video,[멜론쫀득바] 바운스번BP_6.3W,블랙트러플 하몽 시리즈 - 라라스윗-Music_Refresh-1-2_0j8Z7j_2_[26.06]F_V_JD멜_전환_쫀득바출시_신규BP_바운스번BP_var2.릴스_혜택.X_2P_고가영_260612_빙과_조의진,428,5,3771.0,0,0,전환
2026-08-20,1874034134957266,[빙과_스틱바]_쫀득바_전환_video,[멜론쫀득바] 바운스번BP_6.3W,Black Truffle Ham Series (10 packs)-Music_Refresh-3-5_[26.06]F_V_JD멜_전환_쫀득바출시_신규BP_바운스번BP_var2.릴스_혜택.X_2P_고가영_260612_빙과_조의진,2230,21,10491.0,0,0,전환
2026-08-20,1874034140321074,[빙과_스틱바]_쫀득바_전환_video,[멜론쫀득바] 공구네고형_6.3W,블랙트러플 하몽 시리즈 - 라라스윗-Music_Refresh-1-2_UlUAEz_3_[26.05]F_V_JD멜_전환_쫀득바출시_네고형_공구네고형_var4.릴스_에르메스.진수.X_2C_김유진_260529_2T_피재은,17,0,5.0,0,0,전환
2026-08-20,1873959574894593,[빙과_스틱바]_쫀득바_인지2_video,[멜론] 써우리BP_6.4W,[26.06]F_V_JD멜_인지_쫀득바출시_맛인지형_맛인지형.인지_var2.릴스_품절대란.X_1P_문선정_260612_빙과_이수민_X4dmxg8T.mp4_[26.06]F_V_JD멜_인지_쫀득바출시_맛인지형_맛인지형.인지_var2.릴스_품절대란.X_1P_문선정_260612_빙과_이수민,927,0,221.0,0,112,인지
2026-08-20,1874034144301298,[빙과_스틱바]_쫀득바_전환_video,[멜론쫀득바] 지인네고형_6.3W,Black Truffle Ham Series-Music_Refresh-1-2_[26.06]F_V_JD멜_전환_쫀득바출시_네고형_지인네고형_var1.릴스_규모감.X_1P_김유진_260619_빙과_이수현,2525,11,5569.0,0,0,전환
2026-08-20,1874035807095057,[빙과_스틱바]_쫀득바_전환_video,[멜론쫀득바] 인플루언서형_6.3W,블랙트러플 하몽 시리즈 - 라라스윗-Music_Refresh-2-3_[26.06]F_V_JD멜_전환_상시_인플루언서형_인플루언서형.전환_var3.릴스_혜택.X_1P_문선정_260619_빙과_이수민,8,0,7.0,0,0,전환
2026-08-20,1873959601100177,[빙과_스틱바]_쫀득바_인지2_video,[멜론] 인플루언서형_6.3W,[26.06]F_V_JD멜_인지_상시_인플루언서형_인플루언서형.인지_var2.릴스_대세감.X_1P_문선정_260619_빙과_이수민_Bwvr3K0z.mp4_[26.06]F_V_JD멜_인지_상시_인플루언서형_인플루언서형.인지_var2.릴스_대세감.X_1P_문선정_260619_빙과_이수민,3882,0,585.0,0,303,인지
2026-08-20,1873959600941425,[빙과_스틱바]_쫀득바_인지2_video,[멜론] 인플루언서형_6.3W,[26.06]F_V_JD멜_인지_상시_인플루언서형_인플루언서형.인지_var1.릴스_쫀득 후킹.X_1P_문선정_260619_빙과_이수민_HCZXPTgo.mp4_[26.06]F_V_JD멜_인지_상시_인플루언서형_인플루언서형.인지_var1.릴스_쫀득 후킹.X_1P_문선정_260619_빙과_이수민,431,0,92.0,0,41,인지
2026-08-20,1873959526530242,[빙과_스틱바]_쫀득바_인지2_video,[멜론] 책상네고 대체_6.4W,[26.06]F_V_JD멜_인지_쫀득바출시_기타_비하인드썰풀기_var2.릴스_POV.X_1P_김유진_260626_빙과_강다빈_dvNEWTwx.mp4_[26.06]F_V_JD멜_인지_쫀득바출시_기타_비하인드썰풀기_var2.릴스_POV.X_1P_김유진_260626_빙과_강다빈,766,0,144.0,0,89,인지
2026-08-20,1868401422633265,[빙과_스틱바]_쫀득바_전환_video,[멜론쫀득바] 바운스번BP_6.3W,[26.06]F_V_JD멜_전환_쫀득바출시_신규BP_바운스번BP_var1.릴스_판매중단.X_2P_고가영_260612_빙과_조의진_SECqsj91.mp4_[26.06]F_V_JD멜_전환_쫀득바출시_신규BP_바운스번BP_var1.릴스_판매중단.X_2P_고가영_260612_빙과_조의진,297,8,5190.0,1,0,전환
2026-08-20,1868419608887745,[빙과_스틱바]_쫀득바_전환_video,[멜론쫀득바] 공구네고형_6.3W,[26.05]F_V_JD멜_전환_쫀득바출시_네고형_공구네고형_var2.릴스_예예 콘텐츠1.진수.X_2C_김유진_260529_2T_피재은_qBZegFOu.mp4_[26.05]F_V_JD멜_전환_쫀득바출시_네고형_공구네고형_var2.릴스_예예 콘텐츠1.진수.X_2C_김유진_260529_2T_피재은,491,5,933.0,0,0,전환
2026-08-20,1874034140321042,[빙과_스틱바]_쫀득바_전환_video,[멜론쫀득바] 공구네고형_6.3W,Black Truffle Ham Series (10 packs)-Music_Refresh-5-4_[26.05]F_V_JD멜_전환_쫀득바출시_네고형_공구네고형_var4.릴스_에르메스.진수.X_2C_김유진_260529_2T_피재은,3428,27,3448.0,1,0,전환
2026-08-20,1873959625221409,[빙과_스틱바]_쫀득바_인지2_video,[멜론] 스틱바BP_6.3W,[26.06]F_V_JD멜_인지_쫀득바출시_인물리뷰형_4050대세감_var2.릴스_POV.트민남.X_1P_문선정_260619_빙과_강다빈_xGahm3uq.mp4_[26.06]F_V_JD멜_인지_쫀득바출시_인물리뷰형_4050대세감_var2.릴스_POV.트민남.X_1P_문선정_260619_빙과_강다빈,1318,0,546.0,0,194,인지
2026-08-20,1874034144301266,[빙과_스틱바]_쫀득바_전환_video,[멜론쫀득바] 지인네고형_6.3W,HighCostBau-v10033g50000d9vdo47og65q8gebe8gg_[26.06]F_V_JD멜_전환_쫀득바출시_네고형_지인네고형_var1.릴스_규모감.X_1P_김유진_260619_빙과_이수현,10,1,6.0,0,0,전환
2026-08-20,1874035807098353,[빙과_스틱바]_쫀득바_전환_video,[멜론쫀득바] 인플루언서형_6.3W,Auto-generated-Add_Text_Sticker_Retrieve-0-2_[26.06]F_V_JD멜_전환_상시_인플루언서형_인플루언서형.전환_var3.릴스_혜택.X_1P_문선정_260619_빙과_이수민,280,2,1039.0,0,0,전환
2026-08-20,1874035807097329,[빙과_스틱바]_쫀득바_전환_video,[멜론쫀득바] 인플루언서형_6.3W,Black Truffle Ham Series-Music_Refresh-1-2_[26.06]F_V_JD멜_전환_상시_인플루언서형_인플루언서형.전환_var3.릴스_혜택.X_1P_문선정_260619_빙과_이수민,107,1,213.0,0,0,전환
2026-08-20,1868781736697970,[빙과_스틱바]_쫀득바_전환_video,[멜론쫀득바] 지인네고형_6.3W,[26.06]F_V_JD멜_전환_쫀득바출시_네고형_지인네고형_var2.릴스_쟁여놓기.X_1P_김유진_260619_빙과_이수현_HP0v5zuw.mp4_[26.06]F_V_JD멜_전환_쫀득바출시_네고형_지인네고형_var2.릴스_쟁여놓기.X_1P_김유진_260619_빙과_이수현,2468,45,16130.0,1,0,전환
2026-08-20,1873959488337921,[빙과_스틱바]_쫀득바_인지2_video,[멜론] 전세계에서일본에만_7.1W,[26.07]F_V_JD멜_인지_쫀득바출시_인물리뷰형_인물리뷰형_var3.릴스_상단.GS1등.X_2P_문선정_260703_빙과_유영현_8cUvPSAN.mp4_[26.07]F_V_JD멜_인지_쫀득바출시_인물리뷰형_인물리뷰형_var3.릴스_상단.GS1등.X_2P_문선정_260703_빙과_유영현,1008,0,333.0,0,145,인지
2026-08-20,1873959480704162,[빙과_스틱바]_쫀득바_인지2_video,[멜론] 관계성네고_7.1W,[26.07]F_V_JD멜_인지_쫀득바출시_인물리뷰형_관계성_var6.릴스_잔소리후킹.X_1P_김유진_260703_빙과_강다빈_8xsJGKVk.mp4_[26.07]F_V_JD멜_인지_쫀득바출시_인물리뷰형_관계성_var6.릴스_잔소리후킹.X_1P_김유진_260703_빙과_강다빈,3295,0,2031.0,0,630,인지
2026-08-20,1874034134959250,[빙과_스틱바]_쫀득바_전환_video,[멜론쫀득바] 바운스번BP_6.3W,Black Truffle Ham Chips-Music_Refresh-0-4_[26.06]F_V_JD멜_전환_쫀득바출시_신규BP_바운스번BP_var2.릴스_혜택.X_2P_고가영_260612_빙과_조의진,18,0,26.0,0,0,전환
2026-08-20,1873959628132738,[빙과_스틱바]_쫀득바_인지2_video,[멜론] 스틱바BP_6.3W,[26.06]F_V_JD멜_인지_쫀득바출시_인물리뷰형_4050대세감_var3.릴스_왁뿌후킹.X_1P_문선정_260619_빙과_강다빈_eybKzA8g.mp4_[26.06]F_V_JD멜_인지_쫀득바출시_인물리뷰형_4050대세감_var3.릴스_왁뿌후킹.X_1P_문선정_260619_빙과_강다빈,1471,0,679.0,0,275,인지
2026-08-20,1874034150947121,[빙과_스틱바]_쫀득바_전환_video,[멜론쫀득바] 컨비니BP_6.3W,블랙트러플 하몽 시리즈 - 라라스윗-Music_Refresh-1-2_WRpAX9_0_[26.06]F_V_JD멜_전환_쫀득바출시_제조과정형_컨비니BP_var2.릴스_에르메스.X_1P_김유진_260619_빙과_정요한,7,1,4.0,0,0,전환
2026-08-20,1874034144300082,[빙과_스틱바]_쫀득바_전환_video,[멜론쫀득바] 지인네고형_6.3W,블랙트러플 하몽 시리즈 - 라라스윗-Music_Refresh-1-2_9iG8uE_1_[26.06]F_V_JD멜_전환_쫀득바출시_네고형_지인네고형_var1.릴스_규모감.X_1P_김유진_260619_빙과_이수현,2,0,2.0,0,0,전환
2026-08-20,1868417023066258,[빙과_스틱바]_쫀득바_전환_video,[멜론쫀득바] 전화네고형_6.3W,[26.06]F_V_JD멜_전환_쫀득바출시_네고형_전화네고형_var5.릴스_영통.딸.X_1P_김유진_260605_빙과_이수민_Q2NlhxLK.mp4_[26.06]F_V_JD멜_전환_쫀득바출시_네고형_전화네고형_var5.릴스_영통.딸.X_1P_김유진_260605_빙과_이수민,681,16,6064.0,1,0,전환
2026-08-20,1874034140320242,[빙과_스틱바]_쫀득바_전환_video,[멜론쫀득바] 공구네고형_6.3W,Black Truffle Ham Chips-Music_Refresh-2-2_[26.05]F_V_JD멜_전환_쫀득바출시_네고형_공구네고형_var4.릴스_에르메스.진수.X_2C_김유진_260529_2T_피재은,1323,9,4027.0,1,0,전환
2026-08-20,1874030333521250,[빙과_스틱바]_쫀득바_인지2_video,[멜론] 초딩유행템2_6.4W,[26.06]F_V_JD멜_인지_쫀득바출시_신규BP_써우리BP_var2.릴스_혜택.X_1P_문선정_260626_빙과_김진수_AGmDZ35w.mp4_[26.06]F_V_JD멜_인지_쫀득바출시_신규BP_써우리BP_var2.릴스_혜택.X_1P_문선정_260626_빙과_김진수,993,0,444.0,0,155,인지
2026-08-20,1868781735447777,[빙과_스틱바]_쫀득바_전환_video,[멜론쫀득바] 지인네고형_6.3W,[26.06]F_V_JD멜_전환_쫀득바출시_네고형_지인네고형_var3.릴스_원가후킹.X_1P_김유진_260619_빙과_이수현_SGeobihu.mp4_[26.06]F_V_JD멜_전환_쫀득바출시_네고형_지인네고형_var3.릴스_원가후킹.X_1P_김유진_260619_빙과_이수현,1277,25,4450.0,0,0,전환
2026-08-20,1873959559414865,[빙과_스틱바]_쫀득바_인지2_video,[멜론] 부자들만먹는_6.4W,[26.06]F_V_JD멜_인지_쫀득바출시_신규BP_먹방형_main.릴스_공통.X_1P_문선정_260626_빙과_이수민_6K4RW1kr.mp4_[26.06]F_V_JD멜_인지_쫀득바출시_신규BP_먹방형_main.릴스_공통.X_1P_문선정_260626_빙과_이수민,1181,0,300.0,0,122,인지
2026-08-20,1873959643009314,[빙과_스틱바]_쫀득바_인지2_video,[멜론] 초딩유행템_6.3W,[26.06]F_V_JD멜_인지_쫀득바출시_일상반응형_누나동생_var4.렉카_먹방.X_1P_문선정_260615_빙과_노현경_cx0sGrMW.mp4_[26.06]F_V_JD멜_인지_쫀득바출시_일상반응형_누나동생_var4.렉카_먹방.X_1P_문선정_260615_빙과_노현경,1726,0,663.0,0,311,인지
2026-08-20,1874038793250242,[빙과_스틱바]_쫀득바_전환_video,[멜론쫀득바] AI_6.3W,블랙트러플 하몽 시리즈 - 라라스윗-Music_Refresh-1-2_9iG8uE_1_[26.06]F_V_JD멜_전환_쫀득바출시_기타_AI활용형_var2.릴스_악플 소구점 2개 .X_1P_이석영_260605_빙과_함주현,3,0,3.0,0,0,전환
2026-08-20,1873959568365938,[빙과_스틱바]_쫀득바_인지2_video,[멜론] 부자들만먹는_6.4W,[26.06]F_V_JD멜_인지_쫀득바출시_신규BP_먹방형_var3.릴스_5만원멜론.X_1P_문선정_260626_빙과_이수민_4jVCt9QI.mp4_[26.06]F_V_JD멜_인지_쫀득바출시_신규BP_먹방형_var3.릴스_5만원멜론.X_1P_문선정_260626_빙과_이수민,1154,0,338.0,0,147,인지
2026-08-20,1873959492107505,[빙과_스틱바]_쫀득바_인지2_video,[멜론] 전세계에서일본에만_7.1W,[26.07]F_V_JD멜_인지_쫀득바출시_인물리뷰형_인물리뷰형_var5.릴스_대세왁뿌.X_2P_문선정_260703_빙과_유영현_nmCE6i3s.mp4_[26.07]F_V_JD멜_인지_쫀득바출시_인물리뷰형_인물리뷰형_var5.릴스_대세왁뿌.X_2P_문선정_260703_빙과_유영현,986,0,170.0,0,109,인지
2026-08-20,1873959649053697,[빙과_스틱바]_쫀득바_인지2_video,[멜론] 인물리뷰(2)_6.3W,[26.06]F_V_JD멜_인지_쫀득바출시_인물리뷰형_렉카형_var3.릴스_상단.조회수.X_2P_고가영_260612_빙과_김지연_o3Oil7XF.mp4_[26.06]F_V_JD멜_인지_쫀득바출시_인물리뷰형_렉카형_var3.릴스_상단.조회수.X_2P_고가영_260612_빙과_김지연,972,0,265.0,0,113,인지
2026-08-20,1868780396314817,[빙과_스틱바]_쫀득바_전환_video,[멜론쫀득바] 인플루언서형_6.3W,[26.06]F_V_JD멜_전환_상시_인플루언서형_인플루언서형.전환_var3.릴스_혜택.X_1P_문선정_260619_빙과_이수민_ljHaKChf.mp4_[26.06]F_V_JD멜_전환_상시_인플루언서형_인플루언서형.전환_var3.릴스_혜택.X_1P_문선정_260619_빙과_이수민,1501,64,17715.0,1,0,전환
2026-08-20,1874034144300050,[빙과_스틱바]_쫀득바_전환_video,[멜론쫀득바] 지인네고형_6.3W,Black Truffle Ham Chips-Music_Refresh-1-2_EQC3Lx_2_[26.06]F_V_JD멜_전환_쫀득바출시_네고형_지인네고형_var1.릴스_규모감.X_1P_김유진_260619_빙과_이수현,41,2,130.0,0,0,전환
2026-08-20,1874030319136113,[빙과_스틱바]_쫀득바_인지2_video,[멜론] 초딩유행템_6.3W,[26.06]F_V_JD멜_인지_쫀득바출시_일상반응형_누나동생_var2.렉카_삐짐.X_1P_문선정_260615_빙과_노현경_hK163maR.mp4_[26.06]F_V_JD멜_인지_쫀득바출시_일상반응형_누나동생_var2.렉카_삐짐.X_1P_문선정_260615_빙과_노현경,314,0,151.0,0,45,인지
2026-08-20,1873959541011649,[빙과_스틱바]_쫀득바_인지2_video,[멜론] 농부대첩_6.4W,[26.06]F_V_JD멜_인지_쫀득바출시_신규BP_농부대첩BP_main.릴스_공통.X_2P_김유진_260626_빙과_노현경_VoRCtWIf.mp4_[26.06]F_V_JD멜_인지_쫀득바출시_신규BP_농부대첩BP_main.릴스_공통.X_2P_김유진_260626_빙과_노현경,1940,0,865.0,0,372,인지
2026-08-20,1873959559414897,[빙과_스틱바]_쫀득바_인지2_video,[멜론] 부자들만먹는_6.4W,[26.06]F_V_JD멜_인지_쫀득바출시_신규BP_먹방형_var2.릴스_먹방.X_1P_문선정_260626_빙과_이수민_jNE7zmU8.mp4_[26.06]F_V_JD멜_인지_쫀득바출시_신규BP_먹방형_var2.릴스_먹방.X_1P_문선정_260626_빙과_이수민,1544,0,343.0,0,190,인지
2026-08-20,1874035807095089,[빙과_스틱바]_쫀득바_전환_video,[멜론쫀득바] 인플루언서형_6.3W,HighCostBau-v10033g50000d9vdo47og65q8gebe8gg_[26.06]F_V_JD멜_전환_상시_인플루언서형_인플루언서형.전환_var3.릴스_혜택.X_1P_문선정_260619_빙과_이수민,11,0,8.0,0,0,전환
2026-08-20,1874034145490306,[빙과_스틱바]_쫀득바_전환_video,[멜론쫀득바] 전화네고형_6.3W,Black Truffle Ham Chips-Music_Refresh-1-2_EQC3Lx_2_[26.06]F_V_JD멜_전환_쫀득바출시_네고형_전화네고형_var3.릴스_노을멜론취식강조.X_1P_김유진_260605_빙과_이수민,70,0,323.0,0,0,전환
2026-08-20,1874030313976066,[빙과_스틱바]_쫀득바_인지2_video,[멜론] 인물리뷰(1)_6.3W,[26.06]F_V_JD멜_인지_쫀득바출시_인물리뷰형_인물리뷰형_var4.릴스_후킹.X_2P_고가영_260612_빙과_유영현_JfFPUknj.mp4_[26.06]F_V_JD멜_인지_쫀득바출시_인물리뷰형_인물리뷰형_var4.릴스_후킹.X_2P_고가영_260612_빙과_유영현,3784,0,998.0,0,396,인지
2026-08-20,1874038793246834,[빙과_스틱바]_쫀득바_전환_video,[멜론쫀득바] AI_6.3W,블랙트러플 하몽 시리즈 - 라라스윗-Music_Refresh-1-2_0j8Z7j_2_[26.06]F_V_JD멜_전환_쫀득바출시_기타_AI활용형_var2.릴스_악플 소구점 2개 .X_1P_이석영_260605_빙과_함주현,89,1,548.0,0,0,전환
2026-08-20,1868779821681025,[빙과_스틱바]_쫀득바_전환_video,[멜론쫀득바] 컨비니BP_6.3W,[26.06]F_V_JD멜_전환_쫀득바출시_제조과정형_컨비니BP_main.릴스_공통.X_1P_김유진_260619_빙과_정요한_5xWD2bSZ.mp4_[26.06]F_V_JD멜_전환_쫀득바출시_제조과정형_컨비니BP_main.릴스_공통.X_1P_김유진_260619_빙과_정요한,1189,14,10496.0,0,0,전환
2026-08-20,1873959512707137,[빙과_스틱바]_쫀득바_인지2_video,[멜론] 일본원정템_7.1W,[26.07]F_V_JD멜_인지_쫀득바출시_신규BP_외부BP_var3.릴스_화내기.X_2P_문선정_260703_빙과_이하림_G6x0joRE.mp4_[26.07]F_V_JD멜_인지_쫀득바출시_신규BP_외부BP_var3.릴스_화내기.X_2P_문선정_260703_빙과_이하림,719,0,112.0,0,69,인지
2026-08-20,1874035807093905,[빙과_스틱바]_쫀득바_전환_video,[멜론쫀득바] 인플루언서형_6.3W,Black Truffle Ham Chips-Music_Refresh-2-2_[26.06]F_V_JD멜_전환_상시_인플루언서형_인플루언서형.전환_var3.릴스_혜택.X_1P_문선정_260619_빙과_이수민,17,0,157.0,0,0,전환
2026-08-20,1874035807486978,[빙과_스틱바]_쫀득바_전환_video,[멜론쫀득바] 인플루언서형_6.3W,Auto-generated-Add_Text_Sticker_Retrieve-0-1_ur2o6N_0_[26.06]F_V_JD멜_전환_상시_인플루언서형_인플루언서형.전환_var3.릴스_혜택.X_1P_문선정_260619_빙과_이수민,636,11,3926.0,0,0,전환
2026-08-20,1873959579303250,[빙과_스틱바]_쫀득바_인지2_video,[망고] 전화네고형_6.3W,[26.06]F_V_JD망_인지_쫀득바출시_네고형_전화네고형_var1.릴스_먹방.X_2P_문선정_260622_빙과_조의진_idHD4Vv8.mp4_[26.06]F_V_JD망_인지_쫀득바출시_네고형_전화네고형_var1.릴스_먹방.X_2P_문선정_260622_빙과_조의진,3876,0,4021.0,0,1107,인지
2026-08-20,1873959494450194,[빙과_스틱바]_쫀득바_인지2_video,[멜론] 1위단독_7.1W,[26.07]F_V_JD멜_인지_쫀득바출시_바이럴형_커뮤니티형_var4.릴스_판매중단.모쏠친구.X_1P_문선정_260703_빙과_김진수_XUDBqtTs.mp4_[26.07]F_V_JD멜_인지_쫀득바출시_바이럴형_커뮤니티형_var4.릴스_판매중단.모쏠친구.X_1P_문선정_260703_빙과_김진수,2166,0,1495.0,0,565,인지
2026-08-20,1874034150951057,[빙과_스틱바]_쫀득바_전환_video,[멜론쫀득바] 컨비니BP_6.3W,Black Truffle Ham Series-Music_Refresh-1-2_[26.06]F_V_JD멜_전환_쫀득바출시_제조과정형_컨비니BP_var2.릴스_에르메스.X_1P_김유진_260619_빙과_정요한,80,1,762.0,0,0,전환
2026-08-20,1874034140323218,[빙과_스틱바]_쫀득바_전환_video,[멜론쫀득바] 공구네고형_6.3W,Black Truffle Ham Chips-Music_Refresh-1-2_EQC3Lx_2_[26.05]F_V_JD멜_전환_쫀득바출시_네고형_공구네고형_var4.릴스_에르메스.진수.X_2C_김유진_260529_2T_피재은,277,1,248.0,0,0,전환
2026-08-20,1873959627273345,[빙과_스틱바]_쫀득바_인지2_video,[멜론] 스틱바BP_6.3W,[26.06]F_V_JD멜_인지_쫀득바출시_인물리뷰형_4050대세감_var4.릴스_쩜오건.캡컷나레교체.X_1P_문선정_260619_빙과_강다빈_incretV8.mp4_[26.06]F_V_JD멜_인지_쫀득바출시_인물리뷰형_4050대세감_var4.릴스_쩜오건.캡컷나레교체.X_1P_문선정_260619_빙과_강다빈,975,0,408.0,0,188,인지
2026-08-20,1873959648848097,[빙과_스틱바]_쫀득바_인지2_video,[멜론] 인물리뷰(2)_6.3W,[26.06]F_V_JD멜_인지_쫀득바출시_인물리뷰형_렉카형_var4.릴스_상단.판매중단.X_2P_고가영_260612_빙과_김지연_qc1ljdun.mp4_[26.06]F_V_JD멜_인지_쫀득바출시_인물리뷰형_렉카형_var4.릴스_상단.판매중단.X_2P_고가영_260612_빙과_김지연,1039,0,283.0,0,124,인지
2026-08-21,1874052667689058,[빙과_스틱바]_쫀득바_전환_video,[멜론쫀득바] 지인네고형_6.3W,블랙트러플 하몽 시리즈 - 라라스윗-Music_Refresh-2-4_[26.06]F_V_JD멜_전환_쫀득바출시_네고형_지인네고형_var4.릴스_맛비주얼.X_1P_김유진_260619_빙과_이수현,12,0,77.0,0,0,전환
2026-08-21,1874035807486978,[빙과_스틱바]_쫀득바_전환_video,[멜론쫀득바] 인플루언서형_6.3W,Auto-generated-Add_Text_Sticker_Retrieve-0-1_ur2o6N_0_[26.06]F_V_JD멜_전환_상시_인플루언서형_인플루언서형.전환_var3.릴스_혜택.X_1P_문선정_260619_빙과_이수민,384,1,2219.0,0,0,전환
2026-08-21,1868401422633265,[빙과_스틱바]_쫀득바_전환_video,[멜론쫀득바] 바운스번BP_6.3W,[26.06]F_V_JD멜_전환_쫀득바출시_신규BP_바운스번BP_var1.릴스_판매중단.X_2P_고가영_260612_빙과_조의진_SECqsj91.mp4_[26.06]F_V_JD멜_전환_쫀득바출시_신규BP_바운스번BP_var1.릴스_판매중단.X_2P_고가영_260612_빙과_조의진,1426,39,18652.0,3,0,전환
2026-08-21,1868419609276433,[빙과_스틱바]_쫀득바_전환_video,[멜론쫀득바] 공구네고형_6.3W,[26.06]F_V_WB바_전환_바닐라웨하스출시_네고형_네고형_var9.릴스_반값.슬기.X_1P_최나영_260605_제과_피재은_xOYsZVvw.mp4_[26.05]F_V_JD멜_전환_쫀득바출시_네고형_공구네고형_var1.릴스_예예 자체.진수.X_2C_김유진_260529_2T_피재은,105,0,26.0,0,0,전환
2026-08-21,1868419609279505,[빙과_스틱바]_쫀득바_전환_video,[멜론쫀득바] 공구네고형_6.3W,[26.06]F_V_WB바_전환_바닐라웨하스출시_네고형_네고형_var4.릴스_축약반값.슬기.X_1P_최나영_260605_제과_피재은_Ysq4CN7n.mp4_[26.05]F_V_JD멜_전환_쫀득바출시_네고형_공구네고형_var1.릴스_예예 자체.진수.X_2C_김유진_260529_2T_피재은,38,0,72.0,0,0,전환
2026-08-21,1868781736697970,[빙과_스틱바]_쫀득바_전환_video,[멜론쫀득바] 지인네고형_6.3W,[26.06]F_V_JD멜_전환_쫀득바출시_네고형_지인네고형_var2.릴스_쟁여놓기.X_1P_김유진_260619_빙과_이수현_HP0v5zuw.mp4_[26.06]F_V_JD멜_전환_쫀득바출시_네고형_지인네고형_var2.릴스_쟁여놓기.X_1P_김유진_260619_빙과_이수현,4,0,49.0,0,0,전환
2026-08-21,1874034145490290,[빙과_스틱바]_쫀득바_전환_video,[멜론쫀득바] 전화네고형_6.3W,Black Truffle Ham Series-Music_Refresh-1-2_[26.06]F_V_JD멜_전환_쫀득바출시_네고형_전화네고형_var3.릴스_노을멜론취식강조.X_1P_김유진_260605_빙과_이수민,4,0,28.0,0,0,전환
2026-08-21,1873959624012849,[빙과_스틱바]_쫀득바_인지2_video,[멜론] 스틱바BP_6.3W,[26.06]F_V_JD멜_인지_쫀득바출시_인물리뷰형_4050대세감_var1.릴스_맛후킹.X_1P_문선정_260619_빙과_강다빈_Stbu1VnU.mp4_[26.06]F_V_JD멜_인지_쫀득바출시_인물리뷰형_4050대세감_var1.릴스_맛후킹.X_1P_문선정_260619_빙과_강다빈,656,0,461.0,0,207,인지
2026-08-21,1868419575199026,[빙과_스틱바]_쫀득바_전환_video,[멜론쫀득바] 공구네고형_6.3W,[26.06]F_V_WB바_전환_바닐라웨하스출시_고객후기형_원물강조형_main.릴스_공통.슬기.X_1P_최나영_260605_제과_문형민_aIvY4NFD.mp4_[26.05]F_V_JD멜_전환_쫀득바출시_네고형_공구네고형_var6.릴스_예예콘텐츠2.진수.X_2C_김유진_260529_2T_피재은,65,3,303.0,0,0,전환
2026-08-21,1868419667685617,[빙과_스틱바]_쫀득바_전환_video,[멜론쫀득바] 공구네고형_6.3W,[26.06]F_V_WB바_전환_바닐라웨하스출시_네고형_네고형_var3.릴스_축약혜택.슬기.X_1P_최나영_260605_제과_피재은_YqOlRysc.mp4_[26.05]F_V_JD멜_전환_쫀득바출시_네고형_공구네고형_main.릴스_본론.진수.X_2C_김유진_260529_2T_피재은,34,1,13.0,0,0,전환
2026-08-21,1868419667688689,[빙과_스틱바]_쫀득바_전환_video,[멜론쫀득바] 공구네고형_6.3W,[26.06]F_V_WB바_전환_바닐라웨하스출시_고객후기형_원물강조형_var1.릴스_원물강조.슬기.X_1P_최나영_260605_제과_문형민_sl7hx9DA.mp4_[26.05]F_V_JD멜_전환_쫀득바출시_네고형_공구네고형_main.릴스_본론.진수.X_2C_김유진_260529_2T_피재은,25,0,10.0,0,0,전환
2026-08-21,1868417031510130,[빙과_스틱바]_쫀득바_전환_video,[멜론쫀득바] 전화네고형_6.3W,[26.06]F_V_JD멜_전환_쫀득바출시_네고형_전화네고형_main.릴스_공통.X_1P_김유진_260605_빙과_이수민_nt246Urh.mp4_[26.06]F_V_JD멜_전환_쫀득바출시_네고형_전화네고형_main.릴스_공통.X_1P_김유진_260605_빙과_이수민,164,1,941.0,0,0,전환
2026-08-21,1873959511342130,[빙과_스틱바]_쫀득바_인지2_video,[멜론] 일본원정템_7.1W,[26.07]F_V_JD멜_인지_쫀득바출시_신규BP_외부BP_main.릴스_메인.키노피오브금.X_2P_문선정_260703_빙과_이하림_CMkAHnfZ.mp4_[26.07]F_V_JD멜_인지_쫀득바출시_신규BP_외부BP_main.릴스_메인.키노피오브금.X_2P_문선정_260703_빙과_이하림,583,0,566.0,0,222,인지
2026-08-21,1868780396311809,[빙과_스틱바]_쫀득바_전환_video,[멜론쫀득바] 인플루언서형_6.3W,[26.06]F_V_JD멜_전환_상시_인플루언서형_인플루언서형.전환_var4.릴스_노을멜론.4만원.X_1P_문선정_260619_빙과_이수민_JDtpbQvE.mp4_[26.06]F_V_JD멜_전환_상시_인플루언서형_인플루언서형.전환_var4.릴스_노을멜론.4만원.X_1P_문선정_260619_빙과_이수민,8,0,29.0,0,0,전환
2026-08-21,1868419609278577,[빙과_스틱바]_쫀득바_전환_video,[멜론쫀득바] 공구네고형_6.3W,[26.06]F_V_WB바_전환_바닐라웨하스출시_네고형_네고형_main.릴스_축약공통.슬기.X_1P_최나영_260605_제과_피재은_EXwnjgqk.mp4_[26.05]F_V_JD멜_전환_쫀득바출시_네고형_공구네고형_var1.릴스_예예 자체.진수.X_2C_김유진_260529_2T_피재은,53,2,273.0,0,0,전환
2026-08-21,1874035807097313,[빙과_스틱바]_쫀득바_전환_video,[멜론쫀득바] 인플루언서형_6.3W,블랙트러플 하몽 시리즈 - 라라스윗-Music_Refresh-1-2_UlUAEz_3_[26.06]F_V_JD멜_전환_상시_인플루언서형_인플루언서형.전환_var3.릴스_혜택.X_1P_문선정_260619_빙과_이수민,5,0,4.0,0,0,전환
2026-08-21,1874035807098337,[빙과_스틱바]_쫀득바_전환_video,[멜론쫀득바] 인플루언서형_6.3W,v10033g50000d9m6i2fog65k0n9vfi20_1200101-1_6WpcNz_0_[26.06]F_V_JD멜_전환_상시_인플루언서형_인플루언서형.전환_var3.릴스_혜택.X_1P_문선정_260619_빙과_이수민,183,4,824.0,0,0,전환
2026-08-21,1874034144301298,[빙과_스틱바]_쫀득바_전환_video,[멜론쫀득바] 지인네고형_6.3W,Black Truffle Ham Series-Music_Refresh-1-2_[26.06]F_V_JD멜_전환_쫀득바출시_네고형_지인네고형_var1.릴스_규모감.X_1P_김유진_260619_빙과_이수현,30,0,72.0,0,0,전환
2026-08-21,1874056810015505,[빙과_스틱바]_쫀득바_전환_video,[멜론쫀득바] AI_6.3W,AI Generated Video-1_aL1trg_2_[26.06]F_V_JD멜_전환_쫀득바출시_기타_AI활용형_var4.릴스_막차운행.멜쫀.음악.X_1P_이석영_260604_빙과_함주현,49,1,437.0,0,0,전환
2026-08-21,1868419609280625,[빙과_스틱바]_쫀득바_전환_video,[멜론쫀득바] 공구네고형_6.3W,[26.06]F_V_WB바_전환_바닐라웨하스출시_고객후기형_원물강조형_var3.릴스_국내최초.슬기.X_1P_최나영_260605_제과_문형민_4GuHqj0Q.mp4_[26.05]F_V_JD멜_전환_쫀득바출시_네고형_공구네고형_var1.릴스_예예 자체.진수.X_2C_김유진_260529_2T_피재은,203,5,257.0,0,0,전환
2026-08-21,1873959624012817,[빙과_스틱바]_쫀득바_인지2_video,[멜론] 스틱바BP_6.3W,[26.06]F_V_JD멜_인지_쫀득바출시_인물리뷰형_4050대세감_main.릴스_본론.X_1P_문선정_260619_빙과_강다빈_VvFUnekb.mp4_[26.06]F_V_JD멜_인지_쫀득바출시_인물리뷰형_4050대세감_main.릴스_본론.X_1P_문선정_260619_빙과_강다빈,1434,0,694.0,0,272,인지
2026-08-21,1868419575198994,[빙과_스틱바]_쫀득바_전환_video,[멜론쫀득바] 공구네고형_6.3W,[26.06]F_V_WB바_전환_바닐라웨하스출시_네고형_네고형_var7.릴스_최초.슬기.X_1P_최나영_260605_제과_피재은_OU2BsTlp.mp4_[26.05]F_V_JD멜_전환_쫀득바출시_네고형_공구네고형_var6.릴스_예예콘텐츠2.진수.X_2C_김유진_260529_2T_피재은,385,7,445.0,0,0,전환
2026-08-21,1868419667685585,[빙과_스틱바]_쫀득바_전환_video,[멜론쫀득바] 공구네고형_6.3W,[26.06]F_V_WB바_전환_바닐라웨하스출시_네고형_네고형_main.릴스_축약공통.슬기.X_1P_최나영_260605_제과_피재은_EXwnjgqk.mp4_[26.05]F_V_JD멜_전환_쫀득바출시_네고형_공구네고형_main.릴스_본론.진수.X_2C_김유진_260529_2T_피재은,61,0,102.0,0,0,전환
2026-08-21,1874061791907009,[빙과_스틱바]_쫀득바_전환_video,[멜론쫀득바] 네고형_6.3W,Black Truffle Ham Series-Music_Refresh-1-1_B1s5qg_4_[26.06]F_V_JD멜_전환_쫀득바출시_네고형_네고형_var1.릴스_에르메스.X_1P_문선정_260619_빙과_이수민,173,2,216.0,0,0,전환
2026-08-21,1868419667688657,[빙과_스틱바]_쫀득바_전환_video,[멜론쫀득바] 공구네고형_6.3W,[26.06]F_V_WB바_전환_바닐라웨하스출시_고객후기형_원물강조형_var3.릴스_국내최초.슬기.X_1P_최나영_260605_제과_문형민_4GuHqj0Q.mp4_[26.05]F_V_JD멜_전환_쫀득바출시_네고형_공구네고형_main.릴스_본론.진수.X_2C_김유진_260529_2T_피재은,100,2,158.0,0,0,전환
2026-08-21,1868417024755858,[빙과_스틱바]_쫀득바_전환_video,[멜론쫀득바] 전화네고형_6.3W,[26.06]F_V_JD멜_전환_쫀득바출시_네고형_전화네고형_var4.릴스_쫀득.숏.X_1P_김유진_260605_빙과_이수민_ovcWCM7K.mp4_[26.06]F_V_JD멜_전환_쫀득바출시_네고형_전화네고형_var4.릴스_쫀득.숏.X_1P_김유진_260605_빙과_이수민,243,1,2005.0,0,0,전환
2026-08-21,1873959612770417,[빙과_스틱바]_쫀득바_인지2_video,[멜론] 지인네고형_6.3W,[26.06]F_V_JD멜_인지_쫀득바출시_네고형_지인네고형_var2.릴스_쟁여놓기.X_1P_김유진_260619_빙과_이수현_odeX0CEq.mp4_[26.06]F_V_JD멜_인지_쫀득바출시_네고형_지인네고형_var2.릴스_쟁여놓기.X_1P_김유진_260619_빙과_이수현,397,0,759.0,0,133,인지
2026-08-21,1873959530787025,[빙과_스틱바]_쫀득바_인지2_video,[멜론] 책상네고 대체_6.4W,[26.06]F_V_JD멜_인지_쫀득바출시_기타_비하인드썰풀기_main.릴스_본론.X_1P_김유진_260626_빙과_강다빈_viyVb41T.mp4_[26.06]F_V_JD멜_인지_쫀득바출시_기타_비하인드썰풀기_main.릴스_본론.X_1P_김유진_260626_빙과_강다빈,162,0,104.0,0,28,인지
2026-08-21,1874052663367089,[빙과_스틱바]_쫀득바_전환_video,[멜론쫀득바] 바운스번BP_6.3W,AI Generated Video-4_[26.06]F_V_JD멜_전환_쫀득바출시_신규BP_바운스번BP_var1.릴스_판매중단.X_2P_고가영_260612_빙과_조의진,71,0,132.0,0,0,전환
2026-08-21,1868419609278545,[빙과_스틱바]_쫀득바_전환_video,[멜론쫀득바] 공구네고형_6.3W,리얼 망고 쫀득바-Music_Refresh-1-2_l2JEuz_4_[26.05]F_V_JD멜_전환_쫀득바출시_네고형_공구네고형_var1.릴스_예예 자체.진수.X_2C_김유진_260529_2T_피재은,921,4,381.0,0,0,전환
2026-08-21,1874035807097281,[빙과_스틱바]_쫀득바_전환_video,[멜론쫀득바] 인플루언서형_6.3W,Black Truffle Ham Chips-Music_Refresh-1-2_EQC3Lx_2_[26.06]F_V_JD멜_전환_상시_인플루언서형_인플루언서형.전환_var3.릴스_혜택.X_1P_문선정_260619_빙과_이수민,6,0,38.0,0,0,전환
2026-08-21,1868419608887745,[빙과_스틱바]_쫀득바_전환_video,[멜론쫀득바] 공구네고형_6.3W,[26.05]F_V_JD멜_전환_쫀득바출시_네고형_공구네고형_var2.릴스_예예 콘텐츠1.진수.X_2C_김유진_260529_2T_피재은_qBZegFOu.mp4_[26.05]F_V_JD멜_전환_쫀득바출시_네고형_공구네고형_var2.릴스_예예 콘텐츠1.진수.X_2C_김유진_260529_2T_피재은,1525,22,1485.0,0,0,전환
2026-08-21,1874035807098305,[빙과_스틱바]_쫀득바_전환_video,[멜론쫀득바] 인플루언서형_6.3W,v10033g50000d9m6fsvog65s09kv7ks0_1200101-2_[26.06]F_V_JD멜_전환_상시_인플루언서형_인플루언서형.전환_var3.릴스_혜택.X_1P_문선정_260619_빙과_이수민,100,3,394.0,1,0,전환
2026-08-21,1868419609280593,[빙과_스틱바]_쫀득바_전환_video,[멜론쫀득바] 공구네고형_6.3W,[26.06]F_V_WB바_전환_바닐라웨하스출시_네고형_네고형_var6.릴스_원물.슬기.X_1P_최나영_260605_제과_피재은_ck4ptuWA.mp4_[26.05]F_V_JD멜_전환_쫀득바출시_네고형_공구네고형_var1.릴스_예예 자체.진수.X_2C_김유진_260529_2T_피재은,84,2,23.0,0,0,전환
2026-08-21,1874061791907041,[빙과_스틱바]_쫀득바_전환_video,[멜론쫀득바] 네고형_6.3W,트로플 하몽깡-Music_Refresh-4-5_[26.06]F_V_JD멜_전환_쫀득바출시_네고형_네고형_var1.릴스_에르메스.X_1P_문선정_260619_빙과_이수민,50,0,243.0,0,0,전환
2026-08-21,1868419575909601,[빙과_스틱바]_쫀득바_전환_video,[멜론쫀득바] 공구네고형_6.3W,[26.05]F_V_JD멜_전환_쫀득바출시_네고형_공구네고형_var5.릴스_BP.진수.X_2C_김유진_260529_2T_피재은_P7cKxot0.mp4_[26.05]F_V_JD멜_전환_쫀득바출시_네고형_공구네고형_var5.릴스_BP.진수.X_2C_김유진_260529_2T_피재은,30,1,218.0,0,0,전환
2026-08-21,1873959612770385,[빙과_스틱바]_쫀득바_인지2_video,[멜론] 지인네고형_6.3W,[26.06]F_V_JD멜_인지_쫀득바출시_네고형_지인네고형_main.릴스_본론.X_1P_김유진_260619_빙과_이수현_RlCf6rY4.mp4_[26.06]F_V_JD멜_인지_쫀득바출시_네고형_지인네고형_main.릴스_본론.X_1P_김유진_260619_빙과_이수현,8029,0,13204.0,0,2445,인지
2026-08-21,1874052663367057,[빙과_스틱바]_쫀득바_전환_video,[멜론쫀득바] 바운스번BP_6.3W,블랙트러플 하몽 시리즈 - 라라스윗-Music_Refresh-7-8_[26.06]F_V_JD멜_전환_쫀득바출시_신규BP_바운스번BP_var1.릴스_판매중단.X_2P_고가영_260612_빙과_조의진,18,1,168.0,0,0,전환
2026-08-21,1873959643009314,[빙과_스틱바]_쫀득바_인지2_video,[멜론] 초딩유행템_6.3W,[26.06]F_V_JD멜_인지_쫀득바출시_일상반응형_누나동생_var4.렉카_먹방.X_1P_문선정_260615_빙과_노현경_cx0sGrMW.mp4_[26.06]F_V_JD멜_인지_쫀득바출시_일상반응형_누나동생_var4.렉카_먹방.X_1P_문선정_260615_빙과_노현경,497,0,586.0,0,187,인지
2026-08-21,1868417906270338,[빙과_스틱바]_쫀득바_전환_video,[멜론쫀득바] AI_6.3W,[26.06]F_V_JD멜_전환_쫀득바출시_기타_AI활용형_var6.릴스_달리기.멜쫀바.최저가.X_1P_이석영_260605_빙과_함주현_2OmpHAa7.MP4_[26.06]F_V_JD멜_전환_쫀득바출시_기타_AI활용형_var6.릴스_달리기.멜쫀바.최저가.X_1P_이석영_260605_빙과_함주현,2495,16,2858.0,0,0,전환
2026-08-21,1873959512707137,[빙과_스틱바]_쫀득바_인지2_video,[멜론] 일본원정템_7.1W,[26.07]F_V_JD멜_인지_쫀득바출시_신규BP_외부BP_var3.릴스_화내기.X_2P_문선정_260703_빙과_이하림_G6x0joRE.mp4_[26.07]F_V_JD멜_인지_쫀득바출시_신규BP_외부BP_var3.릴스_화내기.X_2P_문선정_260703_빙과_이하림,975,0,917.0,0,276,인지
2026-08-21,1874061791905025,[빙과_스틱바]_쫀득바_전환_video,[멜론쫀득바] 네고형_6.3W,AI Generated Video-2_[26.06]F_V_JD멜_전환_쫀득바출시_네고형_네고형_var1.릴스_에르메스.X_1P_문선정_260619_빙과_이수민,271,11,2786.0,0,0,전환
2026-08-21,1868780396973426,[빙과_스틱바]_쫀득바_전환_video,[멜론쫀득바] 인플루언서형_6.3W,[26.06]F_V_JD멜_전환_상시_인플루언서형_인플루언서형.전환_var1.릴스_노을멜론.X_1P_문선정_260619_빙과_이수민_fDdEHP80.mp4_[26.06]F_V_JD멜_전환_상시_인플루언서형_인플루언서형.전환_var1.릴스_노을멜론.X_1P_문선정_260619_빙과_이수민,153,0,412.0,0,0,전환
2026-08-21,1874035807093889,[빙과_스틱바]_쫀득바_전환_video,[멜론쫀득바] 인플루언서형_6.3W,블랙트러플 하몽 시리즈 - 라라스윗-Music_Refresh-1-2_0j8Z7j_2_[26.06]F_V_JD멜_전환_상시_인플루언서형_인플루언서형.전환_var3.릴스_혜택.X_1P_문선정_260619_빙과_이수민,10,0,26.0,0,0,전환
2026-08-21,1873959649053697,[빙과_스틱바]_쫀득바_인지2_video,[멜론] 인물리뷰(2)_6.3W,[26.06]F_V_JD멜_인지_쫀득바출시_인물리뷰형_렉카형_var3.릴스_상단.조회수.X_2P_고가영_260612_빙과_김지연_o3Oil7XF.mp4_[26.06]F_V_JD멜_인지_쫀득바출시_인물리뷰형_렉카형_var3.릴스_상단.조회수.X_2P_고가영_260612_빙과_김지연,868,0,416.0,0,134,인지
2026-08-21,1874056819111105,[빙과_스틱바]_쫀득바_전환_video,[멜론쫀득바] 전화네고형_6.3W,Black Truffle Ham Series-Music_Refresh-3-3_[26.06]F_V_JD멜_전환_쫀득바출시_네고형_전화네고형_main.릴스_공통.X_1P_김유진_260605_빙과_이수민,1,0,4.0,0,0,전환
2026-08-21,1873959628132738,[빙과_스틱바]_쫀득바_인지2_video,[멜론] 스틱바BP_6.3W,[26.06]F_V_JD멜_인지_쫀득바출시_인물리뷰형_4050대세감_var3.릴스_왁뿌후킹.X_1P_문선정_260619_빙과_강다빈_eybKzA8g.mp4_[26.06]F_V_JD멜_인지_쫀득바출시_인물리뷰형_4050대세감_var3.릴스_왁뿌후킹.X_1P_문선정_260619_빙과_강다빈,15412,0,26445.0,0,5197,인지
2026-08-21,1874061791905057,[빙과_스틱바]_쫀득바_전환_video,[멜론쫀득바] 네고형_6.3W,HighCostBau-v10033g50000d9vdlknog65mictv53u0_[26.06]F_V_JD멜_전환_쫀득바출시_네고형_네고형_var1.릴스_에르메스.X_1P_문선정_260619_빙과_이수민,5,0,20.0,0,0,전환
2026-08-21,1874030313976066,[빙과_스틱바]_쫀득바_인지2_video,[멜론] 인물리뷰(1)_6.3W,[26.06]F_V_JD멜_인지_쫀득바출시_인물리뷰형_인물리뷰형_var4.릴스_후킹.X_2P_고가영_260612_빙과_유영현_JfFPUknj.mp4_[26.06]F_V_JD멜_인지_쫀득바출시_인물리뷰형_인물리뷰형_var4.릴스_후킹.X_2P_고가영_260612_빙과_유영현,218,0,197.0,0,49,인지
2026-08-21,1868419667689681,[빙과_스틱바]_쫀득바_전환_video,[멜론쫀득바] 공구네고형_6.3W,[26.06]F_V_WB바_전환_바닐라웨하스출시_네고형_전화네고형_var1.릴스_희소성후킹.X_1P_최나영_260605_제과_강경연_RSBNTVka.mp4_[26.05]F_V_JD멜_전환_쫀득바출시_네고형_공구네고형_main.릴스_본론.진수.X_2C_김유진_260529_2T_피재은,87,1,83.0,0,0,전환
2026-08-21,1868417027023010,[빙과_스틱바]_쫀득바_전환_video,[멜론쫀득바] 전화네고형_6.3W,[26.06]F_V_JD멜_전환_쫀득바출시_네고형_전화네고형_var3.릴스_노을멜론취식강조.X_1P_김유진_260605_빙과_이수민_GMPE8XY3.mp4_[26.06]F_V_JD멜_전환_쫀득바출시_네고형_전화네고형_var3.릴스_노을멜론취식강조.X_1P_김유진_260605_빙과_이수민,32,0,274.0,0,0,전환
2026-08-21,1874038793250226,[빙과_스틱바]_쫀득바_전환_video,[멜론쫀득바] AI_6.3W,블랙트러플 하몽 시리즈 - 라라스윗-Music_Refresh-2-3_[26.06]F_V_JD멜_전환_쫀득바출시_기타_AI활용형_var2.릴스_악플 소구점 2개 .X_1P_이석영_260605_빙과_함주현,2,0,2.0,0,0,전환
2026-08-21,1874056815720626,[빙과_스틱바]_쫀득바_전환_video,[멜론쫀득바] 인플루언서형_6.3W,HighCostBau-v10033g50000d9qhju7og65sd2k6euv0_[26.06]F_V_JD멜_전환_상시_인플루언서형_인플루언서형.전환_main.릴스_공통.X_1P_문선정_260619_빙과_이수민,28,0,90.0,0,0,전환
2026-08-21,1873959574894593,[빙과_스틱바]_쫀득바_인지2_video,[멜론] 써우리BP_6.4W,[26.06]F_V_JD멜_인지_쫀득바출시_맛인지형_맛인지형.인지_var2.릴스_품절대란.X_1P_문선정_260612_빙과_이수민_X4dmxg8T.mp4_[26.06]F_V_JD멜_인지_쫀득바출시_맛인지형_맛인지형.인지_var2.릴스_품절대란.X_1P_문선정_260612_빙과_이수민,541,0,380.0,0,165,인지
2026-08-21,1874034134957298,[빙과_스틱바]_쫀득바_전환_video,[멜론쫀득바] 바운스번BP_6.3W,HighCostBau-v10033g50000d9vdo47og65q8gebe8gg_[26.06]F_V_JD멜_전환_쫀득바출시_신규BP_바운스번BP_var2.릴스_혜택.X_2P_고가영_260612_빙과_조의진,1,0,1.0,0,0,전환
2026-08-21,1868779817539970,[빙과_스틱바]_쫀득바_전환_video,[멜론쫀득바] 컨비니BP_6.3W,[26.06]F_V_JD멜_전환_쫀득바출시_제조과정형_컨비니BP_var1.릴스_공통.할인.X_1P_김유진_260619_빙과_정요한_yTaNUs0u.mp4_[26.06]F_V_JD멜_전환_쫀득바출시_제조과정형_컨비니BP_var1.릴스_공통.할인.X_1P_김유진_260619_빙과_정요한,103,5,1496.0,0,0,전환
2026-08-21,1874035807095073,[빙과_스틱바]_쫀득바_전환_video,[멜론쫀득바] 인플루언서형_6.3W,블랙트러플 하몽 시리즈 - 라라스윗-Music_Refresh-1-2_9iG8uE_1_[26.06]F_V_JD멜_전환_상시_인플루언서형_인플루언서형.전환_var3.릴스_혜택.X_1P_문선정_260619_빙과_이수민,4,0,1.0,0,0,전환
2026-08-21,1868419667689713,[빙과_스틱바]_쫀득바_전환_video,[멜론쫀득바] 공구네고형_6.3W,Lala Sweet 저당 듬뿍바 3박스 + [증정 스틱바 1박스]-Music_Refresh-2-9_[26.05]F_V_JD멜_전환_쫀득바출시_네고형_공구네고형_main.릴스_본론.진수.X_2C_김유진_260529_2T_피재은,131,0,280.0,0,0,전환
2026-08-21,1868782462892353,[빙과_스틱바]_쫀득바_전환_video,[멜론쫀득바] 네고형_6.3W,[26.06]F_V_JD멜_전환_쫀득바출시_네고형_네고형_var1.릴스_에르메스.X_1P_문선정_260619_빙과_이수민_6Gb7hU0n.mp4_[26.06]F_V_JD멜_전환_쫀득바출시_네고형_네고형_var1.릴스_에르메스.X_1P_문선정_260619_빙과_이수민,438,7,2926.0,2,0,전환
2026-08-21,1873959509314913,[빙과_스틱바]_쫀득바_인지2_video,[멜론] 일본원정템_7.1W,[26.07]F_V_JD멜_인지_쫀득바출시_신규BP_외부BP_var1.릴스_메인.일반브금.X_2P_문선정_260703_빙과_이하림_WTZLraDf.mp4_[26.07]F_V_JD멜_인지_쫀득바출시_신규BP_외부BP_var1.릴스_메인.일반브금.X_2P_문선정_260703_빙과_이하림,604,0,355.0,0,104,인지
2026-08-21,1874038793250194,[빙과_스틱바]_쫀득바_전환_video,[멜론쫀득바] AI_6.3W,블랙트러플 하몽 시리즈 - 라라스윗-Music_Refresh-1-2_WRpAX9_0_[26.06]F_V_JD멜_전환_쫀득바출시_기타_AI활용형_var2.릴스_악플 소구점 2개 .X_1P_이석영_260605_빙과_함주현,25,0,39.0,0,0,전환
2026-08-21,1873959567272305,[빙과_스틱바]_쫀득바_인지2_video,[멜론] 부자들만먹는_6.4W,[26.06]F_V_JD멜_인지_쫀득바출시_신규BP_먹방형_var4.릴스_숏.X_1P_문선정_260626_빙과_이수민_51lK2MkR.mp4_[26.06]F_V_JD멜_인지_쫀득바출시_신규BP_먹방형_var4.릴스_숏.X_1P_문선정_260626_빙과_이수민,727,0,624.0,0,185,인지
2026-08-21,1874056815720594,[빙과_스틱바]_쫀득바_전환_video,[멜론쫀득바] 인플루언서형_6.3W,HighCostBau-v10033g50000da3gukvog65vn24v71ng_[26.06]F_V_JD멜_전환_상시_인플루언서형_인플루언서형.전환_main.릴스_공통.X_1P_문선정_260619_빙과_이수민,27,0,63.0,0,0,전환
2026-08-21,1874034134955218,[빙과_스틱바]_쫀득바_전환_video,[멜론쫀득바] 바운스번BP_6.3W,블랙트러플 하몽 시리즈 - 라라스윗-Music_Refresh-1-2_0j8Z7j_2_[26.06]F_V_JD멜_전환_쫀득바출시_신규BP_바운스번BP_var2.릴스_혜택.X_2P_고가영_260612_빙과_조의진,2,0,19.0,0,0,전환
2026-08-21,1874034134957266,[빙과_스틱바]_쫀득바_전환_video,[멜론쫀득바] 바운스번BP_6.3W,Black Truffle Ham Series (10 packs)-Music_Refresh-3-5_[26.06]F_V_JD멜_전환_쫀득바출시_신규BP_바운스번BP_var2.릴스_혜택.X_2P_고가영_260612_빙과_조의진,13,0,24.0,0,0,전환
2026-08-21,1868419667684529,[빙과_스틱바]_쫀득바_전환_video,[멜론쫀득바] 공구네고형_6.3W,[26.06]F_V_WB바_전환_바닐라웨하스출시_네고형_전화네고형_var2.릴스_POV후킹.X_1P_최나영_260605_제과_강경연_l23UF5Kw.mp4_[26.05]F_V_JD멜_전환_쫀득바출시_네고형_공구네고형_main.릴스_본론.진수.X_2C_김유진_260529_2T_피재은,816,19,1591.0,0,0,전환
2026-08-21,1873959488337921,[빙과_스틱바]_쫀득바_인지2_video,[멜론] 전세계에서일본에만_7.1W,[26.07]F_V_JD멜_인지_쫀득바출시_인물리뷰형_인물리뷰형_var3.릴스_상단.GS1등.X_2P_문선정_260703_빙과_유영현_8cUvPSAN.mp4_[26.07]F_V_JD멜_인지_쫀득바출시_인물리뷰형_인물리뷰형_var3.릴스_상단.GS1등.X_2P_문선정_260703_빙과_유영현,371,0,165.0,0,53,인지
2026-08-21,1874030323030129,[빙과_스틱바]_쫀득바_인지2_video,[멜론] 인플루언서형_6.3W,[26.06]F_V_JD멜_인지_상시_인플루언서형_인플루언서형.인지_main.릴스_공통.X_1P_문선정_260619_빙과_이수민_OcQS8Jtk.mp4_Copy 3 of [26.06]F_V_JD멜_인지_상시_인플루언서형_인플루언서형.인지_main.릴스_공통.X_1P_문선정_260619_빙과_이수민,58,0,39.0,0,9,인지
2026-08-21,1873959679955218,[빙과_스틱바]_쫀득바_인지2_video,[멜론] 인물리뷰(1)_6.3W,[26.06]F_V_JD멜_인지_쫀득바출시_인물리뷰형_인물리뷰형_var1.릴스_블랙바.X_2P_고가영_260612_빙과_유영현_bKsUmrtE.mp4_[26.06]F_V_JD멜_인지_쫀득바출시_인물리뷰형_인물리뷰형_var1.릴스_블랙바.X_2P_고가영_260612_빙과_유영현,1936,0,612.0,0,268,인지
2026-08-21,1873959571492482,[빙과_스틱바]_쫀득바_인지2_video,[멜론] 써우리BP_6.4W,[26.06]F_V_JD멜_인지_쫀득바출시_맛인지형_맛인지형.인지_var3.릴스_국민템 멜론바.X_1P_문선정_260612_빙과_이수민_49m1RLsV.mp4_[26.06]F_V_JD멜_인지_쫀득바출시_맛인지형_맛인지형.인지_var3.릴스_국민템 멜론바.X_1P_문선정_260612_빙과_이수민,77,0,119.0,0,30,인지
2026-08-21,1873959662238770,[빙과_스틱바]_쫀득바_인지2_video,[멜론] 유튜버썰풀기형_6.3W,[26.06]F_V_JD멜_인지_쫀득바출시_숏츠형_유튜브읽기형_main.릴스_1년에한달.X_1P_문선정_260612_빙과_이수현_fA5aYhzs.mp4_[26.06]F_V_JD멜_인지_쫀득바출시_숏츠형_유튜브읽기형_main.릴스_1년에한달.X_1P_문선정_260612_빙과_이수현,2438,0,2060.0,0,601,인지
2026-08-21,1873959618629778,[빙과_스틱바]_쫀득바_인지2_video,[멜론] 지인네고형_6.3W,[26.06]F_V_JD멜_인지_쫀득바출시_네고형_지인네고형_var3.릴스_원가후킹.X_1P_김유진_260619_빙과_이수현_4CvjLKUi.mp4_[26.06]F_V_JD멜_인지_쫀득바출시_네고형_지인네고형_var3.릴스_원가후킹.X_1P_김유진_260619_빙과_이수현,47,0,91.0,0,21,인지
2026-08-21,1873959494450194,[빙과_스틱바]_쫀득바_인지2_video,[멜론] 1위단독_7.1W,[26.07]F_V_JD멜_인지_쫀득바출시_바이럴형_커뮤니티형_var4.릴스_판매중단.모쏠친구.X_1P_문선정_260703_빙과_김진수_XUDBqtTs.mp4_[26.07]F_V_JD멜_인지_쫀득바출시_바이럴형_커뮤니티형_var4.릴스_판매중단.모쏠친구.X_1P_문선정_260703_빙과_김진수,1704,0,2944.0,0,569,인지
2026-08-21,1868417905520705,[빙과_스틱바]_쫀득바_전환_video,[멜론쫀득바] AI_6.3W,[26.06]F_V_JD멜_전환_쫀득바출시_기타_AI활용형_var4.릴스_막차운행.멜쫀.음악.X_1P_이석영_260604_빙과_함주현_vNFQptgb.MP4_[26.06]F_V_JD멜_전환_쫀득바출시_기타_AI활용형_var4.릴스_막차운행.멜쫀.음악.X_1P_이석영_260604_빙과_함주현,1379,5,986.0,0,0,전환
2026-08-21,1873959679955250,[빙과_스틱바]_쫀득바_인지2_video,[멜론] 인물리뷰(1)_6.3W,[26.06]F_V_JD멜_인지_쫀득바출시_인물리뷰형_인물리뷰형_main.릴스_샀어요.X_2P_고가영_260612_빙과_유영현_ay8jLH2u.mp4_[26.06]F_V_JD멜_인지_쫀득바출시_인물리뷰형_인물리뷰형_main.릴스_샀어요.X_2P_고가영_260612_빙과_유영현,632,0,252.0,0,100,인지
2026-08-21,1874034140323218,[빙과_스틱바]_쫀득바_전환_video,[멜론쫀득바] 공구네고형_6.3W,Black Truffle Ham Chips-Music_Refresh-1-2_EQC3Lx_2_[26.05]F_V_JD멜_전환_쫀득바출시_네고형_공구네고형_var4.릴스_에르메스.진수.X_2C_김유진_260529_2T_피재은,229,2,218.0,1,0,전환
2026-08-21,1874034134958370,[빙과_스틱바]_쫀득바_전환_video,[멜론쫀득바] 바운스번BP_6.3W,Black Truffle Ham Chips-Music_Refresh-1-2_EQC3Lx_2_[26.06]F_V_JD멜_전환_쫀득바출시_신규BP_바운스번BP_var2.릴스_혜택.X_2P_고가영_260612_빙과_조의진,2,1,3.0,0,0,전환
2026-08-21,1873959631566914,[빙과_스틱바]_쫀득바_인지2_video,[멜론] 스틱바BP_6.3W,[26.06]F_V_JD멜_인지_쫀득바출시_인물리뷰형_4050대세감_var6.릴스_쩜오건.숏.큐티브금.X_1P_문선정_260619_빙과_강다빈_i87tvceJ.mp4_[26.06]F_V_JD멜_인지_쫀득바출시_인물리뷰형_4050대세감_var6.릴스_쩜오건.숏.큐티브금.X_1P_문선정_260619_빙과_강다빈,77,0,74.0,0,19,인지
2026-08-21,1873959502194161,[빙과_스틱바]_쫀득바_인지2_video,[멜론] 현지인도못구하는_7.1W,[26.07]F_V_JD멜_인지_쫀득바출시_인플루언서형_인플루언서형_var1.릴스_제품먼저.X_1P_문선정_260703_빙과_정하얀_gA26O49Z.mp4_[26.07]F_V_JD멜_인지_쫀득바출시_인플루언서형_인플루언서형_var1.릴스_제품먼저.X_1P_문선정_260703_빙과_정하얀,23,0,17.0,0,6,인지
2026-08-21,1868419575200818,[빙과_스틱바]_쫀득바_전환_video,[멜론쫀득바] 공구네고형_6.3W,Lala Sweet 저당 듬뿍바 3박스 + [증정 스틱바 1박스]-Music_Refresh-2-9_[26.05]F_V_JD멜_전환_쫀득바출시_네고형_공구네고형_var6.릴스_예예콘텐츠2.진수.X_2C_김유진_260529_2T_피재은,314,1,276.0,0,0,전환
2026-08-21,1868419575197746,[빙과_스틱바]_쫀득바_전환_video,[멜론쫀득바] 공구네고형_6.3W,[26.06]F_V_WB바_전환_바닐라웨하스출시_네고형_네고형_var3.릴스_축약혜택.슬기.X_1P_최나영_260605_제과_피재은_YqOlRysc.mp4_[26.05]F_V_JD멜_전환_쫀득바출시_네고형_공구네고형_var6.릴스_예예콘텐츠2.진수.X_2C_김유진_260529_2T_피재은,96,2,387.0,0,0,전환
2026-08-21,1868419574258786,[빙과_스틱바]_쫀득바_전환_video,[멜론쫀득바] 공구네고형_6.3W,[26.05]F_V_JD멜_전환_쫀득바출시_네고형_공구네고형_var6.릴스_예예콘텐츠2.진수.X_2C_김유진_260529_2T_피재은_OlnqJZde.mp4_[26.05]F_V_JD멜_전환_쫀득바출시_네고형_공구네고형_var6.릴스_예예콘텐츠2.진수.X_2C_김유진_260529_2T_피재은,101,1,404.0,0,0,전환
2026-08-21,1874038787284993,[빙과_스틱바]_쫀득바_전환_video,[멜론쫀득바] 네고형_6.3W,HighCostBau-v10033g50000d9vdo47og65q8gebe8gg_[26.06]F_V_JD멜_전환_쫀득바출시_네고형_네고형_var2.릴스_4만원.쫀쫀.X_1P_문선정_260619_빙과_이수민,4,0,10.0,0,0,전환
2026-08-21,1874038787280993,[빙과_스틱바]_쫀득바_전환_video,[멜론쫀득바] 네고형_6.3W,블랙트러플 하몽 시리즈 - 라라스윗-Music_Refresh-1-2_0j8Z7j_2_[26.06]F_V_JD멜_전환_쫀득바출시_네고형_네고형_var2.릴스_4만원.쫀쫀.X_1P_문선정_260619_빙과_이수민,23,0,292.0,0,0,전환
2026-08-21,1868782466836929,[빙과_스틱바]_쫀득바_전환_video,[멜론쫀득바] 네고형_6.3W,[26.06]F_V_JD멜_전환_쫀득바출시_네고형_네고형_var2.릴스_4만원.쫀쫀.X_1P_문선정_260619_빙과_이수민_Ug4HNQAE.mp4_[26.06]F_V_JD멜_전환_쫀득바출시_네고형_네고형_var2.릴스_4만원.쫀쫀.X_1P_문선정_260619_빙과_이수민,1586,34,18296.0,5,0,전환
2026-08-21,1873959509313921,[빙과_스틱바]_쫀득바_인지2_video,[멜론] 일본원정템_7.1W,[26.07]F_V_JD멜_인지_쫀득바출시_신규BP_외부BP_var2.릴스_POV.X_2P_문선정_260703_빙과_이하림_vSPVRZmI.mp4_[26.07]F_V_JD멜_인지_쫀득바출시_신규BP_외부BP_var2.릴스_POV.X_2P_문선정_260703_빙과_이하림,862,0,634.0,0,168,인지
2026-08-21,1868781741232178,[빙과_스틱바]_쫀득바_전환_video,[멜론쫀득바] 지인네고형_6.3W,[26.06]F_V_JD멜_전환_쫀득바출시_네고형_지인네고형_main.릴스_본론.X_1P_김유진_260619_빙과_이수현_N0LGwE1m.mp4_[26.06]F_V_JD멜_전환_쫀득바출시_네고형_지인네고형_main.릴스_본론.X_1P_김유진_260619_빙과_이수현,612,12,1057.0,2,0,전환
2026-08-21,1874056815721522,[빙과_스틱바]_쫀득바_전환_video,[멜론쫀득바] 인플루언서형_6.3W,Black Truffle Ham Series-Music_Refresh-3-3_[26.06]F_V_JD멜_전환_상시_인플루언서형_인플루언서형.전환_main.릴스_공통.X_1P_문선정_260619_빙과_이수민,4,1,37.0,0,0,전환
2026-08-21,1873959472444578,[빙과_스틱바]_쫀득바_인지2_video,[멜론] AI형(cs제조과정형)_7.2W,[26.07]F_V_JD멜_인지_쫀득바출시_기타_AI활용형_var1.릴스_cs제조과정형.악플후킹.AI건_1P_문선정_260709_빙과_강다빈_QXK9oRU3.mp4_[26.07]F_V_JD멜_인지_쫀득바출시_기타_AI활용형_var1.릴스_cs제조과정형.악플후킹.AI건_1P_문선정_260709_빙과_강다빈,11012,0,19503.0,0,3828,인지
2026-08-21,1873959517090066,[빙과_스틱바]_쫀득바_인지2_video,[멜론] AI형_6.4W,[26.06]F_V_JD멜_인지_쫀득바출시_ai형_스토리형_var1.릴스_바운스번스토리.제품명추가.AI건_1P_문선정_260630_빙과_함주현_hi46GNYU.mp4_[26.06]F_V_JD멜_인지_쫀득바출시_ai형_스토리형_var1.릴스_바운스번스토리.제품명추가.AI건_1P_문선정_260630_빙과_함주현,74,0,90.0,0,19,인지
2026-08-21,1868419575200786,[빙과_스틱바]_쫀득바_전환_video,[멜론쫀득바] 공구네고형_6.3W,[26.06]F_V_WB바_전환_바닐라웨하스출시_네고형_전화네고형_main.릴스_공통.X_1P_최나영_260605_제과_강경연_0NHie2yw.mp4_[26.05]F_V_JD멜_전환_쫀득바출시_네고형_공구네고형_var6.릴스_예예콘텐츠2.진수.X_2C_김유진_260529_2T_피재은,687,9,733.0,0,0,전환
2026-08-21,1868780396314817,[빙과_스틱바]_쫀득바_전환_video,[멜론쫀득바] 인플루언서형_6.3W,[26.06]F_V_JD멜_전환_상시_인플루언서형_인플루언서형.전환_var3.릴스_혜택.X_1P_문선정_260619_빙과_이수민_ljHaKChf.mp4_[26.06]F_V_JD멜_전환_상시_인플루언서형_인플루언서형.전환_var3.릴스_혜택.X_1P_문선정_260619_빙과_이수민,11,0,215.0,0,0,전환
2026-08-21,1868419575197714,[빙과_스틱바]_쫀득바_전환_video,[멜론쫀득바] 공구네고형_6.3W,[26.06]F_V_WB바_전환_바닐라웨하스출시_네고형_네고형_main.릴스_축약공통.슬기.X_1P_최나영_260605_제과_피재은_EXwnjgqk.mp4_[26.05]F_V_JD멜_전환_쫀득바출시_네고형_공구네고형_var6.릴스_예예콘텐츠2.진수.X_2C_김유진_260529_2T_피재은,64,2,270.0,0,0,전환
2026-08-21,1873959559414897,[빙과_스틱바]_쫀득바_인지2_video,[멜론] 부자들만먹는_6.4W,[26.06]F_V_JD멜_인지_쫀득바출시_신규BP_먹방형_var2.릴스_먹방.X_1P_문선정_260626_빙과_이수민_jNE7zmU8.mp4_[26.06]F_V_JD멜_인지_쫀득바출시_신규BP_먹방형_var2.릴스_먹방.X_1P_문선정_260626_빙과_이수민,247,0,109.0,0,30,인지
2026-08-21,1874056810013377,[빙과_스틱바]_쫀득바_전환_video,[멜론쫀득바] AI_6.3W,HighCostBau-v10033g50000d9vdlknog65mictv53u0_[26.06]F_V_JD멜_전환_쫀득바출시_기타_AI활용형_var4.릴스_막차운행.멜쫀.음악.X_1P_이석영_260604_빙과_함주현,31,0,60.0,0,0,전환
2026-08-21,1874052663364273,[빙과_스틱바]_쫀득바_전환_video,[멜론쫀득바] 바운스번BP_6.3W,HighCostBau-v10033g50000da3eqvnog65ih6c20fb0_[26.06]F_V_JD멜_전환_쫀득바출시_신규BP_바운스번BP_var1.릴스_판매중단.X_2P_고가영_260612_빙과_조의진,1219,22,6003.0,0,0,전환
2026-08-21,1874056810015921,[빙과_스틱바]_쫀득바_전환_video,[멜론쫀득바] AI_6.3W,"멜론쫀득바, 멜론쫀득파-Music_Refresh-7-7_[26.06]F_V_JD멜_전환_쫀득바출시_기타_AI활용형_var4.릴스_막차운행.멜쫀.음악.X_1P_이석영_260604_빙과_함주현",1284,15,7081.0,0,0,전환
2026-08-21,1874034145489458,[빙과_스틱바]_쫀득바_전환_video,[멜론쫀득바] 전화네고형_6.3W,Black Truffle Ham Series (10 packs)-Music_Refresh-2-6_[26.06]F_V_JD멜_전환_쫀득바출시_네고형_전화네고형_var3.릴스_노을멜론취식강조.X_1P_김유진_260605_빙과_이수민,8,0,30.0,0,0,전환
2026-08-21,1874056815721490,[빙과_스틱바]_쫀득바_전환_video,[멜론쫀득바] 인플루언서형_6.3W,"멜론쫀득바, 멜론쫀득파-Music_Refresh-3-8_[26.06]F_V_JD멜_전환_상시_인플루언서형_인플루언서형.전환_main.릴스_공통.X_1P_문선정_260619_빙과_이수민",74,2,147.0,0,0,전환
2026-08-21,1874034145492530,[빙과_스틱바]_쫀득바_전환_video,[멜론쫀득바] 전화네고형_6.3W,블랙트러플 하몽 시리즈 - 라라스윗-Music_Refresh-1-2_UlUAEz_3_[26.06]F_V_JD멜_전환_쫀득바출시_네고형_전화네고형_var3.릴스_노을멜론취식강조.X_1P_김유진_260605_빙과_이수민,1,0,1.0,0,0,전환
2026-08-21,1873959534654866,[빙과_스틱바]_쫀득바_인지2_video,[멜론] 농부대첩_6.4W,[26.06]F_V_JD멜_인지_쫀득바출시_신규BP_농부대첩BP_var3.릴스_레시피.X_2P_김유진_260626_빙과_노현경_oK6TcGtU.mp4_[26.06]F_V_JD멜_인지_쫀득바출시_신규BP_농부대첩BP_var3.릴스_레시피.X_2P_김유진_260626_빙과_노현경,29,0,70.0,0,18,인지
2026-08-21,1873959636477954,[빙과_스틱바]_쫀득바_인지2_video,[멜론] 초딩유행템_6.3W,[26.06]F_V_JD멜_인지_쫀득바출시_일상반응형_누나동생_var1.렉카_편지.X_1P_문선정_260615_빙과_노현경_fLPbqC4B.mp4_[26.06]F_V_JD멜_인지_쫀득바출시_일상반응형_누나동생_var1.렉카_편지.X_1P_문선정_260615_빙과_노현경,50,0,65.0,0,14,인지
2026-08-21,1874038793251042,[빙과_스틱바]_쫀득바_전환_video,[멜론쫀득바] AI_6.3W,블랙트러플 하몽 시리즈 - 라라스윗-Music_Refresh-2-4_[26.06]F_V_JD멜_전환_쫀득바출시_기타_AI활용형_var2.릴스_악플 소구점 2개 .X_1P_이석영_260605_빙과_함주현,3,0,3.0,0,0,전환
2026-08-21,1874035807093937,[빙과_스틱바]_쫀득바_전환_video,[멜론쫀득바] 인플루언서형_6.3W,Black Truffle Ham Series (10 packs)-Music_Refresh-4-3_[26.06]F_V_JD멜_전환_상시_인플루언서형_인플루언서형.전환_var3.릴스_혜택.X_1P_문선정_260619_빙과_이수민,205,2,1044.0,0,0,전환
2026-08-21,1873959559414865,[빙과_스틱바]_쫀득바_인지2_video,[멜론] 부자들만먹는_6.4W,[26.06]F_V_JD멜_인지_쫀득바출시_신규BP_먹방형_main.릴스_공통.X_1P_문선정_260626_빙과_이수민_6K4RW1kr.mp4_[26.06]F_V_JD멜_인지_쫀득바출시_신규BP_먹방형_main.릴스_공통.X_1P_문선정_260626_빙과_이수민,461,0,110.0,0,39,인지
2026-08-21,1868419609280641,[빙과_스틱바]_쫀득바_전환_video,[멜론쫀득바] 공구네고형_6.3W,[26.06]F_V_WB바_전환_바닐라웨하스출시_고객후기형_원물강조형_var2.릴스_원물후킹.슬기.X_1P_최나영_260605_제과_문형민_CxumvqEZ.mp4_[26.05]F_V_JD멜_전환_쫀득바출시_네고형_공구네고형_var1.릴스_예예 자체.진수.X_2C_김유진_260529_2T_피재은,50,0,48.0,0,0,전환
2026-08-21,1874056819110289,[빙과_스틱바]_쫀득바_전환_video,[멜론쫀득바] 전화네고형_6.3W,AI Generated Video-4_oAuhr9_3_[26.06]F_V_JD멜_전환_쫀득바출시_네고형_전화네고형_main.릴스_공통.X_1P_김유진_260605_빙과_이수민,14,0,18.0,0,0,전환
2026-08-21,1873959547401362,[빙과_스틱바]_쫀득바_인지2_video,[멜론] 1년후에받는_6.4W,[26.06]F_V_JD멜_인지_쫀득바출시_신규BP_써우리BP_var4.릴스_광각취식1.X_1P_문선정_260626_빙과_이수민_qf35uhY2.mp4_[26.06]F_V_JD멜_인지_쫀득바출시_신규BP_써우리BP_var4.릴스_광각취식1.X_1P_문선정_260626_빙과_이수민,1008,0,297.0,0,114,인지
2026-08-21,1873959685405714,[빙과_스틱바]_쫀득바_인지2_video,[멜론] 인물리뷰(1)_6.3W,[26.06]F_V_JD멜_인지_쫀득바출시_인물리뷰형_인물리뷰형_var2.릴스_대세감.X_2P_고가영_260612_빙과_유영현_JSgYoFLC.mp4_[26.06]F_V_JD멜_인지_쫀득바출시_인물리뷰형_인물리뷰형_var2.릴스_대세감.X_2P_고가영_260612_빙과_유영현,4,0,11.0,0,3,인지
2026-08-21,1868419609282689,[빙과_스틱바]_쫀득바_전환_video,[멜론쫀득바] 공구네고형_6.3W,[26.06]F_V_WB바_전환_바닐라웨하스출시_고객후기형_원물강조형_var1.릴스_원물강조.슬기.X_1P_최나영_260605_제과_문형민_sl7hx9DA.mp4_[26.05]F_V_JD멜_전환_쫀득바출시_네고형_공구네고형_var1.릴스_예예 자체.진수.X_2C_김유진_260529_2T_피재은,23,0,7.0,0,0,전환
2026-08-21,1868781735447777,[빙과_스틱바]_쫀득바_전환_video,[멜론쫀득바] 지인네고형_6.3W,[26.06]F_V_JD멜_전환_쫀득바출시_네고형_지인네고형_var3.릴스_원가후킹.X_1P_김유진_260619_빙과_이수현_SGeobihu.mp4_[26.06]F_V_JD멜_전환_쫀득바출시_네고형_지인네고형_var3.릴스_원가후킹.X_1P_김유진_260619_빙과_이수현,3005,67,31006.0,10,0,전환
2026-08-21,1873959531095265,[빙과_스틱바]_쫀득바_인지2_video,[멜론] 초딩유행템2_6.4W,[26.06]F_V_JD멜_인지_쫀득바출시_신규BP_써우리BP_main.릴스_본론.X_1P_문선정_260626_빙과_김진수_lniL3TJt.mp4_[26.06]F_V_JD멜_인지_쫀득바출시_신규BP_써우리BP_main.릴스_본론.X_1P_문선정_260626_빙과_김진수,4674,0,8270.0,0,1557,인지
2026-08-21,1874034140320242,[빙과_스틱바]_쫀득바_전환_video,[멜론쫀득바] 공구네고형_6.3W,Black Truffle Ham Chips-Music_Refresh-2-2_[26.05]F_V_JD멜_전환_쫀득바출시_네고형_공구네고형_var4.릴스_에르메스.진수.X_2C_김유진_260529_2T_피재은,371,5,669.0,1,0,전환
2026-08-21,1874034145489426,[빙과_스틱바]_쫀득바_전환_video,[멜론쫀득바] 전화네고형_6.3W,블랙트러플 하몽 시리즈 - 라라스윗-Music_Refresh-1-2_0j8Z7j_2_[26.06]F_V_JD멜_전환_쫀득바출시_네고형_전화네고형_var3.릴스_노을멜론취식강조.X_1P_김유진_260605_빙과_이수민,3,0,1.0,0,0,전환
2026-08-21,1873959483402274,[빙과_스틱바]_쫀득바_인지2_video,[멜론] 전세계에서일본에만_7.1W,[26.07]F_V_JD멜_인지_쫀득바출시_인물리뷰형_인물리뷰형_main.릴스_공통.X_2P_문선정_260703_빙과_유영현_hfC8Honk.mp4_[26.07]F_V_JD멜_인지_쫀득바출시_인물리뷰형_인물리뷰형_main.릴스_공통.X_2P_문선정_260703_빙과_유영현,8,0,18.0,0,3,인지
2026-08-21,1873959480704162,[빙과_스틱바]_쫀득바_인지2_video,[멜론] 관계성네고_7.1W,[26.07]F_V_JD멜_인지_쫀득바출시_인물리뷰형_관계성_var6.릴스_잔소리후킹.X_1P_김유진_260703_빙과_강다빈_8xsJGKVk.mp4_[26.07]F_V_JD멜_인지_쫀득바출시_인물리뷰형_관계성_var6.릴스_잔소리후킹.X_1P_김유진_260703_빙과_강다빈,425,0,683.0,0,136,인지
2026-08-21,1874061786239169,[빙과_스틱바]_쫀득바_전환_video,[멜론쫀득바] 공구네고형_6.3W,HighCostBau-v10033g50000d97jc2nog65rt37h8og0_[26.05]F_V_JD멜_전환_쫀득바출시_네고형_공구네고형_main.릴스_본론.진수.X_2C_김유진_260529_2T_피재은,2650,38,2390.0,1,0,전환
2026-08-21,1874052667688194,[빙과_스틱바]_쫀득바_전환_video,[멜론쫀득바] 지인네고형_6.3W,"멜론쫀득바, 멜론쫀득파-Music_Refresh-0-4_[26.06]F_V_JD멜_전환_쫀득바출시_네고형_지인네고형_var4.릴스_맛비주얼.X_1P_김유진_260619_빙과_이수현",435,6,1075.0,0,0,전환
2026-08-21,1874061789693057,[빙과_스틱바]_쫀득바_전환_video,[멜론쫀득바] 공구네고형_6.3W,"멜론쫀득바, 멜론쫀득파-Music_Refresh-0-4_[26.05]F_V_JD멜_전환_쫀득바출시_네고형_공구네고형_main.릴스_본론.진수.X_2C_김유진_260529_2T_피재은",28,0,23.0,0,0,전환
2026-08-21,1868419609275617,[빙과_스틱바]_쫀득바_전환_video,[멜론쫀득바] 공구네고형_6.3W,Lala Sweet Gold Kiwi Popsicle and Stick Bar-Music_Refresh-0-1_7ArWXY_3_[26.05]F_V_JD멜_전환_쫀득바출시_네고형_공구네고형_var1.릴스_예예 자체.진수.X_2C_김유진_260529_2T_피재은,739,3,285.0,0,0,전환
2026-08-21,1874056819110321,[빙과_스틱바]_쫀득바_전환_video,[멜론쫀득바] 전화네고형_6.3W,HighCostBau-v10033g50000d9vdlknog65mictv53u0_[26.06]F_V_JD멜_전환_쫀득바출시_네고형_전화네고형_main.릴스_공통.X_1P_김유진_260605_빙과_이수민,18,1,42.0,0,0,전환
2026-08-21,1868419667686497,[빙과_스틱바]_쫀득바_전환_video,[멜론쫀득바] 공구네고형_6.3W,[26.06]F_V_WB바_전환_바닐라웨하스출시_네고형_네고형_var6.릴스_원물.슬기.X_1P_최나영_260605_제과_피재은_ck4ptuWA.mp4_[26.05]F_V_JD멜_전환_쫀득바출시_네고형_공구네고형_main.릴스_본론.진수.X_2C_김유진_260529_2T_피재은,171,1,60.0,0,0,전환
2026-08-21,1874061786240289,[빙과_스틱바]_쫀득바_전환_video,[멜론쫀득바] 공구네고형_6.3W,Black Truffle Ham Snack - Larasweet-Music_Refresh-1-4_[26.05]F_V_JD멜_전환_쫀득바출시_네고형_공구네고형_main.릴스_본론.진수.X_2C_김유진_260529_2T_피재은,1,0,12.0,0,0,전환
2026-08-21,1874034140321042,[빙과_스틱바]_쫀득바_전환_video,[멜론쫀득바] 공구네고형_6.3W,Black Truffle Ham Series (10 packs)-Music_Refresh-5-4_[26.05]F_V_JD멜_전환_쫀득바출시_네고형_공구네고형_var4.릴스_에르메스.진수.X_2C_김유진_260529_2T_피재은,2413,27,1138.0,0,0,전환
2026-08-21,1868419575202226,[빙과_스틱바]_쫀득바_전환_video,[멜론쫀득바] 공구네고형_6.3W,Lala Sweet Gold Kiwi Popsicle and Stick Bar-Music_Refresh-0-1_7ArWXY_3_[26.05]F_V_JD멜_전환_쫀득바출시_네고형_공구네고형_var6.릴스_예예콘텐츠2.진수.X_2C_김유진_260529_2T_피재은,124,0,155.0,0,0,전환
2026-08-21,1874052667688162,[빙과_스틱바]_쫀득바_전환_video,[멜론쫀득바] 지인네고형_6.3W,HighCostBau-v10033g50000d9vdlknog65mictv53u0_[26.06]F_V_JD멜_전환_쫀득바출시_네고형_지인네고형_var4.릴스_맛비주얼.X_1P_김유진_260619_빙과_이수현,37,0,32.0,0,0,전환
2026-08-21,1874052663367809,[빙과_스틱바]_쫀득바_전환_video,[멜론쫀득바] 바운스번BP_6.3W,블랙트러플 하몽 시리즈 - 라라스윗-Music_Refresh-2-5_[26.06]F_V_JD멜_전환_쫀득바출시_신규BP_바운스번BP_var1.릴스_판매중단.X_2P_고가영_260612_빙과_조의진,12,0,134.0,0,0,전환
2026-08-21,1874061789693089,[빙과_스틱바]_쫀득바_전환_video,[멜론쫀득바] 공구네고형_6.3W,HighCostBau-v10033g50000d9vdlknog65mictv53u0_[26.05]F_V_JD멜_전환_쫀득바출시_네고형_공구네고형_main.릴스_본론.진수.X_2C_김유진_260529_2T_피재은,12,0,12.0,0,0,전환
2026-08-21,1868419609275585,[빙과_스틱바]_쫀득바_전환_video,[멜론쫀득바] 공구네고형_6.3W,[26.05]F_V_JD멜_전환_쫀득바출시_네고형_공구네고형_var1.릴스_예예 자체.진수.X_2C_김유진_260529_2T_피재은_4g9Od6Fk.mp4_[26.05]F_V_JD멜_전환_쫀득바출시_네고형_공구네고형_var1.릴스_예예 자체.진수.X_2C_김유진_260529_2T_피재은,172,4,805.0,1,0,전환
2026-08-21,1868417937358114,[빙과_스틱바]_쫀득바_전환_video,[멜론쫀득바] AI_6.3W,[26.06]F_V_JD멜_전환_쫀득바출시_기타_AI활용형_main.릴스_악플.X_1P_이석영_260605_빙과_함주현_jrzqeVbW.MP4_[26.06]F_V_JD멜_전환_쫀득바출시_기타_AI활용형_main.릴스_악플.X_1P_이석영_260605_빙과_함주현,4661,42,9155.0,0,0,전환
2026-08-21,1873959541152082,[빙과_스틱바]_쫀득바_인지2_video,[멜론] 1년후에받는_6.4W,[26.06]F_V_JD멜_인지_쫀득바출시_신규BP_써우리BP_var2.릴스_비교2.X_1P_문선정_260626_빙과_이수민_YFbSa6qv.mp4_[26.06]F_V_JD멜_인지_쫀득바출시_신규BP_써우리BP_var2.릴스_비교2.X_1P_문선정_260626_빙과_이수민,4392,0,7005.0,0,1386,인지
2026-08-21,1874030341331282,[빙과_스틱바]_쫀득바_인지2_video,[멜론] 전세계에서일본에만_7.1W,[26.07]F_V_JD멜_인지_쫀득바출시_인물리뷰형_인물리뷰형_var1.릴스_상단.국내출시.X_2P_문선정_260703_빙과_유영현_hYJso2jc.mp4_[26.07]F_V_JD멜_인지_쫀득바출시_인물리뷰형_인물리뷰형_var1.릴스_상단.국내출시.X_2P_문선정_260703_빙과_유영현,2060,0,1126.0,0,388,인지
2026-08-21,1874038793247906,[빙과_스틱바]_쫀득바_전환_video,[멜론쫀득바] AI_6.3W,블랙트러플 하몽 시리즈 - 라라스윗-Music_Refresh-2-6_[26.06]F_V_JD멜_전환_쫀득바출시_기타_AI활용형_var2.릴스_악플 소구점 2개 .X_1P_이석영_260605_빙과_함주현,1553,17,2087.0,0,0,전환
2026-08-21,1873959474539681,[빙과_스틱바]_쫀득바_인지2_video,[멜론] 브이로그형_7.1W,[26.07]F_V_JD멜_인지_쫀득바출시_소비자상황형_브이로그형_main.릴스_번따당함.X_1P_문선정_260703_빙과_정하얀_PKQZupMd.mp4_[26.07]F_V_JD멜_인지_쫀득바출시_소비자상황형_브이로그형_main.릴스_번따당함.X_1P_문선정_260703_빙과_정하얀,489,0,856.0,0,160,인지
2026-08-21,1873959572271185,[빙과_스틱바]_쫀득바_인지2_video,[멜론] 써우리BP_6.4W,[26.06]F_V_JD멜_인지_쫀득바출시_맛인지형_맛인지형.인지_var1.릴스_왁뿌볼.X_1P_문선정_260612_빙과_이수민_EwQB6yWu.mp4_[26.06]F_V_JD멜_인지_쫀득바출시_맛인지형_맛인지형.인지_var1.릴스_왁뿌볼.X_1P_문선정_260612_빙과_이수민,690,0,728.0,0,193,인지
2026-08-21,1874035807099489,[빙과_스틱바]_쫀득바_전환_video,[멜론쫀득바] 인플루언서형_6.3W,Auto-generated-Add_Text_Sticker_Retrieve-1-2_[26.06]F_V_JD멜_전환_상시_인플루언서형_인플루언서형.전환_var3.릴스_혜택.X_1P_문선정_260619_빙과_이수민,50,0,202.0,0,0,전환
2026-08-21,1874038787284193,[빙과_스틱바]_쫀득바_전환_video,[멜론쫀득바] 네고형_6.3W,Black Truffle Ham Chips-Music_Refresh-1-2_EQC3Lx_2_[26.06]F_V_JD멜_전환_쫀득바출시_네고형_네고형_var2.릴스_4만원.쫀쫀.X_1P_문선정_260619_빙과_이수민,74,5,228.0,0,0,전환
2026-08-21,1873959601100177,[빙과_스틱바]_쫀득바_인지2_video,[멜론] 인플루언서형_6.3W,[26.06]F_V_JD멜_인지_상시_인플루언서형_인플루언서형.인지_var2.릴스_대세감.X_1P_문선정_260619_빙과_이수민_Bwvr3K0z.mp4_[26.06]F_V_JD멜_인지_상시_인플루언서형_인플루언서형.인지_var2.릴스_대세감.X_1P_문선정_260619_빙과_이수민,57,0,65.0,0,13,인지
2026-08-21,1874056810015889,[빙과_스틱바]_쫀득바_전환_video,[멜론쫀득바] AI_6.3W,Black Truffle Ham Series-Music_Refresh-1-1_B1s5qg_4_[26.06]F_V_JD멜_전환_쫀득바출시_기타_AI활용형_var4.릴스_막차운행.멜쫀.음악.X_1P_이석영_260604_빙과_함주현,11,0,189.0,0,0,전환
2026-08-21,1874061786240257,[빙과_스틱바]_쫀득바_전환_video,[멜론쫀득바] 공구네고형_6.3W,트로플 하몽깡-Music_Refresh-0-7_[26.05]F_V_JD멜_전환_쫀득바출시_네고형_공구네고형_main.릴스_본론.진수.X_2C_김유진_260529_2T_피재은,110,5,700.0,0,0,전환
2026-08-21,1874052663364961,[빙과_스틱바]_쫀득바_전환_video,[멜론쫀득바] 바운스번BP_6.3W,트로플 하몽깡-Music_Refresh-4-5_[26.06]F_V_JD멜_전환_쫀득바출시_신규BP_바운스번BP_var1.릴스_판매중단.X_2P_고가영_260612_빙과_조의진,13,0,71.0,0,0,전환
2026-08-21,1873959487025618,[빙과_스틱바]_쫀득바_인지2_video,[멜론] 전세계에서일본에만_7.1W,[26.07]F_V_JD멜_인지_쫀득바출시_인물리뷰형_인물리뷰형_var6.릴스_1위강조.X_2P_문선정_260703_빙과_유영현_PV7bCcFl.mp4_[26.07]F_V_JD멜_인지_쫀득바출시_인물리뷰형_인물리뷰형_var6.릴스_1위강조.X_2P_문선정_260703_빙과_유영현,457,0,205.0,0,105,인지
2026-08-21,1873959607461201,[빙과_스틱바]_쫀득바_인지2_video,[멜론] 컨비니BP_6.3W,[26.06]F_V_JD멜_인지_쫀득바출시_제조과정형_컨비니BP_var4.릴스_공통.X_1P_김유진_260619_빙과_정요한_9WVuy24o.mp4_[26.06]F_V_JD멜_인지_쫀득바출시_제조과정형_컨비니BP_var4.릴스_공통.X_1P_김유진_260619_빙과_정요한,22,0,27.0,0,5,인지
2026-08-21,1873959633516657,[빙과_스틱바]_쫀득바_인지2_video,[멜론] 스틱바BP_6.3W,[26.06]F_V_JD멜_인지_쫀득바출시_인물리뷰형_4050대세감_var5.릴스_쩜오건.숏.음산브금.X_1P_문선정_260619_빙과_강다빈_OPETBUCN.mp4_[26.06]F_V_JD멜_인지_쫀득바출시_인물리뷰형_4050대세감_var5.릴스_쩜오건.숏.음산브금.X_1P_문선정_260619_빙과_강다빈,1519,0,1474.0,0,394,인지
2026-08-21,1868419609276449,[빙과_스틱바]_쫀득바_전환_video,[멜론쫀득바] 공구네고형_6.3W,Lala Sweet 저당 듬뿍바 3박스 + [증정 스틱바 1박스]-Music_Refresh-2-9_[26.05]F_V_JD멜_전환_쫀득바출시_네고형_공구네고형_var1.릴스_예예 자체.진수.X_2C_김유진_260529_2T_피재은,133,2,69.0,0,0,전환
2026-08-21,1868419609279521,[빙과_스틱바]_쫀득바_전환_video,[멜론쫀득바] 공구네고형_6.3W,[26.06]F_V_WB바_전환_바닐라웨하스출시_네고형_네고형_var3.릴스_축약혜택.슬기.X_1P_최나영_260605_제과_피재은_YqOlRysc.mp4_[26.05]F_V_JD멜_전환_쫀득바출시_네고형_공구네고형_var1.릴스_예예 자체.진수.X_2C_김유진_260529_2T_피재은,54,0,14.0,0,0,전환
2026-08-21,1873959484807170,[빙과_스틱바]_쫀득바_인지2_video,[멜론] 전세계에서일본에만_7.1W,[26.07]F_V_JD멜_인지_쫀득바출시_인물리뷰형_인물리뷰형_var4.릴스_상단.일본안가.X_2P_문선정_260703_빙과_유영현_lXorbHIU.mp4_[26.07]F_V_JD멜_인지_쫀득바출시_인물리뷰형_인물리뷰형_var4.릴스_상단.일본안가.X_2P_문선정_260703_빙과_유영현,107,0,60.0,0,18,인지
2026-08-21,1873959541152114,[빙과_스틱바]_쫀득바_인지2_video,[멜론] 1년후에받는_6.4W,[26.06]F_V_JD멜_인지_쫀득바출시_신규BP_써우리BP_var1.릴스_비교1.X_1P_문선정_260626_빙과_이수민_pb8xwIkc.mp4_[26.06]F_V_JD멜_인지_쫀득바출시_신규BP_써우리BP_var1.릴스_비교1.X_1P_문선정_260626_빙과_이수민,37,0,27.0,0,6,인지
2026-08-21,1868419576387937,[빙과_스틱바]_쫀득바_전환_video,[멜론쫀득바] 공구네고형_6.3W,[26.05]F_V_JD멜_전환_쫀득바출시_네고형_공구네고형_var4.릴스_에르메스.진수.X_2C_김유진_260529_2T_피재은_NUw9HOSM.mp4_[26.05]F_V_JD멜_전환_쫀득바출시_네고형_공구네고형_var4.릴스_에르메스.진수.X_2C_김유진_260529_2T_피재은,199,6,470.0,0,0,전환
2026-08-21,1874038793247874,[빙과_스틱바]_쫀득바_전환_video,[멜론쫀득바] AI_6.3W,Black Truffle Ham Chips-Music_Refresh-2-2_[26.06]F_V_JD멜_전환_쫀득바출시_기타_AI활용형_var2.릴스_악플 소구점 2개 .X_1P_이석영_260605_빙과_함주현,169,4,1209.0,1,0,전환
2026-08-21,1874038787281921,[빙과_스틱바]_쫀득바_전환_video,[멜론쫀득바] 네고형_6.3W,블랙트러플 하몽 시리즈 - 라라스윗-Music_Refresh-1-2_[26.06]F_V_JD멜_전환_쫀득바출시_네고형_네고형_var2.릴스_4만원.쫀쫀.X_1P_문선정_260619_빙과_이수민,69,0,44.0,0,0,전환
2026-08-21,1874035807099457,[빙과_스틱바]_쫀득바_전환_video,[멜론쫀득바] 인플루언서형_6.3W,Auto-generated-Add_Text_Sticker_Retrieve-0-1_pxZTlq_0_[26.06]F_V_JD멜_전환_상시_인플루언서형_인플루언서형.전환_var3.릴스_혜택.X_1P_문선정_260619_빙과_이수민,89,2,1432.0,0,0,전환
2026-08-21,1874034140322130,[빙과_스틱바]_쫀득바_전환_video,[멜론쫀득바] 공구네고형_6.3W,HighCostBau-v10033g50000d9vdo47og65q8gebe8gg_[26.05]F_V_JD멜_전환_쫀득바출시_네고형_공구네고형_var4.릴스_에르메스.진수.X_2C_김유진_260529_2T_피재은,53,0,161.0,0,0,전환
2026-08-21,1868417916599330,[빙과_스틱바]_쫀득바_전환_video,[멜론쫀득바] AI_6.3W,[26.06]F_V_JD멜_전환_쫀득바출시_기타_AI활용형_var2.릴스_악플 소구점 2개 .X_1P_이석영_260605_빙과_함주현_KZS27ox0.MP4_[26.06]F_V_JD멜_전환_쫀득바출시_기타_AI활용형_var2.릴스_악플 소구점 2개 .X_1P_이석영_260605_빙과_함주현,9,0,41.0,0,0,전환
2026-08-21,1874052663364929,[빙과_스틱바]_쫀득바_전환_video,[멜론쫀득바] 바운스번BP_6.3W,트로플 하몽깡-Music_Refresh-0-7_[26.06]F_V_JD멜_전환_쫀득바출시_신규BP_바운스번BP_var1.릴스_판매중단.X_2P_고가영_260612_빙과_조의진,64,1,692.0,0,0,전환
2026-08-21,1874052667690114,[빙과_스틱바]_쫀득바_전환_video,[멜론쫀득바] 지인네고형_6.3W,Black Truffle Ham Series-Music_Refresh-1-1_[26.06]F_V_JD멜_전환_쫀득바출시_네고형_지인네고형_var4.릴스_맛비주얼.X_1P_김유진_260619_빙과_이수현,6,0,8.0,0,0,전환
2026-08-21,1874052667689090,[빙과_스틱바]_쫀득바_전환_video,[멜론쫀득바] 지인네고형_6.3W,"멜론쫀득바, 멜론쫀득파-Music_Refresh-3-8_[26.06]F_V_JD멜_전환_쫀득바출시_네고형_지인네고형_var4.릴스_맛비주얼.X_1P_김유진_260619_빙과_이수현",786,2,190.0,0,0,전환
2026-08-21,1868419609276417,[빙과_스틱바]_쫀득바_전환_video,[멜론쫀득바] 공구네고형_6.3W,[26.06]F_V_WB바_전환_바닐라웨하스출시_네고형_네고형_var8.릴스_혜택.슬기.X_1P_최나영_260605_제과_피재은_H0xpSJs1.mp4_[26.05]F_V_JD멜_전환_쫀득바출시_네고형_공구네고형_var1.릴스_예예 자체.진수.X_2C_김유진_260529_2T_피재은,90,0,55.0,0,0,전환
2026-08-21,1868419609279489,[빙과_스틱바]_쫀득바_전환_video,[멜론쫀득바] 공구네고형_6.3W,[26.06]F_V_WB바_전환_바닐라웨하스출시_네고형_네고형_var2.릴스_축약최초.슬기.X_1P_최나영_260605_제과_피재은_NAgDqaFJ.mp4_[26.05]F_V_JD멜_전환_쫀득바출시_네고형_공구네고형_var1.릴스_예예 자체.진수.X_2C_김유진_260529_2T_피재은,68,1,44.0,0,0,전환
2026-08-21,1874030321444945,[빙과_스틱바]_쫀득바_인지2_video,[멜론] 컨비니BP_6.3W,[26.06]F_V_JD멜_인지_쫀득바출시_제조과정형_컨비니BP_var5.릴스_공통.할인.X_1P_김유진_260619_빙과_정요한_7cNBXRYq.mp4_[26.06]F_V_JD멜_인지_쫀득바출시_제조과정형_컨비니BP_var5.릴스_공통.할인.X_1P_김유진_260619_빙과_정요한,1104,0,859.0,0,330,인지
2026-08-21,1873959671881745,[빙과_스틱바]_쫀득바_인지2_video,[멜론] 유튜버썰풀기형_6.3W,[26.06]F_V_JD멜_인지_쫀득바출시_숏츠형_유튜브읽기형_var6.릴스_업계최초.의외로.X_1P_문선정_260612_빙과_이수현_KyiOqcTE.mp4_[26.06]F_V_JD멜_인지_쫀득바출시_숏츠형_유튜브읽기형_var6.릴스_업계최초.의외로.X_1P_문선정_260612_빙과_이수현,670,0,952.0,0,199,인지
2026-08-21,1874034144299298,[빙과_스틱바]_쫀득바_전환_video,[멜론쫀득바] 지인네고형_6.3W,Black Truffle Ham Chips-Music_Refresh-2-2_[26.06]F_V_JD멜_전환_쫀득바출시_네고형_지인네고형_var1.릴스_규모감.X_1P_김유진_260619_빙과_이수현,2,0,20.0,0,0,전환
2026-08-21,1874056819112209,[빙과_스틱바]_쫀득바_전환_video,[멜론쫀득바] 전화네고형_6.3W,"멜론쫀득바, 멜론쫀득파-Music_Refresh-6-9_[26.06]F_V_JD멜_전환_쫀득바출시_네고형_전화네고형_main.릴스_공통.X_1P_김유진_260605_빙과_이수민",119,1,266.0,0,0,전환
2026-08-21,1874038787281953,[빙과_스틱바]_쫀득바_전환_video,[멜론쫀득바] 네고형_6.3W,블랙트러플 하몽 시리즈 - 라라스윗-Music_Refresh-2-3_[26.06]F_V_JD멜_전환_쫀득바출시_네고형_네고형_var2.릴스_4만원.쫀쫀.X_1P_문선정_260619_빙과_이수민,3,0,7.0,0,0,전환
2026-08-21,1868780396968018,[빙과_스틱바]_쫀득바_전환_video,[멜론쫀득바] 인플루언서형_6.3W,[26.06]F_V_JD멜_전환_상시_인플루언서형_인플루언서형.전환_var2.릴스_쫀득.X_1P_문선정_260619_빙과_이수민_Eoc9nyH1.mp4_[26.06]F_V_JD멜_전환_상시_인플루언서형_인플루언서형.전환_var2.릴스_쫀득.X_1P_문선정_260619_빙과_이수민,738,22,8277.0,0,0,전환
2026-08-21,1874034140322162,[빙과_스틱바]_쫀득바_전환_video,[멜론쫀득바] 공구네고형_6.3W,블랙트러플 하몽 시리즈 - 라라스윗-Music_Refresh-1-2_WRpAX9_0_[26.05]F_V_JD멜_전환_쫀득바출시_네고형_공구네고형_var4.릴스_에르메스.진수.X_2C_김유진_260529_2T_피재은,32,0,33.0,0,0,전환
2026-08-21,1868417913545745,[빙과_스틱바]_쫀득바_전환_video,[멜론쫀득바] AI_6.3W,[26.06]F_V_JD멜_전환_쫀득바출시_기타_AI활용형_var1.릴스_악플 와다다.X_1P_이석영_260605_빙과_함주현_CPg31LFM.MP4_[26.06]F_V_JD멜_전환_쫀득바출시_기타_AI활용형_var1.릴스_악플 와다다.X_1P_이석영_260605_빙과_함주현,403,4,715.0,0,0,전환
2026-08-21,1873959656457905,[빙과_스틱바]_쫀득바_인지2_video,[멜론] 요거트바BP_6.3W,[26.06]F_V_JD멜_인지_쫀득바출시_인물리뷰형_편의점원정_var2.릴스_퀄리티.X_1P_문선정_260612_빙과_정요한_F6rWEnOX.mp4_[26.06]F_V_JD멜_인지_쫀득바출시_인물리뷰형_편의점원정_var2.릴스_퀄리티.X_1P_문선정_260612_빙과_정요한,621,0,396.0,0,142,인지
2026-08-21,1868419575203218,[빙과_스틱바]_쫀득바_전환_video,[멜론쫀득바] 공구네고형_6.3W,Lala Sweet Low-Sugar Kiwi Bar 3 Boxes + [Free Stick Bar 1 Box]-Music_Refresh-1-5_[26.05]F_V_JD멜_전환_쫀득바출시_네고형_공구네고형_var6.릴스_예예콘텐츠2.진수.X_2C_김유진_260529_2T_피재은,96,2,71.0,0,0,전환
2026-08-21,1868419575202194,[빙과_스틱바]_쫀득바_전환_video,[멜론쫀득바] 공구네고형_6.3W,Lala Sweet 저당 듬뿍바 3박스 + [증정 스틱바 1박스]-Music_Refresh-4-11_[26.05]F_V_JD멜_전환_쫀득바출시_네고형_공구네고형_var6.릴스_예예콘텐츠2.진수.X_2C_김유진_260529_2T_피재은,425,5,274.0,0,0,전환
2026-08-21,1874030320115922,[빙과_스틱바]_쫀득바_인지2_video,[멜론] 지인네고형_6.3W,[26.06]F_V_JD멜_인지_쫀득바출시_네고형_지인네고형_var1.릴스_규모감.X_1P_김유진_260619_빙과_이수현_8KcuLnOj.mp4_[26.06]F_V_JD멜_인지_쫀득바출시_네고형_지인네고형_var1.릴스_규모감.X_1P_김유진_260619_빙과_이수현,4588,0,9074.0,0,1653,인지
2026-08-21,1873959526530242,[빙과_스틱바]_쫀득바_인지2_video,[멜론] 책상네고 대체_6.4W,[26.06]F_V_JD멜_인지_쫀득바출시_기타_비하인드썰풀기_var2.릴스_POV.X_1P_김유진_260626_빙과_강다빈_dvNEWTwx.mp4_[26.06]F_V_JD멜_인지_쫀득바출시_기타_비하인드썰풀기_var2.릴스_POV.X_1P_김유진_260626_빙과_강다빈,901,0,363.0,0,193,인지
2026-08-21,1873959544525217,[빙과_스틱바]_쫀득바_인지2_video,[멜론] 1년후에받는_6.4W,[26.06]F_V_JD멜_인지_쫀득바출시_신규BP_써우리BP_var5.릴스_광각취식2.X_1P_문선정_260626_빙과_이수민_WvbZ0G7H.mp4_[26.06]F_V_JD멜_인지_쫀득바출시_신규BP_써우리BP_var5.릴스_광각취식2.X_1P_문선정_260626_빙과_이수민,425,0,134.0,0,50,인지
2026-08-21,1873959656924433,[빙과_스틱바]_쫀득바_인지2_video,[멜론] 요거트바BP_6.3W,[26.06]F_V_JD멜_인지_쫀득바출시_인물리뷰형_편의점원정_var3.릴스_왁뿌볼.X_1P_문선정_260612_빙과_정요한_HJ4yRNtY.mp4_[26.06]F_V_JD멜_인지_쫀득바출시_인물리뷰형_편의점원정_var3.릴스_왁뿌볼.X_1P_문선정_260612_빙과_정요한,64,0,73.0,0,22,인지
2026-08-21,1873959636476066,[빙과_스틱바]_쫀득바_인지2_video,[멜론] 초딩유행템_6.3W,[26.06]F_V_JD멜_인지_쫀득바출시_일상반응형_누나동생_main.렉카_떼쓰기.X_1P_문선정_260615_빙과_노현경_pKk6yJO4.mp4_[26.06]F_V_JD멜_인지_쫀득바출시_일상반응형_누나동생_main.렉카_떼쓰기.X_1P_문선정_260615_빙과_노현경,42,0,63.0,0,14,인지
2026-08-21,1868419609278561,[빙과_스틱바]_쫀득바_전환_video,[멜론쫀득바] 공구네고형_6.3W,[26.06]F_V_WB바_전환_바닐라웨하스출시_네고형_네고형_var1.릴스_축약원물.슬기.X_1P_최나영_260605_제과_피재은_oYnwJfb7.mp4_[26.05]F_V_JD멜_전환_쫀득바출시_네고형_공구네고형_var1.릴스_예예 자체.진수.X_2C_김유진_260529_2T_피재은,20,1,110.0,0,0,전환
2026-08-21,1874030331270737,[빙과_스틱바]_쫀득바_인지2_video,[망고] 전화네고형_6.3W,[26.06]F_V_JD망_인지_쫀득바출시_네고형_전화네고형_main.릴스_공통.X_2P_문선정_260622_빙과_조의진_NYzLctHZ.mp4_[26.06]F_V_JD망_인지_쫀득바출시_네고형_전화네고형_main.릴스_공통.X_2P_문선정_260622_빙과_조의진,7223,0,14079.0,0,2619,인지
2026-08-21,1874056810015489,[빙과_스틱바]_쫀득바_전환_video,[멜론쫀득바] AI_6.3W,AI Generated Video-2_ylpQZ3_0_[26.06]F_V_JD멜_전환_쫀득바출시_기타_AI활용형_var4.릴스_막차운행.멜쫀.음악.X_1P_이석영_260604_빙과_함주현,272,2,540.0,0,0,전환
2026-08-21,1874034145490274,[빙과_스틱바]_쫀득바_전환_video,[멜론쫀득바] 전화네고형_6.3W,블랙트러플 하몽 시리즈 - 라라스윗-Music_Refresh-1-2_[26.06]F_V_JD멜_전환_쫀득바출시_네고형_전화네고형_var3.릴스_노을멜론취식강조.X_1P_김유진_260605_빙과_이수민,4,0,12.0,0,0,전환
2026-08-21,1868419609280609,[빙과_스틱바]_쫀득바_전환_video,[멜론쫀득바] 공구네고형_6.3W,[26.06]F_V_WB바_전환_바닐라웨하스출시_고객후기형_원물강조형_main.릴스_공통.슬기.X_1P_최나영_260605_제과_문형민_aIvY4NFD.mp4_[26.05]F_V_JD멜_전환_쫀득바출시_네고형_공구네고형_var1.릴스_예예 자체.진수.X_2C_김유진_260529_2T_피재은,37,0,71.0,0,0,전환
2026-08-21,1874052667689074,[빙과_스틱바]_쫀득바_전환_video,[멜론쫀득바] 지인네고형_6.3W,"멜론쫀득바, 멜론쫀득파-Music_Refresh-6-9_[26.06]F_V_JD멜_전환_쫀득바출시_네고형_지인네고형_var4.릴스_맛비주얼.X_1P_김유진_260619_빙과_이수현",1953,16,643.0,0,0,전환
2026-08-21,1868419667685601,[빙과_스틱바]_쫀득바_전환_video,[멜론쫀득바] 공구네고형_6.3W,[26.06]F_V_WB바_전환_바닐라웨하스출시_네고형_네고형_var4.릴스_축약반값.슬기.X_1P_최나영_260605_제과_피재은_Ysq4CN7n.mp4_[26.05]F_V_JD멜_전환_쫀득바출시_네고형_공구네고형_main.릴스_본론.진수.X_2C_김유진_260529_2T_피재은,47,0,38.0,0,0,전환
2026-08-21,1868419667688673,[빙과_스틱바]_쫀득바_전환_video,[멜론쫀득바] 공구네고형_6.3W,[26.06]F_V_WB바_전환_바닐라웨하스출시_고객후기형_원물강조형_var2.릴스_원물후킹.슬기.X_1P_최나영_260605_제과_문형민_CxumvqEZ.mp4_[26.05]F_V_JD멜_전환_쫀득바출시_네고형_공구네고형_main.릴스_본론.진수.X_2C_김유진_260529_2T_피재은,19,0,3.0,0,0,전환
2026-08-21,1873959673179393,[빙과_스틱바]_쫀득바_인지2_video,[멜론] 유튜버썰풀기형_6.3W,[26.06]F_V_JD멜_인지_쫀득바출시_숏츠형_유튜브읽기형_var5.릴스_업계최초.X_1P_문선정_260612_빙과_이수현_EID4Njqr.mp4_[26.06]F_V_JD멜_인지_쫀득바출시_숏츠형_유튜브읽기형_var5.릴스_업계최초.X_1P_문선정_260612_빙과_이수현,78,0,114.0,0,30,인지
2026-08-21,1873959627273345,[빙과_스틱바]_쫀득바_인지2_video,[멜론] 스틱바BP_6.3W,[26.06]F_V_JD멜_인지_쫀득바출시_인물리뷰형_4050대세감_var4.릴스_쩜오건.캡컷나레교체.X_1P_문선정_260619_빙과_강다빈_incretV8.mp4_[26.06]F_V_JD멜_인지_쫀득바출시_인물리뷰형_4050대세감_var4.릴스_쩜오건.캡컷나레교체.X_1P_문선정_260619_빙과_강다빈,8393,0,13637.0,0,2574,인지
2026-08-21,1868419609278529,[빙과_스틱바]_쫀득바_전환_video,[멜론쫀득바] 공구네고형_6.3W,Lala Sweet 저당 딸기듬뿍바-Music_Refresh-0-1_[26.05]F_V_JD멜_전환_쫀득바출시_네고형_공구네고형_var1.릴스_예예 자체.진수.X_2C_김유진_260529_2T_피재은,108,0,260.0,0,0,전환
2026-08-21,1874035807097329,[빙과_스틱바]_쫀득바_전환_video,[멜론쫀득바] 인플루언서형_6.3W,Black Truffle Ham Series-Music_Refresh-1-2_[26.06]F_V_JD멜_전환_상시_인플루언서형_인플루언서형.전환_var3.릴스_혜택.X_1P_문선정_260619_빙과_이수민,27,0,82.0,0,0,전환
2026-08-21,1873959607444929,[빙과_스틱바]_쫀득바_인지2_video,[멜론] 컨비니BP_6.3W,[26.06]F_V_JD멜_인지_쫀득바출시_제조과정형_컨비니BP_var6.릴스_희소성.X_1P_김유진_260619_빙과_정요한_BXJfE8xs.mp4_[26.06]F_V_JD멜_인지_쫀득바출시_제조과정형_컨비니BP_var6.릴스_희소성.X_1P_김유진_260619_빙과_정요한,582,0,199.0,0,97,인지
2026-08-21,1874035807098353,[빙과_스틱바]_쫀득바_전환_video,[멜론쫀득바] 인플루언서형_6.3W,Auto-generated-Add_Text_Sticker_Retrieve-0-2_[26.06]F_V_JD멜_전환_상시_인플루언서형_인플루언서형.전환_var3.릴스_혜택.X_1P_문선정_260619_빙과_이수민,142,1,1046.0,1,0,전환
2026-08-21,1874056810015521,[빙과_스틱바]_쫀득바_전환_video,[멜론쫀득바] AI_6.3W,Black Truffle Ham Series-Music_Refresh-3-3_[26.06]F_V_JD멜_전환_쫀득바출시_기타_AI활용형_var4.릴스_막차운행.멜쫀.음악.X_1P_이석영_260604_빙과_함주현,16,1,75.0,0,0,전환
2026-08-21,1874052667689042,[빙과_스틱바]_쫀득바_전환_video,[멜론쫀득바] 지인네고형_6.3W,HighCostBau-v10033g50000d9qhju7og65sd2k6euv0_[26.06]F_V_JD멜_전환_쫀득바출시_네고형_지인네고형_var4.릴스_맛비주얼.X_1P_김유진_260619_빙과_이수현,81,0,344.0,0,0,전환
2026-08-21,1874030336353905,[빙과_스틱바]_쫀득바_인지2_video,[멜론] 농부대첩_6.4W,[26.06]F_V_JD멜_인지_쫀득바출시_신규BP_농부대첩BP_var2.릴스_택갈이.X_2P_김유진_260626_빙과_노현경_fSprCtMj.mp4_[26.06]F_V_JD멜_인지_쫀득바출시_신규BP_농부대첩BP_var2.릴스_택갈이.X_2P_김유진_260626_빙과_노현경,10704,0,14646.0,0,3016,인지
2026-08-21,1873959600941425,[빙과_스틱바]_쫀득바_인지2_video,[멜론] 인플루언서형_6.3W,[26.06]F_V_JD멜_인지_상시_인플루언서형_인플루언서형.인지_var1.릴스_쫀득 후킹.X_1P_문선정_260619_빙과_이수민_HCZXPTgo.mp4_[26.06]F_V_JD멜_인지_상시_인플루언서형_인플루언서형.인지_var1.릴스_쫀득 후킹.X_1P_문선정_260619_빙과_이수민,281,0,194.0,0,87,인지
2026-08-21,1868419575199010,[빙과_스틱바]_쫀득바_전환_video,[멜론쫀득바] 공구네고형_6.3W,[26.06]F_V_WB바_전환_바닐라웨하스출시_네고형_네고형_var6.릴스_원물.슬기.X_1P_최나영_260605_제과_피재은_ck4ptuWA.mp4_[26.05]F_V_JD멜_전환_쫀득바출시_네고형_공구네고형_var6.릴스_예예콘텐츠2.진수.X_2C_김유진_260529_2T_피재은,811,10,1469.0,0,0,전환
2026-08-21,1868419667685569,[빙과_스틱바]_쫀득바_전환_video,[멜론쫀득바] 공구네고형_6.3W,[26.06]F_V_WB바_전환_바닐라웨하스출시_네고형_네고형_var1.릴스_축약원물.슬기.X_1P_최나영_260605_제과_피재은_oYnwJfb7.mp4_[26.05]F_V_JD멜_전환_쫀득바출시_네고형_공구네고형_main.릴스_본론.진수.X_2C_김유진_260529_2T_피재은,9,0,27.0,0,0,전환
2026-08-21,1868419667688641,[빙과_스틱바]_쫀득바_전환_video,[멜론쫀득바] 공구네고형_6.3W,[26.06]F_V_WB바_전환_바닐라웨하스출시_고객후기형_원물강조형_main.릴스_공통.슬기.X_1P_최나영_260605_제과_문형민_aIvY4NFD.mp4_[26.05]F_V_JD멜_전환_쫀득바출시_네고형_공구네고형_main.릴스_본론.진수.X_2C_김유진_260529_2T_피재은,19,0,9.0,0,0,전환
2026-08-21,1873959560792561,[빙과_스틱바]_쫀득바_인지2_video,[멜론] 부자들만먹는_6.4W,[26.06]F_V_JD멜_인지_쫀득바출시_신규BP_먹방형_var1.릴스_쫀득.X_1P_문선정_260626_빙과_이수민_PAw0dpIV.mp4_[26.06]F_V_JD멜_인지_쫀득바출시_신규BP_먹방형_var1.릴스_쫀득.X_1P_문선정_260626_빙과_이수민,967,0,333.0,0,114,인지
2026-08-21,1874035807097297,[빙과_스틱바]_쫀득바_전환_video,[멜론쫀득바] 인플루언서형_6.3W,블랙트러플 하몽 시리즈 - 라라스윗-Music_Refresh-2-4_[26.06]F_V_JD멜_전환_상시_인플루언서형_인플루언서형.전환_var3.릴스_혜택.X_1P_문선정_260619_빙과_이수민,2,0,2.0,0,0,전환
2026-08-21,1874035807098321,[빙과_스틱바]_쫀득바_전환_video,[멜론쫀득바] 인플루언서형_6.3W,v10033g50000d9m6i2fog65k0n9vfi20_1200101-1_[26.06]F_V_JD멜_전환_상시_인플루언서형_인플루언서형.전환_var3.릴스_혜택.X_1P_문선정_260619_빙과_이수민,75,4,473.0,0,0,전환
2026-08-21,1873959592941730,[빙과_스틱바]_쫀득바_인지2_video,[멜론] 인플루언서형_6.3W,[26.06]F_V_JD멜_인지_상시_인플루언서형_인플루언서형.인지_main.릴스_공통.X_1P_문선정_260619_빙과_이수민_OcQS8Jtk.mp4_[26.06]F_V_JD멜_인지_상시_인플루언서형_인플루언서형.인지_var2.릴스_대세감.X_1P_문선정_260619_빙과_이수민,34,0,89.0,0,22,인지
2026-08-21,1874030317649217,[빙과_스틱바]_쫀득바_인지2_video,[멜론] 인물리뷰(2)_6.3W,[26.06]F_V_JD멜_인지_쫀득바출시_인물리뷰형_렉카형_var2.릴스_상단.대세감.X_2P_고가영_260612_빙과_김지연_uJ2PiCGN.mp4_[26.06]F_V_JD멜_인지_쫀득바출시_인물리뷰형_렉카형_var2.릴스_상단.대세감.X_2P_고가영_260612_빙과_김지연,2458,0,2184.0,0,591,인지
2026-08-21,1873959572266161,[빙과_스틱바]_쫀득바_인지2_video,[멜론] 써우리BP_6.4W,[26.06]F_V_JD멜_인지_쫀득바출시_맛인지형_맛인지형.인지_main.릴스_공통.X_1P_문선정_260612_빙과_이수민_0dkqhQiP.mp4_[26.06]F_V_JD멜_인지_쫀득바출시_맛인지형_맛인지형.인지_main.릴스_공통.X_1P_문선정_260612_빙과_이수민,181,0,261.0,0,46,인지
2026-08-21,1874061791907025,[빙과_스틱바]_쫀득바_전환_video,[멜론쫀득바] 네고형_6.3W,"멜론쫀득바, 멜론쫀득파-Music_Refresh-6-9_[26.06]F_V_JD멜_전환_쫀득바출시_네고형_네고형_var1.릴스_에르메스.X_1P_문선정_260619_빙과_이수민",711,7,1383.0,0,0,전환
2026-08-21,1873959472446466,[빙과_스틱바]_쫀득바_인지2_video,[멜론] AI형(cs제조과정형)_7.2W,[26.07]F_V_JD멜_인지_쫀득바출시_기타_AI활용형_main.릴스_cs제조과정형.본론.AI건_1P_문선정_260709_빙과_강다빈_qkte3cCg.mp4_[26.07]F_V_JD멜_인지_쫀득바출시_기타_AI활용형_main.릴스_cs제조과정형.본론.AI건_1P_문선정_260709_빙과_강다빈,3236,0,6504.0,0,1252,인지
2026-08-21,1873959526530274,[빙과_스틱바]_쫀득바_인지2_video,[멜론] 책상네고 대체_6.4W,[26.06]F_V_JD멜_인지_쫀득바출시_기타_비하인드썰풀기_var1.릴스_짤림후킹.X_1P_김유진_260626_빙과_강다빈_N8xnAoaE.mp4_[26.06]F_V_JD멜_인지_쫀득바출시_기타_비하인드썰풀기_var1.릴스_짤림후킹.X_1P_김유진_260626_빙과_강다빈,496,0,243.0,0,77,인지
2026-08-21,1874052663367073,[빙과_스틱바]_쫀득바_전환_video,[멜론쫀득바] 바운스번BP_6.3W,AI Generated Video-3_[26.06]F_V_JD멜_전환_쫀득바출시_신규BP_바운스번BP_var1.릴스_판매중단.X_2P_고가영_260612_빙과_조의진,1646,31,13096.0,0,0,전환
2026-08-21,1873959541011649,[빙과_스틱바]_쫀득바_인지2_video,[멜론] 농부대첩_6.4W,[26.06]F_V_JD멜_인지_쫀득바출시_신규BP_농부대첩BP_main.릴스_공통.X_2P_김유진_260626_빙과_노현경_VoRCtWIf.mp4_[26.06]F_V_JD멜_인지_쫀득바출시_신규BP_농부대첩BP_main.릴스_공통.X_2P_김유진_260626_빙과_노현경,145,0,129.0,0,39,인지
2026-08-21,1868781738912801,[빙과_스틱바]_쫀득바_전환_video,[멜론쫀득바] 지인네고형_6.3W,[26.06]F_V_JD멜_전환_쫀득바출시_네고형_지인네고형_var1.릴스_규모감.X_1P_김유진_260619_빙과_이수현_2bLPnrEY.mp4_[26.06]F_V_JD멜_전환_쫀득바출시_네고형_지인네고형_var1.릴스_규모감.X_1P_김유진_260619_빙과_이수현,21,0,28.0,0,0,전환
2026-08-21,1868779816882529,[빙과_스틱바]_쫀득바_전환_video,[멜론쫀득바] 컨비니BP_6.3W,[26.06]F_V_JD멜_전환_쫀득바출시_제조과정형_컨비니BP_var2.릴스_에르메스.X_1P_김유진_260619_빙과_정요한_qD3UNPFZ.mp4_[26.06]F_V_JD멜_전환_쫀득바출시_제조과정형_컨비니BP_var2.릴스_에르메스.X_1P_김유진_260619_빙과_정요한,8,0,101.0,0,0,전환
2026-08-21,1873959492107505,[빙과_스틱바]_쫀득바_인지2_video,[멜론] 전세계에서일본에만_7.1W,[26.07]F_V_JD멜_인지_쫀득바출시_인물리뷰형_인물리뷰형_var5.릴스_대세왁뿌.X_2P_문선정_260703_빙과_유영현_nmCE6i3s.mp4_[26.07]F_V_JD멜_인지_쫀득바출시_인물리뷰형_인물리뷰형_var5.릴스_대세왁뿌.X_2P_문선정_260703_빙과_유영현,449,0,130.0,0,59,인지
2026-08-21,1868782462877714,[빙과_스틱바]_쫀득바_전환_video,[멜론쫀득바] 네고형_6.3W,[26.06]F_V_JD멜_전환_쫀득바출시_네고형_네고형_main.릴스_공통.X_1P_문선정_260619_빙과_이수민_X6gaGnEq.mp4_[26.06]F_V_JD멜_전환_쫀득바출시_네고형_네고형_main.릴스_공통.X_1P_문선정_260619_빙과_이수민,650,15,2992.0,0,0,전환
2026-08-21,1868782470582401,[빙과_스틱바]_쫀득바_전환_video,[멜론쫀득바] 네고형_6.3W,[26.06]F_V_JD멜_전환_쫀득바출시_네고형_네고형_var3.릴스_4만원.할인.X_1P_문선정_260619_빙과_이수민_JLvMrVtj.mp4_[26.06]F_V_JD멜_전환_쫀득바출시_네고형_네고형_var3.릴스_4만원.할인.X_1P_문선정_260619_빙과_이수민,172,3,897.0,1,0,전환
2026-08-21,1873959568365938,[빙과_스틱바]_쫀득바_인지2_video,[멜론] 부자들만먹는_6.4W,[26.06]F_V_JD멜_인지_쫀득바출시_신규BP_먹방형_var3.릴스_5만원멜론.X_1P_문선정_260626_빙과_이수민_4jVCt9QI.mp4_[26.06]F_V_JD멜_인지_쫀득바출시_신규BP_먹방형_var3.릴스_5만원멜론.X_1P_문선정_260626_빙과_이수민,505,0,140.0,0,49,인지
2026-08-21,1874052663367041,[빙과_스틱바]_쫀득바_전환_video,[멜론쫀득바] 바운스번BP_6.3W,HighCostBau-v10033g50000d9qhju7og65sd2k6euv0_[26.06]F_V_JD멜_전환_쫀득바출시_신규BP_바운스번BP_var1.릴스_판매중단.X_2P_고가영_260612_빙과_조의진,45,0,195.0,0,0,전환
2026-08-21,1874035807093905,[빙과_스틱바]_쫀득바_전환_video,[멜론쫀득바] 인플루언서형_6.3W,Black Truffle Ham Chips-Music_Refresh-2-2_[26.06]F_V_JD멜_전환_상시_인플루언서형_인플루언서형.전환_var3.릴스_혜택.X_1P_문선정_260619_빙과_이수민,4,0,81.0,0,0,전환
2026-08-21,1874038793250242,[빙과_스틱바]_쫀득바_전환_video,[멜론쫀득바] AI_6.3W,블랙트러플 하몽 시리즈 - 라라스윗-Music_Refresh-1-2_9iG8uE_1_[26.06]F_V_JD멜_전환_쫀득바출시_기타_AI활용형_var2.릴스_악플 소구점 2개 .X_1P_이석영_260605_빙과_함주현,12,0,29.0,0,0,전환
2026-08-21,1873959476064386,[빙과_스틱바]_쫀득바_인지2_video,[멜론] 떡볶이BP_7.1W,[26.07]F_V_JD멜_인지_쫀득바출시_신규BP_떡볶이BP_var5.릴스_공통.X_2P_김유진_260703_빙과_조의진_xJdzvYMF.mp4_[26.07]F_V_JD멜_인지_쫀득바출시_신규BP_떡볶이BP_var5.릴스_공통.X_2P_김유진_260703_빙과_조의진,263,0,425.0,0,77,인지
2026-08-21,1874030319136113,[빙과_스틱바]_쫀득바_인지2_video,[멜론] 초딩유행템_6.3W,[26.06]F_V_JD멜_인지_쫀득바출시_일상반응형_누나동생_var2.렉카_삐짐.X_1P_문선정_260615_빙과_노현경_hK163maR.mp4_[26.06]F_V_JD멜_인지_쫀득바출시_일상반응형_누나동생_var2.렉카_삐짐.X_1P_문선정_260615_빙과_노현경,6668,0,4749.0,0,1437,인지
2026-08-21,1868419575199042,[빙과_스틱바]_쫀득바_전환_video,[멜론쫀득바] 공구네고형_6.3W,[26.06]F_V_WB바_전환_바닐라웨하스출시_고객후기형_원물강조형_var2.릴스_원물후킹.슬기.X_1P_최나영_260605_제과_문형민_CxumvqEZ.mp4_[26.05]F_V_JD멜_전환_쫀득바출시_네고형_공구네고형_var6.릴스_예예콘텐츠2.진수.X_2C_김유진_260529_2T_피재은,67,0,451.0,0,0,전환
2026-08-21,1874127223750993,[빙과_스틱바]_쫀득바_인지2_video,[멜론] 닥터후,"#광고 요즘 초등학생들 사이에서 포켓몬보다 구하기 어렵고 왁뿌볼보다 핫하다는 GS 멜론쫀득바 드디어 구했다자스!!! 🍈🔥   라떼 먹던 메롱바인 줄 알고 방심했다가 콰작 부서지는 왁뿌 식감이랑 쭈-욱 끝도 없이 늘어나는 쫀쫀함에 완벽하게 감탄했습니다... 🤤 요즘은 급식으로도 나온다는데 찐한 멜론 맛이라 마라탕 먹고 디저트로 먹으면 완벽 그 자체 ㅋㅋㅋ 초딩들이 왜 환장하는지 바로 납득 완! 👍   🎁 닥터후 역대급 나눔 & 팬미팅 이벤트! 편의점 5트만에 겨우 구한 멜론쫀득바, 우리 친구들 나눠주려고 무려 120개나 준비했습니다! 🍦",28336,536,49769.0,0,9630,인지
2026-08-21,1874061791905041,[빙과_스틱바]_쫀득바_전환_video,[멜론쫀득바] 네고형_6.3W,AI Generated Video-3_0ZFSb6_3_[26.06]F_V_JD멜_전환_쫀득바출시_네고형_네고형_var1.릴스_에르메스.X_1P_문선정_260619_빙과_이수민,1941,17,3407.0,1,0,전환
2026-08-21,1873959648848097,[빙과_스틱바]_쫀득바_인지2_video,[멜론] 인물리뷰(2)_6.3W,[26.06]F_V_JD멜_인지_쫀득바출시_인물리뷰형_렉카형_var4.릴스_상단.판매중단.X_2P_고가영_260612_빙과_김지연_qc1ljdun.mp4_[26.06]F_V_JD멜_인지_쫀득바출시_인물리뷰형_렉카형_var4.릴스_상단.판매중단.X_2P_고가영_260612_빙과_김지연,52,0,61.0,0,17,인지
2026-08-21,1873959625221409,[빙과_스틱바]_쫀득바_인지2_video,[멜론] 스틱바BP_6.3W,[26.06]F_V_JD멜_인지_쫀득바출시_인물리뷰형_4050대세감_var2.릴스_POV.트민남.X_1P_문선정_260619_빙과_강다빈_xGahm3uq.mp4_[26.06]F_V_JD멜_인지_쫀득바출시_인물리뷰형_4050대세감_var2.릴스_POV.트민남.X_1P_문선정_260619_빙과_강다빈,536,0,281.0,0,85,인지
2026-08-21,1868419667690497,[빙과_스틱바]_쫀득바_전환_video,[멜론쫀득바] 공구네고형_6.3W,라라스윗 저당 듬뿍바 3박스 + [증정 스틱바 1박스]-Music_Refresh-1-4_[26.05]F_V_JD멜_전환_쫀득바출시_네고형_공구네고형_main.릴스_본론.진수.X_2C_김유진_260529_2T_피재은,316,5,149.0,0,0,전환
2026-08-21,1873959538557410,[빙과_스틱바]_쫀득바_인지2_video,[멜론] 농부대첩_6.4W,[26.06]F_V_JD멜_인지_쫀득바출시_신규BP_농부대첩BP_var1.릴스_카피제품.X_2P_김유진_260626_빙과_노현경_8oC5A2E0.mp4_[26.06]F_V_JD멜_인지_쫀득바출시_신규BP_농부대첩BP_var1.릴스_카피제품.X_2P_김유진_260626_빙과_노현경,213,0,154.0,0,41,인지
2026-08-21,1874030333521250,[빙과_스틱바]_쫀득바_인지2_video,[멜론] 초딩유행템2_6.4W,[26.06]F_V_JD멜_인지_쫀득바출시_신규BP_써우리BP_var2.릴스_혜택.X_1P_문선정_260626_빙과_김진수_AGmDZ35w.mp4_[26.06]F_V_JD멜_인지_쫀득바출시_신규BP_써우리BP_var2.릴스_혜택.X_1P_문선정_260626_빙과_김진수,1069,0,390.0,0,196,인지
2026-08-21,1868418305544305,[빙과_스틱바]_쫀득바_전환_video,[멜론쫀득바] AI_6.3W,[26.06]F_V_JD멜_전환_쫀득바출시_기타_AI활용형_var7.릴스_달리기.멜쫀바.미안.X_1P_이석영_260605_빙과_함주현_b3KkFoOC.MP4_[26.06]F_V_JD멜_전환_쫀득바출시_기타_AI활용형_var7.릴스_달리기.멜쫀바.미안.X_1P_이석영_260605_빙과_함주현,810,9,2425.0,1,0,전환
2026-08-21,1874056819111121,[빙과_스틱바]_쫀득바_전환_video,[멜론쫀득바] 전화네고형_6.3W,"멜론쫀득바, 멜론쫀득파-Music_Refresh-7-7_[26.06]F_V_JD멜_전환_쫀득바출시_네고형_전화네고형_main.릴스_공통.X_1P_김유진_260605_빙과_이수민",105,1,609.0,0,0,전환
2026-08-21,1873959606553906,[빙과_스틱바]_쫀득바_인지2_video,[멜론] 수박BP_6.3W,[26.06]F_V_JD멜_인지_쫀득바출시_맛인지형_수박BP_main.릴스_1년에딱.X_1P_김유진_260619_빙과_정하얀_4WnKJzct.mp4_[26.06]F_V_JD멜_인지_쫀득바출시_맛인지형_수박BP_main.릴스_1년에딱.X_1P_김유진_260619_빙과_정하얀,733,0,616.0,0,213,인지
2026-08-21,1868401422641297,[빙과_스틱바]_쫀득바_전환_video,[멜론쫀득바] 바운스번BP_6.3W,[26.06]F_V_JD멜_전환_쫀득바출시_신규BP_바운스번BP_main.릴스_BP.X_2P_고가영_260612_빙과_조의진_wJqztByi.mp4_[26.06]F_V_JD멜_전환_쫀득바출시_신규BP_바운스번BP_main.릴스_BP.X_2P_고가영_260612_빙과_조의진,954,19,4104.0,0,0,전환
2026-08-21,1874061791905073,[빙과_스틱바]_쫀득바_전환_video,[멜론쫀득바] 네고형_6.3W,"멜론쫀득바, 멜론쫀득파-Music_Refresh-0-4_[26.06]F_V_JD멜_전환_쫀득바출시_네고형_네고형_var1.릴스_에르메스.X_1P_문선정_260619_빙과_이수민",51,0,220.0,0,0,전환
2026-08-21,1868782470606049,[빙과_스틱바]_쫀득바_전환_video,[멜론쫀득바] 네고형_6.3W,[26.06]F_V_JD멜_전환_쫀득바출시_네고형_네고형_var4.릴스_거제야호.X_1P_문선정_260619_빙과_이수민_7YkDHmyJ.mp4_[26.06]F_V_JD멜_전환_쫀득바출시_네고형_네고형_var4.릴스_거제야호.X_1P_문선정_260619_빙과_이수민,4120,95,37970.0,7,0,전환
2026-08-21,1873959579303250,[빙과_스틱바]_쫀득바_인지2_video,[망고] 전화네고형_6.3W,[26.06]F_V_JD망_인지_쫀득바출시_네고형_전화네고형_var1.릴스_먹방.X_2P_문선정_260622_빙과_조의진_idHD4Vv8.mp4_[26.06]F_V_JD망_인지_쫀득바출시_네고형_전화네고형_var1.릴스_먹방.X_2P_문선정_260622_빙과_조의진,3018,0,3817.0,0,768,인지
2026-08-21,1868419667690529,[빙과_스틱바]_쫀득바_전환_video,[멜론쫀득바] 공구네고형_6.3W,리얼 망고 쫀득바-Music_Refresh-1-2_l2JEuz_4_[26.05]F_V_JD멜_전환_쫀득바출시_네고형_공구네고형_main.릴스_본론.진수.X_2C_김유진_260529_2T_피재은,198,1,40.0,0,0,전환
2026-08-21,1874034144300034,[빙과_스틱바]_쫀득바_전환_video,[멜론쫀득바] 지인네고형_6.3W,Black Truffle Ham Series (10 packs)-Music_Refresh-1-1_[26.06]F_V_JD멜_전환_쫀득바출시_네고형_지인네고형_var1.릴스_규모감.X_1P_김유진_260619_빙과_이수현,6,0,1.0,0,0,전환
2026-08-21,1874038787284225,[빙과_스틱바]_쫀득바_전환_video,[멜론쫀득바] 네고형_6.3W,블랙트러플 하몽 시리즈 - 라라스윗-Music_Refresh-1-2_WRpAX9_0_[26.06]F_V_JD멜_전환_쫀득바출시_네고형_네고형_var2.릴스_4만원.쫀쫀.X_1P_문선정_260619_빙과_이수민,2,0,4.0,0,0,전환
2026-08-21,1874034134957282,[빙과_스틱바]_쫀득바_전환_video,[멜론쫀득바] 바운스번BP_6.3W,Black Truffle Ham Series (10 packs)-Music_Refresh-1-1_[26.06]F_V_JD멜_전환_쫀득바출시_신규BP_바운스번BP_var2.릴스_혜택.X_2P_고가영_260612_빙과_조의진,12,1,34.0,0,0,전환
2026-08-21,1868419667684513,[빙과_스틱바]_쫀득바_전환_video,[멜론쫀득바] 공구네고형_6.3W,[26.05]F_V_JD멜_전환_쫀득바출시_네고형_공구네고형_main.릴스_본론.진수.X_2C_김유진_260529_2T_피재은_VbcQuCpH.mp4_[26.05]F_V_JD멜_전환_쫀득바출시_네고형_공구네고형_main.릴스_본론.진수.X_2C_김유진_260529_2T_피재은,95,3,131.0,0,0,전환
2026-08-21,1873959483402306,[빙과_스틱바]_쫀득바_인지2_video,[멜론] 전세계에서일본에만_7.1W,[26.07]F_V_JD멜_인지_쫀득바출시_인물리뷰형_인물리뷰형_var2.릴스_상단.1등로손.X_2P_문선정_260703_빙과_유영현_kvnPtLWY.mp4_[26.07]F_V_JD멜_인지_쫀득바출시_인물리뷰형_인물리뷰형_var2.릴스_상단.1등로손.X_2P_문선정_260703_빙과_유영현,787,0,376.0,0,180,인지
2026-08-21,1874035807095089,[빙과_스틱바]_쫀득바_전환_video,[멜론쫀득바] 인플루언서형_6.3W,HighCostBau-v10033g50000d9vdo47og65q8gebe8gg_[26.06]F_V_JD멜_전환_상시_인플루언서형_인플루언서형.전환_var3.릴스_혜택.X_1P_문선정_260619_빙과_이수민,3,0,7.0,0,0,전환
2026-08-21,1868417031211537,[빙과_스틱바]_쫀득바_전환_video,[멜론쫀득바] 전화네고형_6.3W,[26.06]F_V_JD멜_전환_쫀득바출시_네고형_전화네고형_var1.릴스_쫀득강조.X_1P_김유진_260605_빙과_이수민_OdmVDlMr.mp4_[26.06]F_V_JD멜_전환_쫀득바출시_네고형_전화네고형_var1.릴스_쫀득강조.X_1P_김유진_260605_빙과_이수민,4074,111,27805.0,5,0,전환
2026-08-21,1868419667689665,[빙과_스틱바]_쫀득바_전환_video,[멜론쫀득바] 공구네고형_6.3W,[26.06]F_V_WB바_전환_바닐라웨하스출시_네고형_전화네고형_var3.릴스_혜택후킹.X_1P_최나영_260605_제과_강경연_bfnFRSWs.mp4_[26.05]F_V_JD멜_전환_쫀득바출시_네고형_공구네고형_main.릴스_본론.진수.X_2C_김유진_260529_2T_피재은,77,2,111.0,1,0,전환
2026-08-21,1873959494450226,[빙과_스틱바]_쫀득바_인지2_video,[멜론] 1위단독_7.1W,[26.07]F_V_JD멜_인지_쫀득바출시_바이럴형_커뮤니티형_var3.릴스_요즘애들.초딩.X_1P_문선정_260703_빙과_김진수_f8b6Nqhy.mp4_[26.07]F_V_JD멜_인지_쫀득바출시_바이럴형_커뮤니티형_var3.릴스_요즘애들.초딩.X_1P_문선정_260703_빙과_김진수,490,0,814.0,0,141,인지
2026-08-21,1874034145490306,[빙과_스틱바]_쫀득바_전환_video,[멜론쫀득바] 전화네고형_6.3W,Black Truffle Ham Chips-Music_Refresh-1-2_EQC3Lx_2_[26.06]F_V_JD멜_전환_쫀득바출시_네고형_전화네고형_var3.릴스_노을멜론취식강조.X_1P_김유진_260605_빙과_이수민,2,0,4.0,0,0,전환
2026-08-21,1868417023066258,[빙과_스틱바]_쫀득바_전환_video,[멜론쫀득바] 전화네고형_6.3W,[26.06]F_V_JD멜_전환_쫀득바출시_네고형_전화네고형_var5.릴스_영통.딸.X_1P_김유진_260605_빙과_이수민_Q2NlhxLK.mp4_[26.06]F_V_JD멜_전환_쫀득바출시_네고형_전화네고형_var5.릴스_영통.딸.X_1P_김유진_260605_빙과_이수민,259,7,2074.0,2,0,전환
2026-08-21,1868779821681025,[빙과_스틱바]_쫀득바_전환_video,[멜론쫀득바] 컨비니BP_6.3W,[26.06]F_V_JD멜_전환_쫀득바출시_제조과정형_컨비니BP_main.릴스_공통.X_1P_김유진_260619_빙과_정요한_5xWD2bSZ.mp4_[26.06]F_V_JD멜_전환_쫀득바출시_제조과정형_컨비니BP_main.릴스_공통.X_1P_김유진_260619_빙과_정요한,16,1,79.0,0,0,전환
2026-08-21,1873959654248546,[빙과_스틱바]_쫀득바_인지2_video,[멜론] 요거트바BP_6.3W,[26.06]F_V_JD멜_인지_쫀득바출시_인물리뷰형_편의점원정_var1.릴스_맛.X_1P_문선정_260612_빙과_정요한_USPOMvkw.mp4_[26.06]F_V_JD멜_인지_쫀득바출시_인물리뷰형_편의점원정_var1.릴스_맛.X_1P_문선정_260612_빙과_정요한,599,0,444.0,0,205,인지
2026-08-21,1874034134957250,[빙과_스틱바]_쫀득바_전환_video,[멜론쫀득바] 바운스번BP_6.3W,Black Truffle Ham Chips-Music_Refresh-2-2_[26.06]F_V_JD멜_전환_쫀득바출시_신규BP_바운스번BP_var2.릴스_혜택.X_2P_고가영_260612_빙과_조의진,1,0,5.0,0,0,전환
2026-08-21,1868419667686529,[빙과_스틱바]_쫀득바_전환_video,[멜론쫀득바] 공구네고형_6.3W,[26.06]F_V_WB바_전환_바닐라웨하스출시_네고형_네고형_var9.릴스_반값.슬기.X_1P_최나영_260605_제과_피재은_xOYsZVvw.mp4_[26.05]F_V_JD멜_전환_쫀득바출시_네고형_공구네고형_main.릴스_본론.진수.X_2C_김유진_260529_2T_피재은,29,0,14.0,0,0,전환
2026-08-21,1874030334903522,[빙과_스틱바]_쫀득바_인지2_video,[멜론] 1년후에받는_6.4W,[26.06]F_V_JD멜_인지_쫀득바출시_신규BP_써우리BP_main.릴스_공통.X_1P_문선정_260626_빙과_이수민_ATprqdNR.mp4_[26.06]F_V_JD멜_인지_쫀득바출시_신규BP_써우리BP_main.릴스_공통.X_1P_문선정_260626_빙과_이수민,1209,0,662.0,0,237,인지
2026-08-21,1868419667689697,[빙과_스틱바]_쫀득바_전환_video,[멜론쫀득바] 공구네고형_6.3W,Lala Sweet 골드키위 아이스크림 3박스 + 증정 스틱바 1박스-Music_Refresh-1-7_[26.05]F_V_JD멜_전환_쫀득바출시_네고형_공구네고형_main.릴스_본론.진수.X_2C_김유진_260529_2T_피재은,390,3,162.0,0,0,전환
2026-08-21,1874038793246834,[빙과_스틱바]_쫀득바_전환_video,[멜론쫀득바] AI_6.3W,블랙트러플 하몽 시리즈 - 라라스윗-Music_Refresh-1-2_0j8Z7j_2_[26.06]F_V_JD멜_전환_쫀득바출시_기타_AI활용형_var2.릴스_악플 소구점 2개 .X_1P_이석영_260605_빙과_함주현,50,0,292.0,0,0,전환
2026-08-21,1868780396306481,[빙과_스틱바]_쫀득바_전환_video,[멜론쫀득바] 인플루언서형_6.3W,[26.06]F_V_JD멜_전환_상시_인플루언서형_인플루언서형.전환_var5.릴스_공통.숏.X_1P_문선정_260619_빙과_이수민_pIVyTiSz.mp4_[26.06]F_V_JD멜_전환_상시_인플루언서형_인플루언서형.전환_var5.릴스_공통.숏.X_1P_문선정_260619_빙과_이수민,74,1,287.0,0,0,전환
2026-08-21,1874034140323202,[빙과_스틱바]_쫀득바_전환_video,[멜론쫀득바] 공구네고형_6.3W,블랙트러플 하몽 시리즈 - 라라스윗-Music_Refresh-1-2_9iG8uE_1_[26.05]F_V_JD멜_전환_쫀득바출시_네고형_공구네고형_var4.릴스_에르메스.진수.X_2C_김유진_260529_2T_피재은,22,0,8.0,0,0,전환
2026-08-21,1873959617824033,[빙과_스틱바]_쫀득바_인지2_video,[멜론] 지인네고형_6.3W,[26.06]F_V_JD멜_인지_쫀득바출시_네고형_지인네고형_var4.릴스_맛비주얼.X_1P_김유진_260619_빙과_이수현_LAy0WBZY.mp4_[26.06]F_V_JD멜_인지_쫀득바출시_네고형_지인네고형_var4.릴스_맛비주얼.X_1P_김유진_260619_빙과_이수현,580,0,304.0,0,161,인지
2026-08-21,1873959500695698,[빙과_스틱바]_쫀득바_인지2_video,[멜론] 1위단독_7.1W,[26.07]F_V_JD멜_인지_쫀득바출시_바이럴형_커뮤니티형_var1.릴스_30년만에.신입탕비담당.X_1P_문선정_260702_빙과_김진수_8W5sKwHy.mp4_[26.07]F_V_JD멜_인지_쫀득바출시_바이럴형_커뮤니티형_var1.릴스_30년만에.신입탕비담당.X_1P_문선정_260702_빙과_김진수,177,0,434.0,0,100,인지
2026-08-21,1873959592940658,[빙과_스틱바]_쫀득바_인지2_video,[멜론] 인플루언서형_6.3W,[26.06]F_V_JD멜_인지_상시_인플루언서형_인플루언서형.인지_var1.릴스_쫀득 후킹.X_1P_문선정_260619_빙과_이수민_HCZXPTgo.mp4_[26.06]F_V_JD멜_인지_상시_인플루언서형_인플루언서형.인지_var1.릴스_쫀득 후킹.X_1P_문선정_260619_빙과_이수민,448,0,481.0,0,174,인지
2026-08-21,1873959640782897,[빙과_스틱바]_쫀득바_인지2_video,[멜론] 초딩유행템_6.3W,[26.06]F_V_JD멜_인지_쫀득바출시_일상반응형_누나동생_var3.렉카_욕심.X_1P_문선정_260615_빙과_노현경_3ocIfBlK.mp4_[26.06]F_V_JD멜_인지_쫀득바출시_일상반응형_누나동생_var3.렉카_욕심.X_1P_문선정_260615_빙과_노현경,1477,0,2232.0,0,435,인지
2026-08-21,1873959662238738,[빙과_스틱바]_쫀득바_인지2_video,[멜론] 유튜버썰풀기형_6.3W,[26.06]F_V_JD멜_인지_쫀득바출시_숏츠형_유튜브읽기형_var1.릴스_1년에한달.365일.X_1P_문선정_260612_빙과_이수현_Gau8dgwA.mp4_[26.06]F_V_JD멜_인지_쫀득바출시_숏츠형_유튜브읽기형_var1.릴스_1년에한달.365일.X_1P_문선정_260612_빙과_이수현,620,0,737.0,0,259,인지
2026-08-21,1874038787281009,[빙과_스틱바]_쫀득바_전환_video,[멜론쫀득바] 네고형_6.3W,Black Truffle Ham Chips-Music_Refresh-2-2_[26.06]F_V_JD멜_전환_쫀득바출시_네고형_네고형_var2.릴스_4만원.쫀쫀.X_1P_문선정_260619_빙과_이수민,58,0,343.0,0,0,전환
2026-08-21,1874034134958354,[빙과_스틱바]_쫀득바_전환_video,[멜론쫀득바] 바운스번BP_6.3W,Black Truffle Ham Series-Music_Refresh-1-2_[26.06]F_V_JD멜_전환_쫀득바출시_신규BP_바운스번BP_var2.릴스_혜택.X_2P_고가영_260612_빙과_조의진,12,0,22.0,0,0,전환
2026-08-21,1874056815721506,[빙과_스틱바]_쫀득바_전환_video,[멜론쫀득바] 인플루언서형_6.3W,HighCostBau-v10033g50000d9vdlknog65mictv53u0_[26.06]F_V_JD멜_전환_상시_인플루언서형_인플루언서형.전환_main.릴스_공통.X_1P_문선정_260619_빙과_이수민,4,0,3.0,0,0,전환
2026-08-21,1873959534653730,[빙과_스틱바]_쫀득바_인지2_video,[멜론] 농부대첩_6.4W,[26.06]F_V_JD멜_인지_쫀득바출시_신규BP_농부대첩BP_var4.릴스_OEM.X_2P_김유진_260626_빙과_노현경_C8ZH0kJx.mp4_[26.06]F_V_JD멜_인지_쫀득바출시_신규BP_농부대첩BP_var4.릴스_OEM.X_2P_김유진_260626_빙과_노현경,25,0,41.0,0,9,인지
2026-08-21,1873959502194113,[빙과_스틱바]_쫀득바_인지2_video,[멜론] 현지인도못구하는_7.1W,[26.07]F_V_JD멜_인지_쫀득바출시_인플루언서형_인플루언서형_main.릴스_비행기표취소.X_1P_문선정_260703_빙과_정하얀_6J9yLGRu.mp4_[26.07]F_V_JD멜_인지_쫀득바출시_인플루언서형_인플루언서형_main.릴스_비행기표취소.X_1P_문선정_260703_빙과_정하얀,72,0,75.0,0,17,인지
2026-08-21,1868781718194754,[빙과_스틱바]_쫀득바_전환_video,[멜론쫀득바] 지인네고형_6.3W,[26.06]F_V_JD멜_전환_쫀득바출시_네고형_지인네고형_var4.릴스_맛비주얼.X_1P_김유진_260619_빙과_이수현_7r1uhRqI.mp4_[26.06]F_V_JD멜_전환_쫀득바출시_네고형_지인네고형_var4.릴스_맛비주얼.X_1P_김유진_260619_빙과_이수현,742,24,8511.0,2,0,전환
2026-08-21,1868419579552946,[빙과_스틱바]_쫀득바_전환_video,[멜론쫀득바] 공구네고형_6.3W,[26.05]F_V_JD멜_전환_쫀득바출시_네고형_공구네고형_var3.릴스_취식.진수.X_2C_김유진_260529_2T_피재은_O0pRrSC4.mp4_[26.05]F_V_JD멜_전환_쫀득바출시_네고형_공구네고형_var3.릴스_취식.진수.X_2C_김유진_260529_2T_피재은,2687,36,7156.0,1,0,전환
2026-08-21,1868419575200802,[빙과_스틱바]_쫀득바_전환_video,[멜론쫀득바] 공구네고형_6.3W,[26.06]F_V_WB바_전환_바닐라웨하스출시_네고형_전화네고형_var1.릴스_희소성후킹.X_1P_최나영_260605_제과_강경연_RSBNTVka.mp4_[26.05]F_V_JD멜_전환_쫀득바출시_네고형_공구네고형_var6.릴스_예예콘텐츠2.진수.X_2C_김유진_260529_2T_피재은,168,4,446.0,0,0,전환
2026-08-21,1868780396978738,[빙과_스틱바]_쫀득바_전환_video,[멜론쫀득바] 인플루언서형_6.3W,[26.06]F_V_JD멜_전환_상시_인플루언서형_인플루언서형.전환_main.릴스_공통.X_1P_문선정_260619_빙과_이수민_IjhnCENH.mp4_[26.06]F_V_JD멜_전환_상시_인플루언서형_인플루언서형.전환_main.릴스_공통.X_1P_문선정_260619_빙과_이수민,1961,52,16053.0,4,0,전환
2026-08-21,1868419575197730,[빙과_스틱바]_쫀득바_전환_video,[멜론쫀득바] 공구네고형_6.3W,[26.06]F_V_WB바_전환_바닐라웨하스출시_네고형_네고형_var2.릴스_축약최초.슬기.X_1P_최나영_260605_제과_피재은_NAgDqaFJ.mp4_[26.05]F_V_JD멜_전환_쫀득바출시_네고형_공구네고형_var6.릴스_예예콘텐츠2.진수.X_2C_김유진_260529_2T_피재은,158,0,217.0,1,0,전환
2026-08-21,1868419574258802,[빙과_스틱바]_쫀득바_전환_video,[멜론쫀득바] 공구네고형_6.3W,[26.06]F_V_WB바_전환_바닐라웨하스출시_네고형_전화네고형_var2.릴스_POV후킹.X_1P_최나영_260605_제과_강경연_l23UF5Kw.mp4_[26.05]F_V_JD멜_전환_쫀득바출시_네고형_공구네고형_var6.릴스_예예콘텐츠2.진수.X_2C_김유진_260529_2T_피재은,520,16,2053.0,0,0,전환
2026-08-21,1874038787285009,[빙과_스틱바]_쫀득바_전환_video,[멜론쫀득바] 네고형_6.3W,블랙트러플 하몽 시리즈 - 라라스윗-Music_Refresh-2-4_[26.06]F_V_JD멜_전환_쫀득바출시_네고형_네고형_var2.릴스_4만원.쫀쫀.X_1P_문선정_260619_빙과_이수민,1,0,8.0,0,0,전환
2026-08-21,1873959654247474,[빙과_스틱바]_쫀득바_인지2_video,[멜론] 요거트바BP_6.3W,[26.06]F_V_JD멜_인지_쫀득바출시_인물리뷰형_편의점원정_main.릴스_공통.X_1P_문선정_260612_빙과_정요한_YkIZOlu0.mp4_[26.06]F_V_JD멜_인지_쫀득바출시_인물리뷰형_편의점원정_main.릴스_공통.X_1P_문선정_260612_빙과_정요한,347,0,69.0,0,34,인지
2026-08-21,1874056815722498,[빙과_스틱바]_쫀득바_전환_video,[멜론쫀득바] 인플루언서형_6.3W,AI Generated Video-1_aL1trg_2_[26.06]F_V_JD멜_전환_상시_인플루언서형_인플루언서형.전환_main.릴스_공통.X_1P_문선정_260619_빙과_이수민,15,0,19.0,0,0,전환
2026-08-21,1874034145489442,[빙과_스틱바]_쫀득바_전환_video,[멜론쫀득바] 전화네고형_6.3W,Black Truffle Ham Chips-Music_Refresh-2-2_[26.06]F_V_JD멜_전환_쫀득바출시_네고형_전화네고형_var3.릴스_노을멜론취식강조.X_1P_김유진_260605_빙과_이수민,4,0,2.0,0,0,전환
2026-08-21,1874056815721474,[빙과_스틱바]_쫀득바_전환_video,[멜론쫀득바] 인플루언서형_6.3W,AI Generated Video-3_0ZFSb6_3_[26.06]F_V_JD멜_전환_상시_인플루언서형_인플루언서형.전환_main.릴스_공통.X_1P_문선정_260619_빙과_이수민,76,1,59.0,0,0,전환
2026-08-21,1873959493639409,[빙과_스틱바]_쫀득바_인지2_video,[멜론] 초딩유행템2_6.4W,[26.06]F_V_JD멜_인지_쫀득바출시_신규BP_써우리BP_var1.릴스_초딩유행템.X_1P_문선정_260626_빙과_김진수_zL5oeyvi.mp4_[26.06]F_V_JD멜_인지_쫀득바출시_신규BP_써우리BP_var1.릴스_초딩유행템.X_1P_문선정_260626_빙과_김진수,149,0,240.0,0,46,인지
2026-08-21,1873959606553874,[빙과_스틱바]_쫀득바_인지2_video,[멜론] 수박BP_6.3W,[26.06]F_V_JD멜_인지_쫀득바출시_맛인지형_수박BP_var1.릴스_저샀어요.X_1P_김유진_260619_빙과_정하얀_KxT2Mrn4.mp4_[26.06]F_V_JD멜_인지_쫀득바출시_맛인지형_수박BP_var1.릴스_저샀어요.X_1P_김유진_260619_빙과_정하얀,1087,0,405.0,0,188,인지
2026-08-21,1873959668420802,[빙과_스틱바]_쫀득바_인지2_video,[멜론] 유튜버썰풀기형_6.3W,[26.06]F_V_JD멜_인지_쫀득바출시_숏츠형_유튜브읽기형_var2.릴스_원조이김.국민템.X_1P_문선정_260612_빙과_이수현_sC9KkVo2.mp4_[26.06]F_V_JD멜_인지_쫀득바출시_숏츠형_유튜브읽기형_var2.릴스_원조이김.국민템.X_1P_문선정_260612_빙과_이수현,25,0,10.0,0,2,인지
2026-08-21,1874061789695313,[빙과_스틱바]_쫀득바_전환_video,[멜론쫀득바] 공구네고형_6.3W,Black Truffle Ham Series-Music_Refresh-3-3_[26.05]F_V_JD멜_전환_쫀득바출시_네고형_공구네고형_main.릴스_본론.진수.X_2C_김유진_260529_2T_피재은,61,0,52.0,0,0,전환
2026-08-21,1868419575200770,[빙과_스틱바]_쫀득바_전환_video,[멜론쫀득바] 공구네고형_6.3W,[26.06]F_V_WB바_전환_바닐라웨하스출시_고객후기형_원물강조형_var1.릴스_원물강조.슬기.X_1P_최나영_260605_제과_문형민_sl7hx9DA.mp4_[26.05]F_V_JD멜_전환_쫀득바출시_네고형_공구네고형_var6.릴스_예예콘텐츠2.진수.X_2C_김유진_260529_2T_피재은,65,0,142.0,0,0,전환
2026-08-21,1868419575197698,[빙과_스틱바]_쫀득바_전환_video,[멜론쫀득바] 공구네고형_6.3W,[26.06]F_V_WB바_전환_바닐라웨하스출시_네고형_네고형_var1.릴스_축약원물.슬기.X_1P_최나영_260605_제과_피재은_oYnwJfb7.mp4_[26.05]F_V_JD멜_전환_쫀득바출시_네고형_공구네고형_var6.릴스_예예콘텐츠2.진수.X_2C_김유진_260529_2T_피재은,66,0,154.0,0,0,전환
2026-08-21,1874056810013361,[빙과_스틱바]_쫀득바_전환_video,[멜론쫀득바] AI_6.3W,트로플 하몽깡-Music_Refresh-0-7_[26.06]F_V_JD멜_전환_쫀득바출시_기타_AI활용형_var4.릴스_막차운행.멜쫀.음악.X_1P_이석영_260604_빙과_함주현,2,0,15.0,0,0,전환
2026-08-21,1874056819110273,[빙과_스틱바]_쫀득바_전환_video,[멜론쫀득바] 전화네고형_6.3W,HighCostBau-v10033g50000d9qhju7og65sd2k6euv0_[26.06]F_V_JD멜_전환_쫀득바출시_네고형_전화네고형_main.릴스_공통.X_1P_김유진_260605_빙과_이수민,17,0,37.0,0,0,전환
2026-08-21,1868417029176737,[빙과_스틱바]_쫀득바_전환_video,[멜론쫀득바] 전화네고형_6.3W,[26.06]F_V_JD멜_전환_쫀득바출시_네고형_전화네고형_var2.릴스_노을멜론강조.X_1P_김유진_260605_빙과_이수민_YIyaSLcq.mp4_[26.06]F_V_JD멜_전환_쫀득바출시_네고형_전화네고형_var2.릴스_노을멜론강조.X_1P_김유진_260605_빙과_이수민,2969,51,9395.0,1,0,전환
2026-08-21,1874034140320226,[빙과_스틱바]_쫀득바_전환_video,[멜론쫀득바] 공구네고형_6.3W,블랙트러플 하몽 시리즈 - 라라스윗-Music_Refresh-1-2_0j8Z7j_2_[26.05]F_V_JD멜_전환_쫀득바출시_네고형_공구네고형_var4.릴스_에르메스.진수.X_2C_김유진_260529_2T_피재은,87,1,185.0,0,0,전환
2026-08-21,1868419667690513,[빙과_스틱바]_쫀득바_전환_video,[멜론쫀득바] 공구네고형_6.3W,Lala Sweet Low-Sugar Kiwi Bar 3 Boxes + [Free Stick Bar 1 Box]-Music_Refresh-1-5_[26.05]F_V_JD멜_전환_쫀득바출시_네고형_공구네고형_main.릴스_본론.진수.X_2C_김유진_260529_2T_피재은,96,0,79.0,0,0,전환
2026-08-21,1873959586022625,[빙과_스틱바]_쫀득바_인지2_video,[망고] 맛인지_6.3W,[26.06]F_V_JD망_인지_쫀득바출시_맛인지형_맛인지형.인지_var2.릴스_망고맛.진수.6월.수민PJ_2P_문선정_260619_빙과_김지연_85l4f3Aq.mp4_[26.06]F_V_JD망_인지_쫀득바출시_맛인지형_맛인지형.인지_var2.릴스_망고맛.진수.6월.수민PJ_2P_문선정_260619_빙과_김지연,74,0,78.0,0,20,인지
2026-08-21,1874034144348162,[빙과_스틱바]_쫀득바_전환_video,[멜론쫀득바] 지인네고형_6.3W,Black Truffle Ham Chips-Music_Refresh-1-2_XTRhrz_1_[26.06]F_V_JD멜_전환_쫀득바출시_네고형_지인네고형_var1.릴스_규모감.X_1P_김유진_260619_빙과_이수현,2,0,1.0,0,0,전환
2026-08-21,1873959585040561,[빙과_스틱바]_쫀득바_인지2_video,[망고] 맛인지_6.3W,[26.06]F_V_JD망_인지_쫀득바출시_맛인지형_맛인지형.인지_var3.릴스_대세감.진수.6월.수민PJ_2P_문선정_260619_빙과_김지연_694xYrHj.mp4_[26.06]F_V_JD망_인지_쫀득바출시_맛인지형_맛인지형.인지_var3.릴스_대세감.진수.6월.수민PJ_2P_문선정_260619_빙과_김지연,147,0,157.0,0,43,인지
2026-08-21,1874035807093921,[빙과_스틱바]_쫀득바_전환_video,[멜론쫀득바] 인플루언서형_6.3W,Black Truffle Ham Series (10 packs)-Music_Refresh-3-5_[26.06]F_V_JD멜_전환_상시_인플루언서형_인플루언서형.전환_var3.릴스_혜택.X_1P_문선정_260619_빙과_이수민,64,2,340.0,0,0,전환
2026-08-21,1873959576604178,[빙과_스틱바]_쫀득바_인지2_video,[멜론] 써우리BP_6.4W,[26.06]F_V_JD멜_인지_쫀득바출시_맛인지형_맛인지형.인지_var4.릴스_노을멜론.X_1P_문선정_260612_빙과_이수민_c8GfOUgM.mp4_[26.06]F_V_JD멜_인지_쫀득바출시_맛인지형_맛인지형.인지_var4.릴스_노을멜론.X_1P_문선정_260612_빙과_이수민,8310,0,4023.0,0,1629,인지
2026-08-21,1873959662058609,[빙과_스틱바]_쫀득바_인지2_video,[멜론] 요거트바BP_6.3W,[26.06]F_V_JD멜_인지_쫀득바출시_인물리뷰형_편의점원정_var4.릴스_대세감.X_1P_문선정_260612_빙과_정요한_dTrqo0s9.mp4_[26.06]F_V_JD멜_인지_쫀득바출시_인물리뷰형_편의점원정_var4.릴스_대세감.X_1P_문선정_260612_빙과_정요한,512,0,176.0,0,70,인지
2026-08-21,1874056819110305,[빙과_스틱바]_쫀득바_전환_video,[멜론쫀득바] 전화네고형_6.3W,AI Generated Video-1_[26.06]F_V_JD멜_전환_쫀득바출시_네고형_전화네고형_main.릴스_공통.X_1P_김유진_260605_빙과_이수민,114,2,88.0,0,0,전환
2026-08-21,1874052663364257,[빙과_스틱바]_쫀득바_전환_video,[멜론쫀득바] 바운스번BP_6.3W,HighCostBau-v10033g50000da3er07og65lol1a10qg_[26.06]F_V_JD멜_전환_쫀득바출시_신규BP_바운스번BP_var1.릴스_판매중단.X_2P_고가영_260612_빙과_조의진,53,0,98.0,0,0,전환
2026-08-21,1873959666755666,[빙과_스틱바]_쫀득바_인지2_video,[멜론] 유튜버썰풀기형_6.3W,[26.06]F_V_JD멜_인지_쫀득바출시_숏츠형_유튜브읽기형_var4.릴스_SNS도배.과일.X_1P_문선정_260612_빙과_이수현_FS2Lzmjs.mp4_[26.06]F_V_JD멜_인지_쫀득바출시_숏츠형_유튜브읽기형_var4.릴스_SNS도배.과일.X_1P_문선정_260612_빙과_이수현,408,0,212.0,0,68,인지
2026-08-21,1873959550576913,[빙과_스틱바]_쫀득바_인지2_video,[멜론] 1년후에받는_6.4W,[26.06]F_V_JD멜_인지_쫀득바출시_신규BP_써우리BP_var3.릴스_찾는척.X_1P_문선정_260626_빙과_이수민_dsA5VQTS.mp4_[26.06]F_V_JD멜_인지_쫀득바출시_신규BP_써우리BP_var3.릴스_찾는척.X_1P_문선정_260626_빙과_이수민,1320,0,2247.0,0,412,인지
2026-08-21,1873959499356642,[빙과_스틱바]_쫀득바_인지2_video,[멜론] 1위단독_7.1W,[26.07]F_V_JD멜_인지_쫀득바출시_바이럴형_커뮤니티형_main.릴스_중소기업.쉬었음청년.X_1P_문선정_260702_빙과_김진수_v1DPzC7x.mp4_[26.07]F_V_JD멜_인지_쫀득바출시_바이럴형_커뮤니티형_main.릴스_중소기업.쉬었음청년.X_1P_문선정_260702_빙과_김진수,139,0,261.0,0,45,인지
2026-08-21,1874038787284177,[빙과_스틱바]_쫀득바_전환_video,[멜론쫀득바] 네고형_6.3W,Black Truffle Ham Series-Music_Refresh-1-2_[26.06]F_V_JD멜_전환_쫀득바출시_네고형_네고형_var2.릴스_4만원.쫀쫀.X_1P_문선정_260619_빙과_이수민,574,7,204.0,0,0,전환
2026-08-21,1868779801616738,[빙과_스틱바]_쫀득바_전환_video,[멜론쫀득바] 컨비니BP_6.3W,[26.06]F_V_JD멜_전환_쫀득바출시_제조과정형_컨비니BP_var3.릴스_쫀득.X_1P_김유진_260619_빙과_정요한_dBD5RbfS.mp4_[26.06]F_V_JD멜_전환_쫀득바출시_제조과정형_컨비니BP_var3.릴스_쫀득.X_1P_김유진_260619_빙과_정요한,306,14,4583.0,2,0,전환
2026-08-21,1868419575203234,[빙과_스틱바]_쫀득바_전환_video,[멜론쫀득바] 공구네고형_6.3W,리얼 망고 쫀득바-Music_Refresh-1-2_l2JEuz_4_[26.05]F_V_JD멜_전환_쫀득바출시_네고형_공구네고형_var6.릴스_예예콘텐츠2.진수.X_2C_김유진_260529_2T_피재은,505,3,388.0,0,0,전환
2026-08-21,1874056810015873,[빙과_스틱바]_쫀득바_전환_video,[멜론쫀득바] AI_6.3W,블랙트러플 하몽 시리즈 - 라라스윗-Music_Refresh-1-2_[26.06]F_V_JD멜_전환_쫀득바출시_기타_AI활용형_var4.릴스_막차운행.멜쫀.음악.X_1P_이석영_260604_빙과_함주현,214,2,423.0,0,0,전환
2026-08-21,1873959596195153,[빙과_스틱바]_쫀득바_인지2_video,[멜론] 인플루언서형_6.3W,[26.06]F_V_JD멜_인지_상시_인플루언서형_인플루언서형.인지_main.릴스_공통.X_1P_문선정_260619_빙과_이수민_OcQS8Jtk.mp4_[26.06]F_V_JD멜_인지_상시_인플루언서형_인플루언서형.인지_main.릴스_공통.X_1P_문선정_260619_빙과_이수민,31,0,32.0,0,12,인지
2026-08-21,1874056810016897,[빙과_스틱바]_쫀득바_전환_video,[멜론쫀득바] AI_6.3W,AI Generated Video-4_oAuhr9_3_[26.06]F_V_JD멜_전환_쫀득바출시_기타_AI활용형_var4.릴스_막차운행.멜쫀.음악.X_1P_이석영_260604_빙과_함주현,69,1,149.0,0,0,전환
2026-08-21,1874034140321026,[빙과_스틱바]_쫀득바_전환_video,[멜론쫀득바] 공구네고형_6.3W,Black Truffle Ham Series (10 packs)-Music_Refresh-4-3_[26.05]F_V_JD멜_전환_쫀득바출시_네고형_공구네고형_var4.릴스_에르메스.진수.X_2C_김유진_260529_2T_피재은,2681,28,2679.0,2,0,전환
2026-08-21,1868419575202210,[빙과_스틱바]_쫀득바_전환_video,[멜론쫀득바] 공구네고형_6.3W,라라스윗 저당 듬뿍바 3박스 + [증정 스틱바 1박스]-Music_Refresh-1-4_[26.05]F_V_JD멜_전환_쫀득바출시_네고형_공구네고형_var6.릴스_예예콘텐츠2.진수.X_2C_김유진_260529_2T_피재은,309,1,427.0,0,0,전환
2026-08-21,1874052663364977,[빙과_스틱바]_쫀득바_전환_video,[멜론쫀득바] 바운스번BP_6.3W,Black Truffle Ham Snack - Larasweet-Music_Refresh-1-4_[26.06]F_V_JD멜_전환_쫀득바출시_신규BP_바운스번BP_var1.릴스_판매중단.X_2P_고가영_260612_빙과_조의진,21,0,580.0,0,0,전환
2026-08-21,1874052667688178,[빙과_스틱바]_쫀득바_전환_video,[멜론쫀득바] 지인네고형_6.3W,AI Generated Video-1_[26.06]F_V_JD멜_전환_쫀득바출시_네고형_지인네고형_var4.릴스_맛비주얼.X_1P_김유진_260619_빙과_이수현,1475,8,443.0,0,0,전환
2026-08-21,1874061789693073,[빙과_스틱바]_쫀득바_전환_video,[멜론쫀득바] 공구네고형_6.3W,"멜론쫀득바, 멜론쫀득파-Music_Refresh-6-9_[26.05]F_V_JD멜_전환_쫀득바출시_네고형_공구네고형_main.릴스_본론.진수.X_2C_김유진_260529_2T_피재은",5,0,16.0,0,0,전환
2026-08-21,1874038793251026,[빙과_스틱바]_쫀득바_전환_video,[멜론쫀득바] AI_6.3W,HighCostBau-v10033g50000d9qhju7og65sd2k6euv0_[26.06]F_V_JD멜_전환_쫀득바출시_기타_AI활용형_var2.릴스_악플 소구점 2개 .X_1P_이석영_260605_빙과_함주현,58,5,312.0,0,0,전환
2026-08-21,1873959480702594,[빙과_스틱바]_쫀득바_인지2_video,[멜론] 관계성네고_7.1W,[26.07]F_V_JD멜_인지_쫀득바출시_인물리뷰형_관계성_var5.릴스_거절후킹.X_1P_김유진_260703_빙과_강다빈_jZ6Hx74b.mp4_[26.07]F_V_JD멜_인지_쫀득바출시_인물리뷰형_관계성_var5.릴스_거절후킹.X_1P_김유진_260703_빙과_강다빈,44,0,80.0,0,16,인지
2026-08-21,1874030330240002,[빙과_스틱바]_쫀득바_인지2_video,[망고] 맛인지_6.3W,[26.06]F_V_JD망_인지_쫀득바출시_맛인지형_맛인지형.인지_var4.릴스_혜택.진수.6월.수민PJ_2P_문선정_260619_빙과_김지연_6H8Mjtxm.mp4_[26.06]F_V_JD망_인지_쫀득바출시_맛인지형_맛인지형.인지_var4.릴스_혜택.진수.6월.수민PJ_2P_문선정_260619_빙과_김지연,964,0,356.0,0,111,인지
2026-08-21,1873959552987762,[빙과_스틱바]_쫀득바_인지2_video,[멜론] 초딩유행템2_6.4W,[26.06]F_V_JD멜_인지_쫀득바출시_신규BP_써우리BP_var3.릴스_왁뿌.X_1P_문선정_260626_빙과_김진수_kuPHDIap.mp4_[26.06]F_V_JD멜_인지_쫀득바출시_신규BP_써우리BP_var3.릴스_왁뿌.X_1P_문선정_260626_빙과_김진수,43,0,61.0,0,12,인지
2026-08-21,1873959645922641,[빙과_스틱바]_쫀득바_인지2_video,[멜론] 인물리뷰(2)_6.3W,[26.06]F_V_JD멜_인지_쫀득바출시_인물리뷰형_렉카형_main.릴스_공통.X_2P_고가영_260612_빙과_김지연_bRJKpluY.mp4_[26.06]F_V_JD멜_인지_쫀득바출시_인물리뷰형_렉카형_main.릴스_공통.X_2P_고가영_260612_빙과_김지연,65,0,92.0,0,21,인지
2026-08-21,1868419667686513,[빙과_스틱바]_쫀득바_전환_video,[멜론쫀득바] 공구네고형_6.3W,[26.06]F_V_WB바_전환_바닐라웨하스출시_네고형_네고형_var8.릴스_혜택.슬기.X_1P_최나영_260605_제과_피재은_H0xpSJs1.mp4_[26.05]F_V_JD멜_전환_쫀득바출시_네고형_공구네고형_main.릴스_본론.진수.X_2C_김유진_260529_2T_피재은,123,1,163.0,0,0,전환
2026-08-21,1874034140321058,[빙과_스틱바]_쫀득바_전환_video,[멜론쫀득바] 공구네고형_6.3W,블랙트러플 하몽 시리즈 - 라라스윗-Music_Refresh-2-4_[26.05]F_V_JD멜_전환_쫀득바출시_네고형_공구네고형_var4.릴스_에르메스.진수.X_2C_김유진_260529_2T_피재은,17,0,50.0,0,0,전환
2026-08-21,1874035807099505,[빙과_스틱바]_쫀득바_전환_video,[멜론쫀득바] 인플루언서형_6.3W,Auto-generated-Add_Text_Sticker_Retrieve-0-1_tOn8Z3_0_[26.06]F_V_JD멜_전환_상시_인플루언서형_인플루언서형.전환_var3.릴스_혜택.X_1P_문선정_260619_빙과_이수민,53,2,263.0,0,0,전환
2026-08-21,1874038787284209,[빙과_스틱바]_쫀득바_전환_video,[멜론쫀득바] 네고형_6.3W,Black Truffle Ham Chips-Music_Refresh-1-2_XTRhrz_1_[26.06]F_V_JD멜_전환_쫀득바출시_네고형_네고형_var2.릴스_4만원.쫀쫀.X_1P_문선정_260619_빙과_이수민,94,0,637.0,0,0,전환
2026-08-21,1874056810015905,[빙과_스틱바]_쫀득바_전환_video,[멜론쫀득바] AI_6.3W,"멜론쫀득바, 멜론쫀득파-Music_Refresh-6-9_[26.06]F_V_JD멜_전환_쫀득바출시_기타_AI활용형_var4.릴스_막차운행.멜쫀.음악.X_1P_이석영_260604_빙과_함주현",1826,19,4483.0,0,0,전환
2026-08-21,1874061786240273,[빙과_스틱바]_쫀득바_전환_video,[멜론쫀득바] 공구네고형_6.3W,HighCostBau-v10033g50000d9qhju7og65sd2k6euv0_[26.05]F_V_JD멜_전환_쫀득바출시_네고형_공구네고형_main.릴스_본론.진수.X_2C_김유진_260529_2T_피재은,18,0,199.0,0,0,전환
2026-08-21,1874052663364945,[빙과_스틱바]_쫀득바_전환_video,[멜론쫀득바] 바운스번BP_6.3W,HighCostBau-v10033g50000d9vdlknog65mictv53u0_[26.06]F_V_JD멜_전환_쫀득바출시_신규BP_바운스번BP_var1.릴스_판매중단.X_2P_고가영_260612_빙과_조의진,75,0,65.0,0,0,전환
2026-08-21,1874052667688146,[빙과_스틱바]_쫀득바_전환_video,[멜론쫀득바] 지인네고형_6.3W,트로플 하몽깡-Music_Refresh-0-7_[26.06]F_V_JD멜_전환_쫀득바출시_네고형_지인네고형_var4.릴스_맛비주얼.X_1P_김유진_260619_빙과_이수현,111,1,125.0,0,0,전환
2026-08-21,1874061789693105,[빙과_스틱바]_쫀득바_전환_video,[멜론쫀득바] 공구네고형_6.3W,AI Generated Video-1_aL1trg_2_[26.05]F_V_JD멜_전환_쫀득바출시_네고형_공구네고형_main.릴스_본론.진수.X_2C_김유진_260529_2T_피재은,267,2,129.0,0,0,전환
2026-08-21,1868419609275633,[빙과_스틱바]_쫀득바_전환_video,[멜론쫀득바] 공구네고형_6.3W,Lala Sweet 저당 골드키위 아이스크림 3박스 + 증정 스틱바 1박스-Music_Refresh-2-1_[26.05]F_V_JD멜_전환_쫀득바출시_네고형_공구네고형_var1.릴스_예예 자체.진수.X_2C_김유진_260529_2T_피재은,1057,9,405.0,0,0,전환
2026-08-21,1873959582885202,[빙과_스틱바]_쫀득바_인지2_video,[망고] 맛인지_6.3W,[26.06]F_V_JD망_인지_쫀득바출시_맛인지형_맛인지형.인지_main.릴스_공통.진수.6월.수민PJ_2P_문선정_260619_빙과_김지연_pI4Fmbu1.mp4_[26.06]F_V_JD망_인지_쫀득바출시_맛인지형_맛인지형.인지_main.릴스_공통.진수.6월.수민PJ_2P_문선정_260619_빙과_김지연,129,0,167.0,0,41,인지
2026-08-21,1874038793247922,[빙과_스틱바]_쫀득바_전환_video,[멜론쫀득바] AI_6.3W,Black Truffle Ham Series-Music_Refresh-1-2_[26.06]F_V_JD멜_전환_쫀득바출시_기타_AI활용형_var2.릴스_악플 소구점 2개 .X_1P_이석영_260605_빙과_함주현,439,7,1116.0,0,0,전환
2026-08-21,1874038787281937,[빙과_스틱바]_쫀득바_전환_video,[멜론쫀득바] 네고형_6.3W,블랙트러플 하몽 시리즈 - 라라스윗-Music_Refresh-4-5_[26.06]F_V_JD멜_전환_쫀득바출시_네고형_네고형_var2.릴스_4만원.쫀쫀.X_1P_문선정_260619_빙과_이수민,52,0,94.0,0,0,전환
2026-08-21,1868419667686481,[빙과_스틱바]_쫀득바_전환_video,[멜론쫀득바] 공구네고형_6.3W,[26.06]F_V_WB바_전환_바닐라웨하스출시_네고형_네고형_var7.릴스_최초.슬기.X_1P_최나영_260605_제과_피재은_OU2BsTlp.mp4_[26.05]F_V_JD멜_전환_쫀득바출시_네고형_공구네고형_main.릴스_본론.진수.X_2C_김유진_260529_2T_피재은,634,8,331.0,0,0,전환
2026-08-21,1874030316282466,[빙과_스틱바]_쫀득바_인지2_video,[멜론] 유튜버썰풀기형_6.3W,[26.06]F_V_JD멜_인지_쫀득바출시_숏츠형_유튜브읽기형_var3.릴스_SNS도배.두쫀쿠다음.X_1P_문선정_260612_빙과_이수현_8Q64E9kb.mp4_[26.06]F_V_JD멜_인지_쫀득바출시_숏츠형_유튜브읽기형_var3.릴스_SNS도배.두쫀쿠다음.X_1P_문선정_260612_빙과_이수현,1047,0,523.0,0,171,인지
2026-08-21,1874035807099473,[빙과_스틱바]_쫀득바_전환_video,[멜론쫀득바] 인플루언서형_6.3W,Auto-generated-Add_Text_Sticker_Retrieve-0-1_[26.06]F_V_JD멜_전환_상시_인플루언서형_인플루언서형.전환_var3.릴스_혜택.X_1P_문선정_260619_빙과_이수민,273,6,1547.0,0,0,전환
2026-08-21,1874034140322114,[빙과_스틱바]_쫀득바_전환_video,[멜론쫀득바] 공구네고형_6.3W,블랙트러플 하몽 시리즈 - 라라스윗-Music_Refresh-2-3_[26.05]F_V_JD멜_전환_쫀득바출시_네고형_공구네고형_var4.릴스_에르메스.진수.X_2C_김유진_260529_2T_피재은,28,0,34.0,0,0,전환
2026-08-21,1873959579301986,[빙과_스틱바]_쫀득바_인지2_video,[망고] 전화네고형_6.3W,[26.06]F_V_JD망_인지_쫀득바출시_네고형_전화네고형_var2.릴스_할인.관계.X_2P_문선정_260622_빙과_조의진_cbi1IXRd.mp4_[26.06]F_V_JD망_인지_쫀득바출시_네고형_전화네고형_var2.릴스_할인.관계.X_2P_문선정_260622_빙과_조의진,9,0,17.0,0,3,인지
2026-08-21,1874052667687090,[빙과_스틱바]_쫀득바_전환_video,[멜론쫀득바] 지인네고형_6.3W,HighCostBau-v10033g50000da3g1jvog65vn39ohugg_[26.06]F_V_JD멜_전환_쫀득바출시_네고형_지인네고형_var4.릴스_맛비주얼.X_1P_김유진_260619_빙과_이수현,286,1,130.0,0,0,전환
2026-08-21,1868419609275601,[빙과_스틱바]_쫀득바_전환_video,[멜론쫀득바] 공구네고형_6.3W,[26.06]F_V_WB바_전환_바닐라웨하스출시_네고형_전화네고형_var2.릴스_POV후킹.X_1P_최나영_260605_제과_강경연_l23UF5Kw.mp4_[26.05]F_V_JD멜_전환_쫀득바출시_네고형_공구네고형_var1.릴스_예예 자체.진수.X_2C_김유진_260529_2T_피재은,739,11,1632.0,0,0,전환
2026-08-21,1873959599404161,[빙과_스틱바]_쫀득바_인지2_video,[멜론] 인플루언서형_6.3W,[26.06]F_V_JD멜_인지_상시_인플루언서형_인플루언서형.인지_var3.릴스_코어 후킹.X_1P_문선정_260619_빙과_이수민_fHo1zJ0X.mp4_[26.06]F_V_JD멜_인지_상시_인플루언서형_인플루언서형.인지_var3.릴스_코어 후킹.X_1P_문선정_260619_빙과_이수민,38,0,33.0,0,8,인지
2026-08-21,1868418305541281,[빙과_스틱바]_쫀득바_전환_video,[멜론쫀득바] AI_6.3W,[26.06]F_V_JD멜_전환_쫀득바출시_기타_AI활용형_var8.릴스_타임어택.가격강조.X_1P_이석영_260605_빙과_함주현_HLTnYEFz.MP4_[26.06]F_V_JD멜_전환_쫀득바출시_기타_AI활용형_var8.릴스_타임어택.가격강조.X_1P_이석영_260605_빙과_함주현,1663,7,1089.0,0,0,전환
2026-08-21,1874056810015537,[빙과_스틱바]_쫀득바_전환_video,[멜론쫀득바] AI_6.3W,"멜론쫀득바, 멜론쫀득파-Music_Refresh-0-4_[26.06]F_V_JD멜_전환_쫀득바출시_기타_AI활용형_var4.릴스_막차운행.멜쫀.음악.X_1P_이석영_260604_빙과_함주현",4,0,60.0,0,0,전환
2026-08-21,1873959582885234,[빙과_스틱바]_쫀득바_인지2_video,[망고] 맛인지_6.3W,[26.06]F_V_JD망_인지_쫀득바출시_맛인지형_맛인지형.인지_var1.릴스_젤리식감.진수.6월.수민PJ_2P_문선정_260619_빙과_김지연_oqUjrN9C.mp4_[26.06]F_V_JD망_인지_쫀득바출시_맛인지형_맛인지형.인지_var1.릴스_젤리식감.진수.6월.수민PJ_2P_문선정_260619_빙과_김지연,81,0,19.0,0,5,인지
2026-08-21,1874034144299282,[빙과_스틱바]_쫀득바_전환_video,[멜론쫀득바] 지인네고형_6.3W,블랙트러플 하몽 시리즈 - 라라스윗-Music_Refresh-1-2_0j8Z7j_2_[26.06]F_V_JD멜_전환_쫀득바출시_네고형_지인네고형_var1.릴스_규모감.X_1P_김유진_260619_빙과_이수현,1,0,1.0,0,0,전환
2026-08-21,1873959610749169,[빙과_스틱바]_쫀득바_인지2_video,[멜론] 컨비니BP_6.3W,[26.06]F_V_JD멜_인지_쫀득바출시_제조과정형_컨비니BP_var7.릴스_왁뿌볼.X_1P_김유진_260619_빙과_정요한_ibKZerQN.mp4_[26.06]F_V_JD멜_인지_쫀득바출시_제조과정형_컨비니BP_var7.릴스_왁뿌볼.X_1P_김유진_260619_빙과_정요한,116,0,90.0,0,33,인지
2026-08-21,1874030338066737,[빙과_스틱바]_쫀득바_인지2_video,[멜론] 현지인도못구하는_7.1W,[26.07]F_V_JD멜_인지_쫀득바출시_인플루언서형_인플루언서형_var2.릴스_인물먼저.X_1P_문선정_260703_빙과_정하얀_JOamzo0T.mp4_[26.07]F_V_JD멜_인지_쫀득바출시_인플루언서형_인플루언서형_var2.릴스_인물먼저.X_1P_문선정_260703_빙과_정하얀,968,0,301.0,0,145,인지
2026-08-21,1874056819112193,[빙과_스틱바]_쫀득바_전환_video,[멜론쫀득바] 전화네고형_6.3W,AI Generated Video-2_ylpQZ3_0_[26.06]F_V_JD멜_전환_쫀득바출시_네고형_전화네고형_main.릴스_공통.X_1P_김유진_260605_빙과_이수민,68,1,96.0,0,0,전환
2026-08-21,1874038793247890,[빙과_스틱바]_쫀득바_전환_video,[멜론쫀득바] AI_6.3W,블랙트러플 하몽 시리즈 - 라라스윗-Music_Refresh-3-4_[26.06]F_V_JD멜_전환_쫀득바출시_기타_AI활용형_var2.릴스_악플 소구점 2개 .X_1P_이석영_260605_빙과_함주현,1844,24,3681.0,2,0,전환
2026-08-21,1874038787281969,[빙과_스틱바]_쫀득바_전환_video,[멜론쫀득바] 네고형_6.3W,블랙트러플 하몽 시리즈 - 라라스윗-Music_Refresh-1-2_UlUAEz_3_[26.06]F_V_JD멜_전환_쫀득바출시_네고형_네고형_var2.릴스_4만원.쫀쫀.X_1P_문선정_260619_빙과_이수민,1,0,3.0,0,0,전환
2026-08-21,1874034140322146,[빙과_스틱바]_쫀득바_전환_video,[멜론쫀득바] 공구네고형_6.3W,Black Truffle Ham Chips-Music_Refresh-1-2_XTRhrz_1_[26.05]F_V_JD멜_전환_쫀득바출시_네고형_공구네고형_var4.릴스_에르메스.진수.X_2C_김유진_260529_2T_피재은,1008,9,2229.0,0,0,전환
2026-08-21,1868419575203202,[빙과_스틱바]_쫀득바_전환_video,[멜론쫀득바] 공구네고형_6.3W,Lala Sweet Gold Kiwi Popsicle and Stick Bar-Music_Refresh-0-1_[26.05]F_V_JD멜_전환_쫀득바출시_네고형_공구네고형_var6.릴스_예예콘텐츠2.진수.X_2C_김유진_260529_2T_피재은,101,1,363.0,0,0,전환
2026-08-21,1868419575202178,[빙과_스틱바]_쫀득바_전환_video,[멜론쫀득바] 공구네고형_6.3W,Lala Sweet 골드키위 아이스크림 3박스 + 증정 스틱바 1박스-Music_Refresh-1-7_[26.05]F_V_JD멜_전환_쫀득바출시_네고형_공구네고형_var6.릴스_예예콘텐츠2.진수.X_2C_김유진_260529_2T_피재은,555,7,253.0,0,0,전환
2026-08-21,1873959681209441,[빙과_스틱바]_쫀득바_인지2_video,[멜론] 인물리뷰(1)_6.3W,[26.06]F_V_JD멜_인지_쫀득바출시_인물리뷰형_인물리뷰형_var3.릴스_코어의외성.X_2P_고가영_260612_빙과_유영현_wjEIQSXr.mp4_[26.06]F_V_JD멜_인지_쫀득바출시_인물리뷰형_인물리뷰형_var3.릴스_코어의외성.X_2P_고가영_260612_빙과_유영현,514,0,144.0,0,50,인지
2026-08-21,1874052667690130,[빙과_스틱바]_쫀득바_전환_video,[멜론쫀득바] 지인네고형_6.3W,Black Truffle Ham Series-Music_Refresh-3-3_[26.06]F_V_JD멜_전환_쫀득바출시_네고형_지인네고형_var4.릴스_맛비주얼.X_1P_김유진_260619_빙과_이수현,665,4,254.0,0,0,전환
2026-08-21,1874030339424258,[빙과_스틱바]_쫀득바_인지2_video,[멜론] 1위단독_7.1W,[26.07]F_V_JD멜_인지_쫀득바출시_바이럴형_커뮤니티형_var2.릴스_매출1등.입사동기.X_1P_문선정_260703_빙과_김진수_oSB4Y18s.mp4_[26.07]F_V_JD멜_인지_쫀득바출시_바이럴형_커뮤니티형_var2.릴스_매출1등.입사동기.X_1P_문선정_260703_빙과_김진수,3005,0,4992.0,0,869,인지
2026-08-21,1868419609276465,[빙과_스틱바]_쫀득바_전환_video,[멜론쫀득바] 공구네고형_6.3W,라라스윗 제로바 18개 [+스틱바 6개]-Music_Refresh-1-2_[26.05]F_V_JD멜_전환_쫀득바출시_네고형_공구네고형_var1.릴스_예예 자체.진수.X_2C_김유진_260529_2T_피재은,1028,5,322.0,0,0,전환
2026-08-21,1868419609279537,[빙과_스틱바]_쫀득바_전환_video,[멜론쫀득바] 공구네고형_6.3W,[26.06]F_V_WB바_전환_바닐라웨하스출시_네고형_네고형_var7.릴스_최초.슬기.X_1P_최나영_260605_제과_피재은_OU2BsTlp.mp4_[26.05]F_V_JD멜_전환_쫀득바출시_네고형_공구네고형_var1.릴스_예예 자체.진수.X_2C_김유진_260529_2T_피재은,386,4,148.0,0,0,전환
2026-08-21,1874034144299314,[빙과_스틱바]_쫀득바_전환_video,[멜론쫀득바] 지인네고형_6.3W,Black Truffle Ham Series-Music_Refresh-3-2_[26.06]F_V_JD멜_전환_쫀득바출시_네고형_지인네고형_var1.릴스_규모감.X_1P_김유진_260619_빙과_이수현,7,0,26.0,0,0,전환
2026-08-21,1873959552987730,[빙과_스틱바]_쫀득바_인지2_video,[멜론] 초딩유행템2_6.4W,[26.06]F_V_JD멜_인지_쫀득바출시_신규BP_써우리BP_var4.릴스_품절희소성.X_1P_문선정_260626_빙과_김진수_M7qJXdn3.mp4_[26.06]F_V_JD멜_인지_쫀득바출시_신규BP_써우리BP_var4.릴스_품절희소성.X_1P_문선정_260626_빙과_김진수,9972,0,19566.0,0,3747,인지
2026-08-21,1873959645921585,[빙과_스틱바]_쫀득바_인지2_video,[멜론] 인물리뷰(2)_6.3W,[26.06]F_V_JD멜_인지_쫀득바출시_인물리뷰형_렉카형_var1.릴스_1년멜론.X_2P_고가영_260612_빙과_김지연_Vfw93Dij.mp4_[26.06]F_V_JD멜_인지_쫀득바출시_인물리뷰형_렉카형_var1.릴스_1년멜론.X_2P_고가영_260612_빙과_김지연,112,0,252.0,0,72,인지
2026-08-22,1873959534653730,[빙과_스틱바]_쫀득바_인지2_video,[멜론] 농부대첩_6.4W,[26.06]F_V_JD멜_인지_쫀득바출시_신규BP_농부대첩BP_var4.릴스_OEM.X_2P_김유진_260626_빙과_노현경_C8ZH0kJx.mp4_[26.06]F_V_JD멜_인지_쫀득바출시_신규BP_농부대첩BP_var4.릴스_OEM.X_2P_김유진_260626_빙과_노현경,233,0,650.0,0,160,인지
2026-08-22,1873959662058609,[빙과_스틱바]_쫀득바_인지2_video,[멜론] 요거트바BP_6.3W,[26.06]F_V_JD멜_인지_쫀득바출시_인물리뷰형_편의점원정_var4.릴스_대세감.X_1P_문선정_260612_빙과_정요한_dTrqo0s9.mp4_[26.06]F_V_JD멜_인지_쫀득바출시_인물리뷰형_편의점원정_var4.릴스_대세감.X_1P_문선정_260612_빙과_정요한,178,0,132.0,0,30,인지
2026-08-22,1873959656457905,[빙과_스틱바]_쫀득바_인지2_video,[멜론] 요거트바BP_6.3W,[26.06]F_V_JD멜_인지_쫀득바출시_인물리뷰형_편의점원정_var2.릴스_퀄리티.X_1P_문선정_260612_빙과_정요한_F6rWEnOX.mp4_[26.06]F_V_JD멜_인지_쫀득바출시_인물리뷰형_편의점원정_var2.릴스_퀄리티.X_1P_문선정_260612_빙과_정요한,253,0,466.0,0,109,인지
2026-08-22,1873959472444578,[빙과_스틱바]_쫀득바_인지2_video,[멜론] AI형(cs제조과정형)_7.2W,[26.07]F_V_JD멜_인지_쫀득바출시_기타_AI활용형_var1.릴스_cs제조과정형.악플후킹.AI건_1P_문선정_260709_빙과_강다빈_QXK9oRU3.mp4_[26.07]F_V_JD멜_인지_쫀득바출시_기타_AI활용형_var1.릴스_cs제조과정형.악플후킹.AI건_1P_문선정_260709_빙과_강다빈,137,0,253.0,0,49,인지
2026-08-22,1873959502194113,[빙과_스틱바]_쫀득바_인지2_video,[멜론] 현지인도못구하는_7.1W,[26.07]F_V_JD멜_인지_쫀득바출시_인플루언서형_인플루언서형_main.릴스_비행기표취소.X_1P_문선정_260703_빙과_정하얀_6J9yLGRu.mp4_[26.07]F_V_JD멜_인지_쫀득바출시_인플루언서형_인플루언서형_main.릴스_비행기표취소.X_1P_문선정_260703_빙과_정하얀,490,0,798.0,0,147,인지
2026-08-22,1873959531095265,[빙과_스틱바]_쫀득바_인지2_video,[멜론] 초딩유행템2_6.4W,[26.06]F_V_JD멜_인지_쫀득바출시_신규BP_써우리BP_main.릴스_본론.X_1P_문선정_260626_빙과_김진수_lniL3TJt.mp4_[26.06]F_V_JD멜_인지_쫀득바출시_신규BP_써우리BP_main.릴스_본론.X_1P_문선정_260626_빙과_김진수,54,0,73.0,0,14,인지
2026-08-22,1873959640782897,[빙과_스틱바]_쫀득바_인지2_video,[멜론] 초딩유행템_6.3W,[26.06]F_V_JD멜_인지_쫀득바출시_일상반응형_누나동생_var3.렉카_욕심.X_1P_문선정_260615_빙과_노현경_3ocIfBlK.mp4_[26.06]F_V_JD멜_인지_쫀득바출시_일상반응형_누나동생_var3.렉카_욕심.X_1P_문선정_260615_빙과_노현경,7431,0,10491.0,0,2021,인지
2026-08-22,1873959662238738,[빙과_스틱바]_쫀득바_인지2_video,[멜론] 유튜버썰풀기형_6.3W,[26.06]F_V_JD멜_인지_쫀득바출시_숏츠형_유튜브읽기형_var1.릴스_1년에한달.365일.X_1P_문선정_260612_빙과_이수현_Gau8dgwA.mp4_[26.06]F_V_JD멜_인지_쫀득바출시_숏츠형_유튜브읽기형_var1.릴스_1년에한달.365일.X_1P_문선정_260612_빙과_이수현,117,0,153.0,0,41,인지
2026-08-22,1874030333521250,[빙과_스틱바]_쫀득바_인지2_video,[멜론] 초딩유행템2_6.4W,[26.06]F_V_JD멜_인지_쫀득바출시_신규BP_써우리BP_var2.릴스_혜택.X_1P_문선정_260626_빙과_김진수_AGmDZ35w.mp4_[26.06]F_V_JD멜_인지_쫀득바출시_신규BP_써우리BP_var2.릴스_혜택.X_1P_문선정_260626_빙과_김진수,50,0,101.0,0,25,인지
2026-08-22,1873959480704162,[빙과_스틱바]_쫀득바_인지2_video,[멜론] 관계성네고_7.1W,[26.07]F_V_JD멜_인지_쫀득바출시_인물리뷰형_관계성_var6.릴스_잔소리후킹.X_1P_김유진_260703_빙과_강다빈_8xsJGKVk.mp4_[26.07]F_V_JD멜_인지_쫀득바출시_인물리뷰형_관계성_var6.릴스_잔소리후킹.X_1P_김유진_260703_빙과_강다빈,2169,0,3171.0,0,647,인지
2026-08-22,1873959483402274,[빙과_스틱바]_쫀득바_인지2_video,[멜론] 전세계에서일본에만_7.1W,[26.07]F_V_JD멜_인지_쫀득바출시_인물리뷰형_인물리뷰형_main.릴스_공통.X_2P_문선정_260703_빙과_유영현_hfC8Honk.mp4_[26.07]F_V_JD멜_인지_쫀득바출시_인물리뷰형_인물리뷰형_main.릴스_공통.X_2P_문선정_260703_빙과_유영현,54,0,174.0,0,31,인지
2026-08-22,1873959579303250,[빙과_스틱바]_쫀득바_인지2_video,[망고] 전화네고형_6.3W,[26.06]F_V_JD망_인지_쫀득바출시_네고형_전화네고형_var1.릴스_먹방.X_2P_문선정_260622_빙과_조의진_idHD4Vv8.mp4_[26.06]F_V_JD망_인지_쫀득바출시_네고형_전화네고형_var1.릴스_먹방.X_2P_문선정_260622_빙과_조의진,7884,0,9348.0,0,2005,인지
2026-08-22,1873959618629778,[빙과_스틱바]_쫀득바_인지2_video,[멜론] 지인네고형_6.3W,[26.06]F_V_JD멜_인지_쫀득바출시_네고형_지인네고형_var3.릴스_원가후킹.X_1P_김유진_260619_빙과_이수현_4CvjLKUi.mp4_[26.06]F_V_JD멜_인지_쫀득바출시_네고형_지인네고형_var3.릴스_원가후킹.X_1P_김유진_260619_빙과_이수현,104,0,212.0,0,56,인지
2026-08-22,1873959592940658,[빙과_스틱바]_쫀득바_인지2_video,[멜론] 인플루언서형_6.3W,[26.06]F_V_JD멜_인지_상시_인플루언서형_인플루언서형.인지_var1.릴스_쫀득 후킹.X_1P_문선정_260619_빙과_이수민_HCZXPTgo.mp4_[26.06]F_V_JD멜_인지_상시_인플루언서형_인플루언서형.인지_var1.릴스_쫀득 후킹.X_1P_문선정_260619_빙과_이수민,186,0,474.0,0,130,인지
2026-08-22,1874030319136113,[빙과_스틱바]_쫀득바_인지2_video,[멜론] 초딩유행템_6.3W,[26.06]F_V_JD멜_인지_쫀득바출시_일상반응형_누나동생_var2.렉카_삐짐.X_1P_문선정_260615_빙과_노현경_hK163maR.mp4_[26.06]F_V_JD멜_인지_쫀득바출시_일상반응형_누나동생_var2.렉카_삐짐.X_1P_문선정_260615_빙과_노현경,299,0,602.0,0,129,인지
2026-08-22,1874030341331282,[빙과_스틱바]_쫀득바_인지2_video,[멜론] 전세계에서일본에만_7.1W,[26.07]F_V_JD멜_인지_쫀득바출시_인물리뷰형_인물리뷰형_var1.릴스_상단.국내출시.X_2P_문선정_260703_빙과_유영현_hYJso2jc.mp4_[26.07]F_V_JD멜_인지_쫀득바출시_인물리뷰형_인물리뷰형_var1.릴스_상단.국내출시.X_2P_문선정_260703_빙과_유영현,168,0,314.0,0,71,인지
2026-08-22,1873959576604178,[빙과_스틱바]_쫀득바_인지2_video,[멜론] 써우리BP_6.4W,[26.06]F_V_JD멜_인지_쫀득바출시_맛인지형_맛인지형.인지_var4.릴스_노을멜론.X_1P_문선정_260612_빙과_이수민_c8GfOUgM.mp4_[26.06]F_V_JD멜_인지_쫀득바출시_맛인지형_맛인지형.인지_var4.릴스_노을멜론.X_1P_문선정_260612_빙과_이수민,164,0,202.0,0,44,인지
2026-08-22,1873959552987730,[빙과_스틱바]_쫀득바_인지2_video,[멜론] 초딩유행템2_6.4W,[26.06]F_V_JD멜_인지_쫀득바출시_신규BP_써우리BP_var4.릴스_품절희소성.X_1P_문선정_260626_빙과_김진수_M7qJXdn3.mp4_[26.06]F_V_JD멜_인지_쫀득바출시_신규BP_써우리BP_var4.릴스_품절희소성.X_1P_문선정_260626_빙과_김진수,110,0,164.0,0,32,인지
2026-08-22,1873959681209441,[빙과_스틱바]_쫀득바_인지2_video,[멜론] 인물리뷰(1)_6.3W,[26.06]F_V_JD멜_인지_쫀득바출시_인물리뷰형_인물리뷰형_var3.릴스_코어의외성.X_2P_고가영_260612_빙과_유영현_wjEIQSXr.mp4_[26.06]F_V_JD멜_인지_쫀득바출시_인물리뷰형_인물리뷰형_var3.릴스_코어의외성.X_2P_고가영_260612_빙과_유영현,65,0,34.0,0,17,인지
2026-08-22,1873959607461201,[빙과_스틱바]_쫀득바_인지2_video,[멜론] 컨비니BP_6.3W,[26.06]F_V_JD멜_인지_쫀득바출시_제조과정형_컨비니BP_var4.릴스_공통.X_1P_김유진_260619_빙과_정요한_9WVuy24o.mp4_[26.06]F_V_JD멜_인지_쫀득바출시_제조과정형_컨비니BP_var4.릴스_공통.X_1P_김유진_260619_빙과_정요한,18,0,19.0,0,5,인지
2026-08-22,1874030316282466,[빙과_스틱바]_쫀득바_인지2_video,[멜론] 유튜버썰풀기형_6.3W,[26.06]F_V_JD멜_인지_쫀득바출시_숏츠형_유튜브읽기형_var3.릴스_SNS도배.두쫀쿠다음.X_1P_문선정_260612_빙과_이수현_8Q64E9kb.mp4_[26.06]F_V_JD멜_인지_쫀득바출시_숏츠형_유튜브읽기형_var3.릴스_SNS도배.두쫀쿠다음.X_1P_문선정_260612_빙과_이수현,80,0,56.0,0,12,인지
2026-08-22,1874030320115922,[빙과_스틱바]_쫀득바_인지2_video,[멜론] 지인네고형_6.3W,[26.06]F_V_JD멜_인지_쫀득바출시_네고형_지인네고형_var1.릴스_규모감.X_1P_김유진_260619_빙과_이수현_8KcuLnOj.mp4_[26.06]F_V_JD멜_인지_쫀득바출시_네고형_지인네고형_var1.릴스_규모감.X_1P_김유진_260619_빙과_이수현,16129,0,24858.0,0,4647,인지
2026-08-22,1874030338066737,[빙과_스틱바]_쫀득바_인지2_video,[멜론] 현지인도못구하는_7.1W,[26.07]F_V_JD멜_인지_쫀득바출시_인플루언서형_인플루언서형_var2.릴스_인물먼저.X_1P_문선정_260703_빙과_정하얀_JOamzo0T.mp4_[26.07]F_V_JD멜_인지_쫀득바출시_인플루언서형_인플루언서형_var2.릴스_인물먼저.X_1P_문선정_260703_빙과_정하얀,848,0,1446.0,0,382,인지
2026-08-22,1873959627273345,[빙과_스틱바]_쫀득바_인지2_video,[멜론] 스틱바BP_6.3W,[26.06]F_V_JD멜_인지_쫀득바출시_인물리뷰형_4050대세감_var4.릴스_쩜오건.캡컷나레교체.X_1P_문선정_260619_빙과_강다빈_incretV8.mp4_[26.06]F_V_JD멜_인지_쫀득바출시_인물리뷰형_4050대세감_var4.릴스_쩜오건.캡컷나레교체.X_1P_문선정_260619_빙과_강다빈,137,0,171.0,0,33,인지
2026-08-22,1873959492107505,[빙과_스틱바]_쫀득바_인지2_video,[멜론] 전세계에서일본에만_7.1W,[26.07]F_V_JD멜_인지_쫀득바출시_인물리뷰형_인물리뷰형_var5.릴스_대세왁뿌.X_2P_문선정_260703_빙과_유영현_nmCE6i3s.mp4_[26.07]F_V_JD멜_인지_쫀득바출시_인물리뷰형_인물리뷰형_var5.릴스_대세왁뿌.X_2P_문선정_260703_빙과_유영현,75,0,30.0,0,12,인지
2026-08-22,1873959612770417,[빙과_스틱바]_쫀득바_인지2_video,[멜론] 지인네고형_6.3W,[26.06]F_V_JD멜_인지_쫀득바출시_네고형_지인네고형_var2.릴스_쟁여놓기.X_1P_김유진_260619_빙과_이수현_odeX0CEq.mp4_[26.06]F_V_JD멜_인지_쫀득바출시_네고형_지인네고형_var2.릴스_쟁여놓기.X_1P_김유진_260619_빙과_이수현,1384,0,2556.0,0,480,인지
2026-08-22,1873959645921585,[빙과_스틱바]_쫀득바_인지2_video,[멜론] 인물리뷰(2)_6.3W,[26.06]F_V_JD멜_인지_쫀득바출시_인물리뷰형_렉카형_var1.릴스_1년멜론.X_2P_고가영_260612_빙과_김지연_Vfw93Dij.mp4_[26.06]F_V_JD멜_인지_쫀득바출시_인물리뷰형_렉카형_var1.릴스_1년멜론.X_2P_고가영_260612_빙과_김지연,249,0,695.0,0,159,인지
2026-08-22,1873959624012817,[빙과_스틱바]_쫀득바_인지2_video,[멜론] 스틱바BP_6.3W,[26.06]F_V_JD멜_인지_쫀득바출시_인물리뷰형_4050대세감_main.릴스_본론.X_1P_문선정_260619_빙과_강다빈_VvFUnekb.mp4_[26.06]F_V_JD멜_인지_쫀득바출시_인물리뷰형_4050대세감_main.릴스_본론.X_1P_문선정_260619_빙과_강다빈,338,0,692.0,0,127,인지
2026-08-22,1873959526530242,[빙과_스틱바]_쫀득바_인지2_video,[멜론] 책상네고 대체_6.4W,[26.06]F_V_JD멜_인지_쫀득바출시_기타_비하인드썰풀기_var2.릴스_POV.X_1P_김유진_260626_빙과_강다빈_dvNEWTwx.mp4_[26.06]F_V_JD멜_인지_쫀득바출시_기타_비하인드썰풀기_var2.릴스_POV.X_1P_김유진_260626_빙과_강다빈,300,0,521.0,0,134,인지
2026-08-22,1873959643009314,[빙과_스틱바]_쫀득바_인지2_video,[멜론] 초딩유행템_6.3W,[26.06]F_V_JD멜_인지_쫀득바출시_일상반응형_누나동생_var4.렉카_먹방.X_1P_문선정_260615_빙과_노현경_cx0sGrMW.mp4_[26.06]F_V_JD멜_인지_쫀득바출시_일상반응형_누나동생_var4.렉카_먹방.X_1P_문선정_260615_빙과_노현경,120,0,247.0,0,73,인지
2026-08-22,1873959592941730,[빙과_스틱바]_쫀득바_인지2_video,[멜론] 인플루언서형_6.3W,[26.06]F_V_JD멜_인지_상시_인플루언서형_인플루언서형.인지_main.릴스_공통.X_1P_문선정_260619_빙과_이수민_OcQS8Jtk.mp4_[26.06]F_V_JD멜_인지_상시_인플루언서형_인플루언서형.인지_var2.릴스_대세감.X_1P_문선정_260619_빙과_이수민,33,0,41.0,0,13,인지
2026-08-22,1873959582885234,[빙과_스틱바]_쫀득바_인지2_video,[망고] 맛인지_6.3W,[26.06]F_V_JD망_인지_쫀득바출시_맛인지형_맛인지형.인지_var1.릴스_젤리식감.진수.6월.수민PJ_2P_문선정_260619_빙과_김지연_oqUjrN9C.mp4_[26.06]F_V_JD망_인지_쫀득바출시_맛인지형_맛인지형.인지_var1.릴스_젤리식감.진수.6월.수민PJ_2P_문선정_260619_빙과_김지연,294,0,121.0,0,29,인지
2026-08-22,1873959612770385,[빙과_스틱바]_쫀득바_인지2_video,[멜론] 지인네고형_6.3W,[26.06]F_V_JD멜_인지_쫀득바출시_네고형_지인네고형_main.릴스_본론.X_1P_김유진_260619_빙과_이수현_RlCf6rY4.mp4_[26.06]F_V_JD멜_인지_쫀득바출시_네고형_지인네고형_main.릴스_본론.X_1P_김유진_260619_빙과_이수현,126,0,206.0,0,38,인지
2026-08-22,1873959624012849,[빙과_스틱바]_쫀득바_인지2_video,[멜론] 스틱바BP_6.3W,[26.06]F_V_JD멜_인지_쫀득바출시_인물리뷰형_4050대세감_var1.릴스_맛후킹.X_1P_문선정_260619_빙과_강다빈_Stbu1VnU.mp4_[26.06]F_V_JD멜_인지_쫀득바출시_인물리뷰형_4050대세감_var1.릴스_맛후킹.X_1P_문선정_260619_빙과_강다빈,107,0,93.0,0,36,인지
2026-08-22,1873959648848097,[빙과_스틱바]_쫀득바_인지2_video,[멜론] 인물리뷰(2)_6.3W,[26.06]F_V_JD멜_인지_쫀득바출시_인물리뷰형_렉카형_var4.릴스_상단.판매중단.X_2P_고가영_260612_빙과_김지연_qc1ljdun.mp4_[26.06]F_V_JD멜_인지_쫀득바출시_인물리뷰형_렉카형_var4.릴스_상단.판매중단.X_2P_고가영_260612_빙과_김지연,274,0,449.0,0,102,인지
2026-08-22,1873959673179393,[빙과_스틱바]_쫀득바_인지2_video,[멜론] 유튜버썰풀기형_6.3W,[26.06]F_V_JD멜_인지_쫀득바출시_숏츠형_유튜브읽기형_var5.릴스_업계최초.X_1P_문선정_260612_빙과_이수현_EID4Njqr.mp4_[26.06]F_V_JD멜_인지_쫀득바출시_숏츠형_유튜브읽기형_var5.릴스_업계최초.X_1P_문선정_260612_빙과_이수현,35,0,36.0,0,11,인지
2026-08-22,1873959526530274,[빙과_스틱바]_쫀득바_인지2_video,[멜론] 책상네고 대체_6.4W,[26.06]F_V_JD멜_인지_쫀득바출시_기타_비하인드썰풀기_var1.릴스_짤림후킹.X_1P_김유진_260626_빙과_강다빈_N8xnAoaE.mp4_[26.06]F_V_JD멜_인지_쫀득바출시_기타_비하인드썰풀기_var1.릴스_짤림후킹.X_1P_김유진_260626_빙과_강다빈,356,0,335.0,0,107,인지
2026-08-22,1873959541011649,[빙과_스틱바]_쫀득바_인지2_video,[멜론] 농부대첩_6.4W,[26.06]F_V_JD멜_인지_쫀득바출시_신규BP_농부대첩BP_main.릴스_공통.X_2P_김유진_260626_빙과_노현경_VoRCtWIf.mp4_[26.06]F_V_JD멜_인지_쫀득바출시_신규BP_농부대첩BP_main.릴스_공통.X_2P_김유진_260626_빙과_노현경,76,0,112.0,0,26,인지
2026-08-22,1874127223750993,[빙과_스틱바]_쫀득바_인지2_video,[멜론] 닥터후,"#광고 요즘 초등학생들 사이에서 포켓몬보다 구하기 어렵고 왁뿌볼보다 핫하다는 GS 멜론쫀득바 드디어 구했다자스!!! 🍈🔥   라떼 먹던 메롱바인 줄 알고 방심했다가 콰작 부서지는 왁뿌 식감이랑 쭈-욱 끝도 없이 늘어나는 쫀쫀함에 완벽하게 감탄했습니다... 🤤 요즘은 급식으로도 나온다는데 찐한 멜론 맛이라 마라탕 먹고 디저트로 먹으면 완벽 그 자체 ㅋㅋㅋ 초딩들이 왜 환장하는지 바로 납득 완! 👍   🎁 닥터후 역대급 나눔 & 팬미팅 이벤트! 편의점 5트만에 겨우 구한 멜론쫀득바, 우리 친구들 나눠주려고 무려 120개나 준비했습니다! 🍦",3740,71,5129.0,0,1054,인지
2026-08-22,1873959582885202,[빙과_스틱바]_쫀득바_인지2_video,[망고] 맛인지_6.3W,[26.06]F_V_JD망_인지_쫀득바출시_맛인지형_맛인지형.인지_main.릴스_공통.진수.6월.수민PJ_2P_문선정_260619_빙과_김지연_pI4Fmbu1.mp4_[26.06]F_V_JD망_인지_쫀득바출시_맛인지형_맛인지형.인지_main.릴스_공통.진수.6월.수민PJ_2P_문선정_260619_빙과_김지연,3467,0,5376.0,0,1028,인지
2026-08-22,1873959596195153,[빙과_스틱바]_쫀득바_인지2_video,[멜론] 인플루언서형_6.3W,[26.06]F_V_JD멜_인지_상시_인플루언서형_인플루언서형.인지_main.릴스_공통.X_1P_문선정_260619_빙과_이수민_OcQS8Jtk.mp4_[26.06]F_V_JD멜_인지_상시_인플루언서형_인플루언서형.인지_main.릴스_공통.X_1P_문선정_260619_빙과_이수민,43,0,72.0,0,22,인지
2026-08-22,1873959666755666,[빙과_스틱바]_쫀득바_인지2_video,[멜론] 유튜버썰풀기형_6.3W,[26.06]F_V_JD멜_인지_쫀득바출시_숏츠형_유튜브읽기형_var4.릴스_SNS도배.과일.X_1P_문선정_260612_빙과_이수현_FS2Lzmjs.mp4_[26.06]F_V_JD멜_인지_쫀득바출시_숏츠형_유튜브읽기형_var4.릴스_SNS도배.과일.X_1P_문선정_260612_빙과_이수현,206,0,72.0,0,21,인지
2026-08-22,1874030317649217,[빙과_스틱바]_쫀득바_인지2_video,[멜론] 인물리뷰(2)_6.3W,[26.06]F_V_JD멜_인지_쫀득바출시_인물리뷰형_렉카형_var2.릴스_상단.대세감.X_2P_고가영_260612_빙과_김지연_uJ2PiCGN.mp4_[26.06]F_V_JD멜_인지_쫀득바출시_인물리뷰형_렉카형_var2.릴스_상단.대세감.X_2P_고가영_260612_빙과_김지연,1178,0,1851.0,0,364,인지
2026-08-22,1873959656924433,[빙과_스틱바]_쫀득바_인지2_video,[멜론] 요거트바BP_6.3W,[26.06]F_V_JD멜_인지_쫀득바출시_인물리뷰형_편의점원정_var3.릴스_왁뿌볼.X_1P_문선정_260612_빙과_정요한_HJ4yRNtY.mp4_[26.06]F_V_JD멜_인지_쫀득바출시_인물리뷰형_편의점원정_var3.릴스_왁뿌볼.X_1P_문선정_260612_빙과_정요한,368,0,481.0,0,108,인지
2026-08-22,1873959645922641,[빙과_스틱바]_쫀득바_인지2_video,[멜론] 인물리뷰(2)_6.3W,[26.06]F_V_JD멜_인지_쫀득바출시_인물리뷰형_렉카형_main.릴스_공통.X_2P_고가영_260612_빙과_김지연_bRJKpluY.mp4_[26.06]F_V_JD멜_인지_쫀득바출시_인물리뷰형_렉카형_main.릴스_공통.X_2P_고가영_260612_빙과_김지연,33,0,51.0,0,9,인지
2026-08-22,1874030313976066,[빙과_스틱바]_쫀득바_인지2_video,[멜론] 인물리뷰(1)_6.3W,[26.06]F_V_JD멜_인지_쫀득바출시_인물리뷰형_인물리뷰형_var4.릴스_후킹.X_2P_고가영_260612_빙과_유영현_JfFPUknj.mp4_[26.06]F_V_JD멜_인지_쫀득바출시_인물리뷰형_인물리뷰형_var4.릴스_후킹.X_2P_고가영_260612_빙과_유영현,216,0,464.0,0,118,인지
2026-08-22,1874030334903522,[빙과_스틱바]_쫀득바_인지2_video,[멜론] 1년후에받는_6.4W,[26.06]F_V_JD멜_인지_쫀득바출시_신규BP_써우리BP_main.릴스_공통.X_1P_문선정_260626_빙과_이수민_ATprqdNR.mp4_[26.06]F_V_JD멜_인지_쫀득바출시_신규BP_써우리BP_main.릴스_공통.X_1P_문선정_260626_빙과_이수민,241,0,226.0,0,57,인지
2026-08-22,1873959585040561,[빙과_스틱바]_쫀득바_인지2_video,[망고] 맛인지_6.3W,[26.06]F_V_JD망_인지_쫀득바출시_맛인지형_맛인지형.인지_var3.릴스_대세감.진수.6월.수민PJ_2P_문선정_260619_빙과_김지연_694xYrHj.mp4_[26.06]F_V_JD망_인지_쫀득바출시_맛인지형_맛인지형.인지_var3.릴스_대세감.진수.6월.수민PJ_2P_문선정_260619_빙과_김지연,357,0,235.0,0,65,인지
2026-08-22,1873959625221409,[빙과_스틱바]_쫀득바_인지2_video,[멜론] 스틱바BP_6.3W,[26.06]F_V_JD멜_인지_쫀득바출시_인물리뷰형_4050대세감_var2.릴스_POV.트민남.X_1P_문선정_260619_빙과_강다빈_xGahm3uq.mp4_[26.06]F_V_JD멜_인지_쫀득바출시_인물리뷰형_4050대세감_var2.릴스_POV.트민남.X_1P_문선정_260619_빙과_강다빈,453,0,705.0,0,161,인지
2026-08-22,1873959628132738,[빙과_스틱바]_쫀득바_인지2_video,[멜론] 스틱바BP_6.3W,[26.06]F_V_JD멜_인지_쫀득바출시_인물리뷰형_4050대세감_var3.릴스_왁뿌후킹.X_1P_문선정_260619_빙과_강다빈_eybKzA8g.mp4_[26.06]F_V_JD멜_인지_쫀득바출시_인물리뷰형_4050대세감_var3.릴스_왁뿌후킹.X_1P_문선정_260619_빙과_강다빈,89,0,176.0,0,31,인지
2026-08-22,1873959488337921,[빙과_스틱바]_쫀득바_인지2_video,[멜론] 전세계에서일본에만_7.1W,[26.07]F_V_JD멜_인지_쫀득바출시_인물리뷰형_인물리뷰형_var3.릴스_상단.GS1등.X_2P_문선정_260703_빙과_유영현_8cUvPSAN.mp4_[26.07]F_V_JD멜_인지_쫀득바출시_인물리뷰형_인물리뷰형_var3.릴스_상단.GS1등.X_2P_문선정_260703_빙과_유영현,34,0,17.0,0,7,인지
2026-08-22,1874030323030129,[빙과_스틱바]_쫀득바_인지2_video,[멜론] 인플루언서형_6.3W,[26.06]F_V_JD멜_인지_상시_인플루언서형_인플루언서형.인지_main.릴스_공통.X_1P_문선정_260619_빙과_이수민_OcQS8Jtk.mp4_Copy 3 of [26.06]F_V_JD멜_인지_상시_인플루언서형_인플루언서형.인지_main.릴스_공통.X_1P_문선정_260619_빙과_이수민,39,0,91.0,0,23,인지
2026-08-22,1873959600941425,[빙과_스틱바]_쫀득바_인지2_video,[멜론] 인플루언서형_6.3W,[26.06]F_V_JD멜_인지_상시_인플루언서형_인플루언서형.인지_var1.릴스_쫀득 후킹.X_1P_문선정_260619_빙과_이수민_HCZXPTgo.mp4_[26.06]F_V_JD멜_인지_상시_인플루언서형_인플루언서형.인지_var1.릴스_쫀득 후킹.X_1P_문선정_260619_빙과_이수민,31,0,50.0,0,14,인지
2026-08-22,1873959568365938,[빙과_스틱바]_쫀득바_인지2_video,[멜론] 부자들만먹는_6.4W,[26.06]F_V_JD멜_인지_쫀득바출시_신규BP_먹방형_var3.릴스_5만원멜론.X_1P_문선정_260626_빙과_이수민_4jVCt9QI.mp4_[26.06]F_V_JD멜_인지_쫀득바출시_신규BP_먹방형_var3.릴스_5만원멜론.X_1P_문선정_260626_빙과_이수민,363,0,100.0,0,37,인지
2026-08-22,1873959574894593,[빙과_스틱바]_쫀득바_인지2_video,[멜론] 써우리BP_6.4W,[26.06]F_V_JD멜_인지_쫀득바출시_맛인지형_맛인지형.인지_var2.릴스_품절대란.X_1P_문선정_260612_빙과_이수민_X4dmxg8T.mp4_[26.06]F_V_JD멜_인지_쫀득바출시_맛인지형_맛인지형.인지_var2.릴스_품절대란.X_1P_문선정_260612_빙과_이수민,389,0,939.0,0,253,인지
2026-08-22,1873959649053697,[빙과_스틱바]_쫀득바_인지2_video,[멜론] 인물리뷰(2)_6.3W,[26.06]F_V_JD멜_인지_쫀득바출시_인물리뷰형_렉카형_var3.릴스_상단.조회수.X_2P_고가영_260612_빙과_김지연_o3Oil7XF.mp4_[26.06]F_V_JD멜_인지_쫀득바출시_인물리뷰형_렉카형_var3.릴스_상단.조회수.X_2P_고가영_260612_빙과_김지연,171,0,374.0,0,79,인지
2026-08-22,1873959636476066,[빙과_스틱바]_쫀득바_인지2_video,[멜론] 초딩유행템_6.3W,[26.06]F_V_JD멜_인지_쫀득바출시_일상반응형_누나동생_main.렉카_떼쓰기.X_1P_문선정_260615_빙과_노현경_pKk6yJO4.mp4_[26.06]F_V_JD멜_인지_쫀득바출시_일상반응형_누나동생_main.렉카_떼쓰기.X_1P_문선정_260615_빙과_노현경,52,0,33.0,0,9,인지
2026-08-22,1873959679955218,[빙과_스틱바]_쫀득바_인지2_video,[멜론] 인물리뷰(1)_6.3W,[26.06]F_V_JD멜_인지_쫀득바출시_인물리뷰형_인물리뷰형_var1.릴스_블랙바.X_2P_고가영_260612_빙과_유영현_bKsUmrtE.mp4_[26.06]F_V_JD멜_인지_쫀득바출시_인물리뷰형_인물리뷰형_var1.릴스_블랙바.X_2P_고가영_260612_빙과_유영현,206,0,472.0,0,93,인지
2026-08-22,1873959668420802,[빙과_스틱바]_쫀득바_인지2_video,[멜론] 유튜버썰풀기형_6.3W,[26.06]F_V_JD멜_인지_쫀득바출시_숏츠형_유튜브읽기형_var2.릴스_원조이김.국민템.X_1P_문선정_260612_빙과_이수현_sC9KkVo2.mp4_[26.06]F_V_JD멜_인지_쫀득바출시_숏츠형_유튜브읽기형_var2.릴스_원조이김.국민템.X_1P_문선정_260612_빙과_이수현,41,0,39.0,0,8,인지
2026-08-22,1873959654247474,[빙과_스틱바]_쫀득바_인지2_video,[멜론] 요거트바BP_6.3W,[26.06]F_V_JD멜_인지_쫀득바출시_인물리뷰형_편의점원정_main.릴스_공통.X_1P_문선정_260612_빙과_정요한_YkIZOlu0.mp4_[26.06]F_V_JD멜_인지_쫀득바출시_인물리뷰형_편의점원정_main.릴스_공통.X_1P_문선정_260612_빙과_정요한,71,0,100.0,0,29,인지
2026-08-22,1873959493639409,[빙과_스틱바]_쫀득바_인지2_video,[멜론] 초딩유행템2_6.4W,[26.06]F_V_JD멜_인지_쫀득바출시_신규BP_써우리BP_var1.릴스_초딩유행템.X_1P_문선정_260626_빙과_김진수_zL5oeyvi.mp4_[26.06]F_V_JD멜_인지_쫀득바출시_신규BP_써우리BP_var1.릴스_초딩유행템.X_1P_문선정_260626_빙과_김진수,2997,0,4201.0,0,858,인지
2026-08-22,1873959586022625,[빙과_스틱바]_쫀득바_인지2_video,[망고] 맛인지_6.3W,[26.06]F_V_JD망_인지_쫀득바출시_맛인지형_맛인지형.인지_var2.릴스_망고맛.진수.6월.수민PJ_2P_문선정_260619_빙과_김지연_85l4f3Aq.mp4_[26.06]F_V_JD망_인지_쫀득바출시_맛인지형_맛인지형.인지_var2.릴스_망고맛.진수.6월.수민PJ_2P_문선정_260619_빙과_김지연,165,0,353.0,0,80,인지
2026-08-22,1873959509313921,[빙과_스틱바]_쫀득바_인지2_video,[멜론] 일본원정템_7.1W,[26.07]F_V_JD멜_인지_쫀득바출시_신규BP_외부BP_var2.릴스_POV.X_2P_문선정_260703_빙과_이하림_vSPVRZmI.mp4_[26.07]F_V_JD멜_인지_쫀득바출시_신규BP_외부BP_var2.릴스_POV.X_2P_문선정_260703_빙과_이하림,982,0,1667.0,0,344,인지
2026-08-22,1873959502194161,[빙과_스틱바]_쫀득바_인지2_video,[멜론] 현지인도못구하는_7.1W,[26.07]F_V_JD멜_인지_쫀득바출시_인플루언서형_인플루언서형_var1.릴스_제품먼저.X_1P_문선정_260703_빙과_정하얀_gA26O49Z.mp4_[26.07]F_V_JD멜_인지_쫀득바출시_인플루언서형_인플루언서형_var1.릴스_제품먼저.X_1P_문선정_260703_빙과_정하얀,80,0,133.0,0,34,인지
2026-08-22,1873959500695698,[빙과_스틱바]_쫀득바_인지2_video,[멜론] 1위단독_7.1W,[26.07]F_V_JD멜_인지_쫀득바출시_바이럴형_커뮤니티형_var1.릴스_30년만에.신입탕비담당.X_1P_문선정_260702_빙과_김진수_8W5sKwHy.mp4_[26.07]F_V_JD멜_인지_쫀득바출시_바이럴형_커뮤니티형_var1.릴스_30년만에.신입탕비담당.X_1P_문선정_260702_빙과_김진수,193,0,461.0,0,101,인지
2026-08-22,1873959599404161,[빙과_스틱바]_쫀득바_인지2_video,[멜론] 인플루언서형_6.3W,[26.06]F_V_JD멜_인지_상시_인플루언서형_인플루언서형.인지_var3.릴스_코어 후킹.X_1P_문선정_260619_빙과_이수민_fHo1zJ0X.mp4_[26.06]F_V_JD멜_인지_상시_인플루언서형_인플루언서형.인지_var3.릴스_코어 후킹.X_1P_문선정_260619_빙과_이수민,105,0,36.0,0,8,인지
2026-08-22,1873959617824033,[빙과_스틱바]_쫀득바_인지2_video,[멜론] 지인네고형_6.3W,[26.06]F_V_JD멜_인지_쫀득바출시_네고형_지인네고형_var4.릴스_맛비주얼.X_1P_김유진_260619_빙과_이수현_LAy0WBZY.mp4_[26.06]F_V_JD멜_인지_쫀득바출시_네고형_지인네고형_var4.릴스_맛비주얼.X_1P_김유진_260619_빙과_이수현,292,0,115.0,0,45,인지
2026-08-22,1873959631566914,[빙과_스틱바]_쫀득바_인지2_video,[멜론] 스틱바BP_6.3W,[26.06]F_V_JD멜_인지_쫀득바출시_인물리뷰형_4050대세감_var6.릴스_쩜오건.숏.큐티브금.X_1P_문선정_260619_빙과_강다빈_i87tvceJ.mp4_[26.06]F_V_JD멜_인지_쫀득바출시_인물리뷰형_4050대세감_var6.릴스_쩜오건.숏.큐티브금.X_1P_문선정_260619_빙과_강다빈,244,0,137.0,0,32,인지
2026-08-22,1873959559414865,[빙과_스틱바]_쫀득바_인지2_video,[멜론] 부자들만먹는_6.4W,[26.06]F_V_JD멜_인지_쫀득바출시_신규BP_먹방형_main.릴스_공통.X_1P_문선정_260626_빙과_이수민_6K4RW1kr.mp4_[26.06]F_V_JD멜_인지_쫀득바출시_신규BP_먹방형_main.릴스_공통.X_1P_문선정_260626_빙과_이수민,119,0,68.0,0,22,인지
2026-08-22,1873959487025618,[빙과_스틱바]_쫀득바_인지2_video,[멜론] 전세계에서일본에만_7.1W,[26.07]F_V_JD멜_인지_쫀득바출시_인물리뷰형_인물리뷰형_var6.릴스_1위강조.X_2P_문선정_260703_빙과_유영현_PV7bCcFl.mp4_[26.07]F_V_JD멜_인지_쫀득바출시_인물리뷰형_인물리뷰형_var6.릴스_1위강조.X_2P_문선정_260703_빙과_유영현,46,0,59.0,0,23,인지
2026-08-22,1873959494450194,[빙과_스틱바]_쫀득바_인지2_video,[멜론] 1위단독_7.1W,[26.07]F_V_JD멜_인지_쫀득바출시_바이럴형_커뮤니티형_var4.릴스_판매중단.모쏠친구.X_1P_문선정_260703_빙과_김진수_XUDBqtTs.mp4_[26.07]F_V_JD멜_인지_쫀득바출시_바이럴형_커뮤니티형_var4.릴스_판매중단.모쏠친구.X_1P_문선정_260703_빙과_김진수,772,0,1533.0,0,312,인지
2026-08-22,1873959559414897,[빙과_스틱바]_쫀득바_인지2_video,[멜론] 부자들만먹는_6.4W,[26.06]F_V_JD멜_인지_쫀득바출시_신규BP_먹방형_var2.릴스_먹방.X_1P_문선정_260626_빙과_이수민_jNE7zmU8.mp4_[26.06]F_V_JD멜_인지_쫀득바출시_신규BP_먹방형_var2.릴스_먹방.X_1P_문선정_260626_빙과_이수민,36,0,57.0,0,16,인지
2026-08-22,1873959512707137,[빙과_스틱바]_쫀득바_인지2_video,[멜론] 일본원정템_7.1W,[26.07]F_V_JD멜_인지_쫀득바출시_신규BP_외부BP_var3.릴스_화내기.X_2P_문선정_260703_빙과_이하림_G6x0joRE.mp4_[26.07]F_V_JD멜_인지_쫀득바출시_신규BP_외부BP_var3.릴스_화내기.X_2P_문선정_260703_빙과_이하림,195,0,204.0,0,40,인지
2026-08-22,1874030330240002,[빙과_스틱바]_쫀득바_인지2_video,[망고] 맛인지_6.3W,[26.06]F_V_JD망_인지_쫀득바출시_맛인지형_맛인지형.인지_var4.릴스_혜택.진수.6월.수민PJ_2P_문선정_260619_빙과_김지연_6H8Mjtxm.mp4_[26.06]F_V_JD망_인지_쫀득바출시_맛인지형_맛인지형.인지_var4.릴스_혜택.진수.6월.수민PJ_2P_문선정_260619_빙과_김지연,286,0,641.0,0,160,인지
2026-08-22,1873959534654866,[빙과_스틱바]_쫀득바_인지2_video,[멜론] 농부대첩_6.4W,[26.06]F_V_JD멜_인지_쫀득바출시_신규BP_농부대첩BP_var3.릴스_레시피.X_2P_김유진_260626_빙과_노현경_oK6TcGtU.mp4_[26.06]F_V_JD멜_인지_쫀득바출시_신규BP_농부대첩BP_var3.릴스_레시피.X_2P_김유진_260626_빙과_노현경,479,0,676.0,0,135,인지
2026-08-22,1873959606553874,[빙과_스틱바]_쫀득바_인지2_video,[멜론] 수박BP_6.3W,[26.06]F_V_JD멜_인지_쫀득바출시_맛인지형_수박BP_var1.릴스_저샀어요.X_1P_김유진_260619_빙과_정하얀_KxT2Mrn4.mp4_[26.06]F_V_JD멜_인지_쫀득바출시_맛인지형_수박BP_var1.릴스_저샀어요.X_1P_김유진_260619_빙과_정하얀,68,0,96.0,0,19,인지
2026-08-22,1874030321444945,[빙과_스틱바]_쫀득바_인지2_video,[멜론] 컨비니BP_6.3W,[26.06]F_V_JD멜_인지_쫀득바출시_제조과정형_컨비니BP_var5.릴스_공통.할인.X_1P_김유진_260619_빙과_정요한_7cNBXRYq.mp4_[26.06]F_V_JD멜_인지_쫀득바출시_제조과정형_컨비니BP_var5.릴스_공통.할인.X_1P_김유진_260619_빙과_정요한,626,0,917.0,0,223,인지
2026-08-22,1873959601100177,[빙과_스틱바]_쫀득바_인지2_video,[멜론] 인플루언서형_6.3W,[26.06]F_V_JD멜_인지_상시_인플루언서형_인플루언서형.인지_var2.릴스_대세감.X_1P_문선정_260619_빙과_이수민_Bwvr3K0z.mp4_[26.06]F_V_JD멜_인지_상시_인플루언서형_인플루언서형.인지_var2.릴스_대세감.X_1P_문선정_260619_빙과_이수민,26,0,39.0,0,10,인지
2026-08-22,1873959685405714,[빙과_스틱바]_쫀득바_인지2_video,[멜론] 인물리뷰(1)_6.3W,[26.06]F_V_JD멜_인지_쫀득바출시_인물리뷰형_인물리뷰형_var2.릴스_대세감.X_2P_고가영_260612_빙과_유영현_JSgYoFLC.mp4_[26.06]F_V_JD멜_인지_쫀득바출시_인물리뷰형_인물리뷰형_var2.릴스_대세감.X_2P_고가영_260612_빙과_유영현,22,0,32.0,0,6,인지
2026-08-22,1873959572271185,[빙과_스틱바]_쫀득바_인지2_video,[멜론] 써우리BP_6.4W,[26.06]F_V_JD멜_인지_쫀득바출시_맛인지형_맛인지형.인지_var1.릴스_왁뿌볼.X_1P_문선정_260612_빙과_이수민_EwQB6yWu.mp4_[26.06]F_V_JD멜_인지_쫀득바출시_맛인지형_맛인지형.인지_var1.릴스_왁뿌볼.X_1P_문선정_260612_빙과_이수민,78,0,144.0,0,38,인지
2026-08-22,1873959671881745,[빙과_스틱바]_쫀득바_인지2_video,[멜론] 유튜버썰풀기형_6.3W,[26.06]F_V_JD멜_인지_쫀득바출시_숏츠형_유튜브읽기형_var6.릴스_업계최초.의외로.X_1P_문선정_260612_빙과_이수현_KyiOqcTE.mp4_[26.06]F_V_JD멜_인지_쫀득바출시_숏츠형_유튜브읽기형_var6.릴스_업계최초.의외로.X_1P_문선정_260612_빙과_이수현,858,0,1350.0,0,252,인지
2026-08-22,1874030339424258,[빙과_스틱바]_쫀득바_인지2_video,[멜론] 1위단독_7.1W,[26.07]F_V_JD멜_인지_쫀득바출시_바이럴형_커뮤니티형_var2.릴스_매출1등.입사동기.X_1P_문선정_260703_빙과_김진수_oSB4Y18s.mp4_[26.07]F_V_JD멜_인지_쫀득바출시_바이럴형_커뮤니티형_var2.릴스_매출1등.입사동기.X_1P_문선정_260703_빙과_김진수,4532,0,6712.0,0,1181,인지
2026-08-22,1873959610749169,[빙과_스틱바]_쫀득바_인지2_video,[멜론] 컨비니BP_6.3W,[26.06]F_V_JD멜_인지_쫀득바출시_제조과정형_컨비니BP_var7.릴스_왁뿌볼.X_1P_김유진_260619_빙과_정요한_ibKZerQN.mp4_[26.06]F_V_JD멜_인지_쫀득바출시_제조과정형_컨비니BP_var7.릴스_왁뿌볼.X_1P_김유진_260619_빙과_정요한,278,0,185.0,0,68,인지
2026-08-22,1873959633516657,[빙과_스틱바]_쫀득바_인지2_video,[멜론] 스틱바BP_6.3W,[26.06]F_V_JD멜_인지_쫀득바출시_인물리뷰형_4050대세감_var5.릴스_쩜오건.숏.음산브금.X_1P_문선정_260619_빙과_강다빈_OPETBUCN.mp4_[26.06]F_V_JD멜_인지_쫀득바출시_인물리뷰형_4050대세감_var5.릴스_쩜오건.숏.음산브금.X_1P_문선정_260619_빙과_강다빈,1691,0,2492.0,0,506,인지
2026-08-22,1873959550576913,[빙과_스틱바]_쫀득바_인지2_video,[멜론] 1년후에받는_6.4W,[26.06]F_V_JD멜_인지_쫀득바출시_신규BP_써우리BP_var3.릴스_찾는척.X_1P_문선정_260626_빙과_이수민_dsA5VQTS.mp4_[26.06]F_V_JD멜_인지_쫀득바출시_신규BP_써우리BP_var3.릴스_찾는척.X_1P_문선정_260626_빙과_이수민,2257,0,3636.0,0,666,인지
2026-08-22,1873959484807170,[빙과_스틱바]_쫀득바_인지2_video,[멜론] 전세계에서일본에만_7.1W,[26.07]F_V_JD멜_인지_쫀득바출시_인물리뷰형_인물리뷰형_var4.릴스_상단.일본안가.X_2P_문선정_260703_빙과_유영현_lXorbHIU.mp4_[26.07]F_V_JD멜_인지_쫀득바출시_인물리뷰형_인물리뷰형_var4.릴스_상단.일본안가.X_2P_문선정_260703_빙과_유영현,34,0,10.0,0,4,인지
2026-08-22,1873959607444929,[빙과_스틱바]_쫀득바_인지2_video,[멜론] 컨비니BP_6.3W,[26.06]F_V_JD멜_인지_쫀득바출시_제조과정형_컨비니BP_var6.릴스_희소성.X_1P_김유진_260619_빙과_정요한_BXJfE8xs.mp4_[26.06]F_V_JD멜_인지_쫀득바출시_제조과정형_컨비니BP_var6.릴스_희소성.X_1P_김유진_260619_빙과_정요한,71,0,81.0,0,18,인지
2026-08-22,1873959511342130,[빙과_스틱바]_쫀득바_인지2_video,[멜론] 일본원정템_7.1W,[26.07]F_V_JD멜_인지_쫀득바출시_신규BP_외부BP_main.릴스_메인.키노피오브금.X_2P_문선정_260703_빙과_이하림_CMkAHnfZ.mp4_[26.07]F_V_JD멜_인지_쫀득바출시_신규BP_외부BP_main.릴스_메인.키노피오브금.X_2P_문선정_260703_빙과_이하림,172,0,358.0,0,97,인지
2026-08-22,1874030336353905,[빙과_스틱바]_쫀득바_인지2_video,[멜론] 농부대첩_6.4W,[26.06]F_V_JD멜_인지_쫀득바출시_신규BP_농부대첩BP_var2.릴스_택갈이.X_2P_김유진_260626_빙과_노현경_fSprCtMj.mp4_[26.06]F_V_JD멜_인지_쫀득바출시_신규BP_농부대첩BP_var2.릴스_택갈이.X_2P_김유진_260626_빙과_노현경,247,0,360.0,0,65,인지
2026-08-22,1873959541152114,[빙과_스틱바]_쫀득바_인지2_video,[멜론] 1년후에받는_6.4W,[26.06]F_V_JD멜_인지_쫀득바출시_신규BP_써우리BP_var1.릴스_비교1.X_1P_문선정_260626_빙과_이수민_pb8xwIkc.mp4_[26.06]F_V_JD멜_인지_쫀득바출시_신규BP_써우리BP_var1.릴스_비교1.X_1P_문선정_260626_빙과_이수민,138,0,183.0,0,38,인지
2026-08-22,1873959544525217,[빙과_스틱바]_쫀득바_인지2_video,[멜론] 1년후에받는_6.4W,[26.06]F_V_JD멜_인지_쫀득바출시_신규BP_써우리BP_var5.릴스_광각취식2.X_1P_문선정_260626_빙과_이수민_WvbZ0G7H.mp4_[26.06]F_V_JD멜_인지_쫀득바출시_신규BP_써우리BP_var5.릴스_광각취식2.X_1P_문선정_260626_빙과_이수민,521,0,420.0,0,97,인지
2026-08-22,1873959571492482,[빙과_스틱바]_쫀득바_인지2_video,[멜론] 써우리BP_6.4W,[26.06]F_V_JD멜_인지_쫀득바출시_맛인지형_맛인지형.인지_var3.릴스_국민템 멜론바.X_1P_문선정_260612_빙과_이수민_49m1RLsV.mp4_[26.06]F_V_JD멜_인지_쫀득바출시_맛인지형_맛인지형.인지_var3.릴스_국민템 멜론바.X_1P_문선정_260612_빙과_이수민,57,0,81.0,0,26,인지
2026-08-22,1874030331270737,[빙과_스틱바]_쫀득바_인지2_video,[망고] 전화네고형_6.3W,[26.06]F_V_JD망_인지_쫀득바출시_네고형_전화네고형_main.릴스_공통.X_2P_문선정_260622_빙과_조의진_NYzLctHZ.mp4_[26.06]F_V_JD망_인지_쫀득바출시_네고형_전화네고형_main.릴스_공통.X_2P_문선정_260622_빙과_조의진,6627,0,9214.0,0,1832,인지
2026-08-22,1873959530787025,[빙과_스틱바]_쫀득바_인지2_video,[멜론] 책상네고 대체_6.4W,[26.06]F_V_JD멜_인지_쫀득바출시_기타_비하인드썰풀기_main.릴스_본론.X_1P_김유진_260626_빙과_강다빈_viyVb41T.mp4_[26.06]F_V_JD멜_인지_쫀득바출시_기타_비하인드썰풀기_main.릴스_본론.X_1P_김유진_260626_빙과_강다빈,720,0,926.0,0,224,인지
2026-08-22,1873959541152082,[빙과_스틱바]_쫀득바_인지2_video,[멜론] 1년후에받는_6.4W,[26.06]F_V_JD멜_인지_쫀득바출시_신규BP_써우리BP_var2.릴스_비교2.X_1P_문선정_260626_빙과_이수민_YFbSa6qv.mp4_[26.06]F_V_JD멜_인지_쫀득바출시_신규BP_써우리BP_var2.릴스_비교2.X_1P_문선정_260626_빙과_이수민,32509,0,47543.0,0,9194,인지
2026-08-22,1873959560792561,[빙과_스틱바]_쫀득바_인지2_video,[멜론] 부자들만먹는_6.4W,[26.06]F_V_JD멜_인지_쫀득바출시_신규BP_먹방형_var1.릴스_쫀득.X_1P_문선정_260626_빙과_이수민_PAw0dpIV.mp4_[26.06]F_V_JD멜_인지_쫀득바출시_신규BP_먹방형_var1.릴스_쫀득.X_1P_문선정_260626_빙과_이수민,170,0,315.0,0,63,인지
2026-08-22,1873959472446466,[빙과_스틱바]_쫀득바_인지2_video,[멜론] AI형(cs제조과정형)_7.2W,[26.07]F_V_JD멜_인지_쫀득바출시_기타_AI활용형_main.릴스_cs제조과정형.본론.AI건_1P_문선정_260709_빙과_강다빈_qkte3cCg.mp4_[26.07]F_V_JD멜_인지_쫀득바출시_기타_AI활용형_main.릴스_cs제조과정형.본론.AI건_1P_문선정_260709_빙과_강다빈,6688,0,11031.0,0,2213,인지
2026-08-22,1873959547401362,[빙과_스틱바]_쫀득바_인지2_video,[멜론] 1년후에받는_6.4W,[26.06]F_V_JD멜_인지_쫀득바출시_신규BP_써우리BP_var4.릴스_광각취식1.X_1P_문선정_260626_빙과_이수민_qf35uhY2.mp4_[26.06]F_V_JD멜_인지_쫀득바출시_신규BP_써우리BP_var4.릴스_광각취식1.X_1P_문선정_260626_빙과_이수민,39,0,44.0,0,10,인지
2026-08-22,1873959606553906,[빙과_스틱바]_쫀득바_인지2_video,[멜론] 수박BP_6.3W,[26.06]F_V_JD멜_인지_쫀득바출시_맛인지형_수박BP_main.릴스_1년에딱.X_1P_김유진_260619_빙과_정하얀_4WnKJzct.mp4_[26.06]F_V_JD멜_인지_쫀득바출시_맛인지형_수박BP_main.릴스_1년에딱.X_1P_김유진_260619_빙과_정하얀,317,0,668.0,0,180,인지
2026-08-22,1873959538557410,[빙과_스틱바]_쫀득바_인지2_video,[멜론] 농부대첩_6.4W,[26.06]F_V_JD멜_인지_쫀득바출시_신규BP_농부대첩BP_var1.릴스_카피제품.X_2P_김유진_260626_빙과_노현경_8oC5A2E0.mp4_[26.06]F_V_JD멜_인지_쫀득바출시_신규BP_농부대첩BP_var1.릴스_카피제품.X_2P_김유진_260626_빙과_노현경,13653,0,19889.0,0,3938,인지
2026-08-22,1873959654248546,[빙과_스틱바]_쫀득바_인지2_video,[멜론] 요거트바BP_6.3W,[26.06]F_V_JD멜_인지_쫀득바출시_인물리뷰형_편의점원정_var1.릴스_맛.X_1P_문선정_260612_빙과_정요한_USPOMvkw.mp4_[26.06]F_V_JD멜_인지_쫀득바출시_인물리뷰형_편의점원정_var1.릴스_맛.X_1P_문선정_260612_빙과_정요한,902,0,197.0,0,76,인지
2026-08-22,1873959662238770,[빙과_스틱바]_쫀득바_인지2_video,[멜론] 유튜버썰풀기형_6.3W,[26.06]F_V_JD멜_인지_쫀득바출시_숏츠형_유튜브읽기형_main.릴스_1년에한달.X_1P_문선정_260612_빙과_이수현_fA5aYhzs.mp4_[26.06]F_V_JD멜_인지_쫀득바출시_숏츠형_유튜브읽기형_main.릴스_1년에한달.X_1P_문선정_260612_빙과_이수현,1561,0,2631.0,0,510,인지
2026-08-22,1873959567272305,[빙과_스틱바]_쫀득바_인지2_video,[멜론] 부자들만먹는_6.4W,[26.06]F_V_JD멜_인지_쫀득바출시_신규BP_먹방형_var4.릴스_숏.X_1P_문선정_260626_빙과_이수민_51lK2MkR.mp4_[26.06]F_V_JD멜_인지_쫀득바출시_신규BP_먹방형_var4.릴스_숏.X_1P_문선정_260626_빙과_이수민,403,0,813.0,0,203,인지
2026-08-22,1873959679955250,[빙과_스틱바]_쫀득바_인지2_video,[멜론] 인물리뷰(1)_6.3W,[26.06]F_V_JD멜_인지_쫀득바출시_인물리뷰형_인물리뷰형_main.릴스_샀어요.X_2P_고가영_260612_빙과_유영현_ay8jLH2u.mp4_[26.06]F_V_JD멜_인지_쫀득바출시_인물리뷰형_인물리뷰형_main.릴스_샀어요.X_2P_고가영_260612_빙과_유영현,258,0,584.0,0,130,인지
2026-08-22,1873959483402306,[빙과_스틱바]_쫀득바_인지2_video,[멜론] 전세계에서일본에만_7.1W,[26.07]F_V_JD멜_인지_쫀득바출시_인물리뷰형_인물리뷰형_var2.릴스_상단.1등로손.X_2P_문선정_260703_빙과_유영현_kvnPtLWY.mp4_[26.07]F_V_JD멜_인지_쫀득바출시_인물리뷰형_인물리뷰형_var2.릴스_상단.1등로손.X_2P_문선정_260703_빙과_유영현,56,0,97.0,0,26,인지
2026-08-22,1873959509314913,[빙과_스틱바]_쫀득바_인지2_video,[멜론] 일본원정템_7.1W,[26.07]F_V_JD멜_인지_쫀득바출시_신규BP_외부BP_var1.릴스_메인.일반브금.X_2P_문선정_260703_빙과_이하림_WTZLraDf.mp4_[26.07]F_V_JD멜_인지_쫀득바출시_신규BP_외부BP_var1.릴스_메인.일반브금.X_2P_문선정_260703_빙과_이하림,76,0,61.0,0,14,인지
2026-08-23,1873959592941730,[빙과_스틱바]_쫀득바_인지2_video,[멜론] 인플루언서형_6.3W,[26.06]F_V_JD멜_인지_상시_인플루언서형_인플루언서형.인지_main.릴스_공통.X_1P_문선정_260619_빙과_이수민_OcQS8Jtk.mp4_[26.06]F_V_JD멜_인지_상시_인플루언서형_인플루언서형.인지_var2.릴스_대세감.X_1P_문선정_260619_빙과_이수민,124,0,127.0,0,33,인지
2026-08-23,1873959582885234,[빙과_스틱바]_쫀득바_인지2_video,[망고] 맛인지_6.3W,[26.06]F_V_JD망_인지_쫀득바출시_맛인지형_맛인지형.인지_var1.릴스_젤리식감.진수.6월.수민PJ_2P_문선정_260619_빙과_김지연_oqUjrN9C.mp4_[26.06]F_V_JD망_인지_쫀득바출시_맛인지형_맛인지형.인지_var1.릴스_젤리식감.진수.6월.수민PJ_2P_문선정_260619_빙과_김지연,94,0,58.0,0,19,인지
2026-08-23,1873959560792561,[빙과_스틱바]_쫀득바_인지2_video,[멜론] 부자들만먹는_6.4W,[26.06]F_V_JD멜_인지_쫀득바출시_신규BP_먹방형_var1.릴스_쫀득.X_1P_문선정_260626_빙과_이수민_PAw0dpIV.mp4_[26.06]F_V_JD멜_인지_쫀득바출시_신규BP_먹방형_var1.릴스_쫀득.X_1P_문선정_260626_빙과_이수민,315,0,480.0,0,88,인지
2026-08-23,1873959484807170,[빙과_스틱바]_쫀득바_인지2_video,[멜론] 전세계에서일본에만_7.1W,[26.07]F_V_JD멜_인지_쫀득바출시_인물리뷰형_인물리뷰형_var4.릴스_상단.일본안가.X_2P_문선정_260703_빙과_유영현_lXorbHIU.mp4_[26.07]F_V_JD멜_인지_쫀득바출시_인물리뷰형_인물리뷰형_var4.릴스_상단.일본안가.X_2P_문선정_260703_빙과_유영현,36,0,29.0,0,8,인지
2026-08-23,1873959645921585,[빙과_스틱바]_쫀득바_인지2_video,[멜론] 인물리뷰(2)_6.3W,[26.06]F_V_JD멜_인지_쫀득바출시_인물리뷰형_렉카형_var1.릴스_1년멜론.X_2P_고가영_260612_빙과_김지연_Vfw93Dij.mp4_[26.06]F_V_JD멜_인지_쫀득바출시_인물리뷰형_렉카형_var1.릴스_1년멜론.X_2P_고가영_260612_빙과_김지연,192,0,517.0,0,120,인지
2026-08-23,1873959671881745,[빙과_스틱바]_쫀득바_인지2_video,[멜론] 유튜버썰풀기형_6.3W,[26.06]F_V_JD멜_인지_쫀득바출시_숏츠형_유튜브읽기형_var6.릴스_업계최초.의외로.X_1P_문선정_260612_빙과_이수현_KyiOqcTE.mp4_[26.06]F_V_JD멜_인지_쫀득바출시_숏츠형_유튜브읽기형_var6.릴스_업계최초.의외로.X_1P_문선정_260612_빙과_이수현,779,0,1239.0,0,233,인지
2026-08-23,1874030317649217,[빙과_스틱바]_쫀득바_인지2_video,[멜론] 인물리뷰(2)_6.3W,[26.06]F_V_JD멜_인지_쫀득바출시_인물리뷰형_렉카형_var2.릴스_상단.대세감.X_2P_고가영_260612_빙과_김지연_uJ2PiCGN.mp4_[26.06]F_V_JD멜_인지_쫀득바출시_인물리뷰형_렉카형_var2.릴스_상단.대세감.X_2P_고가영_260612_빙과_김지연,682,0,1177.0,0,271,인지
2026-08-23,1873959541011649,[빙과_스틱바]_쫀득바_인지2_video,[멜론] 농부대첩_6.4W,[26.06]F_V_JD멜_인지_쫀득바출시_신규BP_농부대첩BP_main.릴스_공통.X_2P_김유진_260626_빙과_노현경_VoRCtWIf.mp4_[26.06]F_V_JD멜_인지_쫀득바출시_신규BP_농부대첩BP_main.릴스_공통.X_2P_김유진_260626_빙과_노현경,158,0,204.0,0,43,인지
2026-08-23,1873959492107505,[빙과_스틱바]_쫀득바_인지2_video,[멜론] 전세계에서일본에만_7.1W,[26.07]F_V_JD멜_인지_쫀득바출시_인물리뷰형_인물리뷰형_var5.릴스_대세왁뿌.X_2P_문선정_260703_빙과_유영현_nmCE6i3s.mp4_[26.07]F_V_JD멜_인지_쫀득바출시_인물리뷰형_인물리뷰형_var5.릴스_대세왁뿌.X_2P_문선정_260703_빙과_유영현,236,0,153.0,0,40,인지
2026-08-23,1873959596195153,[빙과_스틱바]_쫀득바_인지2_video,[멜론] 인플루언서형_6.3W,[26.06]F_V_JD멜_인지_상시_인플루언서형_인플루언서형.인지_main.릴스_공통.X_1P_문선정_260619_빙과_이수민_OcQS8Jtk.mp4_[26.06]F_V_JD멜_인지_상시_인플루언서형_인플루언서형.인지_main.릴스_공통.X_1P_문선정_260619_빙과_이수민,99,0,108.0,0,38,인지
2026-08-23,1873959645922641,[빙과_스틱바]_쫀득바_인지2_video,[멜론] 인물리뷰(2)_6.3W,[26.06]F_V_JD멜_인지_쫀득바출시_인물리뷰형_렉카형_main.릴스_공통.X_2P_고가영_260612_빙과_김지연_bRJKpluY.mp4_[26.06]F_V_JD멜_인지_쫀득바출시_인물리뷰형_렉카형_main.릴스_공통.X_2P_고가영_260612_빙과_김지연,8,0,16.0,0,3,인지
2026-08-23,1873959544525217,[빙과_스틱바]_쫀득바_인지2_video,[멜론] 1년후에받는_6.4W,[26.06]F_V_JD멜_인지_쫀득바출시_신규BP_써우리BP_var5.릴스_광각취식2.X_1P_문선정_260626_빙과_이수민_WvbZ0G7H.mp4_[26.06]F_V_JD멜_인지_쫀득바출시_신규BP_써우리BP_var5.릴스_광각취식2.X_1P_문선정_260626_빙과_이수민,99,0,113.0,0,19,인지
2026-08-23,1874030338066737,[빙과_스틱바]_쫀득바_인지2_video,[멜론] 현지인도못구하는_7.1W,[26.07]F_V_JD멜_인지_쫀득바출시_인플루언서형_인플루언서형_var2.릴스_인물먼저.X_1P_문선정_260703_빙과_정하얀_JOamzo0T.mp4_[26.07]F_V_JD멜_인지_쫀득바출시_인플루언서형_인플루언서형_var2.릴스_인물먼저.X_1P_문선정_260703_빙과_정하얀,759,0,2167.0,0,503,인지
2026-08-23,1873959582885202,[빙과_스틱바]_쫀득바_인지2_video,[망고] 맛인지_6.3W,[26.06]F_V_JD망_인지_쫀득바출시_맛인지형_맛인지형.인지_main.릴스_공통.진수.6월.수민PJ_2P_문선정_260619_빙과_김지연_pI4Fmbu1.mp4_[26.06]F_V_JD망_인지_쫀득바출시_맛인지형_맛인지형.인지_main.릴스_공통.진수.6월.수민PJ_2P_문선정_260619_빙과_김지연,5325,0,7907.0,0,1479,인지
2026-08-23,1873959648848097,[빙과_스틱바]_쫀득바_인지2_video,[멜론] 인물리뷰(2)_6.3W,[26.06]F_V_JD멜_인지_쫀득바출시_인물리뷰형_렉카형_var4.릴스_상단.판매중단.X_2P_고가영_260612_빙과_김지연_qc1ljdun.mp4_[26.06]F_V_JD멜_인지_쫀득바출시_인물리뷰형_렉카형_var4.릴스_상단.판매중단.X_2P_고가영_260612_빙과_김지연,253,0,107.0,0,40,인지
2026-08-23,1873959606553906,[빙과_스틱바]_쫀득바_인지2_video,[멜론] 수박BP_6.3W,[26.06]F_V_JD멜_인지_쫀득바출시_맛인지형_수박BP_main.릴스_1년에딱.X_1P_김유진_260619_빙과_정하얀_4WnKJzct.mp4_[26.06]F_V_JD멜_인지_쫀득바출시_맛인지형_수박BP_main.릴스_1년에딱.X_1P_김유진_260619_빙과_정하얀,280,0,589.0,0,172,인지
2026-08-23,1873959572271185,[빙과_스틱바]_쫀득바_인지2_video,[멜론] 써우리BP_6.4W,[26.06]F_V_JD멜_인지_쫀득바출시_맛인지형_맛인지형.인지_var1.릴스_왁뿌볼.X_1P_문선정_260612_빙과_이수민_EwQB6yWu.mp4_[26.06]F_V_JD멜_인지_쫀득바출시_맛인지형_맛인지형.인지_var1.릴스_왁뿌볼.X_1P_문선정_260612_빙과_이수민,45,0,62.0,0,20,인지
2026-08-23,1873959534654866,[빙과_스틱바]_쫀득바_인지2_video,[멜론] 농부대첩_6.4W,[26.06]F_V_JD멜_인지_쫀득바출시_신규BP_농부대첩BP_var3.릴스_레시피.X_2P_김유진_260626_빙과_노현경_oK6TcGtU.mp4_[26.06]F_V_JD멜_인지_쫀득바출시_신규BP_농부대첩BP_var3.릴스_레시피.X_2P_김유진_260626_빙과_노현경,887,0,1024.0,0,205,인지
2026-08-23,1873959585040561,[빙과_스틱바]_쫀득바_인지2_video,[망고] 맛인지_6.3W,[26.06]F_V_JD망_인지_쫀득바출시_맛인지형_맛인지형.인지_var3.릴스_대세감.진수.6월.수민PJ_2P_문선정_260619_빙과_김지연_694xYrHj.mp4_[26.06]F_V_JD망_인지_쫀득바출시_맛인지형_맛인지형.인지_var3.릴스_대세감.진수.6월.수민PJ_2P_문선정_260619_빙과_김지연,94,0,95.0,0,33,인지
2026-08-23,1874030334903522,[빙과_스틱바]_쫀득바_인지2_video,[멜론] 1년후에받는_6.4W,[26.06]F_V_JD멜_인지_쫀득바출시_신규BP_써우리BP_main.릴스_공통.X_1P_문선정_260626_빙과_이수민_ATprqdNR.mp4_[26.06]F_V_JD멜_인지_쫀득바출시_신규BP_써우리BP_main.릴스_공통.X_1P_문선정_260626_빙과_이수민,469,1,640.0,0,129,인지
2026-08-23,1873959483402306,[빙과_스틱바]_쫀득바_인지2_video,[멜론] 전세계에서일본에만_7.1W,[26.07]F_V_JD멜_인지_쫀득바출시_인물리뷰형_인물리뷰형_var2.릴스_상단.1등로손.X_2P_문선정_260703_빙과_유영현_kvnPtLWY.mp4_[26.07]F_V_JD멜_인지_쫀득바출시_인물리뷰형_인물리뷰형_var2.릴스_상단.1등로손.X_2P_문선정_260703_빙과_유영현,842,0,694.0,0,173,인지
2026-08-23,1873959472446466,[빙과_스틱바]_쫀득바_인지2_video,[멜론] AI형(cs제조과정형)_7.2W,[26.07]F_V_JD멜_인지_쫀득바출시_기타_AI활용형_main.릴스_cs제조과정형.본론.AI건_1P_문선정_260709_빙과_강다빈_qkte3cCg.mp4_[26.07]F_V_JD멜_인지_쫀득바출시_기타_AI활용형_main.릴스_cs제조과정형.본론.AI건_1P_문선정_260709_빙과_강다빈,24,0,31.0,0,7,인지
2026-08-23,1873959673179393,[빙과_스틱바]_쫀득바_인지2_video,[멜론] 유튜버썰풀기형_6.3W,[26.06]F_V_JD멜_인지_쫀득바출시_숏츠형_유튜브읽기형_var5.릴스_업계최초.X_1P_문선정_260612_빙과_이수현_EID4Njqr.mp4_[26.06]F_V_JD멜_인지_쫀득바출시_숏츠형_유튜브읽기형_var5.릴스_업계최초.X_1P_문선정_260612_빙과_이수현,17,0,31.0,0,6,인지
2026-08-23,1873959656924433,[빙과_스틱바]_쫀득바_인지2_video,[멜론] 요거트바BP_6.3W,[26.06]F_V_JD멜_인지_쫀득바출시_인물리뷰형_편의점원정_var3.릴스_왁뿌볼.X_1P_문선정_260612_빙과_정요한_HJ4yRNtY.mp4_[26.06]F_V_JD멜_인지_쫀득바출시_인물리뷰형_편의점원정_var3.릴스_왁뿌볼.X_1P_문선정_260612_빙과_정요한,139,0,245.0,0,52,인지
2026-08-23,1873959502194161,[빙과_스틱바]_쫀득바_인지2_video,[멜론] 현지인도못구하는_7.1W,[26.07]F_V_JD멜_인지_쫀득바출시_인플루언서형_인플루언서형_var1.릴스_제품먼저.X_1P_문선정_260703_빙과_정하얀_gA26O49Z.mp4_[26.07]F_V_JD멜_인지_쫀득바출시_인플루언서형_인플루언서형_var1.릴스_제품먼저.X_1P_문선정_260703_빙과_정하얀,124,0,190.0,0,37,인지
2026-08-23,1873959586022625,[빙과_스틱바]_쫀득바_인지2_video,[망고] 맛인지_6.3W,[26.06]F_V_JD망_인지_쫀득바출시_맛인지형_맛인지형.인지_var2.릴스_망고맛.진수.6월.수민PJ_2P_문선정_260619_빙과_김지연_85l4f3Aq.mp4_[26.06]F_V_JD망_인지_쫀득바출시_맛인지형_맛인지형.인지_var2.릴스_망고맛.진수.6월.수민PJ_2P_문선정_260619_빙과_김지연,83,0,162.0,0,40,인지
2026-08-23,1873959679955250,[빙과_스틱바]_쫀득바_인지2_video,[멜론] 인물리뷰(1)_6.3W,[26.06]F_V_JD멜_인지_쫀득바출시_인물리뷰형_인물리뷰형_main.릴스_샀어요.X_2P_고가영_260612_빙과_유영현_ay8jLH2u.mp4_[26.06]F_V_JD멜_인지_쫀득바출시_인물리뷰형_인물리뷰형_main.릴스_샀어요.X_2P_고가영_260612_빙과_유영현,186,0,323.0,0,78,인지
2026-08-23,1873959636476066,[빙과_스틱바]_쫀득바_인지2_video,[멜론] 초딩유행템_6.3W,[26.06]F_V_JD멜_인지_쫀득바출시_일상반응형_누나동생_main.렉카_떼쓰기.X_1P_문선정_260615_빙과_노현경_pKk6yJO4.mp4_[26.06]F_V_JD멜_인지_쫀득바출시_일상반응형_누나동생_main.렉카_떼쓰기.X_1P_문선정_260615_빙과_노현경,89,0,67.0,0,16,인지
2026-08-23,1874030331270737,[빙과_스틱바]_쫀득바_인지2_video,[망고] 전화네고형_6.3W,[26.06]F_V_JD망_인지_쫀득바출시_네고형_전화네고형_main.릴스_공통.X_2P_문선정_260622_빙과_조의진_NYzLctHZ.mp4_[26.06]F_V_JD망_인지_쫀득바출시_네고형_전화네고형_main.릴스_공통.X_2P_문선정_260622_빙과_조의진,3470,0,3936.0,0,799,인지
2026-08-23,1873959625221409,[빙과_스틱바]_쫀득바_인지2_video,[멜론] 스틱바BP_6.3W,[26.06]F_V_JD멜_인지_쫀득바출시_인물리뷰형_4050대세감_var2.릴스_POV.트민남.X_1P_문선정_260619_빙과_강다빈_xGahm3uq.mp4_[26.06]F_V_JD멜_인지_쫀득바출시_인물리뷰형_4050대세감_var2.릴스_POV.트민남.X_1P_문선정_260619_빙과_강다빈,690,0,1902.0,0,387,인지
2026-08-23,1873959600941425,[빙과_스틱바]_쫀득바_인지2_video,[멜론] 인플루언서형_6.3W,[26.06]F_V_JD멜_인지_상시_인플루언서형_인플루언서형.인지_var1.릴스_쫀득 후킹.X_1P_문선정_260619_빙과_이수민_HCZXPTgo.mp4_[26.06]F_V_JD멜_인지_상시_인플루언서형_인플루언서형.인지_var1.릴스_쫀득 후킹.X_1P_문선정_260619_빙과_이수민,46,0,88.0,0,25,인지
2026-08-23,1873959654247474,[빙과_스틱바]_쫀득바_인지2_video,[멜론] 요거트바BP_6.3W,[26.06]F_V_JD멜_인지_쫀득바출시_인물리뷰형_편의점원정_main.릴스_공통.X_1P_문선정_260612_빙과_정요한_YkIZOlu0.mp4_[26.06]F_V_JD멜_인지_쫀득바출시_인물리뷰형_편의점원정_main.릴스_공통.X_1P_문선정_260612_빙과_정요한,261,0,395.0,0,92,인지
2026-08-23,1873959538557410,[빙과_스틱바]_쫀득바_인지2_video,[멜론] 농부대첩_6.4W,[26.06]F_V_JD멜_인지_쫀득바출시_신규BP_농부대첩BP_var1.릴스_카피제품.X_2P_김유진_260626_빙과_노현경_8oC5A2E0.mp4_[26.06]F_V_JD멜_인지_쫀득바출시_신규BP_농부대첩BP_var1.릴스_카피제품.X_2P_김유진_260626_빙과_노현경,39,0,27.0,0,6,인지
2026-08-23,1873959599404161,[빙과_스틱바]_쫀득바_인지2_video,[멜론] 인플루언서형_6.3W,[26.06]F_V_JD멜_인지_상시_인플루언서형_인플루언서형.인지_var3.릴스_코어 후킹.X_1P_문선정_260619_빙과_이수민_fHo1zJ0X.mp4_[26.06]F_V_JD멜_인지_상시_인플루언서형_인플루언서형.인지_var3.릴스_코어 후킹.X_1P_문선정_260619_빙과_이수민,235,0,126.0,0,37,인지
2026-08-23,1873959679955218,[빙과_스틱바]_쫀득바_인지2_video,[멜론] 인물리뷰(1)_6.3W,[26.06]F_V_JD멜_인지_쫀득바출시_인물리뷰형_인물리뷰형_var1.릴스_블랙바.X_2P_고가영_260612_빙과_유영현_bKsUmrtE.mp4_[26.06]F_V_JD멜_인지_쫀득바출시_인물리뷰형_인물리뷰형_var1.릴스_블랙바.X_2P_고가영_260612_빙과_유영현,138,0,317.0,0,66,인지
2026-08-23,1873959668420802,[빙과_스틱바]_쫀득바_인지2_video,[멜론] 유튜버썰풀기형_6.3W,[26.06]F_V_JD멜_인지_쫀득바출시_숏츠형_유튜브읽기형_var2.릴스_원조이김.국민템.X_1P_문선정_260612_빙과_이수현_sC9KkVo2.mp4_[26.06]F_V_JD멜_인지_쫀득바출시_숏츠형_유튜브읽기형_var2.릴스_원조이김.국민템.X_1P_문선정_260612_빙과_이수현,29,0,28.0,0,6,인지
2026-08-23,1873959662058609,[빙과_스틱바]_쫀득바_인지2_video,[멜론] 요거트바BP_6.3W,[26.06]F_V_JD멜_인지_쫀득바출시_인물리뷰형_편의점원정_var4.릴스_대세감.X_1P_문선정_260612_빙과_정요한_dTrqo0s9.mp4_[26.06]F_V_JD멜_인지_쫀득바출시_인물리뷰형_편의점원정_var4.릴스_대세감.X_1P_문선정_260612_빙과_정요한,201,0,166.0,0,37,인지
2026-08-23,1873959654248546,[빙과_스틱바]_쫀득바_인지2_video,[멜론] 요거트바BP_6.3W,[26.06]F_V_JD멜_인지_쫀득바출시_인물리뷰형_편의점원정_var1.릴스_맛.X_1P_문선정_260612_빙과_정요한_USPOMvkw.mp4_[26.06]F_V_JD멜_인지_쫀득바출시_인물리뷰형_편의점원정_var1.릴스_맛.X_1P_문선정_260612_빙과_정요한,897,1,480.0,0,153,인지
2026-08-23,1873959493639409,[빙과_스틱바]_쫀득바_인지2_video,[멜론] 초딩유행템2_6.4W,[26.06]F_V_JD멜_인지_쫀득바출시_신규BP_써우리BP_var1.릴스_초딩유행템.X_1P_문선정_260626_빙과_김진수_zL5oeyvi.mp4_[26.06]F_V_JD멜_인지_쫀득바출시_신규BP_써우리BP_var1.릴스_초딩유행템.X_1P_문선정_260626_빙과_김진수,5022,0,7935.0,0,1519,인지
2026-08-23,1873959640782897,[빙과_스틱바]_쫀득바_인지2_video,[멜론] 초딩유행템_6.3W,[26.06]F_V_JD멜_인지_쫀득바출시_일상반응형_누나동생_var3.렉카_욕심.X_1P_문선정_260615_빙과_노현경_3ocIfBlK.mp4_[26.06]F_V_JD멜_인지_쫀득바출시_일상반응형_누나동생_var3.렉카_욕심.X_1P_문선정_260615_빙과_노현경,30,0,45.0,0,12,인지
2026-08-23,1873959500695698,[빙과_스틱바]_쫀득바_인지2_video,[멜론] 1위단독_7.1W,[26.07]F_V_JD멜_인지_쫀득바출시_바이럴형_커뮤니티형_var1.릴스_30년만에.신입탕비담당.X_1P_문선정_260702_빙과_김진수_8W5sKwHy.mp4_[26.07]F_V_JD멜_인지_쫀득바출시_바이럴형_커뮤니티형_var1.릴스_30년만에.신입탕비담당.X_1P_문선정_260702_빙과_김진수,316,0,678.0,0,131,인지
2026-08-23,1874030330240002,[빙과_스틱바]_쫀득바_인지2_video,[망고] 맛인지_6.3W,[26.06]F_V_JD망_인지_쫀득바출시_맛인지형_맛인지형.인지_var4.릴스_혜택.진수.6월.수민PJ_2P_문선정_260619_빙과_김지연_6H8Mjtxm.mp4_[26.06]F_V_JD망_인지_쫀득바출시_맛인지형_맛인지형.인지_var4.릴스_혜택.진수.6월.수민PJ_2P_문선정_260619_빙과_김지연,176,0,335.0,0,93,인지
2026-08-23,1873959662238738,[빙과_스틱바]_쫀득바_인지2_video,[멜론] 유튜버썰풀기형_6.3W,[26.06]F_V_JD멜_인지_쫀득바출시_숏츠형_유튜브읽기형_var1.릴스_1년에한달.365일.X_1P_문선정_260612_빙과_이수현_Gau8dgwA.mp4_[26.06]F_V_JD멜_인지_쫀득바출시_숏츠형_유튜브읽기형_var1.릴스_1년에한달.365일.X_1P_문선정_260612_빙과_이수현,141,0,218.0,0,60,인지
2026-08-23,1873959592940658,[빙과_스틱바]_쫀득바_인지2_video,[멜론] 인플루언서형_6.3W,[26.06]F_V_JD멜_인지_상시_인플루언서형_인플루언서형.인지_var1.릴스_쫀득 후킹.X_1P_문선정_260619_빙과_이수민_HCZXPTgo.mp4_[26.06]F_V_JD멜_인지_상시_인플루언서형_인플루언서형.인지_var1.릴스_쫀득 후킹.X_1P_문선정_260619_빙과_이수민,280,0,670.0,0,175,인지
2026-08-23,1873959617824033,[빙과_스틱바]_쫀득바_인지2_video,[멜론] 지인네고형_6.3W,[26.06]F_V_JD멜_인지_쫀득바출시_네고형_지인네고형_var4.릴스_맛비주얼.X_1P_김유진_260619_빙과_이수현_LAy0WBZY.mp4_[26.06]F_V_JD멜_인지_쫀득바출시_네고형_지인네고형_var4.릴스_맛비주얼.X_1P_김유진_260619_빙과_이수현,47,0,46.0,0,13,인지
2026-08-23,1873959610749169,[빙과_스틱바]_쫀득바_인지2_video,[멜론] 컨비니BP_6.3W,[26.06]F_V_JD멜_인지_쫀득바출시_제조과정형_컨비니BP_var7.릴스_왁뿌볼.X_1P_김유진_260619_빙과_정요한_ibKZerQN.mp4_[26.06]F_V_JD멜_인지_쫀득바출시_제조과정형_컨비니BP_var7.릴스_왁뿌볼.X_1P_김유진_260619_빙과_정요한,305,0,319.0,0,78,인지
2026-08-23,1873959606553874,[빙과_스틱바]_쫀득바_인지2_video,[멜론] 수박BP_6.3W,[26.06]F_V_JD멜_인지_쫀득바출시_맛인지형_수박BP_var1.릴스_저샀어요.X_1P_김유진_260619_빙과_정하얀_KxT2Mrn4.mp4_[26.06]F_V_JD멜_인지_쫀득바출시_맛인지형_수박BP_var1.릴스_저샀어요.X_1P_김유진_260619_빙과_정하얀,77,0,109.0,0,24,인지
2026-08-23,1873959576604178,[빙과_스틱바]_쫀득바_인지2_video,[멜론] 써우리BP_6.4W,[26.06]F_V_JD멜_인지_쫀득바출시_맛인지형_맛인지형.인지_var4.릴스_노을멜론.X_1P_문선정_260612_빙과_이수민_c8GfOUgM.mp4_[26.06]F_V_JD멜_인지_쫀득바출시_맛인지형_맛인지형.인지_var4.릴스_노을멜론.X_1P_문선정_260612_빙과_이수민,188,0,293.0,0,53,인지
2026-08-23,1874030339424258,[빙과_스틱바]_쫀득바_인지2_video,[멜론] 1위단독_7.1W,[26.07]F_V_JD멜_인지_쫀득바출시_바이럴형_커뮤니티형_var2.릴스_매출1등.입사동기.X_1P_문선정_260703_빙과_김진수_oSB4Y18s.mp4_[26.07]F_V_JD멜_인지_쫀득바출시_바이럴형_커뮤니티형_var2.릴스_매출1등.입사동기.X_1P_문선정_260703_빙과_김진수,23,0,53.0,0,11,인지
2026-08-23,1874030316282466,[빙과_스틱바]_쫀득바_인지2_video,[멜론] 유튜버썰풀기형_6.3W,[26.06]F_V_JD멜_인지_쫀득바출시_숏츠형_유튜브읽기형_var3.릴스_SNS도배.두쫀쿠다음.X_1P_문선정_260612_빙과_이수현_8Q64E9kb.mp4_[26.06]F_V_JD멜_인지_쫀득바출시_숏츠형_유튜브읽기형_var3.릴스_SNS도배.두쫀쿠다음.X_1P_문선정_260612_빙과_이수현,79,0,83.0,0,25,인지
2026-08-23,1873959550576913,[빙과_스틱바]_쫀득바_인지2_video,[멜론] 1년후에받는_6.4W,[26.06]F_V_JD멜_인지_쫀득바출시_신규BP_써우리BP_var3.릴스_찾는척.X_1P_문선정_260626_빙과_이수민_dsA5VQTS.mp4_[26.06]F_V_JD멜_인지_쫀득바출시_신규BP_써우리BP_var3.릴스_찾는척.X_1P_문선정_260626_빙과_이수민,731,0,1013.0,0,219,인지
2026-08-23,1873959511342130,[빙과_스틱바]_쫀득바_인지2_video,[멜론] 일본원정템_7.1W,[26.07]F_V_JD멜_인지_쫀득바출시_신규BP_외부BP_main.릴스_메인.키노피오브금.X_2P_문선정_260703_빙과_이하림_CMkAHnfZ.mp4_[26.07]F_V_JD멜_인지_쫀득바출시_신규BP_외부BP_main.릴스_메인.키노피오브금.X_2P_문선정_260703_빙과_이하림,142,0,208.0,0,56,인지
2026-08-23,1873959607444929,[빙과_스틱바]_쫀득바_인지2_video,[멜론] 컨비니BP_6.3W,[26.06]F_V_JD멜_인지_쫀득바출시_제조과정형_컨비니BP_var6.릴스_희소성.X_1P_김유진_260619_빙과_정요한_BXJfE8xs.mp4_[26.06]F_V_JD멜_인지_쫀득바출시_제조과정형_컨비니BP_var6.릴스_희소성.X_1P_김유진_260619_빙과_정요한,150,0,261.0,0,59,인지
2026-08-23,1873959643009314,[빙과_스틱바]_쫀득바_인지2_video,[멜론] 초딩유행템_6.3W,[26.06]F_V_JD멜_인지_쫀득바출시_일상반응형_누나동생_var4.렉카_먹방.X_1P_문선정_260615_빙과_노현경_cx0sGrMW.mp4_[26.06]F_V_JD멜_인지_쫀득바출시_일상반응형_누나동생_var4.렉카_먹방.X_1P_문선정_260615_빙과_노현경,242,0,497.0,0,146,인지
2026-08-23,1873959530787025,[빙과_스틱바]_쫀득바_인지2_video,[멜론] 책상네고 대체_6.4W,[26.06]F_V_JD멜_인지_쫀득바출시_기타_비하인드썰풀기_main.릴스_본론.X_1P_김유진_260626_빙과_강다빈_viyVb41T.mp4_[26.06]F_V_JD멜_인지_쫀득바출시_기타_비하인드썰풀기_main.릴스_본론.X_1P_김유진_260626_빙과_강다빈,449,0,909.0,0,235,인지
2026-08-23,1873959541152082,[빙과_스틱바]_쫀득바_인지2_video,[멜론] 1년후에받는_6.4W,[26.06]F_V_JD멜_인지_쫀득바출시_신규BP_써우리BP_var2.릴스_비교2.X_1P_문선정_260626_빙과_이수민_YFbSa6qv.mp4_[26.06]F_V_JD멜_인지_쫀득바출시_신규BP_써우리BP_var2.릴스_비교2.X_1P_문선정_260626_빙과_이수민,48,0,32.0,0,6,인지
2026-08-23,1873959612770417,[빙과_스틱바]_쫀득바_인지2_video,[멜론] 지인네고형_6.3W,[26.06]F_V_JD멜_인지_쫀득바출시_네고형_지인네고형_var2.릴스_쟁여놓기.X_1P_김유진_260619_빙과_이수현_odeX0CEq.mp4_[26.06]F_V_JD멜_인지_쫀득바출시_네고형_지인네고형_var2.릴스_쟁여놓기.X_1P_김유진_260619_빙과_이수현,120,0,180.0,0,36,인지
2026-08-23,1873959624012849,[빙과_스틱바]_쫀득바_인지2_video,[멜론] 스틱바BP_6.3W,[26.06]F_V_JD멜_인지_쫀득바출시_인물리뷰형_4050대세감_var1.릴스_맛후킹.X_1P_문선정_260619_빙과_강다빈_Stbu1VnU.mp4_[26.06]F_V_JD멜_인지_쫀득바출시_인물리뷰형_4050대세감_var1.릴스_맛후킹.X_1P_문선정_260619_빙과_강다빈,66,0,69.0,0,24,인지
2026-08-23,1873959681209441,[빙과_스틱바]_쫀득바_인지2_video,[멜론] 인물리뷰(1)_6.3W,[26.06]F_V_JD멜_인지_쫀득바출시_인물리뷰형_인물리뷰형_var3.릴스_코어의외성.X_2P_고가영_260612_빙과_유영현_wjEIQSXr.mp4_[26.06]F_V_JD멜_인지_쫀득바출시_인물리뷰형_인물리뷰형_var3.릴스_코어의외성.X_2P_고가영_260612_빙과_유영현,54,0,27.0,0,10,인지
2026-08-23,1873959571492482,[빙과_스틱바]_쫀득바_인지2_video,[멜론] 써우리BP_6.4W,[26.06]F_V_JD멜_인지_쫀득바출시_맛인지형_맛인지형.인지_var3.릴스_국민템 멜론바.X_1P_문선정_260612_빙과_이수민_49m1RLsV.mp4_[26.06]F_V_JD멜_인지_쫀득바출시_맛인지형_맛인지형.인지_var3.릴스_국민템 멜론바.X_1P_문선정_260612_빙과_이수민,461,0,343.0,0,78,인지
2026-08-23,1873959624012817,[빙과_스틱바]_쫀득바_인지2_video,[멜론] 스틱바BP_6.3W,[26.06]F_V_JD멜_인지_쫀득바출시_인물리뷰형_4050대세감_main.릴스_본론.X_1P_문선정_260619_빙과_강다빈_VvFUnekb.mp4_[26.06]F_V_JD멜_인지_쫀득바출시_인물리뷰형_4050대세감_main.릴스_본론.X_1P_문선정_260619_빙과_강다빈,360,0,682.0,0,128,인지
2026-08-23,1873959607461201,[빙과_스틱바]_쫀득바_인지2_video,[멜론] 컨비니BP_6.3W,[26.06]F_V_JD멜_인지_쫀득바출시_제조과정형_컨비니BP_var4.릴스_공통.X_1P_김유진_260619_빙과_정요한_9WVuy24o.mp4_[26.06]F_V_JD멜_인지_쫀득바출시_제조과정형_컨비니BP_var4.릴스_공통.X_1P_김유진_260619_빙과_정요한,21,0,35.0,0,6,인지
2026-08-23,1874030313976066,[빙과_스틱바]_쫀득바_인지2_video,[멜론] 인물리뷰(1)_6.3W,[26.06]F_V_JD멜_인지_쫀득바출시_인물리뷰형_인물리뷰형_var4.릴스_후킹.X_2P_고가영_260612_빙과_유영현_JfFPUknj.mp4_[26.06]F_V_JD멜_인지_쫀득바출시_인물리뷰형_인물리뷰형_var4.릴스_후킹.X_2P_고가영_260612_빙과_유영현,303,0,789.0,0,195,인지
2026-08-23,1873959541152114,[빙과_스틱바]_쫀득바_인지2_video,[멜론] 1년후에받는_6.4W,[26.06]F_V_JD멜_인지_쫀득바출시_신규BP_써우리BP_var1.릴스_비교1.X_1P_문선정_260626_빙과_이수민_pb8xwIkc.mp4_[26.06]F_V_JD멜_인지_쫀득바출시_신규BP_써우리BP_var1.릴스_비교1.X_1P_문선정_260626_빙과_이수민,240,0,314.0,0,70,인지
2026-08-23,1873959666755666,[빙과_스틱바]_쫀득바_인지2_video,[멜론] 유튜버썰풀기형_6.3W,[26.06]F_V_JD멜_인지_쫀득바출시_숏츠형_유튜브읽기형_var4.릴스_SNS도배.과일.X_1P_문선정_260612_빙과_이수현_FS2Lzmjs.mp4_[26.06]F_V_JD멜_인지_쫀득바출시_숏츠형_유튜브읽기형_var4.릴스_SNS도배.과일.X_1P_문선정_260612_빙과_이수현,327,0,110.0,0,43,인지
2026-08-23,1874030323030129,[빙과_스틱바]_쫀득바_인지2_video,[멜론] 인플루언서형_6.3W,[26.06]F_V_JD멜_인지_상시_인플루언서형_인플루언서형.인지_main.릴스_공통.X_1P_문선정_260619_빙과_이수민_OcQS8Jtk.mp4_Copy 3 of [26.06]F_V_JD멜_인지_상시_인플루언서형_인플루언서형.인지_main.릴스_공통.X_1P_문선정_260619_빙과_이수민,66,0,135.0,0,34,인지
2026-08-23,1873959567272305,[빙과_스틱바]_쫀득바_인지2_video,[멜론] 부자들만먹는_6.4W,[26.06]F_V_JD멜_인지_쫀득바출시_신규BP_먹방형_var4.릴스_숏.X_1P_문선정_260626_빙과_이수민_51lK2MkR.mp4_[26.06]F_V_JD멜_인지_쫀득바출시_신규BP_먹방형_var4.릴스_숏.X_1P_문선정_260626_빙과_이수민,267,0,602.0,0,146,인지
2026-08-23,1873959509314913,[빙과_스틱바]_쫀득바_인지2_video,[멜론] 일본원정템_7.1W,[26.07]F_V_JD멜_인지_쫀득바출시_신규BP_외부BP_var1.릴스_메인.일반브금.X_2P_문선정_260703_빙과_이하림_WTZLraDf.mp4_[26.07]F_V_JD멜_인지_쫀득바출시_신규BP_외부BP_var1.릴스_메인.일반브금.X_2P_문선정_260703_빙과_이하림,156,0,78.0,0,24,인지
2026-08-23,1873959662238770,[빙과_스틱바]_쫀득바_인지2_video,[멜론] 유튜버썰풀기형_6.3W,[26.06]F_V_JD멜_인지_쫀득바출시_숏츠형_유튜브읽기형_main.릴스_1년에한달.X_1P_문선정_260612_빙과_이수현_fA5aYhzs.mp4_[26.06]F_V_JD멜_인지_쫀득바출시_숏츠형_유튜브읽기형_main.릴스_1년에한달.X_1P_문선정_260612_빙과_이수현,998,0,1618.0,0,307,인지
2026-08-23,1873959574894593,[빙과_스틱바]_쫀득바_인지2_video,[멜론] 써우리BP_6.4W,[26.06]F_V_JD멜_인지_쫀득바출시_맛인지형_맛인지형.인지_var2.릴스_품절대란.X_1P_문선정_260612_빙과_이수민_X4dmxg8T.mp4_[26.06]F_V_JD멜_인지_쫀득바출시_맛인지형_맛인지형.인지_var2.릴스_품절대란.X_1P_문선정_260612_빙과_이수민,235,0,650.0,0,183,인지
2026-08-23,1873959649053697,[빙과_스틱바]_쫀득바_인지2_video,[멜론] 인물리뷰(2)_6.3W,[26.06]F_V_JD멜_인지_쫀득바출시_인물리뷰형_렉카형_var3.릴스_상단.조회수.X_2P_고가영_260612_빙과_김지연_o3Oil7XF.mp4_[26.06]F_V_JD멜_인지_쫀득바출시_인물리뷰형_렉카형_var3.릴스_상단.조회수.X_2P_고가영_260612_빙과_김지연,225,0,357.0,0,75,인지
2026-08-23,1873959547401362,[빙과_스틱바]_쫀득바_인지2_video,[멜론] 1년후에받는_6.4W,[26.06]F_V_JD멜_인지_쫀득바출시_신규BP_써우리BP_var4.릴스_광각취식1.X_1P_문선정_260626_빙과_이수민_qf35uhY2.mp4_[26.06]F_V_JD멜_인지_쫀득바출시_신규BP_써우리BP_var4.릴스_광각취식1.X_1P_문선정_260626_빙과_이수민,70,0,67.0,0,17,인지
2026-08-23,1873959502194113,[빙과_스틱바]_쫀득바_인지2_video,[멜론] 현지인도못구하는_7.1W,[26.07]F_V_JD멜_인지_쫀득바출시_인플루언서형_인플루언서형_main.릴스_비행기표취소.X_1P_문선정_260703_빙과_정하얀_6J9yLGRu.mp4_[26.07]F_V_JD멜_인지_쫀득바출시_인플루언서형_인플루언서형_main.릴스_비행기표취소.X_1P_문선정_260703_빙과_정하얀,626,0,902.0,0,159,인지
2026-08-23,1873959534653730,[빙과_스틱바]_쫀득바_인지2_video,[멜론] 농부대첩_6.4W,[26.06]F_V_JD멜_인지_쫀득바출시_신규BP_농부대첩BP_var4.릴스_OEM.X_2P_김유진_260626_빙과_노현경_C8ZH0kJx.mp4_[26.06]F_V_JD멜_인지_쫀득바출시_신규BP_농부대첩BP_var4.릴스_OEM.X_2P_김유진_260626_빙과_노현경,359,0,1005.0,0,254,인지
2026-08-23,1873959483402274,[빙과_스틱바]_쫀득바_인지2_video,[멜론] 전세계에서일본에만_7.1W,[26.07]F_V_JD멜_인지_쫀득바출시_인물리뷰형_인물리뷰형_main.릴스_공통.X_2P_문선정_260703_빙과_유영현_hfC8Honk.mp4_[26.07]F_V_JD멜_인지_쫀득바출시_인물리뷰형_인물리뷰형_main.릴스_공통.X_2P_문선정_260703_빙과_유영현,58,0,98.0,0,18,인지
2026-08-23,1873959480704162,[빙과_스틱바]_쫀득바_인지2_video,[멜론] 관계성네고_7.1W,[26.07]F_V_JD멜_인지_쫀득바출시_인물리뷰형_관계성_var6.릴스_잔소리후킹.X_1P_김유진_260703_빙과_강다빈_8xsJGKVk.mp4_[26.07]F_V_JD멜_인지_쫀득바출시_인물리뷰형_관계성_var6.릴스_잔소리후킹.X_1P_김유진_260703_빙과_강다빈,1932,0,3216.0,0,679,인지
2026-08-23,1874030320115922,[빙과_스틱바]_쫀득바_인지2_video,[멜론] 지인네고형_6.3W,[26.06]F_V_JD멜_인지_쫀득바출시_네고형_지인네고형_var1.릴스_규모감.X_1P_김유진_260619_빙과_이수현_8KcuLnOj.mp4_[26.06]F_V_JD멜_인지_쫀득바출시_네고형_지인네고형_var1.릴스_규모감.X_1P_김유진_260619_빙과_이수현,49,0,47.0,0,10,인지
2026-08-23,1873959559414897,[빙과_스틱바]_쫀득바_인지2_video,[멜론] 부자들만먹는_6.4W,[26.06]F_V_JD멜_인지_쫀득바출시_신규BP_먹방형_var2.릴스_먹방.X_1P_문선정_260626_빙과_이수민_jNE7zmU8.mp4_[26.06]F_V_JD멜_인지_쫀득바출시_신규BP_먹방형_var2.릴스_먹방.X_1P_문선정_260626_빙과_이수민,214,0,186.0,0,69,인지
2026-08-23,1874030319136113,[빙과_스틱바]_쫀득바_인지2_video,[멜론] 초딩유행템_6.3W,[26.06]F_V_JD멜_인지_쫀득바출시_일상반응형_누나동생_var2.렉카_삐짐.X_1P_문선정_260615_빙과_노현경_hK163maR.mp4_[26.06]F_V_JD멜_인지_쫀득바출시_일상반응형_누나동생_var2.렉카_삐짐.X_1P_문선정_260615_빙과_노현경,206,0,314.0,0,64,인지
2026-08-23,1873959559414865,[빙과_스틱바]_쫀득바_인지2_video,[멜론] 부자들만먹는_6.4W,[26.06]F_V_JD멜_인지_쫀득바출시_신규BP_먹방형_main.릴스_공통.X_1P_문선정_260626_빙과_이수민_6K4RW1kr.mp4_[26.06]F_V_JD멜_인지_쫀득바출시_신규BP_먹방형_main.릴스_공통.X_1P_문선정_260626_빙과_이수민,1455,0,2068.0,0,418,인지
2026-08-23,1873959488337921,[빙과_스틱바]_쫀득바_인지2_video,[멜론] 전세계에서일본에만_7.1W,[26.07]F_V_JD멜_인지_쫀득바출시_인물리뷰형_인물리뷰형_var3.릴스_상단.GS1등.X_2P_문선정_260703_빙과_유영현_8cUvPSAN.mp4_[26.07]F_V_JD멜_인지_쫀득바출시_인물리뷰형_인물리뷰형_var3.릴스_상단.GS1등.X_2P_문선정_260703_빙과_유영현,82,0,51.0,0,16,인지
2026-08-23,1873959656457905,[빙과_스틱바]_쫀득바_인지2_video,[멜론] 요거트바BP_6.3W,[26.06]F_V_JD멜_인지_쫀득바출시_인물리뷰형_편의점원정_var2.릴스_퀄리티.X_1P_문선정_260612_빙과_정요한_F6rWEnOX.mp4_[26.06]F_V_JD멜_인지_쫀득바출시_인물리뷰형_편의점원정_var2.릴스_퀄리티.X_1P_문선정_260612_빙과_정요한,88,0,117.0,0,32,인지
2026-08-23,1873959568365938,[빙과_스틱바]_쫀득바_인지2_video,[멜론] 부자들만먹는_6.4W,[26.06]F_V_JD멜_인지_쫀득바출시_신규BP_먹방형_var3.릴스_5만원멜론.X_1P_문선정_260626_빙과_이수민_4jVCt9QI.mp4_[26.06]F_V_JD멜_인지_쫀득바출시_신규BP_먹방형_var3.릴스_5만원멜론.X_1P_문선정_260626_빙과_이수민,211,0,88.0,0,31,인지
2026-08-23,1873959509313921,[빙과_스틱바]_쫀득바_인지2_video,[멜론] 일본원정템_7.1W,[26.07]F_V_JD멜_인지_쫀득바출시_신규BP_외부BP_var2.릴스_POV.X_2P_문선정_260703_빙과_이하림_vSPVRZmI.mp4_[26.07]F_V_JD멜_인지_쫀득바출시_신규BP_외부BP_var2.릴스_POV.X_2P_문선정_260703_빙과_이하림,467,0,1069.0,0,244,인지
2026-08-23,1873959512707137,[빙과_스틱바]_쫀득바_인지2_video,[멜론] 일본원정템_7.1W,[26.07]F_V_JD멜_인지_쫀득바출시_신규BP_외부BP_var3.릴스_화내기.X_2P_문선정_260703_빙과_이하림_G6x0joRE.mp4_[26.07]F_V_JD멜_인지_쫀득바출시_신규BP_외부BP_var3.릴스_화내기.X_2P_문선정_260703_빙과_이하림,127,0,130.0,0,29,인지
2026-08-23,1874030333521250,[빙과_스틱바]_쫀득바_인지2_video,[멜론] 초딩유행템2_6.4W,[26.06]F_V_JD멜_인지_쫀득바출시_신규BP_써우리BP_var2.릴스_혜택.X_1P_문선정_260626_빙과_김진수_AGmDZ35w.mp4_[26.06]F_V_JD멜_인지_쫀득바출시_신규BP_써우리BP_var2.릴스_혜택.X_1P_문선정_260626_빙과_김진수,30,0,60.0,0,18,인지
2026-08-23,1873959579303250,[빙과_스틱바]_쫀득바_인지2_video,[망고] 전화네고형_6.3W,[26.06]F_V_JD망_인지_쫀득바출시_네고형_전화네고형_var1.릴스_먹방.X_2P_문선정_260622_빙과_조의진_idHD4Vv8.mp4_[26.06]F_V_JD망_인지_쫀득바출시_네고형_전화네고형_var1.릴스_먹방.X_2P_문선정_260622_빙과_조의진,2759,0,4178.0,0,862,인지
2026-08-23,1873959487025618,[빙과_스틱바]_쫀득바_인지2_video,[멜론] 전세계에서일본에만_7.1W,[26.07]F_V_JD멜_인지_쫀득바출시_인물리뷰형_인물리뷰형_var6.릴스_1위강조.X_2P_문선정_260703_빙과_유영현_PV7bCcFl.mp4_[26.07]F_V_JD멜_인지_쫀득바출시_인물리뷰형_인물리뷰형_var6.릴스_1위강조.X_2P_문선정_260703_빙과_유영현,45,0,70.0,0,18,인지
2026-08-23,1873959494450194,[빙과_스틱바]_쫀득바_인지2_video,[멜론] 1위단독_7.1W,[26.07]F_V_JD멜_인지_쫀득바출시_바이럴형_커뮤니티형_var4.릴스_판매중단.모쏠친구.X_1P_문선정_260703_빙과_김진수_XUDBqtTs.mp4_[26.07]F_V_JD멜_인지_쫀득바출시_바이럴형_커뮤니티형_var4.릴스_판매중단.모쏠친구.X_1P_문선정_260703_빙과_김진수,649,0,1331.0,0,260,인지
2026-08-23,1873959618629778,[빙과_스틱바]_쫀득바_인지2_video,[멜론] 지인네고형_6.3W,[26.06]F_V_JD멜_인지_쫀득바출시_네고형_지인네고형_var3.릴스_원가후킹.X_1P_김유진_260619_빙과_이수현_4CvjLKUi.mp4_[26.06]F_V_JD멜_인지_쫀득바출시_네고형_지인네고형_var3.릴스_원가후킹.X_1P_김유진_260619_빙과_이수현,29,0,52.0,0,19,인지
2026-08-23,1874030321444945,[빙과_스틱바]_쫀득바_인지2_video,[멜론] 컨비니BP_6.3W,[26.06]F_V_JD멜_인지_쫀득바출시_제조과정형_컨비니BP_var5.릴스_공통.할인.X_1P_김유진_260619_빙과_정요한_7cNBXRYq.mp4_[26.06]F_V_JD멜_인지_쫀득바출시_제조과정형_컨비니BP_var5.릴스_공통.할인.X_1P_김유진_260619_빙과_정요한,644,0,1321.0,0,310,인지
2026-08-23,1873959633516657,[빙과_스틱바]_쫀득바_인지2_video,[멜론] 스틱바BP_6.3W,[26.06]F_V_JD멜_인지_쫀득바출시_인물리뷰형_4050대세감_var5.릴스_쩜오건.숏.음산브금.X_1P_문선정_260619_빙과_강다빈_OPETBUCN.mp4_[26.06]F_V_JD멜_인지_쫀득바출시_인물리뷰형_4050대세감_var5.릴스_쩜오건.숏.음산브금.X_1P_문선정_260619_빙과_강다빈,1041,0,1659.0,0,345,인지
2026-08-23,1873959526530274,[빙과_스틱바]_쫀득바_인지2_video,[멜론] 책상네고 대체_6.4W,[26.06]F_V_JD멜_인지_쫀득바출시_기타_비하인드썰풀기_var1.릴스_짤림후킹.X_1P_김유진_260626_빙과_강다빈_N8xnAoaE.mp4_[26.06]F_V_JD멜_인지_쫀득바출시_기타_비하인드썰풀기_var1.릴스_짤림후킹.X_1P_김유진_260626_빙과_강다빈,601,0,207.0,0,61,인지
2026-08-23,1873959631566914,[빙과_스틱바]_쫀득바_인지2_video,[멜론] 스틱바BP_6.3W,[26.06]F_V_JD멜_인지_쫀득바출시_인물리뷰형_4050대세감_var6.릴스_쩜오건.숏.큐티브금.X_1P_문선정_260619_빙과_강다빈_i87tvceJ.mp4_[26.06]F_V_JD멜_인지_쫀득바출시_인물리뷰형_4050대세감_var6.릴스_쩜오건.숏.큐티브금.X_1P_문선정_260619_빙과_강다빈,196,0,118.0,0,29,인지
2026-08-23,1873959685405714,[빙과_스틱바]_쫀득바_인지2_video,[멜론] 인물리뷰(1)_6.3W,[26.06]F_V_JD멜_인지_쫀득바출시_인물리뷰형_인물리뷰형_var2.릴스_대세감.X_2P_고가영_260612_빙과_유영현_JSgYoFLC.mp4_[26.06]F_V_JD멜_인지_쫀득바출시_인물리뷰형_인물리뷰형_var2.릴스_대세감.X_2P_고가영_260612_빙과_유영현,80,0,103.0,0,18,인지
2026-08-23,1873959526530242,[빙과_스틱바]_쫀득바_인지2_video,[멜론] 책상네고 대체_6.4W,[26.06]F_V_JD멜_인지_쫀득바출시_기타_비하인드썰풀기_var2.릴스_POV.X_1P_김유진_260626_빙과_강다빈_dvNEWTwx.mp4_[26.06]F_V_JD멜_인지_쫀득바출시_기타_비하인드썰풀기_var2.릴스_POV.X_1P_김유진_260626_빙과_강다빈,136,0,287.0,0,80,인지
2026-08-23,1873959601100177,[빙과_스틱바]_쫀득바_인지2_video,[멜론] 인플루언서형_6.3W,[26.06]F_V_JD멜_인지_상시_인플루언서형_인플루언서형.인지_var2.릴스_대세감.X_1P_문선정_260619_빙과_이수민_Bwvr3K0z.mp4_[26.06]F_V_JD멜_인지_상시_인플루언서형_인플루언서형.인지_var2.릴스_대세감.X_1P_문선정_260619_빙과_이수민,21,0,19.0,0,4,인지
2026-08-23,1874030341331282,[빙과_스틱바]_쫀득바_인지2_video,[멜론] 전세계에서일본에만_7.1W,[26.07]F_V_JD멜_인지_쫀득바출시_인물리뷰형_인물리뷰형_var1.릴스_상단.국내출시.X_2P_문선정_260703_빙과_유영현_hYJso2jc.mp4_[26.07]F_V_JD멜_인지_쫀득바출시_인물리뷰형_인물리뷰형_var1.릴스_상단.국내출시.X_2P_문선정_260703_빙과_유영현,355,0,942.0,0,223,인지
2026-08-24,1873959487025618,[빙과_스틱바]_쫀득바_인지2_video,[멜론] 전세계에서일본에만_7.1W,[26.07]F_V_JD멜_인지_쫀득바출시_인물리뷰형_인물리뷰형_var6.릴스_1위강조.X_2P_문선정_260703_빙과_유영현_PV7bCcFl.mp4_[26.07]F_V_JD멜_인지_쫀득바출시_인물리뷰형_인물리뷰형_var6.릴스_1위강조.X_2P_문선정_260703_빙과_유영현,90,0,80.0,0,29,인지
2026-08-24,1874370072347921,[빙과_스틱바]_쫀득바_인지2_video,[멜론] 무디 파트너십 광고 (26년 10월까지만 활용 가능),leem_life_3XiF0QC7.mp4_leem_life,8550,0,13310.0,0,2407,인지
2026-08-24,1873959649053697,[빙과_스틱바]_쫀득바_인지2_video,[멜론] 인물리뷰(2)_6.3W,[26.06]F_V_JD멜_인지_쫀득바출시_인물리뷰형_렉카형_var3.릴스_상단.조회수.X_2P_고가영_260612_빙과_김지연_o3Oil7XF.mp4_[26.06]F_V_JD멜_인지_쫀득바출시_인물리뷰형_렉카형_var3.릴스_상단.조회수.X_2P_고가영_260612_빙과_김지연,79,0,161.0,0,31,인지
2026-08-24,1873959488337921,[빙과_스틱바]_쫀득바_인지2_video,[멜론] 전세계에서일본에만_7.1W,[26.07]F_V_JD멜_인지_쫀득바출시_인물리뷰형_인물리뷰형_var3.릴스_상단.GS1등.X_2P_문선정_260703_빙과_유영현_8cUvPSAN.mp4_[26.07]F_V_JD멜_인지_쫀득바출시_인물리뷰형_인물리뷰형_var3.릴스_상단.GS1등.X_2P_문선정_260703_빙과_유영현,115,0,72.0,0,19,인지
2026-08-24,1874030330240002,[빙과_스틱바]_쫀득바_인지2_video,[망고] 맛인지_6.3W,[26.06]F_V_JD망_인지_쫀득바출시_맛인지형_맛인지형.인지_var4.릴스_혜택.진수.6월.수민PJ_2P_문선정_260619_빙과_김지연_6H8Mjtxm.mp4_[26.06]F_V_JD망_인지_쫀득바출시_맛인지형_맛인지형.인지_var4.릴스_혜택.진수.6월.수민PJ_2P_문선정_260619_빙과_김지연,120,0,175.0,0,41,인지
2026-08-24,1873959574894593,[빙과_스틱바]_쫀득바_인지2_video,[멜론] 써우리BP_6.4W,[26.06]F_V_JD멜_인지_쫀득바출시_맛인지형_맛인지형.인지_var2.릴스_품절대란.X_1P_문선정_260612_빙과_이수민_X4dmxg8T.mp4_[26.06]F_V_JD멜_인지_쫀득바출시_맛인지형_맛인지형.인지_var2.릴스_품절대란.X_1P_문선정_260612_빙과_이수민,297,0,937.0,0,205,인지
2026-08-24,1873959512707137,[빙과_스틱바]_쫀득바_인지2_video,[멜론] 일본원정템_7.1W,[26.07]F_V_JD멜_인지_쫀득바출시_신규BP_외부BP_var3.릴스_화내기.X_2P_문선정_260703_빙과_이하림_G6x0joRE.mp4_[26.07]F_V_JD멜_인지_쫀득바출시_신규BP_외부BP_var3.릴스_화내기.X_2P_문선정_260703_빙과_이하림,61,0,79.0,0,19,인지
2026-08-24,1873959509314913,[빙과_스틱바]_쫀득바_인지2_video,[멜론] 일본원정템_7.1W,[26.07]F_V_JD멜_인지_쫀득바출시_신규BP_외부BP_var1.릴스_메인.일반브금.X_2P_문선정_260703_빙과_이하림_WTZLraDf.mp4_[26.07]F_V_JD멜_인지_쫀득바출시_신규BP_외부BP_var1.릴스_메인.일반브금.X_2P_문선정_260703_빙과_이하림,459,0,522.0,0,111,인지
2026-08-24,1873959599404161,[빙과_스틱바]_쫀득바_인지2_video,[멜론] 인플루언서형_6.3W,[26.06]F_V_JD멜_인지_상시_인플루언서형_인플루언서형.인지_var3.릴스_코어 후킹.X_1P_문선정_260619_빙과_이수민_fHo1zJ0X.mp4_[26.06]F_V_JD멜_인지_상시_인플루언서형_인플루언서형.인지_var3.릴스_코어 후킹.X_1P_문선정_260619_빙과_이수민,38,0,35.0,0,9,인지
2026-08-24,1873959679955218,[빙과_스틱바]_쫀득바_인지2_video,[멜론] 인물리뷰(1)_6.3W,[26.06]F_V_JD멜_인지_쫀득바출시_인물리뷰형_인물리뷰형_var1.릴스_블랙바.X_2P_고가영_260612_빙과_유영현_bKsUmrtE.mp4_[26.06]F_V_JD멜_인지_쫀득바출시_인물리뷰형_인물리뷰형_var1.릴스_블랙바.X_2P_고가영_260612_빙과_유영현,45,0,106.0,0,22,인지
2026-08-24,1874030323030129,[빙과_스틱바]_쫀득바_인지2_video,[멜론] 인플루언서형_6.3W,[26.06]F_V_JD멜_인지_상시_인플루언서형_인플루언서형.인지_main.릴스_공통.X_1P_문선정_260619_빙과_이수민_OcQS8Jtk.mp4_Copy 3 of [26.06]F_V_JD멜_인지_상시_인플루언서형_인플루언서형.인지_main.릴스_공통.X_1P_문선정_260619_빙과_이수민,30,0,82.0,0,22,인지
2026-08-24,1873959631566914,[빙과_스틱바]_쫀득바_인지2_video,[멜론] 스틱바BP_6.3W,[26.06]F_V_JD멜_인지_쫀득바출시_인물리뷰형_4050대세감_var6.릴스_쩜오건.숏.큐티브금.X_1P_문선정_260619_빙과_강다빈_i87tvceJ.mp4_[26.06]F_V_JD멜_인지_쫀득바출시_인물리뷰형_4050대세감_var6.릴스_쩜오건.숏.큐티브금.X_1P_문선정_260619_빙과_강다빈,4,0,5.0,0,1,인지
2026-08-24,1873959494450194,[빙과_스틱바]_쫀득바_인지2_video,[멜론] 1위단독_7.1W,[26.07]F_V_JD멜_인지_쫀득바출시_바이럴형_커뮤니티형_var4.릴스_판매중단.모쏠친구.X_1P_문선정_260703_빙과_김진수_XUDBqtTs.mp4_[26.07]F_V_JD멜_인지_쫀득바출시_바이럴형_커뮤니티형_var4.릴스_판매중단.모쏠친구.X_1P_문선정_260703_빙과_김진수,434,0,1030.0,0,208,인지
2026-08-24,1873959606553874,[빙과_스틱바]_쫀득바_인지2_video,[멜론] 수박BP_6.3W,[26.06]F_V_JD멜_인지_쫀득바출시_맛인지형_수박BP_var1.릴스_저샀어요.X_1P_김유진_260619_빙과_정하얀_KxT2Mrn4.mp4_[26.06]F_V_JD멜_인지_쫀득바출시_맛인지형_수박BP_var1.릴스_저샀어요.X_1P_김유진_260619_빙과_정하얀,105,0,139.0,0,25,인지
2026-08-24,1873959610749169,[빙과_스틱바]_쫀득바_인지2_video,[멜론] 컨비니BP_6.3W,[26.06]F_V_JD멜_인지_쫀득바출시_제조과정형_컨비니BP_var7.릴스_왁뿌볼.X_1P_김유진_260619_빙과_정요한_ibKZerQN.mp4_[26.06]F_V_JD멜_인지_쫀득바출시_제조과정형_컨비니BP_var7.릴스_왁뿌볼.X_1P_김유진_260619_빙과_정요한,631,0,588.0,0,150,인지
2026-08-24,1873959511342130,[빙과_스틱바]_쫀득바_인지2_video,[멜론] 일본원정템_7.1W,[26.07]F_V_JD멜_인지_쫀득바출시_신규BP_외부BP_main.릴스_메인.키노피오브금.X_2P_문선정_260703_빙과_이하림_CMkAHnfZ.mp4_[26.07]F_V_JD멜_인지_쫀득바출시_신규BP_외부BP_main.릴스_메인.키노피오브금.X_2P_문선정_260703_빙과_이하림,439,0,547.0,0,117,인지
2026-08-24,1874370080353713,[빙과_스틱바]_쫀득바_인지2_video,[멜론] 무디 파트너십 광고 (26년 10월까지만 활용 가능),unyouu_ZQxjeUdR.mp4_unyouu,934,0,1093.0,0,306,인지
2026-08-24,1873959559414897,[빙과_스틱바]_쫀득바_인지2_video,[멜론] 부자들만먹는_6.4W,[26.06]F_V_JD멜_인지_쫀득바출시_신규BP_먹방형_var2.릴스_먹방.X_1P_문선정_260626_빙과_이수민_jNE7zmU8.mp4_[26.06]F_V_JD멜_인지_쫀득바출시_신규BP_먹방형_var2.릴스_먹방.X_1P_문선정_260626_빙과_이수민,21,0,62.0,0,11,인지
2026-08-24,1874370071281842,[빙과_스틱바]_쫀득바_인지2_video,[멜론] 무디 파트너십 광고 (26년 10월까지만 활용 가능),d_love_ys_cZCijq4g.mp4_d_love_ys,1129,0,1291.0,0,341,인지
2026-08-24,1873959530787025,[빙과_스틱바]_쫀득바_인지2_video,[멜론] 책상네고 대체_6.4W,[26.06]F_V_JD멜_인지_쫀득바출시_기타_비하인드썰풀기_main.릴스_본론.X_1P_김유진_260626_빙과_강다빈_viyVb41T.mp4_[26.06]F_V_JD멜_인지_쫀득바출시_기타_비하인드썰풀기_main.릴스_본론.X_1P_김유진_260626_빙과_강다빈,289,0,554.0,0,120,인지
2026-08-24,1873959685405714,[빙과_스틱바]_쫀득바_인지2_video,[멜론] 인물리뷰(1)_6.3W,[26.06]F_V_JD멜_인지_쫀득바출시_인물리뷰형_인물리뷰형_var2.릴스_대세감.X_2P_고가영_260612_빙과_유영현_JSgYoFLC.mp4_[26.06]F_V_JD멜_인지_쫀득바출시_인물리뷰형_인물리뷰형_var2.릴스_대세감.X_2P_고가영_260612_빙과_유영현,4,0,18.0,0,3,인지
2026-08-24,1873959559414865,[빙과_스틱바]_쫀득바_인지2_video,[멜론] 부자들만먹는_6.4W,[26.06]F_V_JD멜_인지_쫀득바출시_신규BP_먹방형_main.릴스_공통.X_1P_문선정_260626_빙과_이수민_6K4RW1kr.mp4_[26.06]F_V_JD멜_인지_쫀득바출시_신규BP_먹방형_main.릴스_공통.X_1P_문선정_260626_빙과_이수민,379,0,802.0,0,185,인지
2026-08-24,1873959643009314,[빙과_스틱바]_쫀득바_인지2_video,[멜론] 초딩유행템_6.3W,[26.06]F_V_JD멜_인지_쫀득바출시_일상반응형_누나동생_var4.렉카_먹방.X_1P_문선정_260615_빙과_노현경_cx0sGrMW.mp4_[26.06]F_V_JD멜_인지_쫀득바출시_일상반응형_누나동생_var4.렉카_먹방.X_1P_문선정_260615_빙과_노현경,155,0,311.0,0,89,인지
2026-08-24,1874370060195937,[빙과_스틱바]_쫀득바_인지2_video,[멜론] 무디 파트너십 광고 (26년 10월까지만 활용 가능),02_TbcHadv6.mp4_02,486,0,639.0,0,206,인지
2026-08-24,1874370091722833,[빙과_스틱바]_쫀득바_인지2_video,[멜론] 무디 파트너십 광고 (26년 10월까지만 활용 가능),payforyouth__j28UIP7Q.mp4_payforyouth_,1141,0,1046.0,0,273,인지
2026-08-24,1874370063993025,[빙과_스틱바]_쫀득바_인지2_video,[멜론] 무디 파트너십 광고 (26년 10월까지만 활용 가능),ddu___0_Jb76Kdc9.mp4_ddu___0,1561,0,2631.0,0,672,인지
2026-08-24,1873959572271185,[빙과_스틱바]_쫀득바_인지2_video,[멜론] 써우리BP_6.4W,[26.06]F_V_JD멜_인지_쫀득바출시_맛인지형_맛인지형.인지_var1.릴스_왁뿌볼.X_1P_문선정_260612_빙과_이수민_EwQB6yWu.mp4_[26.06]F_V_JD멜_인지_쫀득바출시_맛인지형_맛인지형.인지_var1.릴스_왁뿌볼.X_1P_문선정_260612_빙과_이수민,14,0,26.0,0,4,인지
2026-08-24,1873959606553906,[빙과_스틱바]_쫀득바_인지2_video,[멜론] 수박BP_6.3W,[26.06]F_V_JD멜_인지_쫀득바출시_맛인지형_수박BP_main.릴스_1년에딱.X_1P_김유진_260619_빙과_정하얀_4WnKJzct.mp4_[26.06]F_V_JD멜_인지_쫀득바출시_맛인지형_수박BP_main.릴스_1년에딱.X_1P_김유진_260619_빙과_정하얀,106,0,275.0,0,66,인지
2026-08-24,1873959484807170,[빙과_스틱바]_쫀득바_인지2_video,[멜론] 전세계에서일본에만_7.1W,[26.07]F_V_JD멜_인지_쫀득바출시_인물리뷰형_인물리뷰형_var4.릴스_상단.일본안가.X_2P_문선정_260703_빙과_유영현_lXorbHIU.mp4_[26.07]F_V_JD멜_인지_쫀득바출시_인물리뷰형_인물리뷰형_var4.릴스_상단.일본안가.X_2P_문선정_260703_빙과_유영현,46,0,37.0,0,9,인지
2026-08-24,1873959607461201,[빙과_스틱바]_쫀득바_인지2_video,[멜론] 컨비니BP_6.3W,[26.06]F_V_JD멜_인지_쫀득바출시_제조과정형_컨비니BP_var4.릴스_공통.X_1P_김유진_260619_빙과_정요한_9WVuy24o.mp4_[26.06]F_V_JD멜_인지_쫀득바출시_제조과정형_컨비니BP_var4.릴스_공통.X_1P_김유진_260619_빙과_정요한,6,0,6.0,0,1,인지
2026-08-24,1874030321444945,[빙과_스틱바]_쫀득바_인지2_video,[멜론] 컨비니BP_6.3W,[26.06]F_V_JD멜_인지_쫀득바출시_제조과정형_컨비니BP_var5.릴스_공통.할인.X_1P_김유진_260619_빙과_정요한_7cNBXRYq.mp4_[26.06]F_V_JD멜_인지_쫀득바출시_제조과정형_컨비니BP_var5.릴스_공통.할인.X_1P_김유진_260619_빙과_정요한,166,0,555.0,0,118,인지
2026-08-24,1874371832380434,[빙과_스틱바]_쫀득바_인지2_video,[멜론] 무디 파트너십 광고 (26년 10월까지만 활용 가능),dodoscene_9lkPTqUt.mp4_dodoscene,799,0,918.0,0,236,인지
2026-08-24,1873959633516657,[빙과_스틱바]_쫀득바_인지2_video,[멜론] 스틱바BP_6.3W,[26.06]F_V_JD멜_인지_쫀득바출시_인물리뷰형_4050대세감_var5.릴스_쩜오건.숏.음산브금.X_1P_문선정_260619_빙과_강다빈_OPETBUCN.mp4_[26.06]F_V_JD멜_인지_쫀득바출시_인물리뷰형_4050대세감_var5.릴스_쩜오건.숏.음산브금.X_1P_문선정_260619_빙과_강다빈,326,0,544.0,0,115,인지
2026-08-24,1873959541152114,[빙과_스틱바]_쫀득바_인지2_video,[멜론] 1년후에받는_6.4W,[26.06]F_V_JD멜_인지_쫀득바출시_신규BP_써우리BP_var1.릴스_비교1.X_1P_문선정_260626_빙과_이수민_pb8xwIkc.mp4_[26.06]F_V_JD멜_인지_쫀득바출시_신규BP_써우리BP_var1.릴스_비교1.X_1P_문선정_260626_빙과_이수민,185,0,256.0,0,53,인지
2026-08-24,1873959671881745,[빙과_스틱바]_쫀득바_인지2_video,[멜론] 유튜버썰풀기형_6.3W,[26.06]F_V_JD멜_인지_쫀득바출시_숏츠형_유튜브읽기형_var6.릴스_업계최초.의외로.X_1P_문선정_260612_빙과_이수현_KyiOqcTE.mp4_[26.06]F_V_JD멜_인지_쫀득바출시_숏츠형_유튜브읽기형_var6.릴스_업계최초.의외로.X_1P_문선정_260612_빙과_이수현,256,0,446.0,0,85,인지
2026-08-24,1873959571492482,[빙과_스틱바]_쫀득바_인지2_video,[멜론] 써우리BP_6.4W,[26.06]F_V_JD멜_인지_쫀득바출시_맛인지형_맛인지형.인지_var3.릴스_국민템 멜론바.X_1P_문선정_260612_빙과_이수민_49m1RLsV.mp4_[26.06]F_V_JD멜_인지_쫀득바출시_맛인지형_맛인지형.인지_var3.릴스_국민템 멜론바.X_1P_문선정_260612_빙과_이수민,73,0,79.0,0,16,인지
2026-08-24,1873959544525217,[빙과_스틱바]_쫀득바_인지2_video,[멜론] 1년후에받는_6.4W,[26.06]F_V_JD멜_인지_쫀득바출시_신규BP_써우리BP_var5.릴스_광각취식2.X_1P_문선정_260626_빙과_이수민_WvbZ0G7H.mp4_[26.06]F_V_JD멜_인지_쫀득바출시_신규BP_써우리BP_var5.릴스_광각취식2.X_1P_문선정_260626_빙과_이수민,107,0,178.0,0,33,인지
2026-08-24,1873959662238770,[빙과_스틱바]_쫀득바_인지2_video,[멜론] 유튜버썰풀기형_6.3W,[26.06]F_V_JD멜_인지_쫀득바출시_숏츠형_유튜브읽기형_main.릴스_1년에한달.X_1P_문선정_260612_빙과_이수현_fA5aYhzs.mp4_[26.06]F_V_JD멜_인지_쫀득바출시_숏츠형_유튜브읽기형_main.릴스_1년에한달.X_1P_문선정_260612_빙과_이수현,585,0,945.0,0,172,인지
2026-08-24,1874030331270737,[빙과_스틱바]_쫀득바_인지2_video,[망고] 전화네고형_6.3W,[26.06]F_V_JD망_인지_쫀득바출시_네고형_전화네고형_main.릴스_공통.X_2P_문선정_260622_빙과_조의진_NYzLctHZ.mp4_[26.06]F_V_JD망_인지_쫀득바출시_네고형_전화네고형_main.릴스_공통.X_2P_문선정_260622_빙과_조의진,860,0,1388.0,0,267,인지
2026-08-24,1874370090377506,[빙과_스틱바]_쫀득바_인지2_video,[멜론] 무디 파트너십 광고 (26년 10월까지만 활용 가능),xeoj.ng_L7HK2Ueo.mp4_xeoj.ng,1473,0,2476.0,0,647,인지
2026-08-24,1873959534654866,[빙과_스틱바]_쫀득바_인지2_video,[멜론] 농부대첩_6.4W,[26.06]F_V_JD멜_인지_쫀득바출시_신규BP_농부대첩BP_var3.릴스_레시피.X_2P_김유진_260626_빙과_노현경_oK6TcGtU.mp4_[26.06]F_V_JD멜_인지_쫀득바출시_신규BP_농부대첩BP_var3.릴스_레시피.X_2P_김유진_260626_빙과_노현경,665,0,826.0,0,158,인지
2026-08-24,1873959509313921,[빙과_스틱바]_쫀득바_인지2_video,[멜론] 일본원정템_7.1W,[26.07]F_V_JD멜_인지_쫀득바출시_신규BP_외부BP_var2.릴스_POV.X_2P_문선정_260703_빙과_이하림_vSPVRZmI.mp4_[26.07]F_V_JD멜_인지_쫀득바출시_신규BP_외부BP_var2.릴스_POV.X_2P_문선정_260703_빙과_이하림,388,0,781.0,0,172,인지
2026-08-24,1873959679955250,[빙과_스틱바]_쫀득바_인지2_video,[멜론] 인물리뷰(1)_6.3W,[26.06]F_V_JD멜_인지_쫀득바출시_인물리뷰형_인물리뷰형_main.릴스_샀어요.X_2P_고가영_260612_빙과_유영현_ay8jLH2u.mp4_[26.06]F_V_JD멜_인지_쫀득바출시_인물리뷰형_인물리뷰형_main.릴스_샀어요.X_2P_고가영_260612_빙과_유영현,137,0,220.0,0,50,인지
2026-08-24,1873959567272305,[빙과_스틱바]_쫀득바_인지2_video,[멜론] 부자들만먹는_6.4W,[26.06]F_V_JD멜_인지_쫀득바출시_신규BP_먹방형_var4.릴스_숏.X_1P_문선정_260626_빙과_이수민_51lK2MkR.mp4_[26.06]F_V_JD멜_인지_쫀득바출시_신규BP_먹방형_var4.릴스_숏.X_1P_문선정_260626_빙과_이수민,132,0,295.0,0,66,인지
2026-08-24,1873959502194161,[빙과_스틱바]_쫀득바_인지2_video,[멜론] 현지인도못구하는_7.1W,[26.07]F_V_JD멜_인지_쫀득바출시_인플루언서형_인플루언서형_var1.릴스_제품먼저.X_1P_문선정_260703_빙과_정하얀_gA26O49Z.mp4_[26.07]F_V_JD멜_인지_쫀득바출시_인플루언서형_인플루언서형_var1.릴스_제품먼저.X_1P_문선정_260703_빙과_정하얀,53,0,109.0,0,21,인지
2026-08-24,1873959483402274,[빙과_스틱바]_쫀득바_인지2_video,[멜론] 전세계에서일본에만_7.1W,[26.07]F_V_JD멜_인지_쫀득바출시_인물리뷰형_인물리뷰형_main.릴스_공통.X_2P_문선정_260703_빙과_유영현_hfC8Honk.mp4_[26.07]F_V_JD멜_인지_쫀득바출시_인물리뷰형_인물리뷰형_main.릴스_공통.X_2P_문선정_260703_빙과_유영현,7,0,9.0,0,2,인지
2026-08-24,1873959547401362,[빙과_스틱바]_쫀득바_인지2_video,[멜론] 1년후에받는_6.4W,[26.06]F_V_JD멜_인지_쫀득바출시_신규BP_써우리BP_var4.릴스_광각취식1.X_1P_문선정_260626_빙과_이수민_qf35uhY2.mp4_[26.06]F_V_JD멜_인지_쫀득바출시_신규BP_써우리BP_var4.릴스_광각취식1.X_1P_문선정_260626_빙과_이수민,53,0,47.0,0,15,인지
2026-08-24,1874370090397122,[빙과_스틱바]_쫀득바_인지2_video,[멜론] 무디 파트너십 광고 (26년 10월까지만 활용 가능),minimore.927_wXMpjCo9.mp4_minimore.927,1002,0,1939.0,0,538,인지
2026-08-24,1873959579303250,[빙과_스틱바]_쫀득바_인지2_video,[망고] 전화네고형_6.3W,[26.06]F_V_JD망_인지_쫀득바출시_네고형_전화네고형_var1.릴스_먹방.X_2P_문선정_260622_빙과_조의진_idHD4Vv8.mp4_[26.06]F_V_JD망_인지_쫀득바출시_네고형_전화네고형_var1.릴스_먹방.X_2P_문선정_260622_빙과_조의진,721,0,1295.0,0,271,인지
2026-08-24,1874371832550769,[빙과_스틱바]_쫀득바_인지2_video,[멜론] 무디 파트너십 광고 (26년 10월까지만 활용 가능),doyouknow_omg_MfVCQSX8.mp4_doyouknow_omg,1207,0,1305.0,0,325,인지
2026-08-24,1873959625221409,[빙과_스틱바]_쫀득바_인지2_video,[멜론] 스틱바BP_6.3W,[26.06]F_V_JD멜_인지_쫀득바출시_인물리뷰형_4050대세감_var2.릴스_POV.트민남.X_1P_문선정_260619_빙과_강다빈_xGahm3uq.mp4_[26.06]F_V_JD멜_인지_쫀득바출시_인물리뷰형_4050대세감_var2.릴스_POV.트민남.X_1P_문선정_260619_빙과_강다빈,524,0,1181.0,0,231,인지
2026-08-24,1874030319136113,[빙과_스틱바]_쫀득바_인지2_video,[멜론] 초딩유행템_6.3W,[26.06]F_V_JD멜_인지_쫀득바출시_일상반응형_누나동생_var2.렉카_삐짐.X_1P_문선정_260615_빙과_노현경_hK163maR.mp4_[26.06]F_V_JD멜_인지_쫀득바출시_일상반응형_누나동생_var2.렉카_삐짐.X_1P_문선정_260615_빙과_노현경,172,0,283.0,0,61,인지
2026-08-24,1874370083000546,[빙과_스틱바]_쫀득바_인지2_video,[멜론] 무디 파트너십 광고 (26년 10월까지만 활용 가능),s_eo__fit_xO7qAYSe.mp4_s_eo__fit,555,0,466.0,0,156,인지
2026-08-24,1873959654248546,[빙과_스틱바]_쫀득바_인지2_video,[멜론] 요거트바BP_6.3W,[26.06]F_V_JD멜_인지_쫀득바출시_인물리뷰형_편의점원정_var1.릴스_맛.X_1P_문선정_260612_빙과_정요한_USPOMvkw.mp4_[26.06]F_V_JD멜_인지_쫀득바출시_인물리뷰형_편의점원정_var1.릴스_맛.X_1P_문선정_260612_빙과_정요한,211,0,82.0,0,25,인지
2026-08-24,1873959568365938,[빙과_스틱바]_쫀득바_인지2_video,[멜론] 부자들만먹는_6.4W,[26.06]F_V_JD멜_인지_쫀득바출시_신규BP_먹방형_var3.릴스_5만원멜론.X_1P_문선정_260626_빙과_이수민_4jVCt9QI.mp4_[26.06]F_V_JD멜_인지_쫀득바출시_신규BP_먹방형_var3.릴스_5만원멜론.X_1P_문선정_260626_빙과_이수민,48,0,17.0,0,4,인지
2026-08-24,1874030333521250,[빙과_스틱바]_쫀득바_인지2_video,[멜론] 초딩유행템2_6.4W,[26.06]F_V_JD멜_인지_쫀득바출시_신규BP_써우리BP_var2.릴스_혜택.X_1P_문선정_260626_빙과_김진수_AGmDZ35w.mp4_[26.06]F_V_JD멜_인지_쫀득바출시_신규BP_써우리BP_var2.릴스_혜택.X_1P_문선정_260626_빙과_김진수,146,0,298.0,0,62,인지
2026-08-24,1874370076917153,[빙과_스틱바]_쫀득바_인지2_video,[멜론] 무디 파트너십 광고 (26년 10월까지만 활용 가능),niker_jaen_dE0hLqZD.mp4_niker_jaen,1675,0,2968.0,0,729,인지
2026-08-24,1873959656457905,[빙과_스틱바]_쫀득바_인지2_video,[멜론] 요거트바BP_6.3W,[26.06]F_V_JD멜_인지_쫀득바출시_인물리뷰형_편의점원정_var2.릴스_퀄리티.X_1P_문선정_260612_빙과_정요한_F6rWEnOX.mp4_[26.06]F_V_JD멜_인지_쫀득바출시_인물리뷰형_편의점원정_var2.릴스_퀄리티.X_1P_문선정_260612_빙과_정요한,95,0,198.0,0,42,인지
2026-08-24,1873959483402306,[빙과_스틱바]_쫀득바_인지2_video,[멜론] 전세계에서일본에만_7.1W,[26.07]F_V_JD멜_인지_쫀득바출시_인물리뷰형_인물리뷰형_var2.릴스_상단.1등로손.X_2P_문선정_260703_빙과_유영현_kvnPtLWY.mp4_[26.07]F_V_JD멜_인지_쫀득바출시_인물리뷰형_인물리뷰형_var2.릴스_상단.1등로손.X_2P_문선정_260703_빙과_유영현,27,0,33.0,0,6,인지
2026-08-24,1874370063742978,[빙과_스틱바]_쫀득바_인지2_video,[멜론] 무디 파트너십 광고 (26년 10월까지만 활용 가능),haaube_gxcneazF.mp4_haaube,3229,0,4573.0,0,984,인지
2026-08-24,1874370084620641,[빙과_스틱바]_쫀득바_인지2_video,[멜론] 무디 파트너십 광고 (26년 10월까지만 활용 가능),suj_43_2u1JOHAq.mp4_suj_43,1461,0,1351.0,0,309,인지
2026-08-24,1873959662238738,[빙과_스틱바]_쫀득바_인지2_video,[멜론] 유튜버썰풀기형_6.3W,[26.06]F_V_JD멜_인지_쫀득바출시_숏츠형_유튜브읽기형_var1.릴스_1년에한달.365일.X_1P_문선정_260612_빙과_이수현_Gau8dgwA.mp4_[26.06]F_V_JD멜_인지_쫀득바출시_숏츠형_유튜브읽기형_var1.릴스_1년에한달.365일.X_1P_문선정_260612_빙과_이수현,109,0,168.0,0,52,인지
2026-08-24,1874370060202321,[빙과_스틱바]_쫀득바_인지2_video,[멜론] 무디 파트너십 광고 (26년 10월까지만 활용 가능),eunbynko_XVZyBHut.mp4_eunbynko,1095,0,823.0,0,248,인지
2026-08-24,1873959526530274,[빙과_스틱바]_쫀득바_인지2_video,[멜론] 책상네고 대체_6.4W,[26.06]F_V_JD멜_인지_쫀득바출시_기타_비하인드썰풀기_var1.릴스_짤림후킹.X_1P_김유진_260626_빙과_강다빈_N8xnAoaE.mp4_[26.06]F_V_JD멜_인지_쫀득바출시_기타_비하인드썰풀기_var1.릴스_짤림후킹.X_1P_김유진_260626_빙과_강다빈,278,0,112.0,0,29,인지
2026-08-24,1874370068335249,[빙과_스틱바]_쫀득바_인지2_video,[멜론] 무디 파트너십 광고 (26년 10월까지만 활용 가능),cmonprefere__k_Hx4qLXWs.mp4_cmonprefere__k,1662,0,1646.0,0,397,인지
2026-08-24,1873959592940658,[빙과_스틱바]_쫀득바_인지2_video,[멜론] 인플루언서형_6.3W,[26.06]F_V_JD멜_인지_상시_인플루언서형_인플루언서형.인지_var1.릴스_쫀득 후킹.X_1P_문선정_260619_빙과_이수민_HCZXPTgo.mp4_[26.06]F_V_JD멜_인지_상시_인플루언서형_인플루언서형.인지_var1.릴스_쫀득 후킹.X_1P_문선정_260619_빙과_이수민,67,0,154.0,0,42,인지
2026-08-24,1874370081743346,[빙과_스틱바]_쫀득바_인지2_video,[멜론] 무디 파트너십 광고 (26년 10월까지만 활용 가능),quan_d__orndSwaq.mp4_quan_d_,4076,0,5603.0,0,1074,인지
2026-08-24,1873959492107505,[빙과_스틱바]_쫀득바_인지2_video,[멜론] 전세계에서일본에만_7.1W,[26.07]F_V_JD멜_인지_쫀득바출시_인물리뷰형_인물리뷰형_var5.릴스_대세왁뿌.X_2P_문선정_260703_빙과_유영현_nmCE6i3s.mp4_[26.07]F_V_JD멜_인지_쫀득바출시_인물리뷰형_인물리뷰형_var5.릴스_대세왁뿌.X_2P_문선정_260703_빙과_유영현,22,0,10.0,0,3,인지
2026-08-24,1873959662058609,[빙과_스틱바]_쫀득바_인지2_video,[멜론] 요거트바BP_6.3W,[26.06]F_V_JD멜_인지_쫀득바출시_인물리뷰형_편의점원정_var4.릴스_대세감.X_1P_문선정_260612_빙과_정요한_dTrqo0s9.mp4_[26.06]F_V_JD멜_인지_쫀득바출시_인물리뷰형_편의점원정_var4.릴스_대세감.X_1P_문선정_260612_빙과_정요한,132,0,82.0,0,23,인지
2026-08-24,1874030341331282,[빙과_스틱바]_쫀득바_인지2_video,[멜론] 전세계에서일본에만_7.1W,[26.07]F_V_JD멜_인지_쫀득바출시_인물리뷰형_인물리뷰형_var1.릴스_상단.국내출시.X_2P_문선정_260703_빙과_유영현_hYJso2jc.mp4_[26.07]F_V_JD멜_인지_쫀득바출시_인물리뷰형_인물리뷰형_var1.릴스_상단.국내출시.X_2P_문선정_260703_빙과_유영현,274,0,845.0,0,186,인지
2026-08-24,1873959560792561,[빙과_스틱바]_쫀득바_인지2_video,[멜론] 부자들만먹는_6.4W,[26.06]F_V_JD멜_인지_쫀득바출시_신규BP_먹방형_var1.릴스_쫀득.X_1P_문선정_260626_빙과_이수민_PAw0dpIV.mp4_[26.06]F_V_JD멜_인지_쫀득바출시_신규BP_먹방형_var1.릴스_쫀득.X_1P_문선정_260626_빙과_이수민,90,0,118.0,0,24,인지
2026-08-24,1873959607444929,[빙과_스틱바]_쫀득바_인지2_video,[멜론] 컨비니BP_6.3W,[26.06]F_V_JD멜_인지_쫀득바출시_제조과정형_컨비니BP_var6.릴스_희소성.X_1P_김유진_260619_빙과_정요한_BXJfE8xs.mp4_[26.06]F_V_JD멜_인지_쫀득바출시_제조과정형_컨비니BP_var6.릴스_희소성.X_1P_김유진_260619_빙과_정요한,61,0,58.0,0,14,인지
2026-08-24,1873959480704162,[빙과_스틱바]_쫀득바_인지2_video,[멜론] 관계성네고_7.1W,[26.07]F_V_JD멜_인지_쫀득바출시_인물리뷰형_관계성_var6.릴스_잔소리후킹.X_1P_김유진_260703_빙과_강다빈_8xsJGKVk.mp4_[26.07]F_V_JD멜_인지_쫀득바출시_인물리뷰형_관계성_var6.릴스_잔소리후킹.X_1P_김유진_260703_빙과_강다빈,1594,0,2565.0,0,499,인지
2026-08-24,1873959526530242,[빙과_스틱바]_쫀득바_인지2_video,[멜론] 책상네고 대체_6.4W,[26.06]F_V_JD멜_인지_쫀득바출시_기타_비하인드썰풀기_var2.릴스_POV.X_1P_김유진_260626_빙과_강다빈_dvNEWTwx.mp4_[26.06]F_V_JD멜_인지_쫀득바출시_기타_비하인드썰풀기_var2.릴스_POV.X_1P_김유진_260626_빙과_강다빈,41,0,86.0,0,25,인지
2026-08-24,1873959576604178,[빙과_스틱바]_쫀득바_인지2_video,[멜론] 써우리BP_6.4W,[26.06]F_V_JD멜_인지_쫀득바출시_맛인지형_맛인지형.인지_var4.릴스_노을멜론.X_1P_문선정_260612_빙과_이수민_c8GfOUgM.mp4_[26.06]F_V_JD멜_인지_쫀득바출시_맛인지형_맛인지형.인지_var4.릴스_노을멜론.X_1P_문선정_260612_빙과_이수민,79,0,92.0,0,17,인지
2026-08-24,1873959596195153,[빙과_스틱바]_쫀득바_인지2_video,[멜론] 인플루언서형_6.3W,[26.06]F_V_JD멜_인지_상시_인플루언서형_인플루언서형.인지_main.릴스_공통.X_1P_문선정_260619_빙과_이수민_OcQS8Jtk.mp4_[26.06]F_V_JD멜_인지_상시_인플루언서형_인플루언서형.인지_main.릴스_공통.X_1P_문선정_260619_빙과_이수민,13,0,29.0,0,7,인지
2026-08-24,1873959582885202,[빙과_스틱바]_쫀득바_인지2_video,[망고] 맛인지_6.3W,[26.06]F_V_JD망_인지_쫀득바출시_맛인지형_맛인지형.인지_main.릴스_공통.진수.6월.수민PJ_2P_문선정_260619_빙과_김지연_pI4Fmbu1.mp4_[26.06]F_V_JD망_인지_쫀득바출시_맛인지형_맛인지형.인지_main.릴스_공통.진수.6월.수민PJ_2P_문선정_260619_빙과_김지연,3995,0,5612.0,0,1052,인지
2026-08-24,1873959541011649,[빙과_스틱바]_쫀득바_인지2_video,[멜론] 농부대첩_6.4W,[26.06]F_V_JD멜_인지_쫀득바출시_신규BP_농부대첩BP_main.릴스_공통.X_2P_김유진_260626_빙과_노현경_VoRCtWIf.mp4_[26.06]F_V_JD멜_인지_쫀득바출시_신규BP_농부대첩BP_main.릴스_공통.X_2P_김유진_260626_빙과_노현경,59,0,96.0,0,19,인지
2026-08-24,1873959550576913,[빙과_스틱바]_쫀득바_인지2_video,[멜론] 1년후에받는_6.4W,[26.06]F_V_JD멜_인지_쫀득바출시_신규BP_써우리BP_var3.릴스_찾는척.X_1P_문선정_260626_빙과_이수민_dsA5VQTS.mp4_[26.06]F_V_JD멜_인지_쫀득바출시_신규BP_써우리BP_var3.릴스_찾는척.X_1P_문선정_260626_빙과_이수민,303,0,425.0,0,94,인지
2026-08-24,1873959666755666,[빙과_스틱바]_쫀득바_인지2_video,[멜론] 유튜버썰풀기형_6.3W,[26.06]F_V_JD멜_인지_쫀득바출시_숏츠형_유튜브읽기형_var4.릴스_SNS도배.과일.X_1P_문선정_260612_빙과_이수현_FS2Lzmjs.mp4_[26.06]F_V_JD멜_인지_쫀득바출시_숏츠형_유튜브읽기형_var4.릴스_SNS도배.과일.X_1P_문선정_260612_빙과_이수현,93,0,66.0,0,16,인지
2026-08-24,1873959648848097,[빙과_스틱바]_쫀득바_인지2_video,[멜론] 인물리뷰(2)_6.3W,[26.06]F_V_JD멜_인지_쫀득바출시_인물리뷰형_렉카형_var4.릴스_상단.판매중단.X_2P_고가영_260612_빙과_김지연_qc1ljdun.mp4_[26.06]F_V_JD멜_인지_쫀득바출시_인물리뷰형_렉카형_var4.릴스_상단.판매중단.X_2P_고가영_260612_빙과_김지연,279,0,109.0,0,34,인지
2026-08-24,1873959645922641,[빙과_스틱바]_쫀득바_인지2_video,[멜론] 인물리뷰(2)_6.3W,[26.06]F_V_JD멜_인지_쫀득바출시_인물리뷰형_렉카형_main.릴스_공통.X_2P_고가영_260612_빙과_김지연_bRJKpluY.mp4_[26.06]F_V_JD멜_인지_쫀득바출시_인물리뷰형_렉카형_main.릴스_공통.X_2P_고가영_260612_빙과_김지연,5,0,6.0,0,1,인지
2026-08-24,1874370092553873,[빙과_스틱바]_쫀득바_인지2_video,[멜론] 무디 파트너십 광고 (26년 10월까지만 활용 가능),riverbinn_N8nEPrUl.mp4_riverbinn,675,0,869.0,0,261,인지
2026-08-24,1874030313976066,[빙과_스틱바]_쫀득바_인지2_video,[멜론] 인물리뷰(1)_6.3W,[26.06]F_V_JD멜_인지_쫀득바출시_인물리뷰형_인물리뷰형_var4.릴스_후킹.X_2P_고가영_260612_빙과_유영현_JfFPUknj.mp4_[26.06]F_V_JD멜_인지_쫀득바출시_인물리뷰형_인물리뷰형_var4.릴스_후킹.X_2P_고가영_260612_빙과_유영현,224,0,620.0,0,147,인지
2026-08-24,1874030316282466,[빙과_스틱바]_쫀득바_인지2_video,[멜론] 유튜버썰풀기형_6.3W,[26.06]F_V_JD멜_인지_쫀득바출시_숏츠형_유튜브읽기형_var3.릴스_SNS도배.두쫀쿠다음.X_1P_문선정_260612_빙과_이수현_8Q64E9kb.mp4_[26.06]F_V_JD멜_인지_쫀득바출시_숏츠형_유튜브읽기형_var3.릴스_SNS도배.두쫀쿠다음.X_1P_문선정_260612_빙과_이수현,84,0,56.0,0,17,인지
2026-08-24,1874030338066737,[빙과_스틱바]_쫀득바_인지2_video,[멜론] 현지인도못구하는_7.1W,[26.07]F_V_JD멜_인지_쫀득바출시_인플루언서형_인플루언서형_var2.릴스_인물먼저.X_1P_문선정_260703_빙과_정하얀_JOamzo0T.mp4_[26.07]F_V_JD멜_인지_쫀득바출시_인플루언서형_인플루언서형_var2.릴스_인물먼저.X_1P_문선정_260703_빙과_정하얀,225,0,703.0,0,155,인지
2026-08-24,1873959645921585,[빙과_스틱바]_쫀득바_인지2_video,[멜론] 인물리뷰(2)_6.3W,[26.06]F_V_JD멜_인지_쫀득바출시_인물리뷰형_렉카형_var1.릴스_1년멜론.X_2P_고가영_260612_빙과_김지연_Vfw93Dij.mp4_[26.06]F_V_JD멜_인지_쫀득바출시_인물리뷰형_렉카형_var1.릴스_1년멜론.X_2P_고가영_260612_빙과_김지연,253,0,664.0,0,135,인지
2026-08-24,1873959624012817,[빙과_스틱바]_쫀득바_인지2_video,[멜론] 스틱바BP_6.3W,[26.06]F_V_JD멜_인지_쫀득바출시_인물리뷰형_4050대세감_main.릴스_본론.X_1P_문선정_260619_빙과_강다빈_VvFUnekb.mp4_[26.06]F_V_JD멜_인지_쫀득바출시_인물리뷰형_4050대세감_main.릴스_본론.X_1P_문선정_260619_빙과_강다빈,121,0,229.0,0,40,인지
2026-08-24,1874030334903522,[빙과_스틱바]_쫀득바_인지2_video,[멜론] 1년후에받는_6.4W,[26.06]F_V_JD멜_인지_쫀득바출시_신규BP_써우리BP_main.릴스_공통.X_1P_문선정_260626_빙과_이수민_ATprqdNR.mp4_[26.06]F_V_JD멜_인지_쫀득바출시_신규BP_써우리BP_main.릴스_공통.X_1P_문선정_260626_빙과_이수민,30,0,68.0,0,13,인지
2026-08-24,1874370074461601,[빙과_스틱바]_쫀득바_인지2_video,[멜론] 무디 파트너십 광고 (26년 10월까지만 활용 가능),ksxxida_n57kQYyo.mp4_ksxxida,2829,0,7687.0,0,1684,인지
2026-08-24,1873959681209441,[빙과_스틱바]_쫀득바_인지2_video,[멜론] 인물리뷰(1)_6.3W,[26.06]F_V_JD멜_인지_쫀득바출시_인물리뷰형_인물리뷰형_var3.릴스_코어의외성.X_2P_고가영_260612_빙과_유영현_wjEIQSXr.mp4_[26.06]F_V_JD멜_인지_쫀득바출시_인물리뷰형_인물리뷰형_var3.릴스_코어의외성.X_2P_고가영_260612_빙과_유영현,43,0,24.0,0,9,인지
2026-08-24,1873959624012849,[빙과_스틱바]_쫀득바_인지2_video,[멜론] 스틱바BP_6.3W,[26.06]F_V_JD멜_인지_쫀득바출시_인물리뷰형_4050대세감_var1.릴스_맛후킹.X_1P_문선정_260619_빙과_강다빈_Stbu1VnU.mp4_[26.06]F_V_JD멜_인지_쫀득바출시_인물리뷰형_4050대세감_var1.릴스_맛후킹.X_1P_문선정_260619_빙과_강다빈,87,0,123.0,0,31,인지
2026-08-24,1873959582885234,[빙과_스틱바]_쫀득바_인지2_video,[망고] 맛인지_6.3W,[26.06]F_V_JD망_인지_쫀득바출시_맛인지형_맛인지형.인지_var1.릴스_젤리식감.진수.6월.수민PJ_2P_문선정_260619_빙과_김지연_oqUjrN9C.mp4_[26.06]F_V_JD망_인지_쫀득바출시_맛인지형_맛인지형.인지_var1.릴스_젤리식감.진수.6월.수민PJ_2P_문선정_260619_빙과_김지연,28,0,9.0,0,3,인지
2026-08-24,1874370098478129,[빙과_스틱바]_쫀득바_인지2_video,[멜론] 무디 파트너십 광고 (26년 10월까지만 활용 가능),kdaaeng_5cY4RH6h.mp4_kdaaeng,1501,0,2526.0,0,635,인지
2026-08-24,1873959673179393,[빙과_스틱바]_쫀득바_인지2_video,[멜론] 유튜버썰풀기형_6.3W,[26.06]F_V_JD멜_인지_쫀득바출시_숏츠형_유튜브읽기형_var5.릴스_업계최초.X_1P_문선정_260612_빙과_이수현_EID4Njqr.mp4_[26.06]F_V_JD멜_인지_쫀득바출시_숏츠형_유튜브읽기형_var5.릴스_업계최초.X_1P_문선정_260612_빙과_이수현,1,0,7.0,0,1,인지
2026-08-24,1873959636476066,[빙과_스틱바]_쫀득바_인지2_video,[멜론] 초딩유행템_6.3W,[26.06]F_V_JD멜_인지_쫀득바출시_일상반응형_누나동생_main.렉카_떼쓰기.X_1P_문선정_260615_빙과_노현경_pKk6yJO4.mp4_[26.06]F_V_JD멜_인지_쫀득바출시_일상반응형_누나동생_main.렉카_떼쓰기.X_1P_문선정_260615_빙과_노현경,100,0,152.0,0,27,인지
2026-08-24,1873959600941425,[빙과_스틱바]_쫀득바_인지2_video,[멜론] 인플루언서형_6.3W,[26.06]F_V_JD멜_인지_상시_인플루언서형_인플루언서형.인지_var1.릴스_쫀득 후킹.X_1P_문선정_260619_빙과_이수민_HCZXPTgo.mp4_[26.06]F_V_JD멜_인지_상시_인플루언서형_인플루언서형.인지_var1.릴스_쫀득 후킹.X_1P_문선정_260619_빙과_이수민,11,0,35.0,0,8,인지
2026-08-24,1874370094864626,[빙과_스틱바]_쫀득바_인지2_video,[멜론] 무디 파트너십 광고 (26년 10월까지만 활용 가능),bbuni_sol_0lW2JXmG.mp4_bbuni_sol,1303,0,1435.0,0,401,인지
2026-08-24,1874370084367666,[빙과_스틱바]_쫀득바_인지2_video,[멜론] 무디 파트너십 광고 (26년 10월까지만 활용 가능),siyeonyoojoa_cRqTQrdi.mp4_siyeonyoojoa,1776,0,2668.0,0,621,인지
2026-08-24,1873959500695698,[빙과_스틱바]_쫀득바_인지2_video,[멜론] 1위단독_7.1W,[26.07]F_V_JD멜_인지_쫀득바출시_바이럴형_커뮤니티형_var1.릴스_30년만에.신입탕비담당.X_1P_문선정_260702_빙과_김진수_8W5sKwHy.mp4_[26.07]F_V_JD멜_인지_쫀득바출시_바이럴형_커뮤니티형_var1.릴스_30년만에.신입탕비담당.X_1P_문선정_260702_빙과_김진수,203,0,383.0,0,80,인지
2026-08-24,1873959656924433,[빙과_스틱바]_쫀득바_인지2_video,[멜론] 요거트바BP_6.3W,[26.06]F_V_JD멜_인지_쫀득바출시_인물리뷰형_편의점원정_var3.릴스_왁뿌볼.X_1P_문선정_260612_빙과_정요한_HJ4yRNtY.mp4_[26.06]F_V_JD멜_인지_쫀득바출시_인물리뷰형_편의점원정_var3.릴스_왁뿌볼.X_1P_문선정_260612_빙과_정요한,38,0,71.0,0,14,인지
2026-08-24,1873959654247474,[빙과_스틱바]_쫀득바_인지2_video,[멜론] 요거트바BP_6.3W,[26.06]F_V_JD멜_인지_쫀득바출시_인물리뷰형_편의점원정_main.릴스_공통.X_1P_문선정_260612_빙과_정요한_YkIZOlu0.mp4_[26.06]F_V_JD멜_인지_쫀득바출시_인물리뷰형_편의점원정_main.릴스_공통.X_1P_문선정_260612_빙과_정요한,331,0,518.0,0,127,인지
2026-08-24,1873959585040561,[빙과_스틱바]_쫀득바_인지2_video,[망고] 맛인지_6.3W,[26.06]F_V_JD망_인지_쫀득바출시_맛인지형_맛인지형.인지_var3.릴스_대세감.진수.6월.수민PJ_2P_문선정_260619_빙과_김지연_694xYrHj.mp4_[26.06]F_V_JD망_인지_쫀득바출시_맛인지형_맛인지형.인지_var3.릴스_대세감.진수.6월.수민PJ_2P_문선정_260619_빙과_김지연,95,0,63.0,0,21,인지
2026-08-24,1873959668420802,[빙과_스틱바]_쫀득바_인지2_video,[멜론] 유튜버썰풀기형_6.3W,[26.06]F_V_JD멜_인지_쫀득바출시_숏츠형_유튜브읽기형_var2.릴스_원조이김.국민템.X_1P_문선정_260612_빙과_이수현_sC9KkVo2.mp4_[26.06]F_V_JD멜_인지_쫀득바출시_숏츠형_유튜브읽기형_var2.릴스_원조이김.국민템.X_1P_문선정_260612_빙과_이수현,11,0,30.0,0,5,인지
2026-08-24,1873959493639409,[빙과_스틱바]_쫀득바_인지2_video,[멜론] 초딩유행템2_6.4W,[26.06]F_V_JD멜_인지_쫀득바출시_신규BP_써우리BP_var1.릴스_초딩유행템.X_1P_문선정_260626_빙과_김진수_zL5oeyvi.mp4_[26.06]F_V_JD멜_인지_쫀득바출시_신규BP_써우리BP_var1.릴스_초딩유행템.X_1P_문선정_260626_빙과_김진수,18,0,31.0,0,7,인지
2026-08-24,1873959502194113,[빙과_스틱바]_쫀득바_인지2_video,[멜론] 현지인도못구하는_7.1W,[26.07]F_V_JD멜_인지_쫀득바출시_인플루언서형_인플루언서형_main.릴스_비행기표취소.X_1P_문선정_260703_빙과_정하얀_6J9yLGRu.mp4_[26.07]F_V_JD멜_인지_쫀득바출시_인플루언서형_인플루언서형_main.릴스_비행기표취소.X_1P_문선정_260703_빙과_정하얀,143,0,288.0,0,51,인지
2026-08-24,1874030317649217,[빙과_스틱바]_쫀득바_인지2_video,[멜론] 인물리뷰(2)_6.3W,[26.06]F_V_JD멜_인지_쫀득바출시_인물리뷰형_렉카형_var2.릴스_상단.대세감.X_2P_고가영_260612_빙과_김지연_uJ2PiCGN.mp4_[26.06]F_V_JD멜_인지_쫀득바출시_인물리뷰형_렉카형_var2.릴스_상단.대세감.X_2P_고가영_260612_빙과_김지연,599,0,993.0,0,190,인지
2026-08-24,1873959534653730,[빙과_스틱바]_쫀득바_인지2_video,[멜론] 농부대첩_6.4W,[26.06]F_V_JD멜_인지_쫀득바출시_신규BP_농부대첩BP_var4.릴스_OEM.X_2P_김유진_260626_빙과_노현경_C8ZH0kJx.mp4_[26.06]F_V_JD멜_인지_쫀득바출시_신규BP_농부대첩BP_var4.릴스_OEM.X_2P_김유진_260626_빙과_노현경,295,0,885.0,0,204,인지
2026-08-24,1873959586022625,[빙과_스틱바]_쫀득바_인지2_video,[망고] 맛인지_6.3W,[26.06]F_V_JD망_인지_쫀득바출시_맛인지형_맛인지형.인지_var2.릴스_망고맛.진수.6월.수민PJ_2P_문선정_260619_빙과_김지연_85l4f3Aq.mp4_[26.06]F_V_JD망_인지_쫀득바출시_맛인지형_맛인지형.인지_var2.릴스_망고맛.진수.6월.수민PJ_2P_문선정_260619_빙과_김지연,29,0,68.0,0,17,인지
2026-08-24,1873959476064386,[빙과_스틱바]_쫀득바_인지2_video,[멜론] 떡볶이BP_7.1W,[26.07]F_V_JD멜_인지_쫀득바출시_신규BP_떡볶이BP_var5.릴스_공통.X_2P_김유진_260703_빙과_조의진_xJdzvYMF.mp4_[26.07]F_V_JD멜_인지_쫀득바출시_신규BP_떡볶이BP_var5.릴스_공통.X_2P_김유진_260703_빙과_조의진,8738,0,13922.0,0,2654,인지
2026-08-24,1873959592941730,[빙과_스틱바]_쫀득바_인지2_video,[멜론] 인플루언서형_6.3W,[26.06]F_V_JD멜_인지_상시_인플루언서형_인플루언서형.인지_main.릴스_공통.X_1P_문선정_260619_빙과_이수민_OcQS8Jtk.mp4_[26.06]F_V_JD멜_인지_상시_인플루언서형_인플루언서형.인지_var2.릴스_대세감.X_1P_문선정_260619_빙과_이수민,22,0,33.0,0,9,인지
2026-08-25,1874370091722833,[빙과_스틱바]_쫀득바_인지2_video,[멜론] 무디 파트너십 광고 (26년 10월까지만 활용 가능),payforyouth__j28UIP7Q.mp4_payforyouth_,646,0,1133.0,0,233,인지
2026-08-25,1874030313976066,[빙과_스틱바]_쫀득바_인지2_video,[멜론] 인물리뷰(1)_6.3W,[26.06]F_V_JD멜_인지_쫀득바출시_인물리뷰형_인물리뷰형_var4.릴스_후킹.X_2P_고가영_260612_빙과_유영현_JfFPUknj.mp4_[26.06]F_V_JD멜_인지_쫀득바출시_인물리뷰형_인물리뷰형_var4.릴스_후킹.X_2P_고가영_260612_빙과_유영현,127,0,364.0,0,81,인지
2026-08-25,1873959681209441,[빙과_스틱바]_쫀득바_인지2_video,[멜론] 인물리뷰(1)_6.3W,[26.06]F_V_JD멜_인지_쫀득바출시_인물리뷰형_인물리뷰형_var3.릴스_코어의외성.X_2P_고가영_260612_빙과_유영현_wjEIQSXr.mp4_[26.06]F_V_JD멜_인지_쫀득바출시_인물리뷰형_인물리뷰형_var3.릴스_코어의외성.X_2P_고가영_260612_빙과_유영현,18,0,31.0,0,10,인지
2026-08-25,1873959607461201,[빙과_스틱바]_쫀득바_인지2_video,[멜론] 컨비니BP_6.3W,[26.06]F_V_JD멜_인지_쫀득바출시_제조과정형_컨비니BP_var4.릴스_공통.X_1P_김유진_260619_빙과_정요한_9WVuy24o.mp4_[26.06]F_V_JD멜_인지_쫀득바출시_제조과정형_컨비니BP_var4.릴스_공통.X_1P_김유진_260619_빙과_정요한,2,0,5.0,0,1,인지
2026-08-25,1873959547401362,[빙과_스틱바]_쫀득바_인지2_video,[멜론] 1년후에받는_6.4W,[26.06]F_V_JD멜_인지_쫀득바출시_신규BP_써우리BP_var4.릴스_광각취식1.X_1P_문선정_260626_빙과_이수민_qf35uhY2.mp4_[26.06]F_V_JD멜_인지_쫀득바출시_신규BP_써우리BP_var4.릴스_광각취식1.X_1P_문선정_260626_빙과_이수민,83,0,134.0,0,35,인지
2026-08-25,1873959576604178,[빙과_스틱바]_쫀득바_인지2_video,[멜론] 써우리BP_6.4W,[26.06]F_V_JD멜_인지_쫀득바출시_맛인지형_맛인지형.인지_var4.릴스_노을멜론.X_1P_문선정_260612_빙과_이수민_c8GfOUgM.mp4_[26.06]F_V_JD멜_인지_쫀득바출시_맛인지형_맛인지형.인지_var4.릴스_노을멜론.X_1P_문선정_260612_빙과_이수민,61,0,96.0,0,17,인지
2026-08-25,1874370092553873,[빙과_스틱바]_쫀득바_인지2_video,[멜론] 무디 파트너십 광고 (26년 10월까지만 활용 가능),riverbinn_N8nEPrUl.mp4_riverbinn,701,0,1322.0,0,372,인지
2026-08-25,1873959666755666,[빙과_스틱바]_쫀득바_인지2_video,[멜론] 유튜버썰풀기형_6.3W,[26.06]F_V_JD멜_인지_쫀득바출시_숏츠형_유튜브읽기형_var4.릴스_SNS도배.과일.X_1P_문선정_260612_빙과_이수현_FS2Lzmjs.mp4_[26.06]F_V_JD멜_인지_쫀득바출시_숏츠형_유튜브읽기형_var4.릴스_SNS도배.과일.X_1P_문선정_260612_빙과_이수현,9,0,16.0,0,3,인지
2026-08-25,1874030341331282,[빙과_스틱바]_쫀득바_인지2_video,[멜론] 전세계에서일본에만_7.1W,[26.07]F_V_JD멜_인지_쫀득바출시_인물리뷰형_인물리뷰형_var1.릴스_상단.국내출시.X_2P_문선정_260703_빙과_유영현_hYJso2jc.mp4_[26.07]F_V_JD멜_인지_쫀득바출시_인물리뷰형_인물리뷰형_var1.릴스_상단.국내출시.X_2P_문선정_260703_빙과_유영현,227,0,825.0,0,160,인지
2026-08-25,1873959662238770,[빙과_스틱바]_쫀득바_인지2_video,[멜론] 유튜버썰풀기형_6.3W,[26.06]F_V_JD멜_인지_쫀득바출시_숏츠형_유튜브읽기형_main.릴스_1년에한달.X_1P_문선정_260612_빙과_이수현_fA5aYhzs.mp4_[26.06]F_V_JD멜_인지_쫀득바출시_숏츠형_유튜브읽기형_main.릴스_1년에한달.X_1P_문선정_260612_빙과_이수현,558,0,861.0,0,157,인지
2026-08-25,1874030316282466,[빙과_스틱바]_쫀득바_인지2_video,[멜론] 유튜버썰풀기형_6.3W,[26.06]F_V_JD멜_인지_쫀득바출시_숏츠형_유튜브읽기형_var3.릴스_SNS도배.두쫀쿠다음.X_1P_문선정_260612_빙과_이수현_8Q64E9kb.mp4_[26.06]F_V_JD멜_인지_쫀득바출시_숏츠형_유튜브읽기형_var3.릴스_SNS도배.두쫀쿠다음.X_1P_문선정_260612_빙과_이수현,72,0,114.0,0,22,인지
2026-08-25,1874370068335249,[빙과_스틱바]_쫀득바_인지2_video,[멜론] 무디 파트너십 광고 (26년 10월까지만 활용 가능),cmonprefere__k_Hx4qLXWs.mp4_cmonprefere__k,689,0,1289.0,0,230,인지
2026-08-25,1873959502194113,[빙과_스틱바]_쫀득바_인지2_video,[멜론] 현지인도못구하는_7.1W,[26.07]F_V_JD멜_인지_쫀득바출시_인플루언서형_인플루언서형_main.릴스_비행기표취소.X_1P_문선정_260703_빙과_정하얀_6J9yLGRu.mp4_[26.07]F_V_JD멜_인지_쫀득바출시_인플루언서형_인플루언서형_main.릴스_비행기표취소.X_1P_문선정_260703_빙과_정하얀,54,0,86.0,0,15,인지
2026-08-25,1874370063742978,[빙과_스틱바]_쫀득바_인지2_video,[멜론] 무디 파트너십 광고 (26년 10월까지만 활용 가능),haaube_gxcneazF.mp4_haaube,5057,0,9321.0,0,1757,인지
2026-08-25,1873959624012817,[빙과_스틱바]_쫀득바_인지2_video,[멜론] 스틱바BP_6.3W,[26.06]F_V_JD멜_인지_쫀득바출시_인물리뷰형_4050대세감_main.릴스_본론.X_1P_문선정_260619_빙과_강다빈_VvFUnekb.mp4_[26.06]F_V_JD멜_인지_쫀득바출시_인물리뷰형_4050대세감_main.릴스_본론.X_1P_문선정_260619_빙과_강다빈,190,0,376.0,0,66,인지
2026-08-25,1874370098478129,[빙과_스틱바]_쫀득바_인지2_video,[멜론] 무디 파트너십 광고 (26년 10월까지만 활용 가능),kdaaeng_5cY4RH6h.mp4_kdaaeng,918,0,2296.0,0,545,인지
2026-08-25,1873959541152114,[빙과_스틱바]_쫀득바_인지2_video,[멜론] 1년후에받는_6.4W,[26.06]F_V_JD멜_인지_쫀득바출시_신규BP_써우리BP_var1.릴스_비교1.X_1P_문선정_260626_빙과_이수민_pb8xwIkc.mp4_[26.06]F_V_JD멜_인지_쫀득바출시_신규BP_써우리BP_var1.릴스_비교1.X_1P_문선정_260626_빙과_이수민,173,0,355.0,0,72,인지
2026-08-25,1873959624012849,[빙과_스틱바]_쫀득바_인지2_video,[멜론] 스틱바BP_6.3W,[26.06]F_V_JD멜_인지_쫀득바출시_인물리뷰형_4050대세감_var1.릴스_맛후킹.X_1P_문선정_260619_빙과_강다빈_Stbu1VnU.mp4_[26.06]F_V_JD멜_인지_쫀득바출시_인물리뷰형_4050대세감_var1.릴스_맛후킹.X_1P_문선정_260619_빙과_강다빈,182,0,140.0,0,46,인지
2026-08-25,1873959534653730,[빙과_스틱바]_쫀득바_인지2_video,[멜론] 농부대첩_6.4W,[26.06]F_V_JD멜_인지_쫀득바출시_신규BP_농부대첩BP_var4.릴스_OEM.X_2P_김유진_260626_빙과_노현경_C8ZH0kJx.mp4_[26.06]F_V_JD멜_인지_쫀득바출시_신규BP_농부대첩BP_var4.릴스_OEM.X_2P_김유진_260626_빙과_노현경,345,0,1194.0,0,231,인지
2026-08-25,1874370083000546,[빙과_스틱바]_쫀득바_인지2_video,[멜론] 무디 파트너십 광고 (26년 10월까지만 활용 가능),s_eo__fit_xO7qAYSe.mp4_s_eo__fit,856,0,1110.0,0,380,인지
2026-08-25,1874370084367666,[빙과_스틱바]_쫀득바_인지2_video,[멜론] 무디 파트너십 광고 (26년 10월까지만 활용 가능),siyeonyoojoa_cRqTQrdi.mp4_siyeonyoojoa,1876,0,4518.0,0,936,인지
2026-08-25,1873959574894593,[빙과_스틱바]_쫀득바_인지2_video,[멜론] 써우리BP_6.4W,[26.06]F_V_JD멜_인지_쫀득바출시_맛인지형_맛인지형.인지_var2.릴스_품절대란.X_1P_문선정_260612_빙과_이수민_X4dmxg8T.mp4_[26.06]F_V_JD멜_인지_쫀득바출시_맛인지형_맛인지형.인지_var2.릴스_품절대란.X_1P_문선정_260612_빙과_이수민,196,0,659.0,0,129,인지
2026-08-25,1873959512707137,[빙과_스틱바]_쫀득바_인지2_video,[멜론] 일본원정템_7.1W,[26.07]F_V_JD멜_인지_쫀득바출시_신규BP_외부BP_var3.릴스_화내기.X_2P_문선정_260703_빙과_이하림_G6x0joRE.mp4_[26.07]F_V_JD멜_인지_쫀득바출시_신규BP_외부BP_var3.릴스_화내기.X_2P_문선정_260703_빙과_이하림,34,0,36.0,0,8,인지
2026-08-25,1873959579303250,[빙과_스틱바]_쫀득바_인지2_video,[망고] 전화네고형_6.3W,[26.06]F_V_JD망_인지_쫀득바출시_네고형_전화네고형_var1.릴스_먹방.X_2P_문선정_260622_빙과_조의진_idHD4Vv8.mp4_[26.06]F_V_JD망_인지_쫀득바출시_네고형_전화네고형_var1.릴스_먹방.X_2P_문선정_260622_빙과_조의진,687,0,1107.0,0,228,인지
2026-08-25,1873959625221409,[빙과_스틱바]_쫀득바_인지2_video,[멜론] 스틱바BP_6.3W,[26.06]F_V_JD멜_인지_쫀득바출시_인물리뷰형_4050대세감_var2.릴스_POV.트민남.X_1P_문선정_260619_빙과_강다빈_xGahm3uq.mp4_[26.06]F_V_JD멜_인지_쫀득바출시_인물리뷰형_4050대세감_var2.릴스_POV.트민남.X_1P_문선정_260619_빙과_강다빈,1232,0,2382.0,0,435,인지
2026-08-25,1873959488337921,[빙과_스틱바]_쫀득바_인지2_video,[멜론] 전세계에서일본에만_7.1W,[26.07]F_V_JD멜_인지_쫀득바출시_인물리뷰형_인물리뷰형_var3.릴스_상단.GS1등.X_2P_문선정_260703_빙과_유영현_8cUvPSAN.mp4_[26.07]F_V_JD멜_인지_쫀득바출시_인물리뷰형_인물리뷰형_var3.릴스_상단.GS1등.X_2P_문선정_260703_빙과_유영현,62,0,62.0,0,13,인지
2026-08-25,1874030323030129,[빙과_스틱바]_쫀득바_인지2_video,[멜론] 인플루언서형_6.3W,[26.06]F_V_JD멜_인지_상시_인플루언서형_인플루언서형.인지_main.릴스_공통.X_1P_문선정_260619_빙과_이수민_OcQS8Jtk.mp4_Copy 3 of [26.06]F_V_JD멜_인지_상시_인플루언서형_인플루언서형.인지_main.릴스_공통.X_1P_문선정_260619_빙과_이수민,19,0,70.0,0,15,인지
2026-08-25,1874370076917153,[빙과_스틱바]_쫀득바_인지2_video,[멜론] 무디 파트너십 광고 (26년 10월까지만 활용 가능),niker_jaen_dE0hLqZD.mp4_niker_jaen,3717,0,8412.0,0,1784,인지
2026-08-25,1873959568365938,[빙과_스틱바]_쫀득바_인지2_video,[멜론] 부자들만먹는_6.4W,[26.06]F_V_JD멜_인지_쫀득바출시_신규BP_먹방형_var3.릴스_5만원멜론.X_1P_문선정_260626_빙과_이수민_4jVCt9QI.mp4_[26.06]F_V_JD멜_인지_쫀득바출시_신규BP_먹방형_var3.릴스_5만원멜론.X_1P_문선정_260626_빙과_이수민,29,0,9.0,0,3,인지
2026-08-25,1873959656457905,[빙과_스틱바]_쫀득바_인지2_video,[멜론] 요거트바BP_6.3W,[26.06]F_V_JD멜_인지_쫀득바출시_인물리뷰형_편의점원정_var2.릴스_퀄리티.X_1P_문선정_260612_빙과_정요한_F6rWEnOX.mp4_[26.06]F_V_JD멜_인지_쫀득바출시_인물리뷰형_편의점원정_var2.릴스_퀄리티.X_1P_문선정_260612_빙과_정요한,50,0,95.0,0,25,인지
2026-08-25,1873959649053697,[빙과_스틱바]_쫀득바_인지2_video,[멜론] 인물리뷰(2)_6.3W,[26.06]F_V_JD멜_인지_쫀득바출시_인물리뷰형_렉카형_var3.릴스_상단.조회수.X_2P_고가영_260612_빙과_김지연_o3Oil7XF.mp4_[26.06]F_V_JD멜_인지_쫀득바출시_인물리뷰형_렉카형_var3.릴스_상단.조회수.X_2P_고가영_260612_빙과_김지연,3,0,6.0,0,1,인지
2026-08-25,1873959636476066,[빙과_스틱바]_쫀득바_인지2_video,[멜론] 초딩유행템_6.3W,[26.06]F_V_JD멜_인지_쫀득바출시_일상반응형_누나동생_main.렉카_떼쓰기.X_1P_문선정_260615_빙과_노현경_pKk6yJO4.mp4_[26.06]F_V_JD멜_인지_쫀득바출시_일상반응형_누나동생_main.렉카_떼쓰기.X_1P_문선정_260615_빙과_노현경,403,0,630.0,0,118,인지
2026-08-25,1874370074461601,[빙과_스틱바]_쫀득바_인지2_video,[멜론] 무디 파트너십 광고 (26년 10월까지만 활용 가능),ksxxida_n57kQYyo.mp4_ksxxida,5698,0,17574.0,0,3513,인지
2026-08-25,1873959631566914,[빙과_스틱바]_쫀득바_인지2_video,[멜론] 스틱바BP_6.3W,[26.06]F_V_JD멜_인지_쫀득바출시_인물리뷰형_4050대세감_var6.릴스_쩜오건.숏.큐티브금.X_1P_문선정_260619_빙과_강다빈_i87tvceJ.mp4_[26.06]F_V_JD멜_인지_쫀득바출시_인물리뷰형_4050대세감_var6.릴스_쩜오건.숏.큐티브금.X_1P_문선정_260619_빙과_강다빈,9,0,12.0,0,2,인지
2026-08-25,1873959526530242,[빙과_스틱바]_쫀득바_인지2_video,[멜론] 책상네고 대체_6.4W,[26.06]F_V_JD멜_인지_쫀득바출시_기타_비하인드썰풀기_var2.릴스_POV.X_1P_김유진_260626_빙과_강다빈_dvNEWTwx.mp4_[26.06]F_V_JD멜_인지_쫀득바출시_기타_비하인드썰풀기_var2.릴스_POV.X_1P_김유진_260626_빙과_강다빈,21,0,51.0,0,11,인지
2026-08-25,1873959494450194,[빙과_스틱바]_쫀득바_인지2_video,[멜론] 1위단독_7.1W,[26.07]F_V_JD멜_인지_쫀득바출시_바이럴형_커뮤니티형_var4.릴스_판매중단.모쏠친구.X_1P_문선정_260703_빙과_김진수_XUDBqtTs.mp4_[26.07]F_V_JD멜_인지_쫀득바출시_바이럴형_커뮤니티형_var4.릴스_판매중단.모쏠친구.X_1P_문선정_260703_빙과_김진수,344,0,870.0,0,159,인지
2026-08-25,1873959480704162,[빙과_스틱바]_쫀득바_인지2_video,[멜론] 관계성네고_7.1W,[26.07]F_V_JD멜_인지_쫀득바출시_인물리뷰형_관계성_var6.릴스_잔소리후킹.X_1P_김유진_260703_빙과_강다빈_8xsJGKVk.mp4_[26.07]F_V_JD멜_인지_쫀득바출시_인물리뷰형_관계성_var6.릴스_잔소리후킹.X_1P_김유진_260703_빙과_강다빈,498,0,820.0,0,151,인지
2026-08-25,1873959526530274,[빙과_스틱바]_쫀득바_인지2_video,[멜론] 책상네고 대체_6.4W,[26.06]F_V_JD멜_인지_쫀득바출시_기타_비하인드썰풀기_var1.릴스_짤림후킹.X_1P_김유진_260626_빙과_강다빈_N8xnAoaE.mp4_[26.06]F_V_JD멜_인지_쫀득바출시_기타_비하인드썰풀기_var1.릴스_짤림후킹.X_1P_김유진_260626_빙과_강다빈,193,0,109.0,0,25,인지
2026-08-25,1874476587671650,[빙과_스틱바]_쫀득바_인지2_video,[멜론] 무디 파트너십 광고 (26년 10월까지만 활용 가능),xcvijy_TySpdgnO.mp4_xcvijy,6859,0,9164.0,0,1769,인지
2026-08-25,1874030333521250,[빙과_스틱바]_쫀득바_인지2_video,[멜론] 초딩유행템2_6.4W,[26.06]F_V_JD멜_인지_쫀득바출시_신규BP_써우리BP_var2.릴스_혜택.X_1P_문선정_260626_빙과_김진수_AGmDZ35w.mp4_[26.06]F_V_JD멜_인지_쫀득바출시_신규BP_써우리BP_var2.릴스_혜택.X_1P_문선정_260626_빙과_김진수,227,0,490.0,0,104,인지
2026-08-25,1873959559414865,[빙과_스틱바]_쫀득바_인지2_video,[멜론] 부자들만먹는_6.4W,[26.06]F_V_JD멜_인지_쫀득바출시_신규BP_먹방형_main.릴스_공통.X_1P_문선정_260626_빙과_이수민_6K4RW1kr.mp4_[26.06]F_V_JD멜_인지_쫀득바출시_신규BP_먹방형_main.릴스_공통.X_1P_문선정_260626_빙과_이수민,164,0,263.0,0,55,인지
2026-08-25,1873959643009314,[빙과_스틱바]_쫀득바_인지2_video,[멜론] 초딩유행템_6.3W,[26.06]F_V_JD멜_인지_쫀득바출시_일상반응형_누나동생_var4.렉카_먹방.X_1P_문선정_260615_빙과_노현경_cx0sGrMW.mp4_[26.06]F_V_JD멜_인지_쫀득바출시_일상반응형_누나동생_var4.렉카_먹방.X_1P_문선정_260615_빙과_노현경,97,0,210.0,0,53,인지
2026-08-25,1873959492107505,[빙과_스틱바]_쫀득바_인지2_video,[멜론] 전세계에서일본에만_7.1W,[26.07]F_V_JD멜_인지_쫀득바출시_인물리뷰형_인물리뷰형_var5.릴스_대세왁뿌.X_2P_문선정_260703_빙과_유영현_nmCE6i3s.mp4_[26.07]F_V_JD멜_인지_쫀득바출시_인물리뷰형_인물리뷰형_var5.릴스_대세왁뿌.X_2P_문선정_260703_빙과_유영현,6,0,5.0,0,1,인지
2026-08-25,1874030319136113,[빙과_스틱바]_쫀득바_인지2_video,[멜론] 초딩유행템_6.3W,[26.06]F_V_JD멜_인지_쫀득바출시_일상반응형_누나동생_var2.렉카_삐짐.X_1P_문선정_260615_빙과_노현경_hK163maR.mp4_[26.06]F_V_JD멜_인지_쫀득바출시_일상반응형_누나동생_var2.렉카_삐짐.X_1P_문선정_260615_빙과_노현경,264,0,571.0,0,112,인지
2026-08-25,1873959541011649,[빙과_스틱바]_쫀득바_인지2_video,[멜론] 농부대첩_6.4W,[26.06]F_V_JD멜_인지_쫀득바출시_신규BP_농부대첩BP_main.릴스_공통.X_2P_김유진_260626_빙과_노현경_VoRCtWIf.mp4_[26.06]F_V_JD멜_인지_쫀득바출시_신규BP_농부대첩BP_main.릴스_공통.X_2P_김유진_260626_빙과_노현경,73,0,105.0,0,18,인지
2026-08-25,1873959559414897,[빙과_스틱바]_쫀득바_인지2_video,[멜론] 부자들만먹는_6.4W,[26.06]F_V_JD멜_인지_쫀득바출시_신규BP_먹방형_var2.릴스_먹방.X_1P_문선정_260626_빙과_이수민_jNE7zmU8.mp4_[26.06]F_V_JD멜_인지_쫀득바출시_신규BP_먹방형_var2.릴스_먹방.X_1P_문선정_260626_빙과_이수민,3,0,6.0,0,1,인지
2026-08-25,1873959685405714,[빙과_스틱바]_쫀득바_인지2_video,[멜론] 인물리뷰(1)_6.3W,[26.06]F_V_JD멜_인지_쫀득바출시_인물리뷰형_인물리뷰형_var2.릴스_대세감.X_2P_고가영_260612_빙과_유영현_JSgYoFLC.mp4_[26.06]F_V_JD멜_인지_쫀득바출시_인물리뷰형_인물리뷰형_var2.릴스_대세감.X_2P_고가영_260612_빙과_유영현,2,0,5.0,0,1,인지
2026-08-25,1873959606553906,[빙과_스틱바]_쫀득바_인지2_video,[멜론] 수박BP_6.3W,[26.06]F_V_JD멜_인지_쫀득바출시_맛인지형_수박BP_main.릴스_1년에딱.X_1P_김유진_260619_빙과_정하얀_4WnKJzct.mp4_[26.06]F_V_JD멜_인지_쫀득바출시_맛인지형_수박BP_main.릴스_1년에딱.X_1P_김유진_260619_빙과_정하얀,20,0,45.0,0,10,인지
2026-08-25,1873959582885202,[빙과_스틱바]_쫀득바_인지2_video,[망고] 맛인지_6.3W,[26.06]F_V_JD망_인지_쫀득바출시_맛인지형_맛인지형.인지_main.릴스_공통.진수.6월.수민PJ_2P_문선정_260619_빙과_김지연_pI4Fmbu1.mp4_[26.06]F_V_JD망_인지_쫀득바출시_맛인지형_맛인지형.인지_main.릴스_공통.진수.6월.수민PJ_2P_문선정_260619_빙과_김지연,647,0,694.0,0,133,인지
2026-08-25,1873959476064386,[빙과_스틱바]_쫀득바_인지2_video,[멜론] 떡볶이BP_7.1W,[26.07]F_V_JD멜_인지_쫀득바출시_신규BP_떡볶이BP_var5.릴스_공통.X_2P_김유진_260703_빙과_조의진_xJdzvYMF.mp4_[26.07]F_V_JD멜_인지_쫀득바출시_신규BP_떡볶이BP_var5.릴스_공통.X_2P_김유진_260703_빙과_조의진,169,0,266.0,0,49,인지
2026-08-25,1873959572271185,[빙과_스틱바]_쫀득바_인지2_video,[멜론] 써우리BP_6.4W,[26.06]F_V_JD멜_인지_쫀득바출시_맛인지형_맛인지형.인지_var1.릴스_왁뿌볼.X_1P_문선정_260612_빙과_이수민_EwQB6yWu.mp4_[26.06]F_V_JD멜_인지_쫀득바출시_맛인지형_맛인지형.인지_var1.릴스_왁뿌볼.X_1P_문선정_260612_빙과_이수민,15,0,12.0,0,2,인지
2026-08-25,1873959648848097,[빙과_스틱바]_쫀득바_인지2_video,[멜론] 인물리뷰(2)_6.3W,[26.06]F_V_JD멜_인지_쫀득바출시_인물리뷰형_렉카형_var4.릴스_상단.판매중단.X_2P_고가영_260612_빙과_김지연_qc1ljdun.mp4_[26.06]F_V_JD멜_인지_쫀득바출시_인물리뷰형_렉카형_var4.릴스_상단.판매중단.X_2P_고가영_260612_빙과_김지연,21,0,17.0,0,6,인지
2026-08-25,1874370071281842,[빙과_스틱바]_쫀득바_인지2_video,[멜론] 무디 파트너십 광고 (26년 10월까지만 활용 가능),d_love_ys_cZCijq4g.mp4_d_love_ys,626,0,1462.0,0,297,인지
2026-08-25,1873959671881745,[빙과_스틱바]_쫀득바_인지2_video,[멜론] 유튜버썰풀기형_6.3W,[26.06]F_V_JD멜_인지_쫀득바출시_숏츠형_유튜브읽기형_var6.릴스_업계최초.의외로.X_1P_문선정_260612_빙과_이수현_KyiOqcTE.mp4_[26.06]F_V_JD멜_인지_쫀득바출시_숏츠형_유튜브읽기형_var6.릴스_업계최초.의외로.X_1P_문선정_260612_빙과_이수현,83,0,168.0,0,32,인지
2026-08-25,1873959484807170,[빙과_스틱바]_쫀득바_인지2_video,[멜론] 전세계에서일본에만_7.1W,[26.07]F_V_JD멜_인지_쫀득바출시_인물리뷰형_인물리뷰형_var4.릴스_상단.일본안가.X_2P_문선정_260703_빙과_유영현_lXorbHIU.mp4_[26.07]F_V_JD멜_인지_쫀득바출시_인물리뷰형_인물리뷰형_var4.릴스_상단.일본안가.X_2P_문선정_260703_빙과_유영현,6,0,6.0,0,1,인지
2026-08-25,1874030334903522,[빙과_스틱바]_쫀득바_인지2_video,[멜론] 1년후에받는_6.4W,[26.06]F_V_JD멜_인지_쫀득바출시_신규BP_써우리BP_main.릴스_공통.X_1P_문선정_260626_빙과_이수민_ATprqdNR.mp4_[26.06]F_V_JD멜_인지_쫀득바출시_신규BP_써우리BP_main.릴스_공통.X_1P_문선정_260626_빙과_이수민,72,0,150.0,0,26,인지
2026-08-25,1874370094864626,[빙과_스틱바]_쫀득바_인지2_video,[멜론] 무디 파트너십 광고 (26년 10월까지만 활용 가능),bbuni_sol_0lW2JXmG.mp4_bbuni_sol,1056,0,2711.0,0,612,인지
2026-08-25,1873959633516657,[빙과_스틱바]_쫀득바_인지2_video,[멜론] 스틱바BP_6.3W,[26.06]F_V_JD멜_인지_쫀득바출시_인물리뷰형_4050대세감_var5.릴스_쩜오건.숏.음산브금.X_1P_문선정_260619_빙과_강다빈_OPETBUCN.mp4_[26.06]F_V_JD멜_인지_쫀득바출시_인물리뷰형_4050대세감_var5.릴스_쩜오건.숏.음산브금.X_1P_문선정_260619_빙과_강다빈,348,0,684.0,0,129,인지
2026-08-25,1873959679955250,[빙과_스틱바]_쫀득바_인지2_video,[멜론] 인물리뷰(1)_6.3W,[26.06]F_V_JD멜_인지_쫀득바출시_인물리뷰형_인물리뷰형_main.릴스_샀어요.X_2P_고가영_260612_빙과_유영현_ay8jLH2u.mp4_[26.06]F_V_JD멜_인지_쫀득바출시_인물리뷰형_인물리뷰형_main.릴스_샀어요.X_2P_고가영_260612_빙과_유영현,25,0,60.0,0,13,인지
2026-08-25,1873959550576913,[빙과_스틱바]_쫀득바_인지2_video,[멜론] 1년후에받는_6.4W,[26.06]F_V_JD멜_인지_쫀득바출시_신규BP_써우리BP_var3.릴스_찾는척.X_1P_문선정_260626_빙과_이수민_dsA5VQTS.mp4_[26.06]F_V_JD멜_인지_쫀득바출시_신규BP_써우리BP_var3.릴스_찾는척.X_1P_문선정_260626_빙과_이수민,250,0,429.0,0,84,인지
2026-08-25,1874030321444945,[빙과_스틱바]_쫀득바_인지2_video,[멜론] 컨비니BP_6.3W,[26.06]F_V_JD멜_인지_쫀득바출시_제조과정형_컨비니BP_var5.릴스_공통.할인.X_1P_김유진_260619_빙과_정요한_7cNBXRYq.mp4_[26.06]F_V_JD멜_인지_쫀득바출시_제조과정형_컨비니BP_var5.릴스_공통.할인.X_1P_김유진_260619_빙과_정요한,112,0,391.0,0,80,인지
2026-08-25,1873959509313921,[빙과_스틱바]_쫀득바_인지2_video,[멜론] 일본원정템_7.1W,[26.07]F_V_JD멜_인지_쫀득바출시_신규BP_외부BP_var2.릴스_POV.X_2P_문선정_260703_빙과_이하림_vSPVRZmI.mp4_[26.07]F_V_JD멜_인지_쫀득바출시_신규BP_외부BP_var2.릴스_POV.X_2P_문선정_260703_빙과_이하림,48,0,138.0,0,31,인지
2026-08-25,1873959645921585,[빙과_스틱바]_쫀득바_인지2_video,[멜론] 인물리뷰(2)_6.3W,[26.06]F_V_JD멜_인지_쫀득바출시_인물리뷰형_렉카형_var1.릴스_1년멜론.X_2P_고가영_260612_빙과_김지연_Vfw93Dij.mp4_[26.06]F_V_JD멜_인지_쫀득바출시_인물리뷰형_렉카형_var1.릴스_1년멜론.X_2P_고가영_260612_빙과_김지연,38,0,91.0,0,23,인지
2026-08-25,1873959586022625,[빙과_스틱바]_쫀득바_인지2_video,[망고] 맛인지_6.3W,[26.06]F_V_JD망_인지_쫀득바출시_맛인지형_맛인지형.인지_var2.릴스_망고맛.진수.6월.수민PJ_2P_문선정_260619_빙과_김지연_85l4f3Aq.mp4_[26.06]F_V_JD망_인지_쫀득바출시_맛인지형_맛인지형.인지_var2.릴스_망고맛.진수.6월.수민PJ_2P_문선정_260619_빙과_김지연,6,0,5.0,0,2,인지
2026-08-25,1873959654247474,[빙과_스틱바]_쫀득바_인지2_video,[멜론] 요거트바BP_6.3W,[26.06]F_V_JD멜_인지_쫀득바출시_인물리뷰형_편의점원정_main.릴스_공통.X_1P_문선정_260612_빙과_정요한_YkIZOlu0.mp4_[26.06]F_V_JD멜_인지_쫀득바출시_인물리뷰형_편의점원정_main.릴스_공통.X_1P_문선정_260612_빙과_정요한,41,0,76.0,0,16,인지
2026-08-25,1873959600941425,[빙과_스틱바]_쫀득바_인지2_video,[멜론] 인플루언서형_6.3W,[26.06]F_V_JD멜_인지_상시_인플루언서형_인플루언서형.인지_var1.릴스_쫀득 후킹.X_1P_문선정_260619_빙과_이수민_HCZXPTgo.mp4_[26.06]F_V_JD멜_인지_상시_인플루언서형_인플루언서형.인지_var1.릴스_쫀득 후킹.X_1P_문선정_260619_빙과_이수민,2,0,8.0,0,2,인지
2026-08-25,1874370090397122,[빙과_스틱바]_쫀득바_인지2_video,[멜론] 무디 파트너십 광고 (26년 10월까지만 활용 가능),minimore.927_wXMpjCo9.mp4_minimore.927,3384,0,10209.0,0,2292,인지
2026-08-25,1874370063993025,[빙과_스틱바]_쫀득바_인지2_video,[멜론] 무디 파트너십 광고 (26년 10월까지만 활용 가능),ddu___0_Jb76Kdc9.mp4_ddu___0,966,0,2820.0,0,604,인지
2026-08-25,1873959599404161,[빙과_스틱바]_쫀득바_인지2_video,[멜론] 인플루언서형_6.3W,[26.06]F_V_JD멜_인지_상시_인플루언서형_인플루언서형.인지_var3.릴스_코어 후킹.X_1P_문선정_260619_빙과_이수민_fHo1zJ0X.mp4_[26.06]F_V_JD멜_인지_상시_인플루언서형_인플루언서형.인지_var3.릴스_코어 후킹.X_1P_문선정_260619_빙과_이수민,13,0,18.0,0,3,인지
2026-08-25,1874030331270737,[빙과_스틱바]_쫀득바_인지2_video,[망고] 전화네고형_6.3W,[26.06]F_V_JD망_인지_쫀득바출시_네고형_전화네고형_main.릴스_공통.X_2P_문선정_260622_빙과_조의진_NYzLctHZ.mp4_[26.06]F_V_JD망_인지_쫀득바출시_네고형_전화네고형_main.릴스_공통.X_2P_문선정_260622_빙과_조의진,942,0,1548.0,0,292,인지
2026-08-25,1873959500695698,[빙과_스틱바]_쫀득바_인지2_video,[멜론] 1위단독_7.1W,[26.07]F_V_JD멜_인지_쫀득바출시_바이럴형_커뮤니티형_var1.릴스_30년만에.신입탕비담당.X_1P_문선정_260702_빙과_김진수_8W5sKwHy.mp4_[26.07]F_V_JD멜_인지_쫀득바출시_바이럴형_커뮤니티형_var1.릴스_30년만에.신입탕비담당.X_1P_문선정_260702_빙과_김진수,173,0,272.0,0,53,인지
2026-08-25,1873959502194161,[빙과_스틱바]_쫀득바_인지2_video,[멜론] 현지인도못구하는_7.1W,[26.07]F_V_JD멜_인지_쫀득바출시_인플루언서형_인플루언서형_var1.릴스_제품먼저.X_1P_문선정_260703_빙과_정하얀_gA26O49Z.mp4_[26.07]F_V_JD멜_인지_쫀득바출시_인플루언서형_인플루언서형_var1.릴스_제품먼저.X_1P_문선정_260703_빙과_정하얀,53,0,72.0,0,13,인지
2026-08-25,1874030338066737,[빙과_스틱바]_쫀득바_인지2_video,[멜론] 현지인도못구하는_7.1W,[26.07]F_V_JD멜_인지_쫀득바출시_인플루언서형_인플루언서형_var2.릴스_인물먼저.X_1P_문선정_260703_빙과_정하얀_JOamzo0T.mp4_[26.07]F_V_JD멜_인지_쫀득바출시_인플루언서형_인플루언서형_var2.릴스_인물먼저.X_1P_문선정_260703_빙과_정하얀,90,0,253.0,0,49,인지
2026-08-25,1873959534654866,[빙과_스틱바]_쫀득바_인지2_video,[멜론] 농부대첩_6.4W,[26.06]F_V_JD멜_인지_쫀득바출시_신규BP_농부대첩BP_var3.릴스_레시피.X_2P_김유진_260626_빙과_노현경_oK6TcGtU.mp4_[26.06]F_V_JD멜_인지_쫀득바출시_신규BP_농부대첩BP_var3.릴스_레시피.X_2P_김유진_260626_빙과_노현경,2889,0,4016.0,0,746,인지
2026-08-25,1873959592941730,[빙과_스틱바]_쫀득바_인지2_video,[멜론] 인플루언서형_6.3W,[26.06]F_V_JD멜_인지_상시_인플루언서형_인플루언서형.인지_main.릴스_공통.X_1P_문선정_260619_빙과_이수민_OcQS8Jtk.mp4_[26.06]F_V_JD멜_인지_상시_인플루언서형_인플루언서형.인지_var2.릴스_대세감.X_1P_문선정_260619_빙과_이수민,1,0,6.0,0,1,인지
2026-08-25,1873959487025618,[빙과_스틱바]_쫀득바_인지2_video,[멜론] 전세계에서일본에만_7.1W,[26.07]F_V_JD멜_인지_쫀득바출시_인물리뷰형_인물리뷰형_var6.릴스_1위강조.X_2P_문선정_260703_빙과_유영현_PV7bCcFl.mp4_[26.07]F_V_JD멜_인지_쫀득바출시_인물리뷰형_인물리뷰형_var6.릴스_1위강조.X_2P_문선정_260703_빙과_유영현,11,0,6.0,0,1,인지
2026-08-25,1874030317649217,[빙과_스틱바]_쫀득바_인지2_video,[멜론] 인물리뷰(2)_6.3W,[26.06]F_V_JD멜_인지_쫀득바출시_인물리뷰형_렉카형_var2.릴스_상단.대세감.X_2P_고가영_260612_빙과_김지연_uJ2PiCGN.mp4_[26.06]F_V_JD멜_인지_쫀득바출시_인물리뷰형_렉카형_var2.릴스_상단.대세감.X_2P_고가영_260612_빙과_김지연,564,0,1008.0,0,182,인지
2026-08-25,1874476587075634,[빙과_스틱바]_쫀득바_인지2_video,[멜론] 무디 파트너십 광고 (26년 10월까지만 활용 가능),okindflower_tiktok_16x9_F9pfKXPt.mp4_okindflower,2012,0,1073.0,0,312,인지
2026-08-25,1873959585040561,[빙과_스틱바]_쫀득바_인지2_video,[망고] 맛인지_6.3W,[26.06]F_V_JD망_인지_쫀득바출시_맛인지형_맛인지형.인지_var3.릴스_대세감.진수.6월.수민PJ_2P_문선정_260619_빙과_김지연_694xYrHj.mp4_[26.06]F_V_JD망_인지_쫀득바출시_맛인지형_맛인지형.인지_var3.릴스_대세감.진수.6월.수민PJ_2P_문선정_260619_빙과_김지연,18,0,21.0,0,5,인지
2026-08-25,1874370072347921,[빙과_스틱바]_쫀득바_인지2_video,[멜론] 무디 파트너십 광고 (26년 10월까지만 활용 가능),leem_life_3XiF0QC7.mp4_leem_life,9230,0,16540.0,0,2913,인지
2026-08-25,1873959673179393,[빙과_스틱바]_쫀득바_인지2_video,[멜론] 유튜버썰풀기형_6.3W,[26.06]F_V_JD멜_인지_쫀득바출시_숏츠형_유튜브읽기형_var5.릴스_업계최초.X_1P_문선정_260612_빙과_이수현_EID4Njqr.mp4_[26.06]F_V_JD멜_인지_쫀득바출시_숏츠형_유튜브읽기형_var5.릴스_업계최초.X_1P_문선정_260612_빙과_이수현,8,0,16.0,0,4,인지
2026-08-25,1874370090377506,[빙과_스틱바]_쫀득바_인지2_video,[멜론] 무디 파트너십 광고 (26년 10월까지만 활용 가능),xeoj.ng_L7HK2Ueo.mp4_xeoj.ng,1261,0,3992.0,0,922,인지
2026-08-25,1873959645922641,[빙과_스틱바]_쫀득바_인지2_video,[멜론] 인물리뷰(2)_6.3W,[26.06]F_V_JD멜_인지_쫀득바출시_인물리뷰형_렉카형_main.릴스_공통.X_2P_고가영_260612_빙과_김지연_bRJKpluY.mp4_[26.06]F_V_JD멜_인지_쫀득바출시_인물리뷰형_렉카형_main.릴스_공통.X_2P_고가영_260612_빙과_김지연,8,0,19.0,0,3,인지
2026-08-25,1873959656924433,[빙과_스틱바]_쫀득바_인지2_video,[멜론] 요거트바BP_6.3W,[26.06]F_V_JD멜_인지_쫀득바출시_인물리뷰형_편의점원정_var3.릴스_왁뿌볼.X_1P_문선정_260612_빙과_정요한_HJ4yRNtY.mp4_[26.06]F_V_JD멜_인지_쫀득바출시_인물리뷰형_편의점원정_var3.릴스_왁뿌볼.X_1P_문선정_260612_빙과_정요한,11,0,19.0,0,3,인지
2026-08-25,1873959668420802,[빙과_스틱바]_쫀득바_인지2_video,[멜론] 유튜버썰풀기형_6.3W,[26.06]F_V_JD멜_인지_쫀득바출시_숏츠형_유튜브읽기형_var2.릴스_원조이김.국민템.X_1P_문선정_260612_빙과_이수현_sC9KkVo2.mp4_[26.06]F_V_JD멜_인지_쫀득바출시_숏츠형_유튜브읽기형_var2.릴스_원조이김.국민템.X_1P_문선정_260612_빙과_이수현,10,0,15.0,0,3,인지
2026-08-25,1874030330240002,[빙과_스틱바]_쫀득바_인지2_video,[망고] 맛인지_6.3W,[26.06]F_V_JD망_인지_쫀득바출시_맛인지형_맛인지형.인지_var4.릴스_혜택.진수.6월.수민PJ_2P_문선정_260619_빙과_김지연_6H8Mjtxm.mp4_[26.06]F_V_JD망_인지_쫀득바출시_맛인지형_맛인지형.인지_var4.릴스_혜택.진수.6월.수민PJ_2P_문선정_260619_빙과_김지연,33,0,88.0,0,19,인지
2026-08-25,1874370060202321,[빙과_스틱바]_쫀득바_인지2_video,[멜론] 무디 파트너십 광고 (26년 10월까지만 활용 가능),eunbynko_XVZyBHut.mp4_eunbynko,521,0,786.0,0,181,인지
2026-08-25,1873959654248546,[빙과_스틱바]_쫀득바_인지2_video,[멜론] 요거트바BP_6.3W,[26.06]F_V_JD멜_인지_쫀득바출시_인물리뷰형_편의점원정_var1.릴스_맛.X_1P_문선정_260612_빙과_정요한_USPOMvkw.mp4_[26.06]F_V_JD멜_인지_쫀득바출시_인물리뷰형_편의점원정_var1.릴스_맛.X_1P_문선정_260612_빙과_정요한,75,0,18.0,0,6,인지
2026-08-25,1874371832550769,[빙과_스틱바]_쫀득바_인지2_video,[멜론] 무디 파트너십 광고 (26년 10월까지만 활용 가능),doyouknow_omg_MfVCQSX8.mp4_doyouknow_omg,1046,0,1442.0,0,307,인지
2026-08-25,1873959483402306,[빙과_스틱바]_쫀득바_인지2_video,[멜론] 전세계에서일본에만_7.1W,[26.07]F_V_JD멜_인지_쫀득바출시_인물리뷰형_인물리뷰형_var2.릴스_상단.1등로손.X_2P_문선정_260703_빙과_유영현_kvnPtLWY.mp4_[26.07]F_V_JD멜_인지_쫀득바출시_인물리뷰형_인물리뷰형_var2.릴스_상단.1등로손.X_2P_문선정_260703_빙과_유영현,5,0,10.0,0,3,인지
2026-08-25,1873959509314913,[빙과_스틱바]_쫀득바_인지2_video,[멜론] 일본원정템_7.1W,[26.07]F_V_JD멜_인지_쫀득바출시_신규BP_외부BP_var1.릴스_메인.일반브금.X_2P_문선정_260703_빙과_이하림_WTZLraDf.mp4_[26.07]F_V_JD멜_인지_쫀득바출시_신규BP_외부BP_var1.릴스_메인.일반브금.X_2P_문선정_260703_빙과_이하림,53,0,44.0,0,8,인지
2026-08-25,1873959567272305,[빙과_스틱바]_쫀득바_인지2_video,[멜론] 부자들만먹는_6.4W,[26.06]F_V_JD멜_인지_쫀득바출시_신규BP_먹방형_var4.릴스_숏.X_1P_문선정_260626_빙과_이수민_51lK2MkR.mp4_[26.06]F_V_JD멜_인지_쫀득바출시_신규BP_먹방형_var4.릴스_숏.X_1P_문선정_260626_빙과_이수민,95,0,202.0,0,39,인지
2026-08-25,1873959610749169,[빙과_스틱바]_쫀득바_인지2_video,[멜론] 컨비니BP_6.3W,[26.06]F_V_JD멜_인지_쫀득바출시_제조과정형_컨비니BP_var7.릴스_왁뿌볼.X_1P_김유진_260619_빙과_정요한_ibKZerQN.mp4_[26.06]F_V_JD멜_인지_쫀득바출시_제조과정형_컨비니BP_var7.릴스_왁뿌볼.X_1P_김유진_260619_빙과_정요한,50,0,55.0,0,12,인지
2026-08-25,1874370084620641,[빙과_스틱바]_쫀득바_인지2_video,[멜론] 무디 파트너십 광고 (26년 10월까지만 활용 가능),suj_43_2u1JOHAq.mp4_suj_43,1208,0,2134.0,0,385,인지
2026-08-25,1873959592940658,[빙과_스틱바]_쫀득바_인지2_video,[멜론] 인플루언서형_6.3W,[26.06]F_V_JD멜_인지_상시_인플루언서형_인플루언서형.인지_var1.릴스_쫀득 후킹.X_1P_문선정_260619_빙과_이수민_HCZXPTgo.mp4_[26.06]F_V_JD멜_인지_상시_인플루언서형_인플루언서형.인지_var1.릴스_쫀득 후킹.X_1P_문선정_260619_빙과_이수민,16,0,42.0,0,9,인지
2026-08-25,1873959662238738,[빙과_스틱바]_쫀득바_인지2_video,[멜론] 유튜버썰풀기형_6.3W,[26.06]F_V_JD멜_인지_쫀득바출시_숏츠형_유튜브읽기형_var1.릴스_1년에한달.365일.X_1P_문선정_260612_빙과_이수현_Gau8dgwA.mp4_[26.06]F_V_JD멜_인지_쫀득바출시_숏츠형_유튜브읽기형_var1.릴스_1년에한달.365일.X_1P_문선정_260612_빙과_이수현,144,0,372.0,0,87,인지
2026-08-25,1873959511342130,[빙과_스틱바]_쫀득바_인지2_video,[멜론] 일본원정템_7.1W,[26.07]F_V_JD멜_인지_쫀득바출시_신규BP_외부BP_main.릴스_메인.키노피오브금.X_2P_문선정_260703_빙과_이하림_CMkAHnfZ.mp4_[26.07]F_V_JD멜_인지_쫀득바출시_신규BP_외부BP_main.릴스_메인.키노피오브금.X_2P_문선정_260703_빙과_이하림,21,0,41.0,0,7,인지
2026-08-25,1873959571492482,[빙과_스틱바]_쫀득바_인지2_video,[멜론] 써우리BP_6.4W,[26.06]F_V_JD멜_인지_쫀득바출시_맛인지형_맛인지형.인지_var3.릴스_국민템 멜론바.X_1P_문선정_260612_빙과_이수민_49m1RLsV.mp4_[26.06]F_V_JD멜_인지_쫀득바출시_맛인지형_맛인지형.인지_var3.릴스_국민템 멜론바.X_1P_문선정_260612_빙과_이수민,26,0,43.0,0,9,인지
2026-08-25,1873959662058609,[빙과_스틱바]_쫀득바_인지2_video,[멜론] 요거트바BP_6.3W,[26.06]F_V_JD멜_인지_쫀득바출시_인물리뷰형_편의점원정_var4.릴스_대세감.X_1P_문선정_260612_빙과_정요한_dTrqo0s9.mp4_[26.06]F_V_JD멜_인지_쫀득바출시_인물리뷰형_편의점원정_var4.릴스_대세감.X_1P_문선정_260612_빙과_정요한,5,0,19.0,0,4,인지
2026-08-25,1874370081743346,[빙과_스틱바]_쫀득바_인지2_video,[멜론] 무디 파트너십 광고 (26년 10월까지만 활용 가능),quan_d__orndSwaq.mp4_quan_d_,6148,0,10555.0,0,1866,인지
2026-08-25,1873959544525217,[빙과_스틱바]_쫀득바_인지2_video,[멜론] 1년후에받는_6.4W,[26.06]F_V_JD멜_인지_쫀득바출시_신규BP_써우리BP_var5.릴스_광각취식2.X_1P_문선정_260626_빙과_이수민_WvbZ0G7H.mp4_[26.06]F_V_JD멜_인지_쫀득바출시_신규BP_써우리BP_var5.릴스_광각취식2.X_1P_문선정_260626_빙과_이수민,201,0,323.0,0,54,인지
2026-08-25,1873959679955218,[빙과_스틱바]_쫀득바_인지2_video,[멜론] 인물리뷰(1)_6.3W,[26.06]F_V_JD멜_인지_쫀득바출시_인물리뷰형_인물리뷰형_var1.릴스_블랙바.X_2P_고가영_260612_빙과_유영현_bKsUmrtE.mp4_[26.06]F_V_JD멜_인지_쫀득바출시_인물리뷰형_인물리뷰형_var1.릴스_블랙바.X_2P_고가영_260612_빙과_유영현,5,0,6.0,0,1,인지
2026-08-25,1874371832380434,[빙과_스틱바]_쫀득바_인지2_video,[멜론] 무디 파트너십 광고 (26년 10월까지만 활용 가능),dodoscene_9lkPTqUt.mp4_dodoscene,1293,0,3095.0,0,676,인지
2026-08-25,1873959530787025,[빙과_스틱바]_쫀득바_인지2_video,[멜론] 책상네고 대체_6.4W,[26.06]F_V_JD멜_인지_쫀득바출시_기타_비하인드썰풀기_main.릴스_본론.X_1P_김유진_260626_빙과_강다빈_viyVb41T.mp4_[26.06]F_V_JD멜_인지_쫀득바출시_기타_비하인드썰풀기_main.릴스_본론.X_1P_김유진_260626_빙과_강다빈,213,0,488.0,0,94,인지
2026-08-25,1873959607444929,[빙과_스틱바]_쫀득바_인지2_video,[멜론] 컨비니BP_6.3W,[26.06]F_V_JD멜_인지_쫀득바출시_제조과정형_컨비니BP_var6.릴스_희소성.X_1P_김유진_260619_빙과_정요한_BXJfE8xs.mp4_[26.06]F_V_JD멜_인지_쫀득바출시_제조과정형_컨비니BP_var6.릴스_희소성.X_1P_김유진_260619_빙과_정요한,9,0,14.0,0,4,인지
2026-08-25,1874370060195937,[빙과_스틱바]_쫀득바_인지2_video,[멜론] 무디 파트너십 광고 (26년 10월까지만 활용 가능),02_TbcHadv6.mp4_02,1372,0,3884.0,0,992,인지
2026-08-25,1874370080353713,[빙과_스틱바]_쫀득바_인지2_video,[멜론] 무디 파트너십 광고 (26년 10월까지만 활용 가능),unyouu_ZQxjeUdR.mp4_unyouu,817,0,2135.0,0,468,인지
2026-08-25,1873959606553874,[빙과_스틱바]_쫀득바_인지2_video,[멜론] 수박BP_6.3W,[26.06]F_V_JD멜_인지_쫀득바출시_맛인지형_수박BP_var1.릴스_저샀어요.X_1P_김유진_260619_빙과_정하얀_KxT2Mrn4.mp4_[26.06]F_V_JD멜_인지_쫀득바출시_맛인지형_수박BP_var1.릴스_저샀어요.X_1P_김유진_260619_빙과_정하얀,90,0,74.0,0,14,인지
2026-08-25,1873959560792561,[빙과_스틱바]_쫀득바_인지2_video,[멜론] 부자들만먹는_6.4W,[26.06]F_V_JD멜_인지_쫀득바출시_신규BP_먹방형_var1.릴스_쫀득.X_1P_문선정_260626_빙과_이수민_PAw0dpIV.mp4_[26.06]F_V_JD멜_인지_쫀득바출시_신규BP_먹방형_var1.릴스_쫀득.X_1P_문선정_260626_빙과_이수민,39,0,17.0,0,3,인지
2026-08-26,1874476587671650,[빙과_스틱바]_쫀득바_인지2_video,[멜론] 무디 파트너십 광고 (26년 10월까지만 활용 가능),xcvijy_TySpdgnO.mp4_xcvijy,11847,0,19053.0,0,3630,인지
2026-08-26,1873959509314913,[빙과_스틱바]_쫀득바_인지2_video,[멜론] 일본원정템_7.1W,[26.07]F_V_JD멜_인지_쫀득바출시_신규BP_외부BP_var1.릴스_메인.일반브금.X_2P_문선정_260703_빙과_이하림_WTZLraDf.mp4_[26.07]F_V_JD멜_인지_쫀득바출시_신규BP_외부BP_var1.릴스_메인.일반브금.X_2P_문선정_260703_빙과_이하림,41,0,64.0,0,11,인지
2026-08-26,1873959567272305,[빙과_스틱바]_쫀득바_인지2_video,[멜론] 부자들만먹는_6.4W,[26.06]F_V_JD멜_인지_쫀득바출시_신규BP_먹방형_var4.릴스_숏.X_1P_문선정_260626_빙과_이수민_51lK2MkR.mp4_[26.06]F_V_JD멜_인지_쫀득바출시_신규BP_먹방형_var4.릴스_숏.X_1P_문선정_260626_빙과_이수민,31,0,85.0,0,16,인지
2026-08-26,1873959526530274,[빙과_스틱바]_쫀득바_인지2_video,[멜론] 책상네고 대체_6.4W,[26.06]F_V_JD멜_인지_쫀득바출시_기타_비하인드썰풀기_var1.릴스_짤림후킹.X_1P_김유진_260626_빙과_강다빈_N8xnAoaE.mp4_[26.06]F_V_JD멜_인지_쫀득바출시_기타_비하인드썰풀기_var1.릴스_짤림후킹.X_1P_김유진_260626_빙과_강다빈,323,0,93.0,0,25,인지
2026-08-26,1874370084620641,[빙과_스틱바]_쫀득바_인지2_video,[멜론] 무디 파트너십 광고 (26년 10월까지만 활용 가능),suj_43_2u1JOHAq.mp4_suj_43,1122,0,2364.0,0,408,인지
2026-08-26,1874030323030129,[빙과_스틱바]_쫀득바_인지2_video,[멜론] 인플루언서형_6.3W,[26.06]F_V_JD멜_인지_상시_인플루언서형_인플루언서형.인지_main.릴스_공통.X_1P_문선정_260619_빙과_이수민_OcQS8Jtk.mp4_Copy 3 of [26.06]F_V_JD멜_인지_상시_인플루언서형_인플루언서형.인지_main.릴스_공통.X_1P_문선정_260619_빙과_이수민,32,0,107.0,0,23,인지
2026-08-26,1873959568365938,[빙과_스틱바]_쫀득바_인지2_video,[멜론] 부자들만먹는_6.4W,[26.06]F_V_JD멜_인지_쫀득바출시_신규BP_먹방형_var3.릴스_5만원멜론.X_1P_문선정_260626_빙과_이수민_4jVCt9QI.mp4_[26.06]F_V_JD멜_인지_쫀득바출시_신규BP_먹방형_var3.릴스_5만원멜론.X_1P_문선정_260626_빙과_이수민,20,0,9.0,0,2,인지
2026-08-26,1873959526530242,[빙과_스틱바]_쫀득바_인지2_video,[멜론] 책상네고 대체_6.4W,[26.06]F_V_JD멜_인지_쫀득바출시_기타_비하인드썰풀기_var2.릴스_POV.X_1P_김유진_260626_빙과_강다빈_dvNEWTwx.mp4_[26.06]F_V_JD멜_인지_쫀득바출시_기타_비하인드썰풀기_var2.릴스_POV.X_1P_김유진_260626_빙과_강다빈,20,0,38.0,0,7,인지
2026-08-26,1873959636476066,[빙과_스틱바]_쫀득바_인지2_video,[멜론] 초딩유행템_6.3W,[26.06]F_V_JD멜_인지_쫀득바출시_일상반응형_누나동생_main.렉카_떼쓰기.X_1P_문선정_260615_빙과_노현경_pKk6yJO4.mp4_[26.06]F_V_JD멜_인지_쫀득바출시_일상반응형_누나동생_main.렉카_떼쓰기.X_1P_문선정_260615_빙과_노현경,1463,0,2245.0,0,401,인지
2026-08-26,1874371832550769,[빙과_스틱바]_쫀득바_인지2_video,[멜론] 무디 파트너십 광고 (26년 10월까지만 활용 가능),doyouknow_omg_MfVCQSX8.mp4_doyouknow_omg,447,0,853.0,0,193,인지
2026-08-26,1874030331270737,[빙과_스틱바]_쫀득바_인지2_video,[망고] 전화네고형_6.3W,[26.06]F_V_JD망_인지_쫀득바출시_네고형_전화네고형_main.릴스_공통.X_2P_문선정_260622_빙과_조의진_NYzLctHZ.mp4_[26.06]F_V_JD망_인지_쫀득바출시_네고형_전화네고형_main.릴스_공통.X_2P_문선정_260622_빙과_조의진,598,0,855.0,0,168,인지
2026-08-26,1873959625221409,[빙과_스틱바]_쫀득바_인지2_video,[멜론] 스틱바BP_6.3W,[26.06]F_V_JD멜_인지_쫀득바출시_인물리뷰형_4050대세감_var2.릴스_POV.트민남.X_1P_문선정_260619_빙과_강다빈_xGahm3uq.mp4_[26.06]F_V_JD멜_인지_쫀득바출시_인물리뷰형_4050대세감_var2.릴스_POV.트민남.X_1P_문선정_260619_빙과_강다빈,1605,0,3160.0,0,587,인지
2026-08-26,1873959511342130,[빙과_스틱바]_쫀득바_인지2_video,[멜론] 일본원정템_7.1W,[26.07]F_V_JD멜_인지_쫀득바출시_신규BP_외부BP_main.릴스_메인.키노피오브금.X_2P_문선정_260703_빙과_이하림_CMkAHnfZ.mp4_[26.07]F_V_JD멜_인지_쫀득바출시_신규BP_외부BP_main.릴스_메인.키노피오브금.X_2P_문선정_260703_빙과_이하림,10,0,17.0,0,3,인지
2026-08-26,1874370081743346,[빙과_스틱바]_쫀득바_인지2_video,[멜론] 무디 파트너십 광고 (26년 10월까지만 활용 가능),quan_d__orndSwaq.mp4_quan_d_,4501,0,7616.0,0,1355,인지
2026-08-26,1873959601100177,[빙과_스틱바]_쫀득바_인지2_video,[멜론] 인플루언서형_6.3W,[26.06]F_V_JD멜_인지_상시_인플루언서형_인플루언서형.인지_var2.릴스_대세감.X_1P_문선정_260619_빙과_이수민_Bwvr3K0z.mp4_[26.06]F_V_JD멜_인지_상시_인플루언서형_인플루언서형.인지_var2.릴스_대세감.X_1P_문선정_260619_빙과_이수민,16,0,32.0,0,6,인지
2026-08-26,1873959574894593,[빙과_스틱바]_쫀득바_인지2_video,[멜론] 써우리BP_6.4W,[26.06]F_V_JD멜_인지_쫀득바출시_맛인지형_맛인지형.인지_var2.릴스_품절대란.X_1P_문선정_260612_빙과_이수민_X4dmxg8T.mp4_[26.06]F_V_JD멜_인지_쫀득바출시_맛인지형_맛인지형.인지_var2.릴스_품절대란.X_1P_문선정_260612_빙과_이수민,91,0,227.0,0,52,인지
2026-08-26,1873959560792561,[빙과_스틱바]_쫀득바_인지2_video,[멜론] 부자들만먹는_6.4W,[26.06]F_V_JD멜_인지_쫀득바출시_신규BP_먹방형_var1.릴스_쫀득.X_1P_문선정_260626_빙과_이수민_PAw0dpIV.mp4_[26.06]F_V_JD멜_인지_쫀득바출시_신규BP_먹방형_var1.릴스_쫀득.X_1P_문선정_260626_빙과_이수민,7,0,18.0,0,3,인지
2026-08-26,1874371832380434,[빙과_스틱바]_쫀득바_인지2_video,[멜론] 무디 파트너십 광고 (26년 10월까지만 활용 가능),dodoscene_9lkPTqUt.mp4_dodoscene,413,0,1160.0,0,247,인지
2026-08-26,1873959530787025,[빙과_스틱바]_쫀득바_인지2_video,[멜론] 책상네고 대체_6.4W,[26.06]F_V_JD멜_인지_쫀득바출시_기타_비하인드썰풀기_main.릴스_본론.X_1P_김유진_260626_빙과_강다빈_viyVb41T.mp4_[26.06]F_V_JD멜_인지_쫀득바출시_기타_비하인드썰풀기_main.릴스_본론.X_1P_김유진_260626_빙과_강다빈,233,0,548.0,0,108,인지
2026-08-26,1873959541011649,[빙과_스틱바]_쫀득바_인지2_video,[멜론] 농부대첩_6.4W,[26.06]F_V_JD멜_인지_쫀득바출시_신규BP_농부대첩BP_main.릴스_공통.X_2P_김유진_260626_빙과_노현경_VoRCtWIf.mp4_[26.06]F_V_JD멜_인지_쫀득바출시_신규BP_농부대첩BP_main.릴스_공통.X_2P_김유진_260626_빙과_노현경,76,0,94.0,0,16,인지
2026-08-26,1873959559414865,[빙과_스틱바]_쫀득바_인지2_video,[멜론] 부자들만먹는_6.4W,[26.06]F_V_JD멜_인지_쫀득바출시_신규BP_먹방형_main.릴스_공통.X_1P_문선정_260626_빙과_이수민_6K4RW1kr.mp4_[26.06]F_V_JD멜_인지_쫀득바출시_신규BP_먹방형_main.릴스_공통.X_1P_문선정_260626_빙과_이수민,65,0,107.0,0,23,인지
2026-08-26,1874370074461601,[빙과_스틱바]_쫀득바_인지2_video,[멜론] 무디 파트너십 광고 (26년 10월까지만 활용 가능),ksxxida_n57kQYyo.mp4_ksxxida,8148,1,26343.0,0,5618,인지
2026-08-26,1873959654248546,[빙과_스틱바]_쫀득바_인지2_video,[멜론] 요거트바BP_6.3W,[26.06]F_V_JD멜_인지_쫀득바출시_인물리뷰형_편의점원정_var1.릴스_맛.X_1P_문선정_260612_빙과_정요한_USPOMvkw.mp4_[26.06]F_V_JD멜_인지_쫀득바출시_인물리뷰형_편의점원정_var1.릴스_맛.X_1P_문선정_260612_빙과_정요한,57,0,9.0,0,2,인지
2026-08-26,1873959643009314,[빙과_스틱바]_쫀득바_인지2_video,[멜론] 초딩유행템_6.3W,[26.06]F_V_JD멜_인지_쫀득바출시_일상반응형_누나동생_var4.렉카_먹방.X_1P_문선정_260615_빙과_노현경_cx0sGrMW.mp4_[26.06]F_V_JD멜_인지_쫀득바출시_일상반응형_누나동생_var4.렉카_먹방.X_1P_문선정_260615_빙과_노현경,74,0,227.0,0,53,인지
2026-08-26,1873959571492482,[빙과_스틱바]_쫀득바_인지2_video,[멜론] 써우리BP_6.4W,[26.06]F_V_JD멜_인지_쫀득바출시_맛인지형_맛인지형.인지_var3.릴스_국민템 멜론바.X_1P_문선정_260612_빙과_이수민_49m1RLsV.mp4_[26.06]F_V_JD멜_인지_쫀득바출시_맛인지형_맛인지형.인지_var3.릴스_국민템 멜론바.X_1P_문선정_260612_빙과_이수민,20,0,37.0,0,7,인지
2026-08-26,1873959662058609,[빙과_스틱바]_쫀득바_인지2_video,[멜론] 요거트바BP_6.3W,[26.06]F_V_JD멜_인지_쫀득바출시_인물리뷰형_편의점원정_var4.릴스_대세감.X_1P_문선정_260612_빙과_정요한_dTrqo0s9.mp4_[26.06]F_V_JD멜_인지_쫀득바출시_인물리뷰형_편의점원정_var4.릴스_대세감.X_1P_문선정_260612_빙과_정요한,11,0,11.0,0,2,인지
2026-08-26,1873959480704162,[빙과_스틱바]_쫀득바_인지2_video,[멜론] 관계성네고_7.1W,[26.07]F_V_JD멜_인지_쫀득바출시_인물리뷰형_관계성_var6.릴스_잔소리후킹.X_1P_김유진_260703_빙과_강다빈_8xsJGKVk.mp4_[26.07]F_V_JD멜_인지_쫀득바출시_인물리뷰형_관계성_var6.릴스_잔소리후킹.X_1P_김유진_260703_빙과_강다빈,807,0,1252.0,0,241,인지
2026-08-26,1873959544525217,[빙과_스틱바]_쫀득바_인지2_video,[멜론] 1년후에받는_6.4W,[26.06]F_V_JD멜_인지_쫀득바출시_신규BP_써우리BP_var5.릴스_광각취식2.X_1P_문선정_260626_빙과_이수민_WvbZ0G7H.mp4_[26.06]F_V_JD멜_인지_쫀득바출시_신규BP_써우리BP_var5.릴스_광각취식2.X_1P_문선정_260626_빙과_이수민,155,0,133.0,0,24,인지
2026-08-26,1873959494450194,[빙과_스틱바]_쫀득바_인지2_video,[멜론] 1위단독_7.1W,[26.07]F_V_JD멜_인지_쫀득바출시_바이럴형_커뮤니티형_var4.릴스_판매중단.모쏠친구.X_1P_문선정_260703_빙과_김진수_XUDBqtTs.mp4_[26.07]F_V_JD멜_인지_쫀득바출시_바이럴형_커뮤니티형_var4.릴스_판매중단.모쏠친구.X_1P_문선정_260703_빙과_김진수,585,0,1069.0,0,198,인지
2026-08-26,1874030319136113,[빙과_스틱바]_쫀득바_인지2_video,[멜론] 초딩유행템_6.3W,[26.06]F_V_JD멜_인지_쫀득바출시_일상반응형_누나동생_var2.렉카_삐짐.X_1P_문선정_260615_빙과_노현경_hK163maR.mp4_[26.06]F_V_JD멜_인지_쫀득바출시_일상반응형_누나동생_var2.렉카_삐짐.X_1P_문선정_260615_빙과_노현경,174,0,388.0,0,77,인지
2026-08-26,1873959592940658,[빙과_스틱바]_쫀득바_인지2_video,[멜론] 인플루언서형_6.3W,[26.06]F_V_JD멜_인지_상시_인플루언서형_인플루언서형.인지_var1.릴스_쫀득 후킹.X_1P_문선정_260619_빙과_이수민_HCZXPTgo.mp4_[26.06]F_V_JD멜_인지_상시_인플루언서형_인플루언서형.인지_var1.릴스_쫀득 후킹.X_1P_문선정_260619_빙과_이수민,4,0,8.0,0,3,인지
2026-08-26,1873959662238738,[빙과_스틱바]_쫀득바_인지2_video,[멜론] 유튜버썰풀기형_6.3W,[26.06]F_V_JD멜_인지_쫀득바출시_숏츠형_유튜브읽기형_var1.릴스_1년에한달.365일.X_1P_문선정_260612_빙과_이수현_Gau8dgwA.mp4_[26.06]F_V_JD멜_인지_쫀득바출시_숏츠형_유튜브읽기형_var1.릴스_1년에한달.365일.X_1P_문선정_260612_빙과_이수현,241,0,732.0,0,151,인지
2026-08-26,1874370080353713,[빙과_스틱바]_쫀득바_인지2_video,[멜론] 무디 파트너십 광고 (26년 10월까지만 활용 가능),unyouu_ZQxjeUdR.mp4_unyouu,459,0,1378.0,0,308,인지
2026-08-26,1874030313976066,[빙과_스틱바]_쫀득바_인지2_video,[멜론] 인물리뷰(1)_6.3W,[26.06]F_V_JD멜_인지_쫀득바출시_인물리뷰형_인물리뷰형_var4.릴스_후킹.X_2P_고가영_260612_빙과_유영현_JfFPUknj.mp4_[26.06]F_V_JD멜_인지_쫀득바출시_인물리뷰형_인물리뷰형_var4.릴스_후킹.X_2P_고가영_260612_빙과_유영현,61,0,187.0,0,39,인지
2026-08-26,1874030333521250,[빙과_스틱바]_쫀득바_인지2_video,[멜론] 초딩유행템2_6.4W,[26.06]F_V_JD멜_인지_쫀득바출시_신규BP_써우리BP_var2.릴스_혜택.X_1P_문선정_260626_빙과_김진수_AGmDZ35w.mp4_[26.06]F_V_JD멜_인지_쫀득바출시_신규BP_써우리BP_var2.릴스_혜택.X_1P_문선정_260626_빙과_김진수,260,0,468.0,0,93,인지
2026-08-26,1874370060195937,[빙과_스틱바]_쫀득바_인지2_video,[멜론] 무디 파트너십 광고 (26년 10월까지만 활용 가능),02_TbcHadv6.mp4_02,1002,0,3758.0,0,935,인지
2026-08-26,1873959579303250,[빙과_스틱바]_쫀득바_인지2_video,[망고] 전화네고형_6.3W,[26.06]F_V_JD망_인지_쫀득바출시_네고형_전화네고형_var1.릴스_먹방.X_2P_문선정_260622_빙과_조의진_idHD4Vv8.mp4_[26.06]F_V_JD망_인지_쫀득바출시_네고형_전화네고형_var1.릴스_먹방.X_2P_문선정_260622_빙과_조의진,635,0,901.0,0,179,인지
2026-08-26,1873959606553906,[빙과_스틱바]_쫀득바_인지2_video,[멜론] 수박BP_6.3W,[26.06]F_V_JD멜_인지_쫀득바출시_맛인지형_수박BP_main.릴스_1년에딱.X_1P_김유진_260619_빙과_정하얀_4WnKJzct.mp4_[26.06]F_V_JD멜_인지_쫀득바출시_맛인지형_수박BP_main.릴스_1년에딱.X_1P_김유진_260619_빙과_정하얀,17,0,34.0,0,9,인지
2026-08-26,1873959633516657,[빙과_스틱바]_쫀득바_인지2_video,[멜론] 스틱바BP_6.3W,[26.06]F_V_JD멜_인지_쫀득바출시_인물리뷰형_4050대세감_var5.릴스_쩜오건.숏.음산브금.X_1P_문선정_260619_빙과_강다빈_OPETBUCN.mp4_[26.06]F_V_JD멜_인지_쫀득바출시_인물리뷰형_4050대세감_var5.릴스_쩜오건.숏.음산브금.X_1P_문선정_260619_빙과_강다빈,253,0,406.0,0,78,인지
2026-08-26,1874030316282466,[빙과_스틱바]_쫀득바_인지2_video,[멜론] 유튜버썰풀기형_6.3W,[26.06]F_V_JD멜_인지_쫀득바출시_숏츠형_유튜브읽기형_var3.릴스_SNS도배.두쫀쿠다음.X_1P_문선정_260612_빙과_이수현_8Q64E9kb.mp4_[26.06]F_V_JD멜_인지_쫀득바출시_숏츠형_유튜브읽기형_var3.릴스_SNS도배.두쫀쿠다음.X_1P_문선정_260612_빙과_이수현,16,0,23.0,0,4,인지
2026-08-26,1874476587075634,[빙과_스틱바]_쫀득바_인지2_video,[멜론] 무디 파트너십 광고 (26년 10월까지만 활용 가능),okindflower_tiktok_16x9_F9pfKXPt.mp4_okindflower,1092,0,5739.0,0,1188,인지
2026-08-26,1874370071281842,[빙과_스틱바]_쫀득바_인지2_video,[멜론] 무디 파트너십 광고 (26년 10월까지만 활용 가능),d_love_ys_cZCijq4g.mp4_d_love_ys,654,0,1808.0,0,390,인지
2026-08-26,1873959534654866,[빙과_스틱바]_쫀득바_인지2_video,[멜론] 농부대첩_6.4W,[26.06]F_V_JD멜_인지_쫀득바출시_신규BP_농부대첩BP_var3.릴스_레시피.X_2P_김유진_260626_빙과_노현경_oK6TcGtU.mp4_[26.06]F_V_JD멜_인지_쫀득바출시_신규BP_농부대첩BP_var3.릴스_레시피.X_2P_김유진_260626_빙과_노현경,2600,0,3947.0,0,729,인지
2026-08-26,1873959606553874,[빙과_스틱바]_쫀득바_인지2_video,[멜론] 수박BP_6.3W,[26.06]F_V_JD멜_인지_쫀득바출시_맛인지형_수박BP_var1.릴스_저샀어요.X_1P_김유진_260619_빙과_정하얀_KxT2Mrn4.mp4_[26.06]F_V_JD멜_인지_쫀득바출시_맛인지형_수박BP_var1.릴스_저샀어요.X_1P_김유진_260619_빙과_정하얀,72,0,86.0,0,16,인지
2026-08-26,1874030321444945,[빙과_스틱바]_쫀득바_인지2_video,[멜론] 컨비니BP_6.3W,[26.06]F_V_JD멜_인지_쫀득바출시_제조과정형_컨비니BP_var5.릴스_공통.할인.X_1P_김유진_260619_빙과_정요한_7cNBXRYq.mp4_[26.06]F_V_JD멜_인지_쫀득바출시_제조과정형_컨비니BP_var5.릴스_공통.할인.X_1P_김유진_260619_빙과_정요한,62,0,198.0,0,42,인지
2026-08-26,1874370090377506,[빙과_스틱바]_쫀득바_인지2_video,[멜론] 무디 파트너십 광고 (26년 10월까지만 활용 가능),xeoj.ng_L7HK2Ueo.mp4_xeoj.ng,1976,0,7180.0,0,1675,인지
2026-08-26,1873959547401362,[빙과_스틱바]_쫀득바_인지2_video,[멜론] 1년후에받는_6.4W,[26.06]F_V_JD멜_인지_쫀득바출시_신규BP_써우리BP_var4.릴스_광각취식1.X_1P_문선정_260626_빙과_이수민_qf35uhY2.mp4_[26.06]F_V_JD멜_인지_쫀득바출시_신규BP_써우리BP_var4.릴스_광각취식1.X_1P_문선정_260626_빙과_이수민,16,0,39.0,0,7,인지
2026-08-26,1873959576604178,[빙과_스틱바]_쫀득바_인지2_video,[멜론] 써우리BP_6.4W,[26.06]F_V_JD멜_인지_쫀득바출시_맛인지형_맛인지형.인지_var4.릴스_노을멜론.X_1P_문선정_260612_빙과_이수민_c8GfOUgM.mp4_[26.06]F_V_JD멜_인지_쫀득바출시_맛인지형_맛인지형.인지_var4.릴스_노을멜론.X_1P_문선정_260612_빙과_이수민,60,0,70.0,0,15,인지
2026-08-26,1874030334903522,[빙과_스틱바]_쫀득바_인지2_video,[멜론] 1년후에받는_6.4W,[26.06]F_V_JD멜_인지_쫀득바출시_신규BP_써우리BP_main.릴스_공통.X_1P_문선정_260626_빙과_이수민_ATprqdNR.mp4_[26.06]F_V_JD멜_인지_쫀득바출시_신규BP_써우리BP_main.릴스_공통.X_1P_문선정_260626_빙과_이수민,77,0,131.0,0,22,인지
2026-08-26,1873959662238770,[빙과_스틱바]_쫀득바_인지2_video,[멜론] 유튜버썰풀기형_6.3W,[26.06]F_V_JD멜_인지_쫀득바출시_숏츠형_유튜브읽기형_main.릴스_1년에한달.X_1P_문선정_260612_빙과_이수현_fA5aYhzs.mp4_[26.06]F_V_JD멜_인지_쫀득바출시_숏츠형_유튜브읽기형_main.릴스_1년에한달.X_1P_문선정_260612_빙과_이수현,478,0,749.0,0,134,인지
2026-08-26,1874370090397122,[빙과_스틱바]_쫀득바_인지2_video,[멜론] 무디 파트너십 광고 (26년 10월까지만 활용 가능),minimore.927_wXMpjCo9.mp4_minimore.927,6508,0,21261.0,0,4790,인지
2026-08-26,1874370094864626,[빙과_스틱바]_쫀득바_인지2_video,[멜론] 무디 파트너십 광고 (26년 10월까지만 활용 가능),bbuni_sol_0lW2JXmG.mp4_bbuni_sol,2109,0,6662.0,0,1610,인지
2026-08-26,1873959550576913,[빙과_스틱바]_쫀득바_인지2_video,[멜론] 1년후에받는_6.4W,[26.06]F_V_JD멜_인지_쫀득바출시_신규BP_써우리BP_var3.릴스_찾는척.X_1P_문선정_260626_빙과_이수민_dsA5VQTS.mp4_[26.06]F_V_JD멜_인지_쫀득바출시_신규BP_써우리BP_var3.릴스_찾는척.X_1P_문선정_260626_빙과_이수민,78,0,148.0,0,32,인지
2026-08-26,1874370091722833,[빙과_스틱바]_쫀득바_인지2_video,[멜론] 무디 파트너십 광고 (26년 10월까지만 활용 가능),payforyouth__j28UIP7Q.mp4_payforyouth_,1717,0,4623.0,0,977,인지
2026-08-26,1873959631566914,[빙과_스틱바]_쫀득바_인지2_video,[멜론] 스틱바BP_6.3W,[26.06]F_V_JD멜_인지_쫀득바출시_인물리뷰형_4050대세감_var6.릴스_쩜오건.숏.큐티브금.X_1P_문선정_260619_빙과_강다빈_i87tvceJ.mp4_[26.06]F_V_JD멜_인지_쫀득바출시_인물리뷰형_4050대세감_var6.릴스_쩜오건.숏.큐티브금.X_1P_문선정_260619_빙과_강다빈,12,0,12.0,0,2,인지
2026-08-26,1874370068335249,[빙과_스틱바]_쫀득바_인지2_video,[멜론] 무디 파트너십 광고 (26년 10월까지만 활용 가능),cmonprefere__k_Hx4qLXWs.mp4_cmonprefere__k,1079,0,2407.0,0,447,인지
2026-08-26,1873959502194161,[빙과_스틱바]_쫀득바_인지2_video,[멜론] 현지인도못구하는_7.1W,[26.07]F_V_JD멜_인지_쫀득바출시_인플루언서형_인플루언서형_var1.릴스_제품먼저.X_1P_문선정_260703_빙과_정하얀_gA26O49Z.mp4_[26.07]F_V_JD멜_인지_쫀득바출시_인플루언서형_인플루언서형_var1.릴스_제품먼저.X_1P_문선정_260703_빙과_정하얀,111,0,206.0,0,37,인지
2026-08-26,1873959534653730,[빙과_스틱바]_쫀득바_인지2_video,[멜론] 농부대첩_6.4W,[26.06]F_V_JD멜_인지_쫀득바출시_신규BP_농부대첩BP_var4.릴스_OEM.X_2P_김유진_260626_빙과_노현경_C8ZH0kJx.mp4_[26.06]F_V_JD멜_인지_쫀득바출시_신규BP_농부대첩BP_var4.릴스_OEM.X_2P_김유진_260626_빙과_노현경,318,0,1201.0,0,237,인지
2026-08-26,1873959502194113,[빙과_스틱바]_쫀득바_인지2_video,[멜론] 현지인도못구하는_7.1W,[26.07]F_V_JD멜_인지_쫀득바출시_인플루언서형_인플루언서형_main.릴스_비행기표취소.X_1P_문선정_260703_빙과_정하얀_6J9yLGRu.mp4_[26.07]F_V_JD멜_인지_쫀득바출시_인플루언서형_인플루언서형_main.릴스_비행기표취소.X_1P_문선정_260703_빙과_정하얀,87,0,115.0,0,20,인지
2026-08-26,1874030341331282,[빙과_스틱바]_쫀득바_인지2_video,[멜론] 전세계에서일본에만_7.1W,[26.07]F_V_JD멜_인지_쫀득바출시_인물리뷰형_인물리뷰형_var1.릴스_상단.국내출시.X_2P_문선정_260703_빙과_유영현_hYJso2jc.mp4_[26.07]F_V_JD멜_인지_쫀득바출시_인물리뷰형_인물리뷰형_var1.릴스_상단.국내출시.X_2P_문선정_260703_빙과_유영현,77,0,275.0,0,58,인지
2026-08-26,1873959654247474,[빙과_스틱바]_쫀득바_인지2_video,[멜론] 요거트바BP_6.3W,[26.06]F_V_JD멜_인지_쫀득바출시_인물리뷰형_편의점원정_main.릴스_공통.X_1P_문선정_260612_빙과_정요한_YkIZOlu0.mp4_[26.06]F_V_JD멜_인지_쫀득바출시_인물리뷰형_편의점원정_main.릴스_공통.X_1P_문선정_260612_빙과_정요한,20,0,56.0,0,11,인지
2026-08-26,1874370076917153,[빙과_스틱바]_쫀득바_인지2_video,[멜론] 무디 파트너십 광고 (26년 10월까지만 활용 가능),niker_jaen_dE0hLqZD.mp4_niker_jaen,4223,0,12263.0,0,2779,인지
2026-08-26,1873959592941730,[빙과_스틱바]_쫀득바_인지2_video,[멜론] 인플루언서형_6.3W,[26.06]F_V_JD멜_인지_상시_인플루언서형_인플루언서형.인지_main.릴스_공통.X_1P_문선정_260619_빙과_이수민_OcQS8Jtk.mp4_[26.06]F_V_JD멜_인지_상시_인플루언서형_인플루언서형.인지_var2.릴스_대세감.X_1P_문선정_260619_빙과_이수민,2,0,4.0,0,1,인지
2026-08-26,1873959541152114,[빙과_스틱바]_쫀득바_인지2_video,[멜론] 1년후에받는_6.4W,[26.06]F_V_JD멜_인지_쫀득바출시_신규BP_써우리BP_var1.릴스_비교1.X_1P_문선정_260626_빙과_이수민_pb8xwIkc.mp4_[26.06]F_V_JD멜_인지_쫀득바출시_신규BP_써우리BP_var1.릴스_비교1.X_1P_문선정_260626_빙과_이수민,185,0,416.0,0,87,인지
2026-08-26,1874030317649217,[빙과_스틱바]_쫀득바_인지2_video,[멜론] 인물리뷰(2)_6.3W,[26.06]F_V_JD멜_인지_쫀득바출시_인물리뷰형_렉카형_var2.릴스_상단.대세감.X_2P_고가영_260612_빙과_김지연_uJ2PiCGN.mp4_[26.06]F_V_JD멜_인지_쫀득바출시_인물리뷰형_렉카형_var2.릴스_상단.대세감.X_2P_고가영_260612_빙과_김지연,240,0,396.0,0,69,인지
2026-08-26,1874370060202321,[빙과_스틱바]_쫀득바_인지2_video,[멜론] 무디 파트너십 광고 (26년 10월까지만 활용 가능),eunbynko_XVZyBHut.mp4_eunbynko,783,0,1920.0,0,446,인지
2026-08-26,1873959668420802,[빙과_스틱바]_쫀득바_인지2_video,[멜론] 유튜버썰풀기형_6.3W,[26.06]F_V_JD멜_인지_쫀득바출시_숏츠형_유튜브읽기형_var2.릴스_원조이김.국민템.X_1P_문선정_260612_빙과_이수현_sC9KkVo2.mp4_[26.06]F_V_JD멜_인지_쫀득바출시_숏츠형_유튜브읽기형_var2.릴스_원조이김.국민템.X_1P_문선정_260612_빙과_이수현,14,0,18.0,0,3,인지
2026-08-26,1874370063993025,[빙과_스틱바]_쫀득바_인지2_video,[멜론] 무디 파트너십 광고 (26년 10월까지만 활용 가능),ddu___0_Jb76Kdc9.mp4_ddu___0,992,0,3267.0,0,740,인지
2026-08-26,1873959599404161,[빙과_스틱바]_쫀득바_인지2_video,[멜론] 인플루언서형_6.3W,[26.06]F_V_JD멜_인지_상시_인플루언서형_인플루언서형.인지_var3.릴스_코어 후킹.X_1P_문선정_260619_빙과_이수민_fHo1zJ0X.mp4_[26.06]F_V_JD멜_인지_상시_인플루언서형_인플루언서형.인지_var3.릴스_코어 후킹.X_1P_문선정_260619_빙과_이수민,14,0,24.0,0,4,인지
2026-08-26,1873959582885234,[빙과_스틱바]_쫀득바_인지2_video,[망고] 맛인지_6.3W,[26.06]F_V_JD망_인지_쫀득바출시_맛인지형_맛인지형.인지_var1.릴스_젤리식감.진수.6월.수민PJ_2P_문선정_260619_빙과_김지연_oqUjrN9C.mp4_[26.06]F_V_JD망_인지_쫀득바출시_맛인지형_맛인지형.인지_var1.릴스_젤리식감.진수.6월.수민PJ_2P_문선정_260619_빙과_김지연,9,0,15.0,0,3,인지
2026-08-26,1874030338066737,[빙과_스틱바]_쫀득바_인지2_video,[멜론] 현지인도못구하는_7.1W,[26.07]F_V_JD멜_인지_쫀득바출시_인플루언서형_인플루언서형_var2.릴스_인물먼저.X_1P_문선정_260703_빙과_정하얀_JOamzo0T.mp4_[26.07]F_V_JD멜_인지_쫀득바출시_인플루언서형_인플루언서형_var2.릴스_인물먼저.X_1P_문선정_260703_빙과_정하얀,29,0,83.0,0,18,인지
2026-08-26,1874370063742978,[빙과_스틱바]_쫀득바_인지2_video,[멜론] 무디 파트너십 광고 (26년 10월까지만 활용 가능),haaube_gxcneazF.mp4_haaube,5596,0,11289.0,0,2185,인지
2026-08-26,1873959671881745,[빙과_스틱바]_쫀득바_인지2_video,[멜론] 유튜버썰풀기형_6.3W,[26.06]F_V_JD멜_인지_쫀득바출시_숏츠형_유튜브읽기형_var6.릴스_업계최초.의외로.X_1P_문선정_260612_빙과_이수현_KyiOqcTE.mp4_[26.06]F_V_JD멜_인지_쫀득바출시_숏츠형_유튜브읽기형_var6.릴스_업계최초.의외로.X_1P_문선정_260612_빙과_이수현,95,0,144.0,0,24,인지
2026-08-26,1874370083000546,[빙과_스틱바]_쫀득바_인지2_video,[멜론] 무디 파트너십 광고 (26년 10월까지만 활용 가능),s_eo__fit_xO7qAYSe.mp4_s_eo__fit,738,0,2245.0,0,578,인지
2026-08-26,1873959586022625,[빙과_스틱바]_쫀득바_인지2_video,[망고] 맛인지_6.3W,[26.06]F_V_JD망_인지_쫀득바출시_맛인지형_맛인지형.인지_var2.릴스_망고맛.진수.6월.수민PJ_2P_문선정_260619_빙과_김지연_85l4f3Aq.mp4_[26.06]F_V_JD망_인지_쫀득바출시_맛인지형_맛인지형.인지_var2.릴스_망고맛.진수.6월.수민PJ_2P_문선정_260619_빙과_김지연,9,0,16.0,0,4,인지
2026-08-26,1874370072347921,[빙과_스틱바]_쫀득바_인지2_video,[멜론] 무디 파트너십 광고 (26년 10월까지만 활용 가능),leem_life_3XiF0QC7.mp4_leem_life,10643,0,18969.0,0,3314,인지
2026-08-26,1873959656457905,[빙과_스틱바]_쫀득바_인지2_video,[멜론] 요거트바BP_6.3W,[26.06]F_V_JD멜_인지_쫀득바출시_인물리뷰형_편의점원정_var2.릴스_퀄리티.X_1P_문선정_260612_빙과_정요한_F6rWEnOX.mp4_[26.06]F_V_JD멜_인지_쫀득바출시_인물리뷰형_편의점원정_var2.릴스_퀄리티.X_1P_문선정_260612_빙과_정요한,68,0,76.0,0,17,인지
2026-08-26,1873959656924433,[빙과_스틱바]_쫀득바_인지2_video,[멜론] 요거트바BP_6.3W,[26.06]F_V_JD멜_인지_쫀득바출시_인물리뷰형_편의점원정_var3.릴스_왁뿌볼.X_1P_문선정_260612_빙과_정요한_HJ4yRNtY.mp4_[26.06]F_V_JD멜_인지_쫀득바출시_인물리뷰형_편의점원정_var3.릴스_왁뿌볼.X_1P_문선정_260612_빙과_정요한,22,0,47.0,0,9,인지
2026-08-26,1874370098478129,[빙과_스틱바]_쫀득바_인지2_video,[멜론] 무디 파트너십 광고 (26년 10월까지만 활용 가능),kdaaeng_5cY4RH6h.mp4_kdaaeng,844,0,2497.0,0,602,인지
2026-08-26,1874370084367666,[빙과_스틱바]_쫀득바_인지2_video,[멜론] 무디 파트너십 광고 (26년 10월까지만 활용 가능),siyeonyoojoa_cRqTQrdi.mp4_siyeonyoojoa,6323,0,15656.0,0,3334,인지
2026-08-26,1873959500695698,[빙과_스틱바]_쫀득바_인지2_video,[멜론] 1위단독_7.1W,[26.07]F_V_JD멜_인지_쫀득바출시_바이럴형_커뮤니티형_var1.릴스_30년만에.신입탕비담당.X_1P_문선정_260702_빙과_김진수_8W5sKwHy.mp4_[26.07]F_V_JD멜_인지_쫀득바출시_바이럴형_커뮤니티형_var1.릴스_30년만에.신입탕비담당.X_1P_문선정_260702_빙과_김진수,186,0,336.0,0,68,인지
2026-08-26,1873959673179393,[빙과_스틱바]_쫀득바_인지2_video,[멜론] 유튜버썰풀기형_6.3W,[26.06]F_V_JD멜_인지_쫀득바출시_숏츠형_유튜브읽기형_var5.릴스_업계최초.X_1P_문선정_260612_빙과_이수현_EID4Njqr.mp4_[26.06]F_V_JD멜_인지_쫀득바출시_숏츠형_유튜브읽기형_var5.릴스_업계최초.X_1P_문선정_260612_빙과_이수현,7,0,18.0,0,3,인지
2026-08-26,1873959624012849,[빙과_스틱바]_쫀득바_인지2_video,[멜론] 스틱바BP_6.3W,[26.06]F_V_JD멜_인지_쫀득바출시_인물리뷰형_4050대세감_var1.릴스_맛후킹.X_1P_문선정_260619_빙과_강다빈_Stbu1VnU.mp4_[26.06]F_V_JD멜_인지_쫀득바출시_인물리뷰형_4050대세감_var1.릴스_맛후킹.X_1P_문선정_260619_빙과_강다빈,178,0,77.0,0,26,인지
2026-08-26,1873959509313921,[빙과_스틱바]_쫀득바_인지2_video,[멜론] 일본원정템_7.1W,[26.07]F_V_JD멜_인지_쫀득바출시_신규BP_외부BP_var2.릴스_POV.X_2P_문선정_260703_빙과_이하림_vSPVRZmI.mp4_[26.07]F_V_JD멜_인지_쫀득바출시_신규BP_외부BP_var2.릴스_POV.X_2P_문선정_260703_빙과_이하림,29,0,99.0,0,21,인지
2026-08-26,1873959572271185,[빙과_스틱바]_쫀득바_인지2_video,[멜론] 써우리BP_6.4W,[26.06]F_V_JD멜_인지_쫀득바출시_맛인지형_맛인지형.인지_var1.릴스_왁뿌볼.X_1P_문선정_260612_빙과_이수민_EwQB6yWu.mp4_[26.06]F_V_JD멜_인지_쫀득바출시_맛인지형_맛인지형.인지_var1.릴스_왁뿌볼.X_1P_문선정_260612_빙과_이수민,15,0,25.0,0,5,인지
2026-08-26,1874370092553873,[빙과_스틱바]_쫀득바_인지2_video,[멜론] 무디 파트너십 광고 (26년 10월까지만 활용 가능),riverbinn_N8nEPrUl.mp4_riverbinn,760,0,2048.0,0,443,인지
2026-08-26,1873959582885202,[빙과_스틱바]_쫀득바_인지2_video,[망고] 맛인지_6.3W,[26.06]F_V_JD망_인지_쫀득바출시_맛인지형_맛인지형.인지_main.릴스_공통.진수.6월.수민PJ_2P_문선정_260619_빙과_김지연_pI4Fmbu1.mp4_[26.06]F_V_JD망_인지_쫀득바출시_맛인지형_맛인지형.인지_main.릴스_공통.진수.6월.수민PJ_2P_문선정_260619_빙과_김지연,741,0,865.0,0,177,인지
2026-08-26,1873959624012817,[빙과_스틱바]_쫀득바_인지2_video,[멜론] 스틱바BP_6.3W,[26.06]F_V_JD멜_인지_쫀득바출시_인물리뷰형_4050대세감_main.릴스_본론.X_1P_문선정_260619_빙과_강다빈_VvFUnekb.mp4_[26.06]F_V_JD멜_인지_쫀득바출시_인물리뷰형_4050대세감_main.릴스_본론.X_1P_문선정_260619_빙과_강다빈,118,0,179.0,0,33,인지
2026-08-27,1874370090377506,[빙과_스틱바]_쫀득바_인지2_video,[멜론] 무디 파트너십 광고 (26년 10월까지만 활용 가능),xeoj.ng_L7HK2Ueo.mp4_xeoj.ng,223,0,521.0,0,120,인지
2026-08-27,1874056375748738,[빙과_스틱바]_쫀득바_인지_video,[멜론] 무디 파트너십 광고 (26년 10월까지만 활용 가능),4,6,0,6.0,0,1,인지
2026-08-27,1873959494450194,[빙과_스틱바]_쫀득바_인지2_video,[멜론] 1위단독_7.1W,[26.07]F_V_JD멜_인지_쫀득바출시_바이럴형_커뮤니티형_var4.릴스_판매중단.모쏠친구.X_1P_문선정_260703_빙과_김진수_XUDBqtTs.mp4_[26.07]F_V_JD멜_인지_쫀득바출시_바이럴형_커뮤니티형_var4.릴스_판매중단.모쏠친구.X_1P_문선정_260703_빙과_김진수,1823,0,3177.0,0,585,인지
2026-08-27,1874370094864626,[빙과_스틱바]_쫀득바_인지2_video,[멜론] 무디 파트너십 광고 (26년 10월까지만 활용 가능),bbuni_sol_0lW2JXmG.mp4_bbuni_sol,1931,0,5802.0,0,1312,인지
2026-08-27,1873959633516657,[빙과_스틱바]_쫀득바_인지2_video,[멜론] 스틱바BP_6.3W,[26.06]F_V_JD멜_인지_쫀득바출시_인물리뷰형_4050대세감_var5.릴스_쩜오건.숏.음산브금.X_1P_문선정_260619_빙과_강다빈_OPETBUCN.mp4_[26.06]F_V_JD멜_인지_쫀득바출시_인물리뷰형_4050대세감_var5.릴스_쩜오건.숏.음산브금.X_1P_문선정_260619_빙과_강다빈,202,0,336.0,0,63,인지
2026-08-27,1874476587075634,[빙과_스틱바]_쫀득바_인지2_video,[멜론] 무디 파트너십 광고 (26년 10월까지만 활용 가능),okindflower_tiktok_16x9_F9pfKXPt.mp4_okindflower,3924,0,12091.0,0,2775,인지
2026-08-27,1873959606553874,[빙과_스틱바]_쫀득바_인지2_video,[멜론] 수박BP_6.3W,[26.06]F_V_JD멜_인지_쫀득바출시_맛인지형_수박BP_var1.릴스_저샀어요.X_1P_김유진_260619_빙과_정하얀_KxT2Mrn4.mp4_[26.06]F_V_JD멜_인지_쫀득바출시_맛인지형_수박BP_var1.릴스_저샀어요.X_1P_김유진_260619_빙과_정하얀,82,0,160.0,0,39,인지
2026-08-27,1871586559538209,[빙과_스틱바]_쫀득바_인지_video,0724_추성훈BP_JD멜,[26.07]F_V_JD멜_인지_쫀득바출시_신규BP_추성훈BP_var5.렉카_매출1등.7월.수민PJ_1P_영상팀_260724_빙과_이수민,100,0,342.0,0,32,인지
2026-08-27,1873959668420802,[빙과_스틱바]_쫀득바_인지2_video,[멜론] 유튜버썰풀기형_6.3W,[26.06]F_V_JD멜_인지_쫀득바출시_숏츠형_유튜브읽기형_var2.릴스_원조이김.국민템.X_1P_문선정_260612_빙과_이수현_sC9KkVo2.mp4_[26.06]F_V_JD멜_인지_쫀득바출시_숏츠형_유튜브읽기형_var2.릴스_원조이김.국민템.X_1P_문선정_260612_빙과_이수현,39,0,47.0,0,8,인지
2026-08-27,1874469822085266,[빙과_스틱바]_쫀득바_인지_video,[멜론] 무디 파트너십 광고 (26년 10월까지만 활용 가능),okindflower.mp4,10,0,16.0,0,3,인지
2026-08-27,1874056375751874,[빙과_스틱바]_쫀득바_인지_video,[멜론] 무디 파트너십 광고 (26년 10월까지만 활용 가능),ksxxida,128,0,191.0,0,51,인지
2026-08-27,1873959654247474,[빙과_스틱바]_쫀득바_인지2_video,[멜론] 요거트바BP_6.3W,[26.06]F_V_JD멜_인지_쫀득바출시_인물리뷰형_편의점원정_main.릴스_공통.X_1P_문선정_260612_빙과_정요한_YkIZOlu0.mp4_[26.06]F_V_JD멜_인지_쫀득바출시_인물리뷰형_편의점원정_main.릴스_공통.X_1P_문선정_260612_빙과_정요한,50,0,105.0,0,26,인지
2026-08-27,1873959586022625,[빙과_스틱바]_쫀득바_인지2_video,[망고] 맛인지_6.3W,[26.06]F_V_JD망_인지_쫀득바출시_맛인지형_맛인지형.인지_var2.릴스_망고맛.진수.6월.수민PJ_2P_문선정_260619_빙과_김지연_85l4f3Aq.mp4_[26.06]F_V_JD망_인지_쫀득바출시_맛인지형_맛인지형.인지_var2.릴스_망고맛.진수.6월.수민PJ_2P_문선정_260619_빙과_김지연,13,0,51.0,0,11,인지
2026-08-27,1873959585040561,[빙과_스틱바]_쫀득바_인지2_video,[망고] 맛인지_6.3W,[26.06]F_V_JD망_인지_쫀득바출시_맛인지형_맛인지형.인지_var3.릴스_대세감.진수.6월.수민PJ_2P_문선정_260619_빙과_김지연_694xYrHj.mp4_[26.06]F_V_JD망_인지_쫀득바출시_맛인지형_맛인지형.인지_var3.릴스_대세감.진수.6월.수민PJ_2P_문선정_260619_빙과_김지연,3,0,6.0,0,2,인지
2026-08-27,1873959502194161,[빙과_스틱바]_쫀득바_인지2_video,[멜론] 현지인도못구하는_7.1W,[26.07]F_V_JD멜_인지_쫀득바출시_인플루언서형_인플루언서형_var1.릴스_제품먼저.X_1P_문선정_260703_빙과_정하얀_gA26O49Z.mp4_[26.07]F_V_JD멜_인지_쫀득바출시_인플루언서형_인플루언서형_var1.릴스_제품먼저.X_1P_문선정_260703_빙과_정하얀,204,0,311.0,0,66,인지
2026-08-27,1874370071281842,[빙과_스틱바]_쫀득바_인지2_video,[멜론] 무디 파트너십 광고 (26년 10월까지만 활용 가능),d_love_ys_cZCijq4g.mp4_d_love_ys,1366,0,3483.0,0,705,인지
2026-08-27,1874056375748770,[빙과_스틱바]_쫀득바_인지_video,[멜론] 무디 파트너십 광고 (26년 10월까지만 활용 가능),xeoj.ng,42,0,55.0,0,15,인지
2026-08-27,1874370090397122,[빙과_스틱바]_쫀득바_인지2_video,[멜론] 무디 파트너십 광고 (26년 10월까지만 활용 가능),minimore.927_wXMpjCo9.mp4_minimore.927,2326,0,7587.0,0,1668,인지
2026-08-27,1873959631566914,[빙과_스틱바]_쫀득바_인지2_video,[멜론] 스틱바BP_6.3W,[26.06]F_V_JD멜_인지_쫀득바출시_인물리뷰형_4050대세감_var6.릴스_쩜오건.숏.큐티브금.X_1P_문선정_260619_빙과_강다빈_i87tvceJ.mp4_[26.06]F_V_JD멜_인지_쫀득바출시_인물리뷰형_4050대세감_var6.릴스_쩜오건.숏.큐티브금.X_1P_문선정_260619_빙과_강다빈,18,0,36.0,0,8,인지
2026-08-27,1873959671881745,[빙과_스틱바]_쫀득바_인지2_video,[멜론] 유튜버썰풀기형_6.3W,[26.06]F_V_JD멜_인지_쫀득바출시_숏츠형_유튜브읽기형_var6.릴스_업계최초.의외로.X_1P_문선정_260612_빙과_이수현_KyiOqcTE.mp4_[26.06]F_V_JD멜_인지_쫀득바출시_숏츠형_유튜브읽기형_var6.릴스_업계최초.의외로.X_1P_문선정_260612_빙과_이수현,87,0,87.0,0,18,인지
2026-08-27,1873959582885202,[빙과_스틱바]_쫀득바_인지2_video,[망고] 맛인지_6.3W,[26.06]F_V_JD망_인지_쫀득바출시_맛인지형_맛인지형.인지_main.릴스_공통.진수.6월.수민PJ_2P_문선정_260619_빙과_김지연_pI4Fmbu1.mp4_[26.06]F_V_JD망_인지_쫀득바출시_맛인지형_맛인지형.인지_main.릴스_공통.진수.6월.수민PJ_2P_문선정_260619_빙과_김지연,562,0,911.0,0,184,인지
2026-08-27,1874056375746818,[빙과_스틱바]_쫀득바_인지_video,[멜론] 무디 파트너십 광고 (26년 10월까지만 활용 가능),riverbinn,10,0,6.0,0,1,인지
2026-08-27,1873959596195153,[빙과_스틱바]_쫀득바_인지2_video,[멜론] 인플루언서형_6.3W,[26.06]F_V_JD멜_인지_상시_인플루언서형_인플루언서형.인지_main.릴스_공통.X_1P_문선정_260619_빙과_이수민_OcQS8Jtk.mp4_[26.06]F_V_JD멜_인지_상시_인플루언서형_인플루언서형.인지_main.릴스_공통.X_1P_문선정_260619_빙과_이수민,11,0,23.0,0,6,인지
2026-08-27,1874370072347921,[빙과_스틱바]_쫀득바_인지2_video,[멜론] 무디 파트너십 광고 (26년 10월까지만 활용 가능),leem_life_3XiF0QC7.mp4_leem_life,3490,0,5785.0,0,1023,인지
2026-08-27,1874030317649217,[빙과_스틱바]_쫀득바_인지2_video,[멜론] 인물리뷰(2)_6.3W,[26.06]F_V_JD멜_인지_쫀득바출시_인물리뷰형_렉카형_var2.릴스_상단.대세감.X_2P_고가영_260612_빙과_김지연_uJ2PiCGN.mp4_[26.06]F_V_JD멜_인지_쫀득바출시_인물리뷰형_렉카형_var2.릴스_상단.대세감.X_2P_고가영_260612_빙과_김지연,225,0,395.0,0,81,인지
2026-08-27,1873959550576913,[빙과_스틱바]_쫀득바_인지2_video,[멜론] 1년후에받는_6.4W,[26.06]F_V_JD멜_인지_쫀득바출시_신규BP_써우리BP_var3.릴스_찾는척.X_1P_문선정_260626_빙과_이수민_dsA5VQTS.mp4_[26.06]F_V_JD멜_인지_쫀득바출시_신규BP_써우리BP_var3.릴스_찾는척.X_1P_문선정_260626_빙과_이수민,286,0,620.0,0,130,인지
2026-08-27,1874030321444945,[빙과_스틱바]_쫀득바_인지2_video,[멜론] 컨비니BP_6.3W,[26.06]F_V_JD멜_인지_쫀득바출시_제조과정형_컨비니BP_var5.릴스_공통.할인.X_1P_김유진_260619_빙과_정요한_7cNBXRYq.mp4_[26.06]F_V_JD멜_인지_쫀득바출시_제조과정형_컨비니BP_var5.릴스_공통.할인.X_1P_김유진_260619_빙과_정요한,152,0,521.0,0,105,인지
2026-08-27,1874030338066737,[빙과_스틱바]_쫀득바_인지2_video,[멜론] 현지인도못구하는_7.1W,[26.07]F_V_JD멜_인지_쫀득바출시_인플루언서형_인플루언서형_var2.릴스_인물먼저.X_1P_문선정_260703_빙과_정하얀_JOamzo0T.mp4_[26.07]F_V_JD멜_인지_쫀득바출시_인플루언서형_인플루언서형_var2.릴스_인물먼저.X_1P_문선정_260703_빙과_정하얀,30,0,93.0,0,21,인지
2026-08-27,1874056375749954,[빙과_스틱바]_쫀득바_인지_video,[멜론] 무디 파트너십 광고 (26년 10월까지만 활용 가능),leem_life,1350,0,612.0,0,170,인지
2026-08-27,1873959509313921,[빙과_스틱바]_쫀득바_인지2_video,[멜론] 일본원정템_7.1W,[26.07]F_V_JD멜_인지_쫀득바출시_신규BP_외부BP_var2.릴스_POV.X_2P_문선정_260703_빙과_이하림_vSPVRZmI.mp4_[26.07]F_V_JD멜_인지_쫀득바출시_신규BP_외부BP_var2.릴스_POV.X_2P_문선정_260703_빙과_이하림,68,0,167.0,0,40,인지
2026-08-27,1873959572271185,[빙과_스틱바]_쫀득바_인지2_video,[멜론] 써우리BP_6.4W,[26.06]F_V_JD멜_인지_쫀득바출시_맛인지형_맛인지형.인지_var1.릴스_왁뿌볼.X_1P_문선정_260612_빙과_이수민_EwQB6yWu.mp4_[26.06]F_V_JD멜_인지_쫀득바출시_맛인지형_맛인지형.인지_var1.릴스_왁뿌볼.X_1P_문선정_260612_빙과_이수민,8,0,6.0,0,2,인지
2026-08-27,1874469822087490,[빙과_스틱바]_쫀득바_인지_video,[멜론] 무디 파트너십 광고 (26년 10월까지만 활용 가능),xcvijy.mp4,97,0,28.0,0,9,인지
2026-08-27,1873959500695698,[빙과_스틱바]_쫀득바_인지2_video,[멜론] 1위단독_7.1W,[26.07]F_V_JD멜_인지_쫀득바출시_바이럴형_커뮤니티형_var1.릴스_30년만에.신입탕비담당.X_1P_문선정_260702_빙과_김진수_8W5sKwHy.mp4_[26.07]F_V_JD멜_인지_쫀득바출시_바이럴형_커뮤니티형_var1.릴스_30년만에.신입탕비담당.X_1P_문선정_260702_빙과_김진수,291,0,572.0,0,130,인지
2026-08-27,1873959599404161,[빙과_스틱바]_쫀득바_인지2_video,[멜론] 인플루언서형_6.3W,[26.06]F_V_JD멜_인지_상시_인플루언서형_인플루언서형.인지_var3.릴스_코어 후킹.X_1P_문선정_260619_빙과_이수민_fHo1zJ0X.mp4_[26.06]F_V_JD멜_인지_상시_인플루언서형_인플루언서형.인지_var3.릴스_코어 후킹.X_1P_문선정_260619_빙과_이수민,13,0,30.0,0,6,인지
2026-08-27,1874370063993025,[빙과_스틱바]_쫀득바_인지2_video,[멜론] 무디 파트너십 광고 (26년 10월까지만 활용 가능),ddu___0_Jb76Kdc9.mp4_ddu___0,1017,0,2372.0,0,494,인지
2026-08-27,1874056375754018,[빙과_스틱바]_쫀득바_인지_video,[멜론] 무디 파트너십 광고 (26년 10월까지만 활용 가능),suj_43,15,0,12.0,0,2,인지
2026-08-27,1874056375749922,[빙과_스틱바]_쫀득바_인지_video,[멜론] 무디 파트너십 광고 (26년 10월까지만 활용 가능),payforyouth_,33,0,33.0,0,10,인지
2026-08-27,1874370080353713,[빙과_스틱바]_쫀득바_인지2_video,[멜론] 무디 파트너십 광고 (26년 10월까지만 활용 가능),unyouu_ZQxjeUdR.mp4_unyouu,282,0,634.0,0,133,인지
2026-08-27,1869682127855746,[빙과_스틱바]_쫀득바_인지_video,[멜론] 1위단독_7.1W,[26.07]F_V_JD멜_인지_쫀득바출시_바이럴형_커뮤니티형_var1.릴스_30년만에.신입탕비담당.X_1P_문선정_260702_빙과_김진수,23025,0,67463.0,0,3925,인지
2026-08-27,1873959567272305,[빙과_스틱바]_쫀득바_인지2_video,[멜론] 부자들만먹는_6.4W,[26.06]F_V_JD멜_인지_쫀득바출시_신규BP_먹방형_var4.릴스_숏.X_1P_문선정_260626_빙과_이수민_51lK2MkR.mp4_[26.06]F_V_JD멜_인지_쫀득바출시_신규BP_먹방형_var4.릴스_숏.X_1P_문선정_260626_빙과_이수민,73,0,156.0,0,33,인지
2026-08-27,1871586578988225,[빙과_스틱바]_쫀득바_인지_video,0724_추성훈BP_JD멜,[26.07]F_V_JD멜_인지_쫀득바출시_신규BP_추성훈BP_var3.렉카_몰래먹기.7월.수민PJ_1P_영상팀_260724_빙과_이수민,18086,0,52928.0,0,5535,인지
2026-08-27,1873959509314913,[빙과_스틱바]_쫀득바_인지2_video,[멜론] 일본원정템_7.1W,[26.07]F_V_JD멜_인지_쫀득바출시_신규BP_외부BP_var1.릴스_메인.일반브금.X_2P_문선정_260703_빙과_이하림_WTZLraDf.mp4_[26.07]F_V_JD멜_인지_쫀득바출시_신규BP_외부BP_var1.릴스_메인.일반브금.X_2P_문선정_260703_빙과_이하림,33,0,51.0,0,9,인지
2026-08-27,1874370081743346,[빙과_스틱바]_쫀득바_인지2_video,[멜론] 무디 파트너십 광고 (26년 10월까지만 활용 가능),quan_d__orndSwaq.mp4_quan_d_,1667,0,2663.0,0,474,인지
2026-08-27,1873959511342130,[빙과_스틱바]_쫀득바_인지2_video,[멜론] 일본원정템_7.1W,[26.07]F_V_JD멜_인지_쫀득바출시_신규BP_외부BP_main.릴스_메인.키노피오브금.X_2P_문선정_260703_빙과_이하림_CMkAHnfZ.mp4_[26.07]F_V_JD멜_인지_쫀득바출시_신규BP_외부BP_main.릴스_메인.키노피오브금.X_2P_문선정_260703_빙과_이하림,21,0,45.0,0,10,인지
2026-08-27,1874030331270737,[빙과_스틱바]_쫀득바_인지2_video,[망고] 전화네고형_6.3W,[26.06]F_V_JD망_인지_쫀득바출시_네고형_전화네고형_main.릴스_공통.X_2P_문선정_260622_빙과_조의진_NYzLctHZ.mp4_[26.06]F_V_JD망_인지_쫀득바출시_네고형_전화네고형_main.릴스_공통.X_2P_문선정_260622_빙과_조의진,1351,0,2096.0,0,403,인지
2026-08-27,1873959530787025,[빙과_스틱바]_쫀득바_인지2_video,[멜론] 책상네고 대체_6.4W,[26.06]F_V_JD멜_인지_쫀득바출시_기타_비하인드썰풀기_main.릴스_본론.X_1P_김유진_260626_빙과_강다빈_viyVb41T.mp4_[26.06]F_V_JD멜_인지_쫀득바출시_기타_비하인드썰풀기_main.릴스_본론.X_1P_김유진_260626_빙과_강다빈,341,0,897.0,0,176,인지
2026-08-27,1873959654248546,[빙과_스틱바]_쫀득바_인지2_video,[멜론] 요거트바BP_6.3W,[26.06]F_V_JD멜_인지_쫀득바출시_인물리뷰형_편의점원정_var1.릴스_맛.X_1P_문선정_260612_빙과_정요한_USPOMvkw.mp4_[26.06]F_V_JD멜_인지_쫀득바출시_인물리뷰형_편의점원정_var1.릴스_맛.X_1P_문선정_260612_빙과_정요한,98,0,37.0,0,8,인지
2026-08-27,1874370060195937,[빙과_스틱바]_쫀득바_인지2_video,[멜론] 무디 파트너십 광고 (26년 10월까지만 활용 가능),02_TbcHadv6.mp4_02,1669,0,5571.0,0,1316,인지
2026-08-27,1874676672569601,[빙과_스틱바]_쫀득바_인지2_video,[멜론쫀득바] [26.08] 인지_바이럴형_백정BP바이럴화_정요한,[26.08]F_V_JD멜_인지_쫀득바출시_바이럴형_정보전달형_main.렉카_식품업계미투제품.X_스틱바P_황경원_260827_빙과_정요한_K4UxAq8r.mp4_[26.08]F_V_JD멜_인지_쫀득바출시_바이럴형_정보전달형_main.렉카_식품업계미투제품.X_스틱바P_황경원_260827_빙과_정요한.mp4,6365,0,9098.0,0,2064,인지
2026-08-27,1872494804996546,[빙과_스틱바]_쫀득바_인지_video,0803_초딩유행템 TEST,[26.08]F_V_JD멜_인지_쫀득바출시_바이럴형_테스트_var1.렉카_초딩유행템.아이돌보다.X_2P_김바다_260803_빙과_최재헌,52272,0,148311.0,0,18787,인지
2026-08-27,1873959560792561,[빙과_스틱바]_쫀득바_인지2_video,[멜론] 부자들만먹는_6.4W,[26.06]F_V_JD멜_인지_쫀득바출시_신규BP_먹방형_var1.릴스_쫀득.X_1P_문선정_260626_빙과_이수민_PAw0dpIV.mp4_[26.06]F_V_JD멜_인지_쫀득바출시_신규BP_먹방형_var1.릴스_쫀득.X_1P_문선정_260626_빙과_이수민,14,0,12.0,0,2,인지
2026-08-27,1874469822085298,[빙과_스틱바]_쫀득바_인지_video,[멜론] 무디 파트너십 광고 (26년 10월까지만 활용 가능),myhoney_717.mp4,407,0,109.0,0,29,인지
2026-08-27,1874056375751906,[빙과_스틱바]_쫀득바_인지_video,[멜론] 무디 파트너십 광고 (26년 10월까지만 활용 가능),b0.__.0k,10,0,10.0,0,3,인지
2026-08-27,1874056375746786,[빙과_스틱바]_쫀득바_인지_video,[멜론] 무디 파트너십 광고 (26년 10월까지만 활용 가능),siyeonyoojoa,233,0,141.0,0,38,인지
2026-08-27,1873485189887057,[빙과_스틱바]_쫀득바_인지_video,0814_요한_바이럴(4)_JD멜,TT__26.08_F_V_JD멜_인지_쫀득바출시_바이럴형_썰풀기형_main.릴스_GS25컴플레인.X_스틱바P_이재원_260814_빙과_정요한_dc811cf2ba,26922,0,76135.0,0,8494,인지
2026-08-27,1874370091722833,[빙과_스틱바]_쫀득바_인지2_video,[멜론] 무디 파트너십 광고 (26년 10월까지만 활용 가능),payforyouth__j28UIP7Q.mp4_payforyouth_,947,0,2208.0,0,443,인지
2026-08-27,1873959606553906,[빙과_스틱바]_쫀득바_인지2_video,[멜론] 수박BP_6.3W,[26.06]F_V_JD멜_인지_쫀득바출시_맛인지형_수박BP_main.릴스_1년에딱.X_1P_김유진_260619_빙과_정하얀_4WnKJzct.mp4_[26.06]F_V_JD멜_인지_쫀득바출시_맛인지형_수박BP_main.릴스_1년에딱.X_1P_김유진_260619_빙과_정하얀,83,0,220.0,0,46,인지
2026-08-27,1873959544525217,[빙과_스틱바]_쫀득바_인지2_video,[멜론] 1년후에받는_6.4W,[26.06]F_V_JD멜_인지_쫀득바출시_신규BP_써우리BP_var5.릴스_광각취식2.X_1P_문선정_260626_빙과_이수민_WvbZ0G7H.mp4_[26.06]F_V_JD멜_인지_쫀득바출시_신규BP_써우리BP_var5.릴스_광각취식2.X_1P_문선정_260626_빙과_이수민,122,0,134.0,0,23,인지
2026-08-27,1873959571492482,[빙과_스틱바]_쫀득바_인지2_video,[멜론] 써우리BP_6.4W,[26.06]F_V_JD멜_인지_쫀득바출시_맛인지형_맛인지형.인지_var3.릴스_국민템 멜론바.X_1P_문선정_260612_빙과_이수민_49m1RLsV.mp4_[26.06]F_V_JD멜_인지_쫀득바출시_맛인지형_맛인지형.인지_var3.릴스_국민템 멜론바.X_1P_문선정_260612_빙과_이수민,11,0,35.0,0,7,인지
2026-08-27,1874371832380434,[빙과_스틱바]_쫀득바_인지2_video,[멜론] 무디 파트너십 광고 (26년 10월까지만 활용 가능),dodoscene_9lkPTqUt.mp4_dodoscene,360,0,866.0,0,171,인지
2026-08-27,1873959662238738,[빙과_스틱바]_쫀득바_인지2_video,[멜론] 유튜버썰풀기형_6.3W,[26.06]F_V_JD멜_인지_쫀득바출시_숏츠형_유튜브읽기형_var1.릴스_1년에한달.365일.X_1P_문선정_260612_빙과_이수현_Gau8dgwA.mp4_[26.06]F_V_JD멜_인지_쫀득바출시_숏츠형_유튜브읽기형_var1.릴스_1년에한달.365일.X_1P_문선정_260612_빙과_이수현,241,0,872.0,0,171,인지
2026-08-27,1874056375748754,[빙과_스틱바]_쫀득바_인지_video,[멜론] 무디 파트너십 광고 (26년 10월까지만 활용 가능),unyouu,19,0,35.0,0,6,인지
2026-08-27,1873478974785858,[빙과_스틱바]_쫀득바_인지_video,0814_수현_바이럴(4)_JD멜,TT__26.08_F_V_JD멜_인지_쫀득바출시_바이럴형_썰애니형_main.릴스_컴플레인.편의점.고급멜론.X_스틱바P_이수현_260814_빙과_이수현_7a37e273b3,29010,0,79091.0,0,9132,인지
2026-08-27,1873959662238770,[빙과_스틱바]_쫀득바_인지2_video,[멜론] 유튜버썰풀기형_6.3W,[26.06]F_V_JD멜_인지_쫀득바출시_숏츠형_유튜브읽기형_main.릴스_1년에한달.X_1P_문선정_260612_빙과_이수현_fA5aYhzs.mp4_[26.06]F_V_JD멜_인지_쫀득바출시_숏츠형_유튜브읽기형_main.릴스_1년에한달.X_1P_문선정_260612_빙과_이수현,512,0,780.0,0,144,인지
2026-08-27,1869684423930881,[빙과_스틱바]_쫀득바_인지_video,[멜론] 브이로그형_7.1W,[26.07]F_V_JD멜_인지_쫀득바출시_소비자상황형_브이로그형_main.릴스_번따당함.X_1P_문선정_260703_빙과_정하얀,25523,0,71852.0,0,6782,인지
2026-08-27,1874370068335249,[빙과_스틱바]_쫀득바_인지2_video,[멜론] 무디 파트너십 광고 (26년 10월까지만 활용 가능),cmonprefere__k_Hx4qLXWs.mp4_cmonprefere__k,457,0,819.0,0,150,인지
2026-08-27,1874370084367666,[빙과_스틱바]_쫀득바_인지2_video,[멜론] 무디 파트너십 광고 (26년 10월까지만 활용 가능),siyeonyoojoa_cRqTQrdi.mp4_siyeonyoojoa,3580,0,8206.0,0,1670,인지
2026-08-27,1873959592940658,[빙과_스틱바]_쫀득바_인지2_video,[멜론] 인플루언서형_6.3W,[26.06]F_V_JD멜_인지_상시_인플루언서형_인플루언서형.인지_var1.릴스_쫀득 후킹.X_1P_문선정_260619_빙과_이수민_HCZXPTgo.mp4_[26.06]F_V_JD멜_인지_상시_인플루언서형_인플루언서형.인지_var1.릴스_쫀득 후킹.X_1P_문선정_260619_빙과_이수민,17,0,40.0,0,8,인지
2026-08-27,1874056375751890,[빙과_스틱바]_쫀득바_인지_video,[멜론] 무디 파트너십 광고 (26년 10월까지만 활용 가능),aekyeong11,17,0,13.0,0,3,인지
2026-08-27,1873959547401362,[빙과_스틱바]_쫀득바_인지2_video,[멜론] 1년후에받는_6.4W,[26.06]F_V_JD멜_인지_쫀득바출시_신규BP_써우리BP_var4.릴스_광각취식1.X_1P_문선정_260626_빙과_이수민_qf35uhY2.mp4_[26.06]F_V_JD멜_인지_쫀득바출시_신규BP_써우리BP_var4.릴스_광각취식1.X_1P_문선정_260626_빙과_이수민,74,0,127.0,0,30,인지
2026-08-27,1874030341331282,[빙과_스틱바]_쫀득바_인지2_video,[멜론] 전세계에서일본에만_7.1W,[26.07]F_V_JD멜_인지_쫀득바출시_인물리뷰형_인물리뷰형_var1.릴스_상단.국내출시.X_2P_문선정_260703_빙과_유영현_hYJso2jc.mp4_[26.07]F_V_JD멜_인지_쫀득바출시_인물리뷰형_인물리뷰형_var1.릴스_상단.국내출시.X_2P_문선정_260703_빙과_유영현,250,0,756.0,0,166,인지
2026-08-27,1873959576604178,[빙과_스틱바]_쫀득바_인지2_video,[멜론] 써우리BP_6.4W,[26.06]F_V_JD멜_인지_쫀득바출시_맛인지형_맛인지형.인지_var4.릴스_노을멜론.X_1P_문선정_260612_빙과_이수민_c8GfOUgM.mp4_[26.06]F_V_JD멜_인지_쫀득바출시_맛인지형_맛인지형.인지_var4.릴스_노을멜론.X_1P_문선정_260612_빙과_이수민,20,0,36.0,0,8,인지
2026-08-27,1873959502194113,[빙과_스틱바]_쫀득바_인지2_video,[멜론] 현지인도못구하는_7.1W,[26.07]F_V_JD멜_인지_쫀득바출시_인플루언서형_인플루언서형_main.릴스_비행기표취소.X_1P_문선정_260703_빙과_정하얀_6J9yLGRu.mp4_[26.07]F_V_JD멜_인지_쫀득바출시_인플루언서형_인플루언서형_main.릴스_비행기표취소.X_1P_문선정_260703_빙과_정하얀,162,0,345.0,0,60,인지
2026-08-27,1874469822085314,[빙과_스틱바]_쫀득바_인지_video,[멜론] 무디 파트너십 광고 (26년 10월까지만 활용 가능),zzung_184.mp4,567,0,261.0,0,65,인지
2026-08-27,1874056375748786,[빙과_스틱바]_쫀득바_인지_video,[멜론] 무디 파트너십 광고 (26년 10월까지만 활용 가능),yesoolcat,53,0,43.0,0,10,인지
2026-08-27,1874056375745714,[빙과_스틱바]_쫀득바_인지_video,[멜론] 무디 파트너십 광고 (26년 10월까지만 활용 가능),bbuni_sol,40,0,59.0,0,14,인지
2026-08-27,1874056375754002,[빙과_스틱바]_쫀득바_인지_video,[멜론] 무디 파트너십 광고 (26년 10월까지만 활용 가능),haaube,990,0,542.0,0,146,인지
2026-08-27,1874056375749906,[빙과_스틱바]_쫀득바_인지_video,[멜론] 무디 파트너십 광고 (26년 10월까지만 활용 가능),niker_jaen,40,0,42.0,0,14,인지
2026-08-27,1874056375746834,[빙과_스틱바]_쫀득바_인지_video,[멜론] 무디 파트너십 광고 (26년 10월까지만 활용 가능),quan_d_,912,0,446.0,0,120,인지
2026-08-27,1874370083000546,[빙과_스틱바]_쫀득바_인지2_video,[멜론] 무디 파트너십 광고 (26년 10월까지만 활용 가능),s_eo__fit_xO7qAYSe.mp4_s_eo__fit,291,0,885.0,0,221,인지
2026-08-27,1874056375752978,[빙과_스틱바]_쫀득바_인지_video,[멜론] 무디 파트너십 광고 (26년 10월까지만 활용 가능),ddu___0,22,0,23.0,0,7,인지
2026-08-27,1874371832550769,[빙과_스틱바]_쫀득바_인지2_video,[멜론] 무디 파트너십 광고 (26년 10월까지만 활용 가능),doyouknow_omg_MfVCQSX8.mp4_doyouknow_omg,570,0,1190.0,0,240,인지
2026-08-27,1873959666755666,[빙과_스틱바]_쫀득바_인지2_video,[멜론] 유튜버썰풀기형_6.3W,[26.06]F_V_JD멜_인지_쫀득바출시_숏츠형_유튜브읽기형_var4.릴스_SNS도배.과일.X_1P_문선정_260612_빙과_이수현_FS2Lzmjs.mp4_[26.06]F_V_JD멜_인지_쫀득바출시_숏츠형_유튜브읽기형_var4.릴스_SNS도배.과일.X_1P_문선정_260612_빙과_이수현,5,0,6.0,0,1,인지
2026-08-27,1874370076917153,[빙과_스틱바]_쫀득바_인지2_video,[멜론] 무디 파트너십 광고 (26년 10월까지만 활용 가능),niker_jaen_dE0hLqZD.mp4_niker_jaen,1563,0,4138.0,0,924,인지
2026-08-27,1874370092553873,[빙과_스틱바]_쫀득바_인지2_video,[멜론] 무디 파트너십 광고 (26년 10월까지만 활용 가능),riverbinn_N8nEPrUl.mp4_riverbinn,530,0,1641.0,0,304,인지
2026-08-27,1874370084620641,[빙과_스틱바]_쫀득바_인지2_video,[멜론] 무디 파트너십 광고 (26년 10월까지만 활용 가능),suj_43_2u1JOHAq.mp4_suj_43,1700,0,2948.0,0,513,인지
2026-08-27,1873959656457905,[빙과_스틱바]_쫀득바_인지2_video,[멜론] 요거트바BP_6.3W,[26.06]F_V_JD멜_인지_쫀득바출시_인물리뷰형_편의점원정_var2.릴스_퀄리티.X_1P_문선정_260612_빙과_정요한_F6rWEnOX.mp4_[26.06]F_V_JD멜_인지_쫀득바출시_인물리뷰형_편의점원정_var2.릴스_퀄리티.X_1P_문선정_260612_빙과_정요한,36,0,44.0,0,9,인지
2026-08-27,1874370063742978,[빙과_스틱바]_쫀득바_인지2_video,[멜론] 무디 파트너십 광고 (26년 10월까지만 활용 가능),haaube_gxcneazF.mp4_haaube,2706,0,5412.0,0,1063,인지
2026-08-27,1873959624012817,[빙과_스틱바]_쫀득바_인지2_video,[멜론] 스틱바BP_6.3W,[26.06]F_V_JD멜_인지_쫀득바출시_인물리뷰형_4050대세감_main.릴스_본론.X_1P_문선정_260619_빙과_강다빈_VvFUnekb.mp4_[26.06]F_V_JD멜_인지_쫀득바출시_인물리뷰형_4050대세감_main.릴스_본론.X_1P_문선정_260619_빙과_강다빈,29,0,84.0,0,14,인지
2026-08-27,1874030316282466,[빙과_스틱바]_쫀득바_인지2_video,[멜론] 유튜버썰풀기형_6.3W,[26.06]F_V_JD멜_인지_쫀득바출시_숏츠형_유튜브읽기형_var3.릴스_SNS도배.두쫀쿠다음.X_1P_문선정_260612_빙과_이수현_8Q64E9kb.mp4_[26.06]F_V_JD멜_인지_쫀득바출시_숏츠형_유튜브읽기형_var3.릴스_SNS도배.두쫀쿠다음.X_1P_문선정_260612_빙과_이수현,33,0,77.0,0,14,인지
2026-08-27,1873959541152114,[빙과_스틱바]_쫀득바_인지2_video,[멜론] 1년후에받는_6.4W,[26.06]F_V_JD멜_인지_쫀득바출시_신규BP_써우리BP_var1.릴스_비교1.X_1P_문선정_260626_빙과_이수민_pb8xwIkc.mp4_[26.06]F_V_JD멜_인지_쫀득바출시_신규BP_써우리BP_var1.릴스_비교1.X_1P_문선정_260626_빙과_이수민,374,0,801.0,0,175,인지
2026-08-27,1874056375754034,[빙과_스틱바]_쫀득바_인지_video,[멜론] 무디 파트너십 광고 (26년 10월까지만 활용 가능),honijam,9,0,2.0,0,1,인지
2026-08-27,1874056375749938,[빙과_스틱바]_쫀득바_인지_video,[멜론] 무디 파트너십 광고 (26년 10월까지만 활용 가능),minimore.927,31,0,61.0,0,18,인지
2026-08-27,1874056375753010,[빙과_스틱바]_쫀득바_인지_video,[멜론] 무디 파트너십 광고 (26년 10월까지만 활용 가능),doyouknow_omg,11,0,6.0,0,1,인지
2026-08-27,1873959624012849,[빙과_스틱바]_쫀득바_인지2_video,[멜론] 스틱바BP_6.3W,[26.06]F_V_JD멜_인지_쫀득바출시_인물리뷰형_4050대세감_var1.릴스_맛후킹.X_1P_문선정_260619_빙과_강다빈_Stbu1VnU.mp4_[26.06]F_V_JD멜_인지_쫀득바출시_인물리뷰형_4050대세감_var1.릴스_맛후킹.X_1P_문선정_260619_빙과_강다빈,18,0,24.0,0,6,인지
2026-08-27,1874370060202321,[빙과_스틱바]_쫀득바_인지2_video,[멜론] 무디 파트너십 광고 (26년 10월까지만 활용 가능),eunbynko_XVZyBHut.mp4_eunbynko,903,0,2311.0,0,546,인지
2026-08-27,1874055831450833,[빙과_스틱바]_쫀득바_인지_video,[멜론] 무디 파트너십 광고 (26년 10월까지만 활용 가능),kdaaeng,48,0,55.0,0,15,인지
2026-08-27,1873959673179393,[빙과_스틱바]_쫀득바_인지2_video,[멜론] 유튜버썰풀기형_6.3W,[26.06]F_V_JD멜_인지_쫀득바출시_숏츠형_유튜브읽기형_var5.릴스_업계최초.X_1P_문선정_260612_빙과_이수현_EID4Njqr.mp4_[26.06]F_V_JD멜_인지_쫀득바출시_숏츠형_유튜브읽기형_var5.릴스_업계최초.X_1P_문선정_260612_빙과_이수현,12,0,18.0,0,4,인지
2026-08-27,1873959526530274,[빙과_스틱바]_쫀득바_인지2_video,[멜론] 책상네고 대체_6.4W,[26.06]F_V_JD멜_인지_쫀득바출시_기타_비하인드썰풀기_var1.릴스_짤림후킹.X_1P_김유진_260626_빙과_강다빈_N8xnAoaE.mp4_[26.06]F_V_JD멜_인지_쫀득바출시_기타_비하인드썰풀기_var1.릴스_짤림후킹.X_1P_김유진_260626_빙과_강다빈,274,0,79.0,0,23,인지
2026-08-27,1874370098478129,[빙과_스틱바]_쫀득바_인지2_video,[멜론] 무디 파트너십 광고 (26년 10월까지만 활용 가능),kdaaeng_5cY4RH6h.mp4_kdaaeng,357,0,907.0,0,232,인지
2026-08-27,1874030323030129,[빙과_스틱바]_쫀득바_인지2_video,[멜론] 인플루언서형_6.3W,[26.06]F_V_JD멜_인지_상시_인플루언서형_인플루언서형.인지_main.릴스_공통.X_1P_문선정_260619_빙과_이수민_OcQS8Jtk.mp4_Copy 3 of [26.06]F_V_JD멜_인지_상시_인플루언서형_인플루언서형.인지_main.릴스_공통.X_1P_문선정_260619_빙과_이수민,31,0,99.0,0,23,인지
2026-08-27,1873959600941425,[빙과_스틱바]_쫀득바_인지2_video,[멜론] 인플루언서형_6.3W,[26.06]F_V_JD멜_인지_상시_인플루언서형_인플루언서형.인지_var1.릴스_쫀득 후킹.X_1P_문선정_260619_빙과_이수민_HCZXPTgo.mp4_[26.06]F_V_JD멜_인지_상시_인플루언서형_인플루언서형.인지_var1.릴스_쫀득 후킹.X_1P_문선정_260619_빙과_이수민,3,0,6.0,0,1,인지
2026-08-27,1871586578988241,[빙과_스틱바]_쫀득바_인지_video,0724_추성훈BP_JD멜,[26.07]F_V_JD멜_인지_쫀득바출시_신규BP_추성훈BP_var2.렉카_1204호.7월.수민PJ_1P_영상팀_260724_빙과_이수민,6430,0,17500.0,0,1813,인지
2026-08-27,1873959656924433,[빙과_스틱바]_쫀득바_인지2_video,[멜론] 요거트바BP_6.3W,[26.06]F_V_JD멜_인지_쫀득바출시_인물리뷰형_편의점원정_var3.릴스_왁뿌볼.X_1P_문선정_260612_빙과_정요한_HJ4yRNtY.mp4_[26.06]F_V_JD멜_인지_쫀득바출시_인물리뷰형_편의점원정_var3.릴스_왁뿌볼.X_1P_문선정_260612_빙과_정요한,44,0,58.0,0,12,인지
2026-08-27,1873959601100177,[빙과_스틱바]_쫀득바_인지2_video,[멜론] 인플루언서형_6.3W,[26.06]F_V_JD멜_인지_상시_인플루언서형_인플루언서형.인지_var2.릴스_대세감.X_1P_문선정_260619_빙과_이수민_Bwvr3K0z.mp4_[26.06]F_V_JD멜_인지_상시_인플루언서형_인플루언서형.인지_var2.릴스_대세감.X_1P_문선정_260619_빙과_이수민,23,0,60.0,0,12,인지
2026-08-27,1870950529912850,[빙과_스틱바]_쫀득바_인지_video,[멜론] 육아BP_7.3W,[26.07]F_V_JD멜_인지_쫀득바출시_신규BP_육아bp_var4.릴스_로블록스.X_2P_문선정_260716_빙과_이하림,21621,0,64310.0,0,5454,인지
2026-08-27,1873959574894593,[빙과_스틱바]_쫀득바_인지2_video,[멜론] 써우리BP_6.4W,[26.06]F_V_JD멜_인지_쫀득바출시_맛인지형_맛인지형.인지_var2.릴스_품절대란.X_1P_문선정_260612_빙과_이수민_X4dmxg8T.mp4_[26.06]F_V_JD멜_인지_쫀득바출시_맛인지형_맛인지형.인지_var2.릴스_품절대란.X_1P_문선정_260612_빙과_이수민,80,0,208.0,0,48,인지
2026-08-27,1873959526530242,[빙과_스틱바]_쫀득바_인지2_video,[멜론] 책상네고 대체_6.4W,[26.06]F_V_JD멜_인지_쫀득바출시_기타_비하인드썰풀기_var2.릴스_POV.X_1P_김유진_260626_빙과_강다빈_dvNEWTwx.mp4_[26.06]F_V_JD멜_인지_쫀득바출시_기타_비하인드썰풀기_var2.릴스_POV.X_1P_김유진_260626_빙과_강다빈,24,0,61.0,0,14,인지
2026-08-27,1873959592941730,[빙과_스틱바]_쫀득바_인지2_video,[멜론] 인플루언서형_6.3W,[26.06]F_V_JD멜_인지_상시_인플루언서형_인플루언서형.인지_main.릴스_공통.X_1P_문선정_260619_빙과_이수민_OcQS8Jtk.mp4_[26.06]F_V_JD멜_인지_상시_인플루언서형_인플루언서형.인지_var2.릴스_대세감.X_1P_문선정_260619_빙과_이수민,6,0,9.0,0,2,인지
2026-08-27,1873959625221409,[빙과_스틱바]_쫀득바_인지2_video,[멜론] 스틱바BP_6.3W,[26.06]F_V_JD멜_인지_쫀득바출시_인물리뷰형_4050대세감_var2.릴스_POV.트민남.X_1P_문선정_260619_빙과_강다빈_xGahm3uq.mp4_[26.06]F_V_JD멜_인지_쫀득바출시_인물리뷰형_4050대세감_var2.릴스_POV.트민남.X_1P_문선정_260619_빙과_강다빈,2013,0,3751.0,0,697,인지
2026-08-27,1874476587671650,[빙과_스틱바]_쫀득바_인지2_video,[멜론] 무디 파트너십 광고 (26년 10월까지만 활용 가능),xcvijy_TySpdgnO.mp4_xcvijy,7456,0,15000.0,0,3387,인지
2026-08-27,1873959559414865,[빙과_스틱바]_쫀득바_인지2_video,[멜론] 부자들만먹는_6.4W,[26.06]F_V_JD멜_인지_쫀득바출시_신규BP_먹방형_main.릴스_공통.X_1P_문선정_260626_빙과_이수민_6K4RW1kr.mp4_[26.06]F_V_JD멜_인지_쫀득바출시_신규BP_먹방형_main.릴스_공통.X_1P_문선정_260626_빙과_이수민,95,0,203.0,0,42,인지
2026-08-27,1874469822085282,[빙과_스틱바]_쫀득바_인지_video,[멜론] 무디 파트너십 광고 (26년 10월까지만 활용 가능),eunring_.mp4,215,0,76.0,0,21,인지
2026-08-27,1874030333521250,[빙과_스틱바]_쫀득바_인지2_video,[멜론] 초딩유행템2_6.4W,[26.06]F_V_JD멜_인지_쫀득바출시_신규BP_써우리BP_var2.릴스_혜택.X_1P_문선정_260626_빙과_김진수_AGmDZ35w.mp4_[26.06]F_V_JD멜_인지_쫀득바출시_신규BP_써우리BP_var2.릴스_혜택.X_1P_문선정_260626_빙과_김진수,693,0,1152.0,0,238,인지
2026-08-27,1873959480704162,[빙과_스틱바]_쫀득바_인지2_video,[멜론] 관계성네고_7.1W,[26.07]F_V_JD멜_인지_쫀득바출시_인물리뷰형_관계성_var6.릴스_잔소리후킹.X_1P_김유진_260703_빙과_강다빈_8xsJGKVk.mp4_[26.07]F_V_JD멜_인지_쫀득바출시_인물리뷰형_관계성_var6.릴스_잔소리후킹.X_1P_김유진_260703_빙과_강다빈,1761,0,2791.0,0,533,인지
2026-08-27,1873959579303250,[빙과_스틱바]_쫀득바_인지2_video,[망고] 전화네고형_6.3W,[26.06]F_V_JD망_인지_쫀득바출시_네고형_전화네고형_var1.릴스_먹방.X_2P_문선정_260622_빙과_조의진_idHD4Vv8.mp4_[26.06]F_V_JD망_인지_쫀득바출시_네고형_전화네고형_var1.릴스_먹방.X_2P_문선정_260622_빙과_조의진,1615,0,2490.0,0,499,인지
2026-08-27,1873959559414897,[빙과_스틱바]_쫀득바_인지2_video,[멜론] 부자들만먹는_6.4W,[26.06]F_V_JD멜_인지_쫀득바출시_신규BP_먹방형_var2.릴스_먹방.X_1P_문선정_260626_빙과_이수민_jNE7zmU8.mp4_[26.06]F_V_JD멜_인지_쫀득바출시_신규BP_먹방형_var2.릴스_먹방.X_1P_문선정_260626_빙과_이수민,58,0,20.0,0,4,인지
2026-08-27,1874056375751922,[빙과_스틱바]_쫀득바_인지_video,[멜론] 무디 파트너십 광고 (26년 10월까지만 활용 가능),cmonprefere__k,60,0,51.0,0,13,인지
2026-08-27,1873959568365938,[빙과_스틱바]_쫀득바_인지2_video,[멜론] 부자들만먹는_6.4W,[26.06]F_V_JD멜_인지_쫀득바출시_신규BP_먹방형_var3.릴스_5만원멜론.X_1P_문선정_260626_빙과_이수민_4jVCt9QI.mp4_[26.06]F_V_JD멜_인지_쫀득바출시_신규BP_먹방형_var3.릴스_5만원멜론.X_1P_문선정_260626_빙과_이수민,13,0,3.0,0,1,인지
2026-08-27,1873959512707137,[빙과_스틱바]_쫀득바_인지2_video,[멜론] 일본원정템_7.1W,[26.07]F_V_JD멜_인지_쫀득바출시_신규BP_외부BP_var3.릴스_화내기.X_2P_문선정_260703_빙과_이하림_G6x0joRE.mp4_[26.07]F_V_JD멜_인지_쫀득바출시_신규BP_외부BP_var3.릴스_화내기.X_2P_문선정_260703_빙과_이하림,20,0,62.0,0,13,인지
2026-08-27,1874030313976066,[빙과_스틱바]_쫀득바_인지2_video,[멜론] 인물리뷰(1)_6.3W,[26.06]F_V_JD멜_인지_쫀득바출시_인물리뷰형_인물리뷰형_var4.릴스_후킹.X_2P_고가영_260612_빙과_유영현_JfFPUknj.mp4_[26.06]F_V_JD멜_인지_쫀득바출시_인물리뷰형_인물리뷰형_var4.릴스_후킹.X_2P_고가영_260612_빙과_유영현,171,0,391.0,0,97,인지
2026-08-27,1874370074461601,[빙과_스틱바]_쫀득바_인지2_video,[멜론] 무디 파트너십 광고 (26년 10월까지만 활용 가능),ksxxida_n57kQYyo.mp4_ksxxida,3594,0,10261.0,0,2168,인지
2026-08-27,1874030334903522,[빙과_스틱바]_쫀득바_인지2_video,[멜론] 1년후에받는_6.4W,[26.06]F_V_JD멜_인지_쫀득바출시_신규BP_써우리BP_main.릴스_공통.X_1P_문선정_260626_빙과_이수민_ATprqdNR.mp4_[26.06]F_V_JD멜_인지_쫀득바출시_신규BP_써우리BP_main.릴스_공통.X_1P_문선정_260626_빙과_이수민,64,0,81.0,0,15,인지
2026-08-28,1873959571492482,[빙과_스틱바]_쫀득바_인지2_video,[멜론] 써우리BP_6.4W,[26.06]F_V_JD멜_인지_쫀득바출시_맛인지형_맛인지형.인지_var3.릴스_국민템 멜론바.X_1P_문선정_260612_빙과_이수민_49m1RLsV.mp4_[26.06]F_V_JD멜_인지_쫀득바출시_맛인지형_맛인지형.인지_var3.릴스_국민템 멜론바.X_1P_문선정_260612_빙과_이수민,12,0,28.0,0,5,인지
2026-08-28,1874753276173682,[빙과_스틱바]_쫀득바_인지_video,[복숭아] 8월4주차_맛인지_노현경,[26.08]F_V_JD복_인지_복쫀바출시_맛인지형_오먹_var4.릴스_100프로복숭아농축액.X_스틱바P_이재원_260828_빙과_노현경.mp4,398,0,489.0,0,40,인지
2026-08-28,1874734943788354,[빙과_스틱바]_쫀득바_인지2_video,[멜론] 무디 파트너십 광고 (26년 10월까지만 활용 가능),kwaksuaaaa_qdpYkeKP.mp4_kwaksuaaaa.mp4,9205,0,9143.0,0,2429,인지
2026-08-28,1873959511342130,[빙과_스틱바]_쫀득바_인지2_video,[멜론] 일본원정템_7.1W,[26.07]F_V_JD멜_인지_쫀득바출시_신규BP_외부BP_main.릴스_메인.키노피오브금.X_2P_문선정_260703_빙과_이하림_CMkAHnfZ.mp4_[26.07]F_V_JD멜_인지_쫀득바출시_신규BP_외부BP_main.릴스_메인.키노피오브금.X_2P_문선정_260703_빙과_이하림,30,0,112.0,0,25,인지
2026-08-28,1874668517411906,[빙과_스틱바]_쫀득바_인지_video,[멜론쫀득바] [26.08] 인지_바이럴형_백정BP바이럴화_정요한,[26.08]F_V_JD멜_인지_쫀득바출시_바이럴형_정보전달형_main.렉카_식품업계미투제품.X_스틱바P_황경원_260827_빙과_정요한.mp4,17814,0,15604.0,0,6185,인지
2026-08-28,1873959541152114,[빙과_스틱바]_쫀득바_인지2_video,[멜론] 1년후에받는_6.4W,[26.06]F_V_JD멜_인지_쫀득바출시_신규BP_써우리BP_var1.릴스_비교1.X_1P_문선정_260626_빙과_이수민_pb8xwIkc.mp4_[26.06]F_V_JD멜_인지_쫀득바출시_신규BP_써우리BP_var1.릴스_비교1.X_1P_문선정_260626_빙과_이수민,3151,0,4382.0,0,900,인지
2026-08-28,1874370098478129,[빙과_스틱바]_쫀득바_인지2_video,[멜론] 무디 파트너십 광고 (26년 10월까지만 활용 가능),kdaaeng_5cY4RH6h.mp4_kdaaeng,147,0,378.0,0,92,인지
2026-08-28,1874476587671650,[빙과_스틱바]_쫀득바_인지2_video,[멜론] 무디 파트너십 광고 (26년 10월까지만 활용 가능),xcvijy_TySpdgnO.mp4_xcvijy,8918,0,12897.0,0,2687,인지
2026-08-28,1873959530787025,[빙과_스틱바]_쫀득바_인지2_video,[멜론] 책상네고 대체_6.4W,[26.06]F_V_JD멜_인지_쫀득바출시_기타_비하인드썰풀기_main.릴스_본론.X_1P_김유진_260626_빙과_강다빈_viyVb41T.mp4_[26.06]F_V_JD멜_인지_쫀득바출시_기타_비하인드썰풀기_main.릴스_본론.X_1P_김유진_260626_빙과_강다빈,378,0,808.0,0,161,인지
2026-08-28,1874370080353713,[빙과_스틱바]_쫀득바_인지2_video,[멜론] 무디 파트너십 광고 (26년 10월까지만 활용 가능),unyouu_ZQxjeUdR.mp4_unyouu,137,0,300.0,0,54,인지
2026-08-28,1874055831450833,[빙과_스틱바]_쫀득바_인지_video,[멜론] 무디 파트너십 광고 (26년 10월까지만 활용 가능),kdaaeng,722,0,800.0,0,312,인지
2026-08-28,1871586578988241,[빙과_스틱바]_쫀득바_인지_video,0724_추성훈BP_JD멜,[26.07]F_V_JD멜_인지_쫀득바출시_신규BP_추성훈BP_var2.렉카_1204호.7월.수민PJ_1P_영상팀_260724_빙과_이수민,36581,0,94027.0,0,10604,인지
2026-08-28,1873959574894593,[빙과_스틱바]_쫀득바_인지2_video,[멜론] 써우리BP_6.4W,[26.06]F_V_JD멜_인지_쫀득바출시_맛인지형_맛인지형.인지_var2.릴스_품절대란.X_1P_문선정_260612_빙과_이수민_X4dmxg8T.mp4_[26.06]F_V_JD멜_인지_쫀득바출시_맛인지형_맛인지형.인지_var2.릴스_품절대란.X_1P_문선정_260612_빙과_이수민,149,0,419.0,0,91,인지
2026-08-28,1874370091722833,[빙과_스틱바]_쫀득바_인지2_video,[멜론] 무디 파트너십 광고 (26년 10월까지만 활용 가능),payforyouth__j28UIP7Q.mp4_payforyouth_,418,0,1076.0,0,221,인지
2026-08-28,1873959512707137,[빙과_스틱바]_쫀득바_인지2_video,[멜론] 일본원정템_7.1W,[26.07]F_V_JD멜_인지_쫀득바출시_신규BP_외부BP_var3.릴스_화내기.X_2P_문선정_260703_빙과_이하림_G6x0joRE.mp4_[26.07]F_V_JD멜_인지_쫀득바출시_신규BP_외부BP_var3.릴스_화내기.X_2P_문선정_260703_빙과_이하림,18,0,34.0,0,7,인지
2026-08-28,1874753276174834,[빙과_스틱바]_쫀득바_인지_video,[복숭아] 8월4주차_맛인지_노현경,[26.08]F_V_JD복_인지_복쫀바출시_맛인지형_오먹_var5.릴스_생그릭요거트.X_스틱바P_이재원_260828_빙과_노현경.mp4,1339,0,1857.0,0,143,인지
2026-08-28,1873959547401362,[빙과_스틱바]_쫀득바_인지2_video,[멜론] 1년후에받는_6.4W,[26.06]F_V_JD멜_인지_쫀득바출시_신규BP_써우리BP_var4.릴스_광각취식1.X_1P_문선정_260626_빙과_이수민_qf35uhY2.mp4_[26.06]F_V_JD멜_인지_쫀득바출시_신규BP_써우리BP_var4.릴스_광각취식1.X_1P_문선정_260626_빙과_이수민,39,0,74.0,0,16,인지
2026-08-28,1874676672568577,[빙과_스틱바]_쫀득바_인지2_video,[멜론쫀득바] [26.08] 인지_바이럴형_백정BP바이럴화_정요한,[26.08]F_V_JD멜_인지_쫀득바출시_바이럴형_썰풀기형_main.렉카_대기업협박.X_스틱바P_황경원_260827_빙과_정요한_B1EMbrPN.mp4_[26.08]F_V_JD멜_인지_쫀득바출시_바이럴형_썰풀기형_main.렉카_대기업협박.X_스틱바P_황경원_260827_빙과_정요한.mp4,48718,0,60001.0,0,13934,인지
2026-08-28,1874469822085282,[빙과_스틱바]_쫀득바_인지_video,[멜론] 무디 파트너십 광고 (26년 10월까지만 활용 가능),eunring_.mp4,771,0,499.0,0,189,인지
2026-08-28,1874030313976066,[빙과_스틱바]_쫀득바_인지2_video,[멜론] 인물리뷰(1)_6.3W,[26.06]F_V_JD멜_인지_쫀득바출시_인물리뷰형_인물리뷰형_var4.릴스_후킹.X_2P_고가영_260612_빙과_유영현_JfFPUknj.mp4_[26.06]F_V_JD멜_인지_쫀득바출시_인물리뷰형_인물리뷰형_var4.릴스_후킹.X_2P_고가영_260612_빙과_유영현,146,0,464.0,0,101,인지
2026-08-28,1874676672569601,[빙과_스틱바]_쫀득바_인지2_video,[멜론쫀득바] [26.08] 인지_바이럴형_백정BP바이럴화_정요한,[26.08]F_V_JD멜_인지_쫀득바출시_바이럴형_정보전달형_main.렉카_식품업계미투제품.X_스틱바P_황경원_260827_빙과_정요한_K4UxAq8r.mp4_[26.08]F_V_JD멜_인지_쫀득바출시_바이럴형_정보전달형_main.렉카_식품업계미투제품.X_스틱바P_황경원_260827_빙과_정요한.mp4,206416,0,398857.0,0,78722,인지
2026-08-28,1874753276174802,[빙과_스틱바]_쫀득바_인지_video,[복숭아] 8월4주차_맛인지_노현경,[26.08]F_V_JD복_인지_복쫀바출시_맛인지형_오먹_var7.릴스_유럽.X_스틱바P_이재원_260828_빙과_노현경.mp4,1935,0,3359.0,0,261,인지
2026-08-28,1874370060195937,[빙과_스틱바]_쫀득바_인지2_video,[멜론] 무디 파트너십 광고 (26년 10월까지만 활용 가능),02_TbcHadv6.mp4_02,555,0,1784.0,0,423,인지
2026-08-28,1874371832380434,[빙과_스틱바]_쫀득바_인지2_video,[멜론] 무디 파트너십 광고 (26년 10월까지만 활용 가능),dodoscene_9lkPTqUt.mp4_dodoscene,163,0,257.0,0,50,인지
2026-08-28,1874030323030129,[빙과_스틱바]_쫀득바_인지2_video,[멜론] 인플루언서형_6.3W,[26.06]F_V_JD멜_인지_상시_인플루언서형_인플루언서형.인지_main.릴스_공통.X_1P_문선정_260619_빙과_이수민_OcQS8Jtk.mp4_Copy 3 of [26.06]F_V_JD멜_인지_상시_인플루언서형_인플루언서형.인지_main.릴스_공통.X_1P_문선정_260619_빙과_이수민,29,0,62.0,0,14,인지
2026-08-28,1874762142926161,[빙과_스틱바]_복쫀바_인지2_video,[복숭아] 8월4주차_맛인지_노현경,_26.08_F_V_JD__________var5.___.X__P___260828_____f7aba5a3a3f8.mp4_[26.08]F_V_JD복_인지_복쫀바출시_맛인지형_오먹_var5.릴스_생그릭요거트.X_스틱바P_이재원_260828_빙과_노현경.mp4,72,0,165.0,0,31,인지
2026-08-28,1873959567272305,[빙과_스틱바]_쫀득바_인지2_video,[멜론] 부자들만먹는_6.4W,[26.06]F_V_JD멜_인지_쫀득바출시_신규BP_먹방형_var4.릴스_숏.X_1P_문선정_260626_빙과_이수민_51lK2MkR.mp4_[26.06]F_V_JD멜_인지_쫀득바출시_신규BP_먹방형_var4.릴스_숏.X_1P_문선정_260626_빙과_이수민,58,0,145.0,0,34,인지
2026-08-28,1873485189887057,[빙과_스틱바]_쫀득바_인지_video,0814_요한_바이럴(4)_JD멜,TT__26.08_F_V_JD멜_인지_쫀득바출시_바이럴형_썰풀기형_main.릴스_GS25컴플레인.X_스틱바P_이재원_260814_빙과_정요한_dc811cf2ba,4337,0,11963.0,0,1272,인지
2026-08-28,1873959509314913,[빙과_스틱바]_쫀득바_인지2_video,[멜론] 일본원정템_7.1W,[26.07]F_V_JD멜_인지_쫀득바출시_신규BP_외부BP_var1.릴스_메인.일반브금.X_2P_문선정_260703_빙과_이하림_WTZLraDf.mp4_[26.07]F_V_JD멜_인지_쫀득바출시_신규BP_외부BP_var1.릴스_메인.일반브금.X_2P_문선정_260703_빙과_이하림,50,0,79.0,0,16,인지
2026-08-28,1873959662238770,[빙과_스틱바]_쫀득바_인지2_video,[멜론] 유튜버썰풀기형_6.3W,[26.06]F_V_JD멜_인지_쫀득바출시_숏츠형_유튜브읽기형_main.릴스_1년에한달.X_1P_문선정_260612_빙과_이수현_fA5aYhzs.mp4_[26.06]F_V_JD멜_인지_쫀득바출시_숏츠형_유튜브읽기형_main.릴스_1년에한달.X_1P_문선정_260612_빙과_이수현,459,0,599.0,0,109,인지
2026-08-28,1874056375751906,[빙과_스틱바]_쫀득바_인지_video,[멜론] 무디 파트너십 광고 (26년 10월까지만 활용 가능),b0.__.0k,409,0,187.0,0,78,인지
2026-08-28,1874056375746786,[빙과_스틱바]_쫀득바_인지_video,[멜론] 무디 파트너십 광고 (26년 10월까지만 활용 가능),siyeonyoojoa,1068,0,892.0,0,315,인지
2026-08-28,1873959502194161,[빙과_스틱바]_쫀득바_인지2_video,[멜론] 현지인도못구하는_7.1W,[26.07]F_V_JD멜_인지_쫀득바출시_인플루언서형_인플루언서형_var1.릴스_제품먼저.X_1P_문선정_260703_빙과_정하얀_gA26O49Z.mp4_[26.07]F_V_JD멜_인지_쫀득바출시_인플루언서형_인플루언서형_var1.릴스_제품먼저.X_1P_문선정_260703_빙과_정하얀,131,0,219.0,0,40,인지
2026-08-28,1874056375751874,[빙과_스틱바]_쫀득바_인지_video,[멜론] 무디 파트너십 광고 (26년 10월까지만 활용 가능),ksxxida,1245,0,1852.0,0,652,인지
2026-08-28,1874762142924033,[빙과_스틱바]_복쫀바_인지2_video,[복숭아] 8월4주차_맛인지_노현경,_26.08_F_V_JD__________var3.___.X__P___260828_____1ddee9a8eb9c.mp4_[26.08]F_V_JD복_인지_복쫀바출시_맛인지형_오먹_var3.릴스_쫀득복숭아.X_스틱바P_이재원_260828_빙과_노현경.mp4,65,0,132.0,0,26,인지
2026-08-28,1874370090397122,[빙과_스틱바]_쫀득바_인지2_video,[멜론] 무디 파트너십 광고 (26년 10월까지만 활용 가능),minimore.927_wXMpjCo9.mp4_minimore.927,497,0,1309.0,0,288,인지
2026-08-28,1874056375748770,[빙과_스틱바]_쫀득바_인지_video,[멜론] 무디 파트너십 광고 (26년 10월까지만 활용 가능),xeoj.ng,897,0,501.0,0,218,인지
2026-08-28,1873959494450194,[빙과_스틱바]_쫀득바_인지2_video,[멜론] 1위단독_7.1W,[26.07]F_V_JD멜_인지_쫀득바출시_바이럴형_커뮤니티형_var4.릴스_판매중단.모쏠친구.X_1P_문선정_260703_빙과_김진수_XUDBqtTs.mp4_[26.07]F_V_JD멜_인지_쫀득바출시_바이럴형_커뮤니티형_var4.릴스_판매중단.모쏠친구.X_1P_문선정_260703_빙과_김진수,2003,0,3185.0,0,574,인지
2026-08-28,1873959509313921,[빙과_스틱바]_쫀득바_인지2_video,[멜론] 일본원정템_7.1W,[26.07]F_V_JD멜_인지_쫀득바출시_신규BP_외부BP_var2.릴스_POV.X_2P_문선정_260703_빙과_이하림_vSPVRZmI.mp4_[26.07]F_V_JD멜_인지_쫀득바출시_신규BP_외부BP_var2.릴스_POV.X_2P_문선정_260703_빙과_이하림,168,0,471.0,0,106,인지
2026-08-28,1874668485403794,[빙과_스틱바]_쫀득바_인지_video,[복숭아] 8월4주차_맛인지_노현경,[26.08] F_V_JD복_인지_복쫀바출시_맛인지형_오먹_main.릴스_납작복숭아가격비교.X_스틱바P_이재원_260827_빙과_노현경,21708,0,49131.0,0,3739,인지
2026-08-28,1874469822085314,[빙과_스틱바]_쫀득바_인지_video,[멜론] 무디 파트너십 광고 (26년 10월까지만 활용 가능),zzung_184.mp4,2731,0,2018.0,0,540,인지
2026-08-28,1873959480704162,[빙과_스틱바]_쫀득바_인지2_video,[멜론] 관계성네고_7.1W,[26.07]F_V_JD멜_인지_쫀득바출시_인물리뷰형_관계성_var6.릴스_잔소리후킹.X_1P_김유진_260703_빙과_강다빈_8xsJGKVk.mp4_[26.07]F_V_JD멜_인지_쫀득바출시_인물리뷰형_관계성_var6.릴스_잔소리후킹.X_1P_김유진_260703_빙과_강다빈,1677,0,2430.0,0,456,인지
2026-08-28,1873959559414897,[빙과_스틱바]_쫀득바_인지2_video,[멜론] 부자들만먹는_6.4W,[26.06]F_V_JD멜_인지_쫀득바출시_신규BP_먹방형_var2.릴스_먹방.X_1P_문선정_260626_빙과_이수민_jNE7zmU8.mp4_[26.06]F_V_JD멜_인지_쫀득바출시_신규BP_먹방형_var2.릴스_먹방.X_1P_문선정_260626_빙과_이수민,26,0,9.0,0,3,인지
2026-08-28,1874370071281842,[빙과_스틱바]_쫀득바_인지2_video,[멜론] 무디 파트너십 광고 (26년 10월까지만 활용 가능),d_love_ys_cZCijq4g.mp4_d_love_ys,698,0,1443.0,0,269,인지
2026-08-28,1874056375748738,[빙과_스틱바]_쫀득바_인지_video,[멜론] 무디 파트너십 광고 (26년 10월까지만 활용 가능),4,397,0,267.0,0,124,인지
2026-08-28,1874476587075634,[빙과_스틱바]_쫀득바_인지2_video,[멜론] 무디 파트너십 광고 (26년 10월까지만 활용 가능),okindflower_tiktok_16x9_F9pfKXPt.mp4_okindflower,1763,0,4828.0,0,1142,인지
2026-08-28,1869684423930881,[빙과_스틱바]_쫀득바_인지_video,[멜론] 브이로그형_7.1W,[26.07]F_V_JD멜_인지_쫀득바출시_소비자상황형_브이로그형_main.릴스_번따당함.X_1P_문선정_260703_빙과_정하얀,4775,0,15474.0,0,1321,인지
2026-08-28,1873478974785858,[빙과_스틱바]_쫀득바_인지_video,0814_수현_바이럴(4)_JD멜,TT__26.08_F_V_JD멜_인지_쫀득바출시_바이럴형_썰애니형_main.릴스_컴플레인.편의점.고급멜론.X_스틱바P_이수현_260814_빙과_이수현_7a37e273b3,4780,0,13357.0,0,1554,인지
2026-08-28,1874370090377506,[빙과_스틱바]_쫀득바_인지2_video,[멜론] 무디 파트너십 광고 (26년 10월까지만 활용 가능),xeoj.ng_L7HK2Ueo.mp4_xeoj.ng,106,0,135.0,0,28,인지
2026-08-28,1873959559414865,[빙과_스틱바]_쫀득바_인지2_video,[멜론] 부자들만먹는_6.4W,[26.06]F_V_JD멜_인지_쫀득바출시_신규BP_먹방형_main.릴스_공통.X_1P_문선정_260626_빙과_이수민_6K4RW1kr.mp4_[26.06]F_V_JD멜_인지_쫀득바출시_신규BP_먹방형_main.릴스_공통.X_1P_문선정_260626_빙과_이수민,63,0,125.0,0,26,인지
2026-08-28,1874759609751826,[빙과_스틱바]_쫀득바_인지_video,[멜론쫀득바] [26.08] 인지_바이럴형_백정BP바이럴화_정요한,[26.08]F_V_JD멜_인지_쫀득바출시_바이럴형_ai형_main.렉카_식품업계미투제품.X_스틱바P_황경원_260828_빙과_정요한.mp4,20,0,39.0,0,10,인지
2026-08-28,1874370072347921,[빙과_스틱바]_쫀득바_인지2_video,[멜론] 무디 파트너십 광고 (26년 10월까지만 활용 가능),leem_life_3XiF0QC7.mp4_leem_life,822,0,1342.0,0,234,인지
2026-08-28,1874370083000546,[빙과_스틱바]_쫀득바_인지2_video,[멜론] 무디 파트너십 광고 (26년 10월까지만 활용 가능),s_eo__fit_xO7qAYSe.mp4_s_eo__fit,71,0,205.0,0,48,인지
2026-08-28,1874056375749954,[빙과_스틱바]_쫀득바_인지_video,[멜론] 무디 파트너십 광고 (26년 10월까지만 활용 가능),leem_life,3056,0,1766.0,0,591,인지
2026-08-28,1874056375754018,[빙과_스틱바]_쫀득바_인지_video,[멜론] 무디 파트너십 광고 (26년 10월까지만 활용 가능),suj_43,1198,0,572.0,0,228,인지
2026-08-28,1874056375752994,[빙과_스틱바]_쫀득바_인지_video,[멜론] 무디 파트너십 광고 (26년 10월까지만 활용 가능),dodoscene,1034,0,499.0,0,227,인지
2026-08-28,1873959601100177,[빙과_스틱바]_쫀득바_인지2_video,[멜론] 인플루언서형_6.3W,[26.06]F_V_JD멜_인지_상시_인플루언서형_인플루언서형.인지_var2.릴스_대세감.X_1P_문선정_260619_빙과_이수민_Bwvr3K0z.mp4_[26.06]F_V_JD멜_인지_상시_인플루언서형_인플루언서형.인지_var2.릴스_대세감.X_1P_문선정_260619_빙과_이수민,24,0,55.0,0,14,인지
2026-08-28,1874056375749922,[빙과_스틱바]_쫀득바_인지_video,[멜론] 무디 파트너십 광고 (26년 10월까지만 활용 가능),payforyouth_,516,0,396.0,0,174,인지
2026-08-28,1874734944122306,[빙과_스틱바]_쫀득바_인지2_video,[멜론] 무디 파트너십 광고 (26년 10월까지만 활용 가능),miju_yah_n5sMw4xC.mp4_miju_yah.mp4,3597,0,7382.0,0,1704,인지
2026-08-28,1873959572271185,[빙과_스틱바]_쫀득바_인지2_video,[멜론] 써우리BP_6.4W,[26.06]F_V_JD멜_인지_쫀득바출시_맛인지형_맛인지형.인지_var1.릴스_왁뿌볼.X_1P_문선정_260612_빙과_이수민_EwQB6yWu.mp4_[26.06]F_V_JD멜_인지_쫀득바출시_맛인지형_맛인지형.인지_var1.릴스_왁뿌볼.X_1P_문선정_260612_빙과_이수민,17,0,8.0,0,2,인지
2026-08-28,1874030341331282,[빙과_스틱바]_쫀득바_인지2_video,[멜론] 전세계에서일본에만_7.1W,[26.07]F_V_JD멜_인지_쫀득바출시_인물리뷰형_인물리뷰형_var1.릴스_상단.국내출시.X_2P_문선정_260703_빙과_유영현_hYJso2jc.mp4_[26.07]F_V_JD멜_인지_쫀득바출시_인물리뷰형_인물리뷰형_var1.릴스_상단.국내출시.X_2P_문선정_260703_빙과_유영현,326,0,976.0,0,196,인지
2026-08-28,1874729216782561,[빙과_스틱바]_쫀득바_인지_video,[멜론] 무디 파트너십 광고 (26년 10월까지만 활용 가능),miju_yah.mp4,104,0,81.0,0,25,인지
2026-08-28,1874056375753986,[빙과_스틱바]_쫀득바_인지_video,[멜론] 무디 파트너십 광고 (26년 10월까지만 활용 가능),eunbynko,1502,0,807.0,0,313,인지
2026-08-28,1874056375746818,[빙과_스틱바]_쫀득바_인지_video,[멜론] 무디 파트너십 광고 (26년 10월까지만 활용 가능),riverbinn,734,0,830.0,0,399,인지
2026-08-28,1874370076917153,[빙과_스틱바]_쫀득바_인지2_video,[멜론] 무디 파트너십 광고 (26년 10월까지만 활용 가능),niker_jaen_dE0hLqZD.mp4_niker_jaen,347,0,955.0,0,202,인지
2026-08-28,1874370063993025,[빙과_스틱바]_쫀득바_인지2_video,[멜론] 무디 파트너십 광고 (26년 10월까지만 활용 가능),ddu___0_Jb76Kdc9.mp4_ddu___0,658,0,1251.0,0,238,인지
2026-08-28,1873959671881745,[빙과_스틱바]_쫀득바_인지2_video,[멜론] 유튜버썰풀기형_6.3W,[26.06]F_V_JD멜_인지_쫀득바출시_숏츠형_유튜브읽기형_var6.릴스_업계최초.의외로.X_1P_문선정_260612_빙과_이수현_KyiOqcTE.mp4_[26.06]F_V_JD멜_인지_쫀득바출시_숏츠형_유튜브읽기형_var6.릴스_업계최초.의외로.X_1P_문선정_260612_빙과_이수현,86,0,116.0,0,24,인지
2026-08-28,1874030321444945,[빙과_스틱바]_쫀득바_인지2_video,[멜론] 컨비니BP_6.3W,[26.06]F_V_JD멜_인지_쫀득바출시_제조과정형_컨비니BP_var5.릴스_공통.할인.X_1P_김유진_260619_빙과_정요한_7cNBXRYq.mp4_[26.06]F_V_JD멜_인지_쫀득바출시_제조과정형_컨비니BP_var5.릴스_공통.할인.X_1P_김유진_260619_빙과_정요한,137,0,421.0,0,94,인지
2026-08-28,1874762142929441,[빙과_스틱바]_복쫀바_인지2_video,[복숭아] 8월4주차_맛인지_노현경,_26.08_F_V_JD__________var7.___.X__P___260828_____ca0f6be6a99e.mp4_[26.08]F_V_JD복_인지_복쫀바출시_맛인지형_오먹_var7.릴스_유럽.X_스틱바P_이재원_260828_빙과_노현경.mp4,45,0,115.0,0,21,인지
2026-08-28,1873959656457905,[빙과_스틱바]_쫀득바_인지2_video,[멜론] 요거트바BP_6.3W,[26.06]F_V_JD멜_인지_쫀득바출시_인물리뷰형_편의점원정_var2.릴스_퀄리티.X_1P_문선정_260612_빙과_정요한_F6rWEnOX.mp4_[26.06]F_V_JD멜_인지_쫀득바출시_인물리뷰형_편의점원정_var2.릴스_퀄리티.X_1P_문선정_260612_빙과_정요한,7,0,19.0,0,4,인지
2026-08-28,1874370063742978,[빙과_스틱바]_쫀득바_인지2_video,[멜론] 무디 파트너십 광고 (26년 10월까지만 활용 가능),haaube_gxcneazF.mp4_haaube,1107,0,1832.0,0,323,인지
2026-08-28,1873959544525217,[빙과_스틱바]_쫀득바_인지2_video,[멜론] 1년후에받는_6.4W,[26.06]F_V_JD멜_인지_쫀득바출시_신규BP_써우리BP_var5.릴스_광각취식2.X_1P_문선정_260626_빙과_이수민_WvbZ0G7H.mp4_[26.06]F_V_JD멜_인지_쫀득바출시_신규BP_써우리BP_var5.릴스_광각취식2.X_1P_문선정_260626_빙과_이수민,27,0,26.0,0,5,인지
2026-08-28,1874762142933521,[빙과_스틱바]_복쫀바_인지2_video,[복숭아] 8월4주차_맛인지_노현경,_26.08_F_V_JD__________var1.___.X__P___260828_____d7c5f8f88f2a.mp4_[26.08]F_V_JD복_인지_복쫀바출시_맛인지형_오먹_var1.릴스_과일계 에르메스.X_스틱바P_이재원_260828_빙과_노현경.mp4,231,0,583.0,0,110,인지
2026-08-28,1874370081743346,[빙과_스틱바]_쫀득바_인지2_video,[멜론] 무디 파트너십 광고 (26년 10월까지만 활용 가능),quan_d__orndSwaq.mp4_quan_d_,602,0,781.0,0,142,인지
2026-08-28,1874030331270737,[빙과_스틱바]_쫀득바_인지2_video,[망고] 전화네고형_6.3W,[26.06]F_V_JD망_인지_쫀득바출시_네고형_전화네고형_main.릴스_공통.X_2P_문선정_260622_빙과_조의진_NYzLctHZ.mp4_[26.06]F_V_JD망_인지_쫀득바출시_네고형_전화네고형_main.릴스_공통.X_2P_문선정_260622_빙과_조의진,955,0,1814.0,0,340,인지
2026-08-28,1873959526530242,[빙과_스틱바]_쫀득바_인지2_video,[멜론] 책상네고 대체_6.4W,[26.06]F_V_JD멜_인지_쫀득바출시_기타_비하인드썰풀기_var2.릴스_POV.X_1P_김유진_260626_빙과_강다빈_dvNEWTwx.mp4_[26.06]F_V_JD멜_인지_쫀득바출시_기타_비하인드썰풀기_var2.릴스_POV.X_1P_김유진_260626_빙과_강다빈,17,0,38.0,0,8,인지
2026-08-28,1874030338066737,[빙과_스틱바]_쫀득바_인지2_video,[멜론] 현지인도못구하는_7.1W,[26.07]F_V_JD멜_인지_쫀득바출시_인플루언서형_인플루언서형_var2.릴스_인물먼저.X_1P_문선정_260703_빙과_정하얀_JOamzo0T.mp4_[26.07]F_V_JD멜_인지_쫀득바출시_인플루언서형_인플루언서형_var2.릴스_인물먼저.X_1P_문선정_260703_빙과_정하얀,52,0,160.0,0,36,인지
2026-08-28,1873959592941730,[빙과_스틱바]_쫀득바_인지2_video,[멜론] 인플루언서형_6.3W,[26.06]F_V_JD멜_인지_상시_인플루언서형_인플루언서형.인지_main.릴스_공통.X_1P_문선정_260619_빙과_이수민_OcQS8Jtk.mp4_[26.06]F_V_JD멜_인지_상시_인플루언서형_인플루언서형.인지_var2.릴스_대세감.X_1P_문선정_260619_빙과_이수민,12,0,30.0,0,7,인지
2026-08-28,1873959560792561,[빙과_스틱바]_쫀득바_인지2_video,[멜론] 부자들만먹는_6.4W,[26.06]F_V_JD멜_인지_쫀득바출시_신규BP_먹방형_var1.릴스_쫀득.X_1P_문선정_260626_빙과_이수민_PAw0dpIV.mp4_[26.06]F_V_JD멜_인지_쫀득바출시_신규BP_먹방형_var1.릴스_쫀득.X_1P_문선정_260626_빙과_이수민,10,0,33.0,0,6,인지
2026-08-28,1871586578988225,[빙과_스틱바]_쫀득바_인지_video,0724_추성훈BP_JD멜,[26.07]F_V_JD멜_인지_쫀득바출시_신규BP_추성훈BP_var3.렉카_몰래먹기.7월.수민PJ_1P_영상팀_260724_빙과_이수민,3582,0,9973.0,0,1087,인지
2026-08-28,1873959673179393,[빙과_스틱바]_쫀득바_인지2_video,[멜론] 유튜버썰풀기형_6.3W,[26.06]F_V_JD멜_인지_쫀득바출시_숏츠형_유튜브읽기형_var5.릴스_업계최초.X_1P_문선정_260612_빙과_이수현_EID4Njqr.mp4_[26.06]F_V_JD멜_인지_쫀득바출시_숏츠형_유튜브읽기형_var5.릴스_업계최초.X_1P_문선정_260612_빙과_이수현,6,0,11.0,0,2,인지
2026-08-28,1874030317649217,[빙과_스틱바]_쫀득바_인지2_video,[멜론] 인물리뷰(2)_6.3W,[26.06]F_V_JD멜_인지_쫀득바출시_인물리뷰형_렉카형_var2.릴스_상단.대세감.X_2P_고가영_260612_빙과_김지연_uJ2PiCGN.mp4_[26.06]F_V_JD멜_인지_쫀득바출시_인물리뷰형_렉카형_var2.릴스_상단.대세감.X_2P_고가영_260612_빙과_김지연,208,0,333.0,0,63,인지
2026-08-28,1872494804996546,[빙과_스틱바]_쫀득바_인지_video,0803_초딩유행템 TEST,[26.08]F_V_JD멜_인지_쫀득바출시_바이럴형_테스트_var1.렉카_초딩유행템.아이돌보다.X_2P_김바다_260803_빙과_최재헌,9283,0,24575.0,0,2959,인지
2026-08-28,1873959656924433,[빙과_스틱바]_쫀득바_인지2_video,[멜론] 요거트바BP_6.3W,[26.06]F_V_JD멜_인지_쫀득바출시_인물리뷰형_편의점원정_var3.릴스_왁뿌볼.X_1P_문선정_260612_빙과_정요한_HJ4yRNtY.mp4_[26.06]F_V_JD멜_인지_쫀득바출시_인물리뷰형_편의점원정_var3.릴스_왁뿌볼.X_1P_문선정_260612_빙과_정요한,11,0,11.0,0,3,인지
2026-08-28,1873959526530274,[빙과_스틱바]_쫀득바_인지2_video,[멜론] 책상네고 대체_6.4W,[26.06]F_V_JD멜_인지_쫀득바출시_기타_비하인드썰풀기_var1.릴스_짤림후킹.X_1P_김유진_260626_빙과_강다빈_N8xnAoaE.mp4_[26.06]F_V_JD멜_인지_쫀득바출시_기타_비하인드썰풀기_var1.릴스_짤림후킹.X_1P_김유진_260626_빙과_강다빈,184,0,101.0,0,26,인지
2026-08-28,1873959596195153,[빙과_스틱바]_쫀득바_인지2_video,[멜론] 인플루언서형_6.3W,[26.06]F_V_JD멜_인지_상시_인플루언서형_인플루언서형.인지_main.릴스_공통.X_1P_문선정_260619_빙과_이수민_OcQS8Jtk.mp4_[26.06]F_V_JD멜_인지_상시_인플루언서형_인플루언서형.인지_main.릴스_공통.X_1P_문선정_260619_빙과_이수민,8,0,11.0,0,5,인지
2026-08-28,1874753276174818,[빙과_스틱바]_쫀득바_인지_video,[복숭아] 8월4주차_맛인지_노현경,[26.08]F_V_JD복_인지_복쫀바출시_맛인지형_오먹_var6.릴스_1위.X_스틱바P_이재원_260828_빙과_노현경.mp4,3761,0,6621.0,0,535,인지
2026-08-28,1874469822085298,[빙과_스틱바]_쫀득바_인지_video,[멜론] 무디 파트너십 광고 (26년 10월까지만 활용 가능),myhoney_717.mp4,886,0,724.0,0,234,인지
2026-08-28,1874753276174786,[빙과_스틱바]_쫀득바_인지_video,[복숭아] 8월4주차_맛인지_노현경,[26.08]F_V_JD복_인지_복쫀바출시_맛인지형_오먹_var1.릴스_과일계 에르메스.X_스틱바P_이재원_260828_빙과_노현경.mp4,2613,0,3886.0,0,289,인지
2026-08-28,1874030333521250,[빙과_스틱바]_쫀득바_인지2_video,[멜론] 초딩유행템2_6.4W,[26.06]F_V_JD멜_인지_쫀득바출시_신규BP_써우리BP_var2.릴스_혜택.X_1P_문선정_260626_빙과_김진수_AGmDZ35w.mp4_[26.06]F_V_JD멜_인지_쫀득바출시_신규BP_써우리BP_var2.릴스_혜택.X_1P_문선정_260626_빙과_김진수,489,0,741.0,0,149,인지
2026-08-28,1873959579303250,[빙과_스틱바]_쫀득바_인지2_video,[망고] 전화네고형_6.3W,[26.06]F_V_JD망_인지_쫀득바출시_네고형_전화네고형_var1.릴스_먹방.X_2P_문선정_260622_빙과_조의진_idHD4Vv8.mp4_[26.06]F_V_JD망_인지_쫀득바출시_네고형_전화네고형_var1.릴스_먹방.X_2P_문선정_260622_빙과_조의진,1058,0,1813.0,0,343,인지
2026-08-28,1873959606553906,[빙과_스틱바]_쫀득바_인지2_video,[멜론] 수박BP_6.3W,[26.06]F_V_JD멜_인지_쫀득바출시_맛인지형_수박BP_main.릴스_1년에딱.X_1P_김유진_260619_빙과_정하얀_4WnKJzct.mp4_[26.06]F_V_JD멜_인지_쫀득바출시_맛인지형_수박BP_main.릴스_1년에딱.X_1P_김유진_260619_빙과_정하얀,26,0,81.0,0,15,인지
2026-08-28,1870950529912850,[빙과_스틱바]_쫀득바_인지_video,[멜론] 육아BP_7.3W,[26.07]F_V_JD멜_인지_쫀득바출시_신규BP_육아bp_var4.릴스_로블록스.X_2P_문선정_260716_빙과_이하림,4113,0,12002.0,0,939,인지
2026-08-28,1874753276176770,[빙과_스틱바]_쫀득바_인지_video,[복숭아] 8월4주차_맛인지_노현경,[26.08]F_V_JD복_인지_복쫀바출시_맛인지형_오먹_var3.릴스_쫀득복숭아.X_스틱바P_이재원_260828_빙과_노현경.mp4,1914,0,3005.0,0,234,인지
2026-08-28,1874030334903522,[빙과_스틱바]_쫀득바_인지2_video,[멜론] 1년후에받는_6.4W,[26.06]F_V_JD멜_인지_쫀득바출시_신규BP_써우리BP_main.릴스_공통.X_1P_문선정_260626_빙과_이수민_ATprqdNR.mp4_[26.06]F_V_JD멜_인지_쫀득바출시_신규BP_써우리BP_main.릴스_공통.X_1P_문선정_260626_빙과_이수민,19,0,32.0,0,7,인지
2026-08-28,1874370074461601,[빙과_스틱바]_쫀득바_인지2_video,[멜론] 무디 파트너십 광고 (26년 10월까지만 활용 가능),ksxxida_n57kQYyo.mp4_ksxxida,1245,0,2964.0,0,614,인지
2026-08-28,1874370094864626,[빙과_스틱바]_쫀득바_인지2_video,[멜론] 무디 파트너십 광고 (26년 10월까지만 활용 가능),bbuni_sol_0lW2JXmG.mp4_bbuni_sol,464,0,1354.0,0,319,인지
2026-08-28,1874753276173698,[빙과_스틱바]_쫀득바_인지_video,[복숭아] 8월4주차_맛인지_노현경,[26.08]F_V_JD복_인지_복쫀바출시_맛인지형_오먹_var2.릴스_후숙복숭아.X_스틱바P_이재원_260828_빙과_노현경.mp4,1643,0,2449.0,0,181,인지
2026-08-28,1873959654248546,[빙과_스틱바]_쫀득바_인지2_video,[멜론] 요거트바BP_6.3W,[26.06]F_V_JD멜_인지_쫀득바출시_인물리뷰형_편의점원정_var1.릴스_맛.X_1P_문선정_260612_빙과_정요한_USPOMvkw.mp4_[26.06]F_V_JD멜_인지_쫀득바출시_인물리뷰형_편의점원정_var1.릴스_맛.X_1P_문선정_260612_빙과_정요한,43,0,9.0,0,3,인지
2026-08-28,1873959568365938,[빙과_스틱바]_쫀득바_인지2_video,[멜론] 부자들만먹는_6.4W,[26.06]F_V_JD멜_인지_쫀득바출시_신규BP_먹방형_var3.릴스_5만원멜론.X_1P_문선정_260626_빙과_이수민_4jVCt9QI.mp4_[26.06]F_V_JD멜_인지_쫀득바출시_신규BP_먹방형_var3.릴스_5만원멜론.X_1P_문선정_260626_빙과_이수민,8,0,10.0,0,3,인지
2026-08-28,1874056375751922,[빙과_스틱바]_쫀득바_인지_video,[멜론] 무디 파트너십 광고 (26년 10월까지만 활용 가능),cmonprefere__k,768,0,403.0,0,176,인지
2026-08-28,1874056375746802,[빙과_스틱바]_쫀득바_인지_video,[멜론] 무디 파트너십 광고 (26년 10월까지만 활용 가능),s_eo__fit,260,0,216.0,0,108,인지
2026-08-28,1874370068335249,[빙과_스틱바]_쫀득바_인지2_video,[멜론] 무디 파트너십 광고 (26년 10월까지만 활용 가능),cmonprefere__k_Hx4qLXWs.mp4_cmonprefere__k,249,0,390.0,0,68,인지
2026-08-28,1874370084367666,[빙과_스틱바]_쫀득바_인지2_video,[멜론] 무디 파트너십 광고 (26년 10월까지만 활용 가능),siyeonyoojoa_cRqTQrdi.mp4_siyeonyoojoa,1603,0,3305.0,0,638,인지
2026-08-28,1873959586022625,[빙과_스틱바]_쫀득바_인지2_video,[망고] 맛인지_6.3W,[26.06]F_V_JD망_인지_쫀득바출시_맛인지형_맛인지형.인지_var2.릴스_망고맛.진수.6월.수민PJ_2P_문선정_260619_빙과_김지연_85l4f3Aq.mp4_[26.06]F_V_JD망_인지_쫀득바출시_맛인지형_맛인지형.인지_var2.릴스_망고맛.진수.6월.수민PJ_2P_문선정_260619_빙과_김지연,17,0,50.0,0,12,인지
2026-08-28,1873959500695698,[빙과_스틱바]_쫀득바_인지2_video,[멜론] 1위단독_7.1W,[26.07]F_V_JD멜_인지_쫀득바출시_바이럴형_커뮤니티형_var1.릴스_30년만에.신입탕비담당.X_1P_문선정_260702_빙과_김진수_8W5sKwHy.mp4_[26.07]F_V_JD멜_인지_쫀득바출시_바이럴형_커뮤니티형_var1.릴스_30년만에.신입탕비담당.X_1P_문선정_260702_빙과_김진수,274,0,522.0,0,110,인지
2026-08-28,1874056375745714,[빙과_스틱바]_쫀득바_인지_video,[멜론] 무디 파트너십 광고 (26년 10월까지만 활용 가능),bbuni_sol,737,0,404.0,0,180,인지
2026-08-28,1873959662238738,[빙과_스틱바]_쫀득바_인지2_video,[멜론] 유튜버썰풀기형_6.3W,[26.06]F_V_JD멜_인지_쫀득바출시_숏츠형_유튜브읽기형_var1.릴스_1년에한달.365일.X_1P_문선정_260612_빙과_이수현_Gau8dgwA.mp4_[26.06]F_V_JD멜_인지_쫀득바출시_숏츠형_유튜브읽기형_var1.릴스_1년에한달.365일.X_1P_문선정_260612_빙과_이수현,231,0,837.0,0,173,인지
2026-08-28,1873959592940658,[빙과_스틱바]_쫀득바_인지2_video,[멜론] 인플루언서형_6.3W,[26.06]F_V_JD멜_인지_상시_인플루언서형_인플루언서형.인지_var1.릴스_쫀득 후킹.X_1P_문선정_260619_빙과_이수민_HCZXPTgo.mp4_[26.06]F_V_JD멜_인지_상시_인플루언서형_인플루언서형.인지_var1.릴스_쫀득 후킹.X_1P_문선정_260619_빙과_이수민,27,0,58.0,0,18,인지
2026-08-28,1874056375751890,[빙과_스틱바]_쫀득바_인지_video,[멜론] 무디 파트너십 광고 (26년 10월까지만 활용 가능),aekyeong11,272,0,260.0,0,136,인지
2026-08-28,1874669204093442,[빙과_스틱바]_쫀득바_인지_video,[멜론쫀득바] [26.08] 인지_바이럴형_백정BP바이럴화_정요한,[26.08]F_V_JD멜_인지_쫀득바출시_바이럴형_썰풀기형_main.렉카_대기업협박.X_스틱바P_황경원_260827_빙과_정요한.mp4,4830,0,3819.0,0,1477,인지
2026-08-28,1873959654247474,[빙과_스틱바]_쫀득바_인지2_video,[멜론] 요거트바BP_6.3W,[26.06]F_V_JD멜_인지_쫀득바출시_인물리뷰형_편의점원정_main.릴스_공통.X_1P_문선정_260612_빙과_정요한_YkIZOlu0.mp4_[26.06]F_V_JD멜_인지_쫀득바출시_인물리뷰형_편의점원정_main.릴스_공통.X_1P_문선정_260612_빙과_정요한,29,0,82.0,0,18,인지
2026-08-28,1874469822087490,[빙과_스틱바]_쫀득바_인지_video,[멜론] 무디 파트너십 광고 (26년 10월까지만 활용 가능),xcvijy.mp4,3399,0,2142.0,0,831,인지
2026-08-28,1873959502194113,[빙과_스틱바]_쫀득바_인지2_video,[멜론] 현지인도못구하는_7.1W,[26.07]F_V_JD멜_인지_쫀득바출시_인플루언서형_인플루언서형_main.릴스_비행기표취소.X_1P_문선정_260703_빙과_정하얀_6J9yLGRu.mp4_[26.07]F_V_JD멜_인지_쫀득바출시_인플루언서형_인플루언서형_main.릴스_비행기표취소.X_1P_문선정_260703_빙과_정하얀,240,0,360.0,0,68,인지
2026-08-28,1874056375748786,[빙과_스틱바]_쫀득바_인지_video,[멜론] 무디 파트너십 광고 (26년 10월까지만 활용 가능),yesoolcat,830,0,384.0,0,160,인지
2026-08-28,1873959606553874,[빙과_스틱바]_쫀득바_인지2_video,[멜론] 수박BP_6.3W,[26.06]F_V_JD멜_인지_쫀득바출시_맛인지형_수박BP_var1.릴스_저샀어요.X_1P_김유진_260619_빙과_정하얀_KxT2Mrn4.mp4_[26.06]F_V_JD멜_인지_쫀득바출시_맛인지형_수박BP_var1.릴스_저샀어요.X_1P_김유진_260619_빙과_정하얀,60,0,94.0,0,19,인지
2026-08-28,1874056375748754,[빙과_스틱바]_쫀득바_인지_video,[멜론] 무디 파트너십 광고 (26년 10월까지만 활용 가능),unyouu,483,0,394.0,0,175,인지
2026-08-28,1873959576604178,[빙과_스틱바]_쫀득바_인지2_video,[멜론] 써우리BP_6.4W,[26.06]F_V_JD멜_인지_쫀득바출시_맛인지형_맛인지형.인지_var4.릴스_노을멜론.X_1P_문선정_260612_빙과_이수민_c8GfOUgM.mp4_[26.06]F_V_JD멜_인지_쫀득바출시_맛인지형_맛인지형.인지_var4.릴스_노을멜론.X_1P_문선정_260612_빙과_이수민,91,0,124.0,0,25,인지
2026-08-28,1873959585040561,[빙과_스틱바]_쫀득바_인지2_video,[망고] 맛인지_6.3W,[26.06]F_V_JD망_인지_쫀득바출시_맛인지형_맛인지형.인지_var3.릴스_대세감.진수.6월.수민PJ_2P_문선정_260619_빙과_김지연_694xYrHj.mp4_[26.06]F_V_JD망_인지_쫀득바출시_맛인지형_맛인지형.인지_var3.릴스_대세감.진수.6월.수민PJ_2P_문선정_260619_빙과_김지연,10,0,35.0,0,6,인지
2026-08-28,1874759704807857,[빙과_스틱바]_쫀득바_인지2_video,[멜론쫀득바] [26.08] 인지_바이럴형_백정BP바이럴화_정요한,[26.08]F_V_JD멜_인지_쫀득바출시_바이럴형_ai형_main.렉카_식품업계미투제품.X_스틱바P_황경원_260828_빙과_정요한.mp4_[26.08]F_V_JD멜_인지_쫀득바출시_바이럴형_ai형_main.렉카_식품업계미투제품.X_스틱바P_황경원_260828_빙과_정요한.mp4,7703,2,9199.0,0,1899,인지
2026-08-28,1873959668420802,[빙과_스틱바]_쫀득바_인지2_video,[멜론] 유튜버썰풀기형_6.3W,[26.06]F_V_JD멜_인지_쫀득바출시_숏츠형_유튜브읽기형_var2.릴스_원조이김.국민템.X_1P_문선정_260612_빙과_이수현_sC9KkVo2.mp4_[26.06]F_V_JD멜_인지_쫀득바출시_숏츠형_유튜브읽기형_var2.릴스_원조이김.국민템.X_1P_문선정_260612_빙과_이수현,14,0,6.0,0,1,인지
2026-08-28,1874469822085266,[빙과_스틱바]_쫀득바_인지_video,[멜론] 무디 파트너십 광고 (26년 10월까지만 활용 가능),okindflower.mp4,973,0,958.0,0,388,인지
2026-08-28,1871586559538209,[빙과_스틱바]_쫀득바_인지_video,0724_추성훈BP_JD멜,[26.07]F_V_JD멜_인지_쫀득바출시_신규BP_추성훈BP_var5.렉카_매출1등.7월.수민PJ_1P_영상팀_260724_빙과_이수민,1571,0,7035.0,0,780,인지
2026-08-28,1874690849992082,[빙과_스틱바]_복쫀바_인지2_video,[복숭아] 8월4주차_맛인지_노현경,_26.08_F_V_JD__________main.___.X__P___260827_____991758515177.mp4_[26.08] F_V_JD복_인지_쫀득바출시_맛인지형_오먹_main.릴스_납작복숭아가격비교.X_스틱바P_이재원_260827_빙과_노현경,34804,0,46650.0,0,9808,인지
2026-08-28,1873959550576913,[빙과_스틱바]_쫀득바_인지2_video,[멜론] 1년후에받는_6.4W,[26.06]F_V_JD멜_인지_쫀득바출시_신규BP_써우리BP_var3.릴스_찾는척.X_1P_문선정_260626_빙과_이수민_dsA5VQTS.mp4_[26.06]F_V_JD멜_인지_쫀득바출시_신규BP_써우리BP_var3.릴스_찾는척.X_1P_문선정_260626_빙과_이수민,475,0,879.0,0,172,인지
2026-08-28,1874762145489089,[빙과_스틱바]_복쫀바_인지2_video,[복숭아] 8월4주차_맛인지_노현경,_26.08_F_V_JD__________var2.___.X__P___260828_____808ac332390d.mp4_[26.08]F_V_JD복_인지_복쫀바출시_맛인지형_오먹_var2.릴스_후숙복숭아.X_스틱바P_이재원_260828_빙과_노현경.mp4,245,0,570.0,0,106,인지
2026-08-28,1874370092553873,[빙과_스틱바]_쫀득바_인지2_video,[멜론] 무디 파트너십 광고 (26년 10월까지만 활용 가능),riverbinn_N8nEPrUl.mp4_riverbinn,182,0,459.0,0,83,인지
2026-08-28,1873959582885202,[빙과_스틱바]_쫀득바_인지2_video,[망고] 맛인지_6.3W,[26.06]F_V_JD망_인지_쫀득바출시_맛인지형_맛인지형.인지_main.릴스_공통.진수.6월.수민PJ_2P_문선정_260619_빙과_김지연_pI4Fmbu1.mp4_[26.06]F_V_JD망_인지_쫀득바출시_맛인지형_맛인지형.인지_main.릴스_공통.진수.6월.수민PJ_2P_문선정_260619_빙과_김지연,1913,0,2413.0,0,479,인지
2026-08-28,1874729216782545,[빙과_스틱바]_쫀득바_인지_video,[멜론] 무디 파트너십 광고 (26년 10월까지만 활용 가능),kwaksuaaaa.mp4,124,0,91.0,0,30,인지
2026-08-28,1874056375754034,[빙과_스틱바]_쫀득바_인지_video,[멜론] 무디 파트너십 광고 (26년 10월까지만 활용 가능),honijam,249,0,210.0,0,86,인지
2026-08-28,1874056375753010,[빙과_스틱바]_쫀득바_인지_video,[멜론] 무디 파트너십 광고 (26년 10월까지만 활용 가능),doyouknow_omg,1198,0,1314.0,0,499,인지
2026-08-28,1874056375749938,[빙과_스틱바]_쫀득바_인지_video,[멜론] 무디 파트너십 광고 (26년 10월까지만 활용 가능),minimore.927,571,0,620.0,0,285,인지
2026-08-28,1873959666755666,[빙과_스틱바]_쫀득바_인지2_video,[멜론] 유튜버썰풀기형_6.3W,[26.06]F_V_JD멜_인지_쫀득바출시_숏츠형_유튜브읽기형_var4.릴스_SNS도배.과일.X_1P_문선정_260612_빙과_이수현_FS2Lzmjs.mp4_[26.06]F_V_JD멜_인지_쫀득바출시_숏츠형_유튜브읽기형_var4.릴스_SNS도배.과일.X_1P_문선정_260612_빙과_이수현,3,0,6.0,0,1,인지
2026-08-28,1874370060202321,[빙과_스틱바]_쫀득바_인지2_video,[멜론] 무디 파트너십 광고 (26년 10월까지만 활용 가능),eunbynko_XVZyBHut.mp4_eunbynko,210,0,500.0,0,103,인지
2026-08-28,1873959582885234,[빙과_스틱바]_쫀득바_인지2_video,[망고] 맛인지_6.3W,[26.06]F_V_JD망_인지_쫀득바출시_맛인지형_맛인지형.인지_var1.릴스_젤리식감.진수.6월.수민PJ_2P_문선정_260619_빙과_김지연_oqUjrN9C.mp4_[26.06]F_V_JD망_인지_쫀득바출시_맛인지형_맛인지형.인지_var1.릴스_젤리식감.진수.6월.수민PJ_2P_문선정_260619_빙과_김지연,13,0,24.0,0,5,인지
2026-08-28,1873959599404161,[빙과_스틱바]_쫀득바_인지2_video,[멜론] 인플루언서형_6.3W,[26.06]F_V_JD멜_인지_상시_인플루언서형_인플루언서형.인지_var3.릴스_코어 후킹.X_1P_문선정_260619_빙과_이수민_fHo1zJ0X.mp4_[26.06]F_V_JD멜_인지_상시_인플루언서형_인플루언서형.인지_var3.릴스_코어 후킹.X_1P_문선정_260619_빙과_이수민,10,0,20.0,0,4,인지
2026-08-28,1874056375754002,[빙과_스틱바]_쫀득바_인지_video,[멜론] 무디 파트너십 광고 (26년 10월까지만 활용 가능),haaube,3264,0,2373.0,0,766,인지
2026-08-28,1874056375752978,[빙과_스틱바]_쫀득바_인지_video,[멜론] 무디 파트너십 광고 (26년 10월까지만 활용 가능),ddu___0,1882,0,1318.0,0,489,인지
2026-08-28,1874056375749906,[빙과_스틱바]_쫀득바_인지_video,[멜론] 무디 파트너십 광고 (26년 10월까지만 활용 가능),niker_jaen,693,0,777.0,0,295,인지
2026-08-28,1874056375746834,[빙과_스틱바]_쫀득바_인지_video,[멜론] 무디 파트너십 광고 (26년 10월까지만 활용 가능),quan_d_,3008,0,1850.0,0,602,인지
2026-08-28,1874762145489121,[빙과_스틱바]_복쫀바_인지2_video,[복숭아] 8월4주차_맛인지_노현경,_26.08_F_V_JD__________var4.__100_.X__P___260828_____fd8396e09804.mp4_[26.08]F_V_JD복_인지_복쫀바출시_맛인지형_오먹_var4.릴스_100프로복숭아농축액.X_스틱바P_이재원_260828_빙과_노현경.mp4,33,0,64.0,0,13,인지
2026-08-28,1874030316282466,[빙과_스틱바]_쫀득바_인지2_video,[멜론] 유튜버썰풀기형_6.3W,[26.06]F_V_JD멜_인지_쫀득바출시_숏츠형_유튜브읽기형_var3.릴스_SNS도배.두쫀쿠다음.X_1P_문선정_260612_빙과_이수현_8Q64E9kb.mp4_[26.06]F_V_JD멜_인지_쫀득바출시_숏츠형_유튜브읽기형_var3.릴스_SNS도배.두쫀쿠다음.X_1P_문선정_260612_빙과_이수현,34,0,63.0,0,12,인지
2026-08-28,1869682127855746,[빙과_스틱바]_쫀득바_인지_video,[멜론] 1위단독_7.1W,[26.07]F_V_JD멜_인지_쫀득바출시_바이럴형_커뮤니티형_var1.릴스_30년만에.신입탕비담당.X_1P_문선정_260702_빙과_김진수,4459,0,12914.0,0,713,인지
2026-08-28,1874370084620641,[빙과_스틱바]_쫀득바_인지2_video,[멜론] 무디 파트너십 광고 (26년 10월까지만 활용 가능),suj_43_2u1JOHAq.mp4_suj_43,974,0,1657.0,0,305,인지
2026-08-28,1874371832550769,[빙과_스틱바]_쫀득바_인지2_video,[멜론] 무디 파트너십 광고 (26년 10월까지만 활용 가능),doyouknow_omg_MfVCQSX8.mp4_doyouknow_omg,203,0,395.0,0,73,인지
2026-08-29,1873959656457905,[빙과_스틱바]_쫀득바_인지2_video,[멜론] 요거트바BP_6.3W,[26.06]F_V_JD멜_인지_쫀득바출시_인물리뷰형_편의점원정_var2.릴스_퀄리티.X_1P_문선정_260612_빙과_정요한_F6rWEnOX.mp4_[26.06]F_V_JD멜_인지_쫀득바출시_인물리뷰형_편의점원정_var2.릴스_퀄리티.X_1P_문선정_260612_빙과_정요한,39,0,108.0,0,21,인지
2026-08-29,1873959662058609,[빙과_스틱바]_쫀득바_인지2_video,[멜론] 요거트바BP_6.3W,[26.06]F_V_JD멜_인지_쫀득바출시_인물리뷰형_편의점원정_var4.릴스_대세감.X_1P_문선정_260612_빙과_정요한_dTrqo0s9.mp4_[26.06]F_V_JD멜_인지_쫀득바출시_인물리뷰형_편의점원정_var4.릴스_대세감.X_1P_문선정_260612_빙과_정요한,7,0,17.0,0,3,인지
2026-08-29,1873959502194113,[빙과_스틱바]_쫀득바_인지2_video,[멜론] 현지인도못구하는_7.1W,[26.07]F_V_JD멜_인지_쫀득바출시_인플루언서형_인플루언서형_main.릴스_비행기표취소.X_1P_문선정_260703_빙과_정하얀_6J9yLGRu.mp4_[26.07]F_V_JD멜_인지_쫀득바출시_인플루언서형_인플루언서형_main.릴스_비행기표취소.X_1P_문선정_260703_빙과_정하얀,393,0,499.0,0,93,인지
2026-08-29,1873959662238738,[빙과_스틱바]_쫀득바_인지2_video,[멜론] 유튜버썰풀기형_6.3W,[26.06]F_V_JD멜_인지_쫀득바출시_숏츠형_유튜브읽기형_var1.릴스_1년에한달.365일.X_1P_문선정_260612_빙과_이수현_Gau8dgwA.mp4_[26.06]F_V_JD멜_인지_쫀득바출시_숏츠형_유튜브읽기형_var1.릴스_1년에한달.365일.X_1P_문선정_260612_빙과_이수현,277,0,1010.0,0,209,인지
2026-08-29,1873959480704162,[빙과_스틱바]_쫀득바_인지2_video,[멜론] 관계성네고_7.1W,[26.07]F_V_JD멜_인지_쫀득바출시_인물리뷰형_관계성_var6.릴스_잔소리후킹.X_1P_김유진_260703_빙과_강다빈_8xsJGKVk.mp4_[26.07]F_V_JD멜_인지_쫀득바출시_인물리뷰형_관계성_var6.릴스_잔소리후킹.X_1P_김유진_260703_빙과_강다빈,713,0,1036.0,0,205,인지
2026-08-29,1874370060202321,[빙과_스틱바]_쫀득바_인지2_video,[멜론] 무디 파트너십 광고 (26년 10월까지만 활용 가능),eunbynko_XVZyBHut.mp4_eunbynko,160,0,304.0,0,69,인지
2026-08-29,1874370083000546,[빙과_스틱바]_쫀득바_인지2_video,[멜론] 무디 파트너십 광고 (26년 10월까지만 활용 가능),s_eo__fit_xO7qAYSe.mp4_s_eo__fit,61,0,168.0,0,43,인지
2026-08-29,1874370084367666,[빙과_스틱바]_쫀득바_인지2_video,[멜론] 무디 파트너십 광고 (26년 10월까지만 활용 가능),siyeonyoojoa_cRqTQrdi.mp4_siyeonyoojoa,804,0,1504.0,0,315,인지
2026-08-29,1873959592940658,[빙과_스틱바]_쫀득바_인지2_video,[멜론] 인플루언서형_6.3W,[26.06]F_V_JD멜_인지_상시_인플루언서형_인플루언서형.인지_var1.릴스_쫀득 후킹.X_1P_문선정_260619_빙과_이수민_HCZXPTgo.mp4_[26.06]F_V_JD멜_인지_상시_인플루언서형_인플루언서형.인지_var1.릴스_쫀득 후킹.X_1P_문선정_260619_빙과_이수민,33,0,90.0,0,23,인지
2026-08-29,1874030333521250,[빙과_스틱바]_쫀득바_인지2_video,[멜론] 초딩유행템2_6.4W,[26.06]F_V_JD멜_인지_쫀득바출시_신규BP_써우리BP_var2.릴스_혜택.X_1P_문선정_260626_빙과_김진수_AGmDZ35w.mp4_[26.06]F_V_JD멜_인지_쫀득바출시_신규BP_써우리BP_var2.릴스_혜택.X_1P_문선정_260626_빙과_김진수,1153,0,1588.0,0,322,인지
2026-08-29,1874030341331282,[빙과_스틱바]_쫀득바_인지2_video,[멜론] 전세계에서일본에만_7.1W,[26.07]F_V_JD멜_인지_쫀득바출시_인물리뷰형_인물리뷰형_var1.릴스_상단.국내출시.X_2P_문선정_260703_빙과_유영현_hYJso2jc.mp4_[26.07]F_V_JD멜_인지_쫀득바출시_인물리뷰형_인물리뷰형_var1.릴스_상단.국내출시.X_2P_문선정_260703_빙과_유영현,509,0,1195.0,0,254,인지
2026-08-29,1874030316282466,[빙과_스틱바]_쫀득바_인지2_video,[멜론] 유튜버썰풀기형_6.3W,[26.06]F_V_JD멜_인지_쫀득바출시_숏츠형_유튜브읽기형_var3.릴스_SNS도배.두쫀쿠다음.X_1P_문선정_260612_빙과_이수현_8Q64E9kb.mp4_[26.06]F_V_JD멜_인지_쫀득바출시_숏츠형_유튜브읽기형_var3.릴스_SNS도배.두쫀쿠다음.X_1P_문선정_260612_빙과_이수현,26,0,42.0,0,10,인지
2026-08-29,1874370084620641,[빙과_스틱바]_쫀득바_인지2_video,[멜론] 무디 파트너십 광고 (26년 10월까지만 활용 가능),suj_43_2u1JOHAq.mp4_suj_43,1031,0,1804.0,0,317,인지
2026-08-29,1874762145489089,[빙과_스틱바]_복쫀바_인지2_video,[복숭아] 8월4주차_맛인지_노현경,_26.08_F_V_JD__________var2.___.X__P___260828_____808ac332390d.mp4_[26.08]F_V_JD복_인지_복쫀바출시_맛인지형_오먹_var2.릴스_후숙복숭아.X_스틱바P_이재원_260828_빙과_노현경.mp4,1176,0,3019.0,0,583,인지
2026-08-29,1873959576604178,[빙과_스틱바]_쫀득바_인지2_video,[멜론] 써우리BP_6.4W,[26.06]F_V_JD멜_인지_쫀득바출시_맛인지형_맛인지형.인지_var4.릴스_노을멜론.X_1P_문선정_260612_빙과_이수민_c8GfOUgM.mp4_[26.06]F_V_JD멜_인지_쫀득바출시_맛인지형_맛인지형.인지_var4.릴스_노을멜론.X_1P_문선정_260612_빙과_이수민,101,0,127.0,0,24,인지
2026-08-29,1874762145489121,[빙과_스틱바]_복쫀바_인지2_video,[복숭아] 8월4주차_맛인지_노현경,_26.08_F_V_JD__________var4.__100_.X__P___260828_____fd8396e09804.mp4_[26.08]F_V_JD복_인지_복쫀바출시_맛인지형_오먹_var4.릴스_100프로복숭아농축액.X_스틱바P_이재원_260828_빙과_노현경.mp4,778,0,354.0,0,107,인지
2026-08-29,1874371832550769,[빙과_스틱바]_쫀득바_인지2_video,[멜론] 무디 파트너십 광고 (26년 10월까지만 활용 가능),doyouknow_omg_MfVCQSX8.mp4_doyouknow_omg,118,0,180.0,0,40,인지
2026-08-29,1874370068335249,[빙과_스틱바]_쫀득바_인지2_video,[멜론] 무디 파트너십 광고 (26년 10월까지만 활용 가능),cmonprefere__k_Hx4qLXWs.mp4_cmonprefere__k,295,0,397.0,0,71,인지
2026-08-29,1874370076917153,[빙과_스틱바]_쫀득바_인지2_video,[멜론] 무디 파트너십 광고 (26년 10월까지만 활용 가능),niker_jaen_dE0hLqZD.mp4_niker_jaen,295,0,714.0,0,168,인지
2026-08-29,1874030338066737,[빙과_스틱바]_쫀득바_인지2_video,[멜론] 현지인도못구하는_7.1W,[26.07]F_V_JD멜_인지_쫀득바출시_인플루언서형_인플루언서형_var2.릴스_인물먼저.X_1P_문선정_260703_빙과_정하얀_JOamzo0T.mp4_[26.07]F_V_JD멜_인지_쫀득바출시_인플루언서형_인플루언서형_var2.릴스_인물먼저.X_1P_문선정_260703_빙과_정하얀,92,0,276.0,0,70,인지
2026-08-29,1874030317649217,[빙과_스틱바]_쫀득바_인지2_video,[멜론] 인물리뷰(2)_6.3W,[26.06]F_V_JD멜_인지_쫀득바출시_인물리뷰형_렉카형_var2.릴스_상단.대세감.X_2P_고가영_260612_빙과_김지연_uJ2PiCGN.mp4_[26.06]F_V_JD멜_인지_쫀득바출시_인물리뷰형_렉카형_var2.릴스_상단.대세감.X_2P_고가영_260612_빙과_김지연,305,0,638.0,0,132,인지
2026-08-29,1874734943788354,[빙과_스틱바]_쫀득바_인지2_video,[멜론] 무디 파트너십 광고 (26년 10월까지만 활용 가능),kwaksuaaaa_qdpYkeKP.mp4_kwaksuaaaa.mp4,6327,0,17236.0,0,4256,인지
2026-08-29,1874762142933521,[빙과_스틱바]_복쫀바_인지2_video,[복숭아] 8월4주차_맛인지_노현경,_26.08_F_V_JD__________var1.___.X__P___260828_____d7c5f8f88f2a.mp4_[26.08]F_V_JD복_인지_복쫀바출시_맛인지형_오먹_var1.릴스_과일계 에르메스.X_스틱바P_이재원_260828_빙과_노현경.mp4,882,0,1378.0,0,271,인지
2026-08-29,1873959582885234,[빙과_스틱바]_쫀득바_인지2_video,[망고] 맛인지_6.3W,[26.06]F_V_JD망_인지_쫀득바출시_맛인지형_맛인지형.인지_var1.릴스_젤리식감.진수.6월.수민PJ_2P_문선정_260619_빙과_김지연_oqUjrN9C.mp4_[26.06]F_V_JD망_인지_쫀득바출시_맛인지형_맛인지형.인지_var1.릴스_젤리식감.진수.6월.수민PJ_2P_문선정_260619_빙과_김지연,43,0,17.0,0,6,인지
2026-08-29,1873959526530242,[빙과_스틱바]_쫀득바_인지2_video,[멜론] 책상네고 대체_6.4W,[26.06]F_V_JD멜_인지_쫀득바출시_기타_비하인드썰풀기_var2.릴스_POV.X_1P_김유진_260626_빙과_강다빈_dvNEWTwx.mp4_[26.06]F_V_JD멜_인지_쫀득바출시_기타_비하인드썰풀기_var2.릴스_POV.X_1P_김유진_260626_빙과_강다빈,20,0,30.0,0,7,인지
2026-08-29,1873959592941730,[빙과_스틱바]_쫀득바_인지2_video,[멜론] 인플루언서형_6.3W,[26.06]F_V_JD멜_인지_상시_인플루언서형_인플루언서형.인지_main.릴스_공통.X_1P_문선정_260619_빙과_이수민_OcQS8Jtk.mp4_[26.06]F_V_JD멜_인지_상시_인플루언서형_인플루언서형.인지_var2.릴스_대세감.X_1P_문선정_260619_빙과_이수민,6,0,18.0,0,4,인지
2026-08-29,1874370098478129,[빙과_스틱바]_쫀득바_인지2_video,[멜론] 무디 파트너십 광고 (26년 10월까지만 활용 가능),kdaaeng_5cY4RH6h.mp4_kdaaeng,151,0,352.0,0,93,인지
2026-08-29,1873959596195153,[빙과_스틱바]_쫀득바_인지2_video,[멜론] 인플루언서형_6.3W,[26.06]F_V_JD멜_인지_상시_인플루언서형_인플루언서형.인지_main.릴스_공통.X_1P_문선정_260619_빙과_이수민_OcQS8Jtk.mp4_[26.06]F_V_JD멜_인지_상시_인플루언서형_인플루언서형.인지_main.릴스_공통.X_1P_문선정_260619_빙과_이수민,5,0,5.0,0,2,인지
2026-08-29,1873959673179393,[빙과_스틱바]_쫀득바_인지2_video,[멜론] 유튜버썰풀기형_6.3W,[26.06]F_V_JD멜_인지_쫀득바출시_숏츠형_유튜브읽기형_var5.릴스_업계최초.X_1P_문선정_260612_빙과_이수현_EID4Njqr.mp4_[26.06]F_V_JD멜_인지_쫀득바출시_숏츠형_유튜브읽기형_var5.릴스_업계최초.X_1P_문선정_260612_빙과_이수현,11,0,20.0,0,4,인지
2026-08-29,1873959582885202,[빙과_스틱바]_쫀득바_인지2_video,[망고] 맛인지_6.3W,[26.06]F_V_JD망_인지_쫀득바출시_맛인지형_맛인지형.인지_main.릴스_공통.진수.6월.수민PJ_2P_문선정_260619_빙과_김지연_pI4Fmbu1.mp4_[26.06]F_V_JD망_인지_쫀득바출시_맛인지형_맛인지형.인지_main.릴스_공통.진수.6월.수민PJ_2P_문선정_260619_빙과_김지연,1061,0,1369.0,0,277,인지
2026-08-29,1873959526530274,[빙과_스틱바]_쫀득바_인지2_video,[멜론] 책상네고 대체_6.4W,[26.06]F_V_JD멜_인지_쫀득바출시_기타_비하인드썰풀기_var1.릴스_짤림후킹.X_1P_김유진_260626_빙과_강다빈_N8xnAoaE.mp4_[26.06]F_V_JD멜_인지_쫀득바출시_기타_비하인드썰풀기_var1.릴스_짤림후킹.X_1P_김유진_260626_빙과_강다빈,459,0,171.0,0,51,인지
2026-08-29,1873959666755666,[빙과_스틱바]_쫀득바_인지2_video,[멜론] 유튜버썰풀기형_6.3W,[26.06]F_V_JD멜_인지_쫀득바출시_숏츠형_유튜브읽기형_var4.릴스_SNS도배.과일.X_1P_문선정_260612_빙과_이수현_FS2Lzmjs.mp4_[26.06]F_V_JD멜_인지_쫀득바출시_숏츠형_유튜브읽기형_var4.릴스_SNS도배.과일.X_1P_문선정_260612_빙과_이수현,3,0,12.0,0,2,인지
2026-08-29,1873959656924433,[빙과_스틱바]_쫀득바_인지2_video,[멜론] 요거트바BP_6.3W,[26.06]F_V_JD멜_인지_쫀득바출시_인물리뷰형_편의점원정_var3.릴스_왁뿌볼.X_1P_문선정_260612_빙과_정요한_HJ4yRNtY.mp4_[26.06]F_V_JD멜_인지_쫀득바출시_인물리뷰형_편의점원정_var3.릴스_왁뿌볼.X_1P_문선정_260612_빙과_정요한,50,0,82.0,0,15,인지
2026-08-29,1874370092553873,[빙과_스틱바]_쫀득바_인지2_video,[멜론] 무디 파트너십 광고 (26년 10월까지만 활용 가능),riverbinn_N8nEPrUl.mp4_riverbinn,260,0,678.0,0,140,인지
2026-08-29,1874030313976066,[빙과_스틱바]_쫀득바_인지2_video,[멜론] 인물리뷰(1)_6.3W,[26.06]F_V_JD멜_인지_쫀득바출시_인물리뷰형_인물리뷰형_var4.릴스_후킹.X_2P_고가영_260612_빙과_유영현_JfFPUknj.mp4_[26.06]F_V_JD멜_인지_쫀득바출시_인물리뷰형_인물리뷰형_var4.릴스_후킹.X_2P_고가영_260612_빙과_유영현,268,0,747.0,0,167,인지
2026-08-29,1873959585040561,[빙과_스틱바]_쫀득바_인지2_video,[망고] 맛인지_6.3W,[26.06]F_V_JD망_인지_쫀득바출시_맛인지형_맛인지형.인지_var3.릴스_대세감.진수.6월.수민PJ_2P_문선정_260619_빙과_김지연_694xYrHj.mp4_[26.06]F_V_JD망_인지_쫀득바출시_맛인지형_맛인지형.인지_var3.릴스_대세감.진수.6월.수민PJ_2P_문선정_260619_빙과_김지연,6,0,9.0,0,2,인지
2026-08-29,1874030334903522,[빙과_스틱바]_쫀득바_인지2_video,[멜론] 1년후에받는_6.4W,[26.06]F_V_JD멜_인지_쫀득바출시_신규BP_써우리BP_main.릴스_공통.X_1P_문선정_260626_빙과_이수민_ATprqdNR.mp4_[26.06]F_V_JD멜_인지_쫀득바출시_신규BP_써우리BP_main.릴스_공통.X_1P_문선정_260626_빙과_이수민,53,0,77.0,0,19,인지
2026-08-29,1874690849992082,[빙과_스틱바]_복쫀바_인지2_video,[복숭아] 8월4주차_맛인지_노현경,_26.08_F_V_JD__________main.___.X__P___260827_____991758515177.mp4_[26.08] F_V_JD복_인지_쫀득바출시_맛인지형_오먹_main.릴스_납작복숭아가격비교.X_스틱바P_이재원_260827_빙과_노현경,9728,0,11266.0,0,2171,인지
2026-08-29,1874030323030129,[빙과_스틱바]_쫀득바_인지2_video,[멜론] 인플루언서형_6.3W,[26.06]F_V_JD멜_인지_상시_인플루언서형_인플루언서형.인지_main.릴스_공통.X_1P_문선정_260619_빙과_이수민_OcQS8Jtk.mp4_Copy 3 of [26.06]F_V_JD멜_인지_상시_인플루언서형_인플루언서형.인지_main.릴스_공통.X_1P_문선정_260619_빙과_이수민,60,0,184.0,0,46,인지
2026-08-29,1873959600941425,[빙과_스틱바]_쫀득바_인지2_video,[멜론] 인플루언서형_6.3W,[26.06]F_V_JD멜_인지_상시_인플루언서형_인플루언서형.인지_var1.릴스_쫀득 후킹.X_1P_문선정_260619_빙과_이수민_HCZXPTgo.mp4_[26.06]F_V_JD멜_인지_상시_인플루언서형_인플루언서형.인지_var1.릴스_쫀득 후킹.X_1P_문선정_260619_빙과_이수민,7,0,13.0,0,3,인지
2026-08-29,1873959568365938,[빙과_스틱바]_쫀득바_인지2_video,[멜론] 부자들만먹는_6.4W,[26.06]F_V_JD멜_인지_쫀득바출시_신규BP_먹방형_var3.릴스_5만원멜론.X_1P_문선정_260626_빙과_이수민_4jVCt9QI.mp4_[26.06]F_V_JD멜_인지_쫀득바출시_신규BP_먹방형_var3.릴스_5만원멜론.X_1P_문선정_260626_빙과_이수민,24,0,12.0,0,2,인지
2026-08-29,1874370094864626,[빙과_스틱바]_쫀득바_인지2_video,[멜론] 무디 파트너십 광고 (26년 10월까지만 활용 가능),bbuni_sol_0lW2JXmG.mp4_bbuni_sol,309,0,841.0,0,225,인지
2026-08-29,1873959574894593,[빙과_스틱바]_쫀득바_인지2_video,[멜론] 써우리BP_6.4W,[26.06]F_V_JD멜_인지_쫀득바출시_맛인지형_맛인지형.인지_var2.릴스_품절대란.X_1P_문선정_260612_빙과_이수민_X4dmxg8T.mp4_[26.06]F_V_JD멜_인지_쫀득바출시_맛인지형_맛인지형.인지_var2.릴스_품절대란.X_1P_문선정_260612_빙과_이수민,112,0,301.0,0,67,인지
2026-08-29,1873959654247474,[빙과_스틱바]_쫀득바_인지2_video,[멜론] 요거트바BP_6.3W,[26.06]F_V_JD멜_인지_쫀득바출시_인물리뷰형_편의점원정_main.릴스_공통.X_1P_문선정_260612_빙과_정요한_YkIZOlu0.mp4_[26.06]F_V_JD멜_인지_쫀득바출시_인물리뷰형_편의점원정_main.릴스_공통.X_1P_문선정_260612_빙과_정요한,159,0,493.0,0,114,인지
2026-08-29,1873959599404161,[빙과_스틱바]_쫀득바_인지2_video,[멜론] 인플루언서형_6.3W,[26.06]F_V_JD멜_인지_상시_인플루언서형_인플루언서형.인지_var3.릴스_코어 후킹.X_1P_문선정_260619_빙과_이수민_fHo1zJ0X.mp4_[26.06]F_V_JD멜_인지_상시_인플루언서형_인플루언서형.인지_var3.릴스_코어 후킹.X_1P_문선정_260619_빙과_이수민,9,0,12.0,0,3,인지
2026-08-29,1873959668420802,[빙과_스틱바]_쫀득바_인지2_video,[멜론] 유튜버썰풀기형_6.3W,[26.06]F_V_JD멜_인지_쫀득바출시_숏츠형_유튜브읽기형_var2.릴스_원조이김.국민템.X_1P_문선정_260612_빙과_이수현_sC9KkVo2.mp4_[26.06]F_V_JD멜_인지_쫀득바출시_숏츠형_유튜브읽기형_var2.릴스_원조이김.국민템.X_1P_문선정_260612_빙과_이수현,88,0,103.0,0,19,인지
2026-08-29,1873959559414897,[빙과_스틱바]_쫀득바_인지2_video,[멜론] 부자들만먹는_6.4W,[26.06]F_V_JD멜_인지_쫀득바출시_신규BP_먹방형_var2.릴스_먹방.X_1P_문선정_260626_빙과_이수민_jNE7zmU8.mp4_[26.06]F_V_JD멜_인지_쫀득바출시_신규BP_먹방형_var2.릴스_먹방.X_1P_문선정_260626_빙과_이수민,37,0,29.0,0,7,인지
2026-08-29,1874762142924033,[빙과_스틱바]_복쫀바_인지2_video,[복숭아] 8월4주차_맛인지_노현경,_26.08_F_V_JD__________var3.___.X__P___260828_____1ddee9a8eb9c.mp4_[26.08]F_V_JD복_인지_복쫀바출시_맛인지형_오먹_var3.릴스_쫀득복숭아.X_스틱바P_이재원_260828_빙과_노현경.mp4,2506,0,2812.0,0,544,인지
2026-08-29,1873959502194161,[빙과_스틱바]_쫀득바_인지2_video,[멜론] 현지인도못구하는_7.1W,[26.07]F_V_JD멜_인지_쫀득바출시_인플루언서형_인플루언서형_var1.릴스_제품먼저.X_1P_문선정_260703_빙과_정하얀_gA26O49Z.mp4_[26.07]F_V_JD멜_인지_쫀득바출시_인플루언서형_인플루언서형_var1.릴스_제품먼저.X_1P_문선정_260703_빙과_정하얀,100,0,247.0,0,47,인지
2026-08-29,1873959586022625,[빙과_스틱바]_쫀득바_인지2_video,[망고] 맛인지_6.3W,[26.06]F_V_JD망_인지_쫀득바출시_맛인지형_맛인지형.인지_var2.릴스_망고맛.진수.6월.수민PJ_2P_문선정_260619_빙과_김지연_85l4f3Aq.mp4_[26.06]F_V_JD망_인지_쫀득바출시_맛인지형_맛인지형.인지_var2.릴스_망고맛.진수.6월.수민PJ_2P_문선정_260619_빙과_김지연,21,0,43.0,0,15,인지
2026-08-29,1873959559414865,[빙과_스틱바]_쫀득바_인지2_video,[멜론] 부자들만먹는_6.4W,[26.06]F_V_JD멜_인지_쫀득바출시_신규BP_먹방형_main.릴스_공통.X_1P_문선정_260626_빙과_이수민_6K4RW1kr.mp4_[26.06]F_V_JD멜_인지_쫀득바출시_신규BP_먹방형_main.릴스_공통.X_1P_문선정_260626_빙과_이수민,140,0,329.0,0,70,인지
2026-08-29,1874370090397122,[빙과_스틱바]_쫀득바_인지2_video,[멜론] 무디 파트너십 광고 (26년 10월까지만 활용 가능),minimore.927_wXMpjCo9.mp4_minimore.927,592,0,1351.0,0,328,인지
2026-08-29,1873959494450194,[빙과_스틱바]_쫀득바_인지2_video,[멜론] 1위단독_7.1W,[26.07]F_V_JD멜_인지_쫀득바출시_바이럴형_커뮤니티형_var4.릴스_판매중단.모쏠친구.X_1P_문선정_260703_빙과_김진수_XUDBqtTs.mp4_[26.07]F_V_JD멜_인지_쫀득바출시_바이럴형_커뮤니티형_var4.릴스_판매중단.모쏠친구.X_1P_문선정_260703_빙과_김진수,1509,0,2265.0,0,417,인지
2026-08-29,1873959500695698,[빙과_스틱바]_쫀득바_인지2_video,[멜론] 1위단독_7.1W,[26.07]F_V_JD멜_인지_쫀득바출시_바이럴형_커뮤니티형_var1.릴스_30년만에.신입탕비담당.X_1P_문선정_260702_빙과_김진수_8W5sKwHy.mp4_[26.07]F_V_JD멜_인지_쫀득바출시_바이럴형_커뮤니티형_var1.릴스_30년만에.신입탕비담당.X_1P_문선정_260702_빙과_김진수,255,0,426.0,0,87,인지
2026-08-29,1874370090377506,[빙과_스틱바]_쫀득바_인지2_video,[멜론] 무디 파트너십 광고 (26년 10월까지만 활용 가능),xeoj.ng_L7HK2Ueo.mp4_xeoj.ng,123,0,226.0,0,49,인지
2026-08-29,1873959509313921,[빙과_스틱바]_쫀득바_인지2_video,[멜론] 일본원정템_7.1W,[26.07]F_V_JD멜_인지_쫀득바출시_신규BP_외부BP_var2.릴스_POV.X_2P_문선정_260703_빙과_이하림_vSPVRZmI.mp4_[26.07]F_V_JD멜_인지_쫀득바출시_신규BP_외부BP_var2.릴스_POV.X_2P_문선정_260703_빙과_이하림,195,0,460.0,0,113,인지
2026-08-29,1873959606553874,[빙과_스틱바]_쫀득바_인지2_video,[멜론] 수박BP_6.3W,[26.06]F_V_JD멜_인지_쫀득바출시_맛인지형_수박BP_var1.릴스_저샀어요.X_1P_김유진_260619_빙과_정하얀_KxT2Mrn4.mp4_[26.06]F_V_JD멜_인지_쫀득바출시_맛인지형_수박BP_var1.릴스_저샀어요.X_1P_김유진_260619_빙과_정하얀,89,0,132.0,0,27,인지
2026-08-29,1873959512707137,[빙과_스틱바]_쫀득바_인지2_video,[멜론] 일본원정템_7.1W,[26.07]F_V_JD멜_인지_쫀득바출시_신규BP_외부BP_var3.릴스_화내기.X_2P_문선정_260703_빙과_이하림_G6x0joRE.mp4_[26.07]F_V_JD멜_인지_쫀득바출시_신규BP_외부BP_var3.릴스_화내기.X_2P_문선정_260703_빙과_이하림,29,0,39.0,0,9,인지
2026-08-29,1873959572271185,[빙과_스틱바]_쫀득바_인지2_video,[멜론] 써우리BP_6.4W,[26.06]F_V_JD멜_인지_쫀득바출시_맛인지형_맛인지형.인지_var1.릴스_왁뿌볼.X_1P_문선정_260612_빙과_이수민_EwQB6yWu.mp4_[26.06]F_V_JD멜_인지_쫀득바출시_맛인지형_맛인지형.인지_var1.릴스_왁뿌볼.X_1P_문선정_260612_빙과_이수민,20,0,59.0,0,13,인지
2026-08-29,1874030321444945,[빙과_스틱바]_쫀득바_인지2_video,[멜론] 컨비니BP_6.3W,[26.06]F_V_JD멜_인지_쫀득바출시_제조과정형_컨비니BP_var5.릴스_공통.할인.X_1P_김유진_260619_빙과_정요한_7cNBXRYq.mp4_[26.06]F_V_JD멜_인지_쫀득바출시_제조과정형_컨비니BP_var5.릴스_공통.할인.X_1P_김유진_260619_빙과_정요한,324,0,1071.0,0,234,인지
2026-08-29,1874370071281842,[빙과_스틱바]_쫀득바_인지2_video,[멜론] 무디 파트너십 광고 (26년 10월까지만 활용 가능),d_love_ys_cZCijq4g.mp4_d_love_ys,83253,0,178219.0,0,32893,인지
2026-08-29,1874762142929441,[빙과_스틱바]_복쫀바_인지2_video,[복숭아] 8월4주차_맛인지_노현경,_26.08_F_V_JD__________var7.___.X__P___260828_____ca0f6be6a99e.mp4_[26.08]F_V_JD복_인지_복쫀바출시_맛인지형_오먹_var7.릴스_유럽.X_스틱바P_이재원_260828_빙과_노현경.mp4,967,0,1624.0,0,340,인지
2026-08-29,1873959550576913,[빙과_스틱바]_쫀득바_인지2_video,[멜론] 1년후에받는_6.4W,[26.06]F_V_JD멜_인지_쫀득바출시_신규BP_써우리BP_var3.릴스_찾는척.X_1P_문선정_260626_빙과_이수민_dsA5VQTS.mp4_[26.06]F_V_JD멜_인지_쫀득바출시_신규BP_써우리BP_var3.릴스_찾는척.X_1P_문선정_260626_빙과_이수민,1329,0,2127.0,0,393,인지
2026-08-29,1874734944122306,[빙과_스틱바]_쫀득바_인지2_video,[멜론] 무디 파트너십 광고 (26년 10월까지만 활용 가능),miju_yah_n5sMw4xC.mp4_miju_yah.mp4,9482,0,28978.0,0,6104,인지
2026-08-29,1873959511342130,[빙과_스틱바]_쫀득바_인지2_video,[멜론] 일본원정템_7.1W,[26.07]F_V_JD멜_인지_쫀득바출시_신규BP_외부BP_main.릴스_메인.키노피오브금.X_2P_문선정_260703_빙과_이하림_CMkAHnfZ.mp4_[26.07]F_V_JD멜_인지_쫀득바출시_신규BP_외부BP_main.릴스_메인.키노피오브금.X_2P_문선정_260703_빙과_이하림,92,0,214.0,0,45,인지
2026-08-29,1873959601100177,[빙과_스틱바]_쫀득바_인지2_video,[멜론] 인플루언서형_6.3W,[26.06]F_V_JD멜_인지_상시_인플루언서형_인플루언서형.인지_var2.릴스_대세감.X_1P_문선정_260619_빙과_이수민_Bwvr3K0z.mp4_[26.06]F_V_JD멜_인지_상시_인플루언서형_인플루언서형.인지_var2.릴스_대세감.X_1P_문선정_260619_빙과_이수민,65,0,155.0,0,31,인지
2026-08-29,1874370063993025,[빙과_스틱바]_쫀득바_인지2_video,[멜론] 무디 파트너십 광고 (26년 10월까지만 활용 가능),ddu___0_Jb76Kdc9.mp4_ddu___0,552,0,1060.0,0,225,인지
2026-08-29,1873959560792561,[빙과_스틱바]_쫀득바_인지2_video,[멜론] 부자들만먹는_6.4W,[26.06]F_V_JD멜_인지_쫀득바출시_신규BP_먹방형_var1.릴스_쫀득.X_1P_문선정_260626_빙과_이수민_PAw0dpIV.mp4_[26.06]F_V_JD멜_인지_쫀득바출시_신규BP_먹방형_var1.릴스_쫀득.X_1P_문선정_260626_빙과_이수민,32,0,69.0,0,15,인지
2026-08-29,1874371832380434,[빙과_스틱바]_쫀득바_인지2_video,[멜론] 무디 파트너십 광고 (26년 10월까지만 활용 가능),dodoscene_9lkPTqUt.mp4_dodoscene,404,0,451.0,0,81,인지
2026-08-29,1873959541152114,[빙과_스틱바]_쫀득바_인지2_video,[멜론] 1년후에받는_6.4W,[26.06]F_V_JD멜_인지_쫀득바출시_신규BP_써우리BP_var1.릴스_비교1.X_1P_문선정_260626_빙과_이수민_pb8xwIkc.mp4_[26.06]F_V_JD멜_인지_쫀득바출시_신규BP_써우리BP_var1.릴스_비교1.X_1P_문선정_260626_빙과_이수민,23616,0,31778.0,0,6230,인지
2026-08-29,1873959530787025,[빙과_스틱바]_쫀득바_인지2_video,[멜론] 책상네고 대체_6.4W,[26.06]F_V_JD멜_인지_쫀득바출시_기타_비하인드썰풀기_main.릴스_본론.X_1P_김유진_260626_빙과_강다빈_viyVb41T.mp4_[26.06]F_V_JD멜_인지_쫀득바출시_기타_비하인드썰풀기_main.릴스_본론.X_1P_김유진_260626_빙과_강다빈,926,0,1648.0,0,332,인지
2026-08-29,1873959671881745,[빙과_스틱바]_쫀득바_인지2_video,[멜론] 유튜버썰풀기형_6.3W,[26.06]F_V_JD멜_인지_쫀득바출시_숏츠형_유튜브읽기형_var6.릴스_업계최초.의외로.X_1P_문선정_260612_빙과_이수현_KyiOqcTE.mp4_[26.06]F_V_JD멜_인지_쫀득바출시_숏츠형_유튜브읽기형_var6.릴스_업계최초.의외로.X_1P_문선정_260612_빙과_이수현,222,0,324.0,0,61,인지
2026-08-29,1873959571492482,[빙과_스틱바]_쫀득바_인지2_video,[멜론] 써우리BP_6.4W,[26.06]F_V_JD멜_인지_쫀득바출시_맛인지형_맛인지형.인지_var3.릴스_국민템 멜론바.X_1P_문선정_260612_빙과_이수민_49m1RLsV.mp4_[26.06]F_V_JD멜_인지_쫀득바출시_맛인지형_맛인지형.인지_var3.릴스_국민템 멜론바.X_1P_문선정_260612_빙과_이수민,25,0,53.0,0,12,인지
2026-08-29,1873959544525217,[빙과_스틱바]_쫀득바_인지2_video,[멜론] 1년후에받는_6.4W,[26.06]F_V_JD멜_인지_쫀득바출시_신규BP_써우리BP_var5.릴스_광각취식2.X_1P_문선정_260626_빙과_이수민_WvbZ0G7H.mp4_[26.06]F_V_JD멜_인지_쫀득바출시_신규BP_써우리BP_var5.릴스_광각취식2.X_1P_문선정_260626_빙과_이수민,62,0,58.0,0,11,인지
2026-08-29,1874370060195937,[빙과_스틱바]_쫀득바_인지2_video,[멜론] 무디 파트너십 광고 (26년 10월까지만 활용 가능),02_TbcHadv6.mp4_02,629,0,2017.0,0,559,인지
2026-08-29,1874370080353713,[빙과_스틱바]_쫀득바_인지2_video,[멜론] 무디 파트너십 광고 (26년 10월까지만 활용 가능),unyouu_ZQxjeUdR.mp4_unyouu,108,0,172.0,0,33,인지
2026-08-29,1873959509314913,[빙과_스틱바]_쫀득바_인지2_video,[멜론] 일본원정템_7.1W,[26.07]F_V_JD멜_인지_쫀득바출시_신규BP_외부BP_var1.릴스_메인.일반브금.X_2P_문선정_260703_빙과_이하림_WTZLraDf.mp4_[26.07]F_V_JD멜_인지_쫀득바출시_신규BP_외부BP_var1.릴스_메인.일반브금.X_2P_문선정_260703_빙과_이하림,60,0,170.0,0,33,인지
2026-08-29,1874476587075634,[빙과_스틱바]_쫀득바_인지2_video,[멜론] 무디 파트너십 광고 (26년 10월까지만 활용 가능),okindflower_tiktok_16x9_F9pfKXPt.mp4_okindflower,2936,0,7463.0,0,1894,인지
2026-08-29,1873959606553906,[빙과_스틱바]_쫀득바_인지2_video,[멜론] 수박BP_6.3W,[26.06]F_V_JD멜_인지_쫀득바출시_맛인지형_수박BP_main.릴스_1년에딱.X_1P_김유진_260619_빙과_정하얀_4WnKJzct.mp4_[26.06]F_V_JD멜_인지_쫀득바출시_맛인지형_수박BP_main.릴스_1년에딱.X_1P_김유진_260619_빙과_정하얀,72,0,213.0,0,46,인지
2026-08-29,1873959547401362,[빙과_스틱바]_쫀득바_인지2_video,[멜론] 1년후에받는_6.4W,[26.06]F_V_JD멜_인지_쫀득바출시_신규BP_써우리BP_var4.릴스_광각취식1.X_1P_문선정_260626_빙과_이수민_qf35uhY2.mp4_[26.06]F_V_JD멜_인지_쫀득바출시_신규BP_써우리BP_var4.릴스_광각취식1.X_1P_문선정_260626_빙과_이수민,100,0,191.0,0,43,인지
2026-08-29,1873959662238770,[빙과_스틱바]_쫀득바_인지2_video,[멜론] 유튜버썰풀기형_6.3W,[26.06]F_V_JD멜_인지_쫀득바출시_숏츠형_유튜브읽기형_main.릴스_1년에한달.X_1P_문선정_260612_빙과_이수현_fA5aYhzs.mp4_[26.06]F_V_JD멜_인지_쫀득바출시_숏츠형_유튜브읽기형_main.릴스_1년에한달.X_1P_문선정_260612_빙과_이수현,523,0,894.0,0,169,인지
2026-08-29,1873959654248546,[빙과_스틱바]_쫀득바_인지2_video,[멜론] 요거트바BP_6.3W,[26.06]F_V_JD멜_인지_쫀득바출시_인물리뷰형_편의점원정_var1.릴스_맛.X_1P_문선정_260612_빙과_정요한_USPOMvkw.mp4_[26.06]F_V_JD멜_인지_쫀득바출시_인물리뷰형_편의점원정_var1.릴스_맛.X_1P_문선정_260612_빙과_정요한,88,0,36.0,0,9,인지
2026-08-29,1873959567272305,[빙과_스틱바]_쫀득바_인지2_video,[멜론] 부자들만먹는_6.4W,[26.06]F_V_JD멜_인지_쫀득바출시_신규BP_먹방형_var4.릴스_숏.X_1P_문선정_260626_빙과_이수민_51lK2MkR.mp4_[26.06]F_V_JD멜_인지_쫀득바출시_신규BP_먹방형_var4.릴스_숏.X_1P_문선정_260626_빙과_이수민,221,0,566.0,0,132,인지
2026-08-29,1874762142926161,[빙과_스틱바]_복쫀바_인지2_video,[복숭아] 8월4주차_맛인지_노현경,_26.08_F_V_JD__________var5.___.X__P___260828_____f7aba5a3a3f8.mp4_[26.08]F_V_JD복_인지_복쫀바출시_맛인지형_오먹_var5.릴스_생그릭요거트.X_스틱바P_이재원_260828_빙과_노현경.mp4,1619,0,1348.0,0,289,인지
2026-08-29,1874370091722833,[빙과_스틱바]_쫀득바_인지2_video,[멜론] 무디 파트너십 광고 (26년 10월까지만 활용 가능),payforyouth__j28UIP7Q.mp4_payforyouth_,454,0,1067.0,0,248,인지
2026-08-30,1874370060195937,[빙과_스틱바]_쫀득바_인지2_video,[멜론] 무디 파트너십 광고 (26년 10월까지만 활용 가능),02_TbcHadv6.mp4_02,238,0,672.0,0,188,인지
2026-08-30,1873959582885234,[빙과_스틱바]_쫀득바_인지2_video,[망고] 맛인지_6.3W,[26.06]F_V_JD망_인지_쫀득바출시_맛인지형_맛인지형.인지_var1.릴스_젤리식감.진수.6월.수민PJ_2P_문선정_260619_빙과_김지연_oqUjrN9C.mp4_[26.06]F_V_JD망_인지_쫀득바출시_맛인지형_맛인지형.인지_var1.릴스_젤리식감.진수.6월.수민PJ_2P_문선정_260619_빙과_김지연,12,0,12.0,0,3,인지
2026-08-30,1873959592941730,[빙과_스틱바]_쫀득바_인지2_video,[멜론] 인플루언서형_6.3W,[26.06]F_V_JD멜_인지_상시_인플루언서형_인플루언서형.인지_main.릴스_공통.X_1P_문선정_260619_빙과_이수민_OcQS8Jtk.mp4_[26.06]F_V_JD멜_인지_상시_인플루언서형_인플루언서형.인지_var2.릴스_대세감.X_1P_문선정_260619_빙과_이수민,1,0,5.0,0,1,인지
2026-08-30,1873959671881745,[빙과_스틱바]_쫀득바_인지2_video,[멜론] 유튜버썰풀기형_6.3W,[26.06]F_V_JD멜_인지_쫀득바출시_숏츠형_유튜브읽기형_var6.릴스_업계최초.의외로.X_1P_문선정_260612_빙과_이수현_KyiOqcTE.mp4_[26.06]F_V_JD멜_인지_쫀득바출시_숏츠형_유튜브읽기형_var6.릴스_업계최초.의외로.X_1P_문선정_260612_빙과_이수현,104,0,159.0,0,32,인지
2026-08-30,1873959596195153,[빙과_스틱바]_쫀득바_인지2_video,[멜론] 인플루언서형_6.3W,[26.06]F_V_JD멜_인지_상시_인플루언서형_인플루언서형.인지_main.릴스_공통.X_1P_문선정_260619_빙과_이수민_OcQS8Jtk.mp4_[26.06]F_V_JD멜_인지_상시_인플루언서형_인플루언서형.인지_main.릴스_공통.X_1P_문선정_260619_빙과_이수민,5,0,18.0,0,5,인지
2026-08-30,1874030317649217,[빙과_스틱바]_쫀득바_인지2_video,[멜론] 인물리뷰(2)_6.3W,[26.06]F_V_JD멜_인지_쫀득바출시_인물리뷰형_렉카형_var2.릴스_상단.대세감.X_2P_고가영_260612_빙과_김지연_uJ2PiCGN.mp4_[26.06]F_V_JD멜_인지_쫀득바출시_인물리뷰형_렉카형_var2.릴스_상단.대세감.X_2P_고가영_260612_빙과_김지연,110,0,220.0,0,58,인지
2026-08-30,1874762145489121,[빙과_스틱바]_복쫀바_인지2_video,[복숭아] 8월4주차_맛인지_노현경,_26.08_F_V_JD__________var4.__100_.X__P___260828_____fd8396e09804.mp4_[26.08]F_V_JD복_인지_복쫀바출시_맛인지형_오먹_var4.릴스_100프로복숭아농축액.X_스틱바P_이재원_260828_빙과_노현경.mp4,61,0,132.0,0,25,인지
2026-08-30,1873959560792561,[빙과_스틱바]_쫀득바_인지2_video,[멜론] 부자들만먹는_6.4W,[26.06]F_V_JD멜_인지_쫀득바출시_신규BP_먹방형_var1.릴스_쫀득.X_1P_문선정_260626_빙과_이수민_PAw0dpIV.mp4_[26.06]F_V_JD멜_인지_쫀득바출시_신규BP_먹방형_var1.릴스_쫀득.X_1P_문선정_260626_빙과_이수민,12,0,12.0,0,3,인지
2026-08-30,1873959550576913,[빙과_스틱바]_쫀득바_인지2_video,[멜론] 1년후에받는_6.4W,[26.06]F_V_JD멜_인지_쫀득바출시_신규BP_써우리BP_var3.릴스_찾는척.X_1P_문선정_260626_빙과_이수민_dsA5VQTS.mp4_[26.06]F_V_JD멜_인지_쫀득바출시_신규BP_써우리BP_var3.릴스_찾는척.X_1P_문선정_260626_빙과_이수민,1265,0,1942.0,0,375,인지
2026-08-30,1874762142933521,[빙과_스틱바]_복쫀바_인지2_video,[복숭아] 8월4주차_맛인지_노현경,_26.08_F_V_JD__________var1.___.X__P___260828_____d7c5f8f88f2a.mp4_[26.08]F_V_JD복_인지_복쫀바출시_맛인지형_오먹_var1.릴스_과일계 에르메스.X_스틱바P_이재원_260828_빙과_노현경.mp4,71,0,156.0,0,30,인지
2026-08-30,1874734943788354,[빙과_스틱바]_쫀득바_인지2_video,[멜론] 무디 파트너십 광고 (26년 10월까지만 활용 가능),kwaksuaaaa_qdpYkeKP.mp4_kwaksuaaaa.mp4,2782,0,7457.0,0,1994,인지
2026-08-30,1873959571492482,[빙과_스틱바]_쫀득바_인지2_video,[멜론] 써우리BP_6.4W,[26.06]F_V_JD멜_인지_쫀득바출시_맛인지형_맛인지형.인지_var3.릴스_국민템 멜론바.X_1P_문선정_260612_빙과_이수민_49m1RLsV.mp4_[26.06]F_V_JD멜_인지_쫀득바출시_맛인지형_맛인지형.인지_var3.릴스_국민템 멜론바.X_1P_문선정_260612_빙과_이수민,4,0,6.0,0,1,인지
2026-08-30,1874030313976066,[빙과_스틱바]_쫀득바_인지2_video,[멜론] 인물리뷰(1)_6.3W,[26.06]F_V_JD멜_인지_쫀득바출시_인물리뷰형_인물리뷰형_var4.릴스_후킹.X_2P_고가영_260612_빙과_유영현_JfFPUknj.mp4_[26.06]F_V_JD멜_인지_쫀득바출시_인물리뷰형_인물리뷰형_var4.릴스_후킹.X_2P_고가영_260612_빙과_유영현,104,0,287.0,0,69,인지
2026-08-30,1873959544525217,[빙과_스틱바]_쫀득바_인지2_video,[멜론] 1년후에받는_6.4W,[26.06]F_V_JD멜_인지_쫀득바출시_신규BP_써우리BP_var5.릴스_광각취식2.X_1P_문선정_260626_빙과_이수민_WvbZ0G7H.mp4_[26.06]F_V_JD멜_인지_쫀득바출시_신규BP_써우리BP_var5.릴스_광각취식2.X_1P_문선정_260626_빙과_이수민,39,0,62.0,0,12,인지
2026-08-30,1873959606553906,[빙과_스틱바]_쫀득바_인지2_video,[멜론] 수박BP_6.3W,[26.06]F_V_JD멜_인지_쫀득바출시_맛인지형_수박BP_main.릴스_1년에딱.X_1P_김유진_260619_빙과_정하얀_4WnKJzct.mp4_[26.06]F_V_JD멜_인지_쫀득바출시_맛인지형_수박BP_main.릴스_1년에딱.X_1P_김유진_260619_빙과_정하얀,25,0,60.0,0,16,인지
2026-08-30,1874762145489089,[빙과_스틱바]_복쫀바_인지2_video,[복숭아] 8월4주차_맛인지_노현경,_26.08_F_V_JD__________var2.___.X__P___260828_____808ac332390d.mp4_[26.08]F_V_JD복_인지_복쫀바출시_맛인지형_오먹_var2.릴스_후숙복숭아.X_스틱바P_이재원_260828_빙과_노현경.mp4,168,0,443.0,0,100,인지
2026-08-30,1874370092553873,[빙과_스틱바]_쫀득바_인지2_video,[멜론] 무디 파트너십 광고 (26년 10월까지만 활용 가능),riverbinn_N8nEPrUl.mp4_riverbinn,144,0,420.0,0,86,인지
2026-08-30,1874370098478129,[빙과_스틱바]_쫀득바_인지2_video,[멜론] 무디 파트너십 광고 (26년 10월까지만 활용 가능),kdaaeng_5cY4RH6h.mp4_kdaaeng,49,0,131.0,0,30,인지
2026-08-30,1873959582885202,[빙과_스틱바]_쫀득바_인지2_video,[망고] 맛인지_6.3W,[26.06]F_V_JD망_인지_쫀득바출시_맛인지형_맛인지형.인지_main.릴스_공통.진수.6월.수민PJ_2P_문선정_260619_빙과_김지연_pI4Fmbu1.mp4_[26.06]F_V_JD망_인지_쫀득바출시_맛인지형_맛인지형.인지_main.릴스_공통.진수.6월.수민PJ_2P_문선정_260619_빙과_김지연,221,0,370.0,0,79,인지
2026-08-30,1874370063993025,[빙과_스틱바]_쫀득바_인지2_video,[멜론] 무디 파트너십 광고 (26년 10월까지만 활용 가능),ddu___0_Jb76Kdc9.mp4_ddu___0,108,0,202.0,0,41,인지
2026-08-30,1873959572271185,[빙과_스틱바]_쫀득바_인지2_video,[멜론] 써우리BP_6.4W,[26.06]F_V_JD멜_인지_쫀득바출시_맛인지형_맛인지형.인지_var1.릴스_왁뿌볼.X_1P_문선정_260612_빙과_이수민_EwQB6yWu.mp4_[26.06]F_V_JD멜_인지_쫀득바출시_맛인지형_맛인지형.인지_var1.릴스_왁뿌볼.X_1P_문선정_260612_빙과_이수민,8,0,18.0,0,3,인지
2026-08-30,1874371832380434,[빙과_스틱바]_쫀득바_인지2_video,[멜론] 무디 파트너십 광고 (26년 10월까지만 활용 가능),dodoscene_9lkPTqUt.mp4_dodoscene,228,0,249.0,0,50,인지
2026-08-30,1873959541152114,[빙과_스틱바]_쫀득바_인지2_video,[멜론] 1년후에받는_6.4W,[26.06]F_V_JD멜_인지_쫀득바출시_신규BP_써우리BP_var1.릴스_비교1.X_1P_문선정_260626_빙과_이수민_pb8xwIkc.mp4_[26.06]F_V_JD멜_인지_쫀득바출시_신규BP_써우리BP_var1.릴스_비교1.X_1P_문선정_260626_빙과_이수민,134,0,146.0,0,32,인지
2026-08-30,1874030338066737,[빙과_스틱바]_쫀득바_인지2_video,[멜론] 현지인도못구하는_7.1W,[26.07]F_V_JD멜_인지_쫀득바출시_인플루언서형_인플루언서형_var2.릴스_인물먼저.X_1P_문선정_260703_빙과_정하얀_JOamzo0T.mp4_[26.07]F_V_JD멜_인지_쫀득바출시_인플루언서형_인플루언서형_var2.릴스_인물먼저.X_1P_문선정_260703_빙과_정하얀,44,0,140.0,0,38,인지
2026-08-30,1874762142926161,[빙과_스틱바]_복쫀바_인지2_video,[복숭아] 8월4주차_맛인지_노현경,_26.08_F_V_JD__________var5.___.X__P___260828_____f7aba5a3a3f8.mp4_[26.08]F_V_JD복_인지_복쫀바출시_맛인지형_오먹_var5.릴스_생그릭요거트.X_스틱바P_이재원_260828_빙과_노현경.mp4,215,0,135.0,0,27,인지
2026-08-30,1874030323030129,[빙과_스틱바]_쫀득바_인지2_video,[멜론] 인플루언서형_6.3W,[26.06]F_V_JD멜_인지_상시_인플루언서형_인플루언서형.인지_main.릴스_공통.X_1P_문선정_260619_빙과_이수민_OcQS8Jtk.mp4_Copy 3 of [26.06]F_V_JD멜_인지_상시_인플루언서형_인플루언서형.인지_main.릴스_공통.X_1P_문선정_260619_빙과_이수민,19,0,48.0,0,15,인지
2026-08-30,1874030334903522,[빙과_스틱바]_쫀득바_인지2_video,[멜론] 1년후에받는_6.4W,[26.06]F_V_JD멜_인지_쫀득바출시_신규BP_써우리BP_main.릴스_공통.X_1P_문선정_260626_빙과_이수민_ATprqdNR.mp4_[26.06]F_V_JD멜_인지_쫀득바출시_신규BP_써우리BP_main.릴스_공통.X_1P_문선정_260626_빙과_이수민,23,0,36.0,0,12,인지
2026-08-30,1873959662238770,[빙과_스틱바]_쫀득바_인지2_video,[멜론] 유튜버썰풀기형_6.3W,[26.06]F_V_JD멜_인지_쫀득바출시_숏츠형_유튜브읽기형_main.릴스_1년에한달.X_1P_문선정_260612_빙과_이수현_fA5aYhzs.mp4_[26.06]F_V_JD멜_인지_쫀득바출시_숏츠형_유튜브읽기형_main.릴스_1년에한달.X_1P_문선정_260612_빙과_이수현,122,0,222.0,0,41,인지
2026-08-30,1874476587075634,[빙과_스틱바]_쫀득바_인지2_video,[멜론] 무디 파트너십 광고 (26년 10월까지만 활용 가능),okindflower_tiktok_16x9_F9pfKXPt.mp4_okindflower,1209,0,3100.0,0,873,인지
2026-08-30,1873959585040561,[빙과_스틱바]_쫀득바_인지2_video,[망고] 맛인지_6.3W,[26.06]F_V_JD망_인지_쫀득바출시_맛인지형_맛인지형.인지_var3.릴스_대세감.진수.6월.수민PJ_2P_문선정_260619_빙과_김지연_694xYrHj.mp4_[26.06]F_V_JD망_인지_쫀득바출시_맛인지형_맛인지형.인지_var3.릴스_대세감.진수.6월.수민PJ_2P_문선정_260619_빙과_김지연,3,0,14.0,0,3,인지
2026-08-30,1873959509314913,[빙과_스틱바]_쫀득바_인지2_video,[멜론] 일본원정템_7.1W,[26.07]F_V_JD멜_인지_쫀득바출시_신규BP_외부BP_var1.릴스_메인.일반브금.X_2P_문선정_260703_빙과_이하림_WTZLraDf.mp4_[26.07]F_V_JD멜_인지_쫀득바출시_신규BP_외부BP_var1.릴스_메인.일반브금.X_2P_문선정_260703_빙과_이하림,25,0,67.0,0,12,인지
2026-08-30,1874370094864626,[빙과_스틱바]_쫀득바_인지2_video,[멜론] 무디 파트너십 광고 (26년 10월까지만 활용 가능),bbuni_sol_0lW2JXmG.mp4_bbuni_sol,92,0,257.0,0,72,인지
2026-08-30,1874370090377506,[빙과_스틱바]_쫀득바_인지2_video,[멜론] 무디 파트너십 광고 (26년 10월까지만 활용 가능),xeoj.ng_L7HK2Ueo.mp4_xeoj.ng,26,0,49.0,0,12,인지
2026-08-30,1873959567272305,[빙과_스틱바]_쫀득바_인지2_video,[멜론] 부자들만먹는_6.4W,[26.06]F_V_JD멜_인지_쫀득바출시_신규BP_먹방형_var4.릴스_숏.X_1P_문선정_260626_빙과_이수민_51lK2MkR.mp4_[26.06]F_V_JD멜_인지_쫀득바출시_신규BP_먹방형_var4.릴스_숏.X_1P_문선정_260626_빙과_이수민,68,0,148.0,0,41,인지
2026-08-30,1873959656924433,[빙과_스틱바]_쫀득바_인지2_video,[멜론] 요거트바BP_6.3W,[26.06]F_V_JD멜_인지_쫀득바출시_인물리뷰형_편의점원정_var3.릴스_왁뿌볼.X_1P_문선정_260612_빙과_정요한_HJ4yRNtY.mp4_[26.06]F_V_JD멜_인지_쫀득바출시_인물리뷰형_편의점원정_var3.릴스_왁뿌볼.X_1P_문선정_260612_빙과_정요한,22,0,24.0,0,4,인지
2026-08-30,1874370084367666,[빙과_스틱바]_쫀득바_인지2_video,[멜론] 무디 파트너십 광고 (26년 10월까지만 활용 가능),siyeonyoojoa_cRqTQrdi.mp4_siyeonyoojoa,163,0,279.0,0,62,인지
2026-08-30,1873959502194113,[빙과_스틱바]_쫀득바_인지2_video,[멜론] 현지인도못구하는_7.1W,[26.07]F_V_JD멜_인지_쫀득바출시_인플루언서형_인플루언서형_main.릴스_비행기표취소.X_1P_문선정_260703_빙과_정하얀_6J9yLGRu.mp4_[26.07]F_V_JD멜_인지_쫀득바출시_인플루언서형_인플루언서형_main.릴스_비행기표취소.X_1P_문선정_260703_빙과_정하얀,162,0,255.0,0,48,인지
2026-08-30,1874370091722833,[빙과_스틱바]_쫀득바_인지2_video,[멜론] 무디 파트너십 광고 (26년 10월까지만 활용 가능),payforyouth__j28UIP7Q.mp4_payforyouth_,148,0,317.0,0,64,인지
2026-08-30,1874690849992082,[빙과_스틱바]_복쫀바_인지2_video,[복숭아] 8월4주차_맛인지_노현경,_26.08_F_V_JD__________main.___.X__P___260827_____991758515177.mp4_[26.08] F_V_JD복_인지_쫀득바출시_맛인지형_오먹_main.릴스_납작복숭아가격비교.X_스틱바P_이재원_260827_빙과_노현경,1775,0,2086.0,0,401,인지
2026-08-30,1873959574894593,[빙과_스틱바]_쫀득바_인지2_video,[멜론] 써우리BP_6.4W,[26.06]F_V_JD멜_인지_쫀득바출시_맛인지형_맛인지형.인지_var2.릴스_품절대란.X_1P_문선정_260612_빙과_이수민_X4dmxg8T.mp4_[26.06]F_V_JD멜_인지_쫀득바출시_맛인지형_맛인지형.인지_var2.릴스_품절대란.X_1P_문선정_260612_빙과_이수민,43,0,108.0,0,31,인지
2026-08-30,1873959586022625,[빙과_스틱바]_쫀득바_인지2_video,[망고] 맛인지_6.3W,[26.06]F_V_JD망_인지_쫀득바출시_맛인지형_맛인지형.인지_var2.릴스_망고맛.진수.6월.수민PJ_2P_문선정_260619_빙과_김지연_85l4f3Aq.mp4_[26.06]F_V_JD망_인지_쫀득바출시_맛인지형_맛인지형.인지_var2.릴스_망고맛.진수.6월.수민PJ_2P_문선정_260619_빙과_김지연,11,0,35.0,0,9,인지
2026-08-30,1873959547401362,[빙과_스틱바]_쫀득바_인지2_video,[멜론] 1년후에받는_6.4W,[26.06]F_V_JD멜_인지_쫀득바출시_신규BP_써우리BP_var4.릴스_광각취식1.X_1P_문선정_260626_빙과_이수민_qf35uhY2.mp4_[26.06]F_V_JD멜_인지_쫀득바출시_신규BP_써우리BP_var4.릴스_광각취식1.X_1P_문선정_260626_빙과_이수민,83,0,112.0,0,30,인지
2026-08-30,1873959654247474,[빙과_스틱바]_쫀득바_인지2_video,[멜론] 요거트바BP_6.3W,[26.06]F_V_JD멜_인지_쫀득바출시_인물리뷰형_편의점원정_main.릴스_공통.X_1P_문선정_260612_빙과_정요한_YkIZOlu0.mp4_[26.06]F_V_JD멜_인지_쫀득바출시_인물리뷰형_편의점원정_main.릴스_공통.X_1P_문선정_260612_빙과_정요한,111,0,314.0,0,81,인지
2026-08-30,1873959600941425,[빙과_스틱바]_쫀득바_인지2_video,[멜론] 인플루언서형_6.3W,[26.06]F_V_JD멜_인지_상시_인플루언서형_인플루언서형.인지_var1.릴스_쫀득 후킹.X_1P_문선정_260619_빙과_이수민_HCZXPTgo.mp4_[26.06]F_V_JD멜_인지_상시_인플루언서형_인플루언서형.인지_var1.릴스_쫀득 후킹.X_1P_문선정_260619_빙과_이수민,5,0,12.0,0,4,인지
2026-08-30,1874370090397122,[빙과_스틱바]_쫀득바_인지2_video,[멜론] 무디 파트너십 광고 (26년 10월까지만 활용 가능),minimore.927_wXMpjCo9.mp4_minimore.927,193,0,362.0,0,84,인지
2026-08-30,1873959502194161,[빙과_스틱바]_쫀득바_인지2_video,[멜론] 현지인도못구하는_7.1W,[26.07]F_V_JD멜_인지_쫀득바출시_인플루언서형_인플루언서형_var1.릴스_제품먼저.X_1P_문선정_260703_빙과_정하얀_gA26O49Z.mp4_[26.07]F_V_JD멜_인지_쫀득바출시_인플루언서형_인플루언서형_var1.릴스_제품먼저.X_1P_문선정_260703_빙과_정하얀,47,0,107.0,0,31,인지
2026-08-30,1873959480704162,[빙과_스틱바]_쫀득바_인지2_video,[멜론] 관계성네고_7.1W,[26.07]F_V_JD멜_인지_쫀득바출시_인물리뷰형_관계성_var6.릴스_잔소리후킹.X_1P_김유진_260703_빙과_강다빈_8xsJGKVk.mp4_[26.07]F_V_JD멜_인지_쫀득바출시_인물리뷰형_관계성_var6.릴스_잔소리후킹.X_1P_김유진_260703_빙과_강다빈,199,0,338.0,0,74,인지
2026-08-30,1873959654248546,[빙과_스틱바]_쫀득바_인지2_video,[멜론] 요거트바BP_6.3W,[26.06]F_V_JD멜_인지_쫀득바출시_인물리뷰형_편의점원정_var1.릴스_맛.X_1P_문선정_260612_빙과_정요한_USPOMvkw.mp4_[26.06]F_V_JD멜_인지_쫀득바출시_인물리뷰형_편의점원정_var1.릴스_맛.X_1P_문선정_260612_빙과_정요한,25,0,15.0,0,4,인지
2026-08-30,1874370060202321,[빙과_스틱바]_쫀득바_인지2_video,[멜론] 무디 파트너십 광고 (26년 10월까지만 활용 가능),eunbynko_XVZyBHut.mp4_eunbynko,75,0,134.0,0,24,인지
2026-08-30,1874030333521250,[빙과_스틱바]_쫀득바_인지2_video,[멜론] 초딩유행템2_6.4W,[26.06]F_V_JD멜_인지_쫀득바출시_신규BP_써우리BP_var2.릴스_혜택.X_1P_문선정_260626_빙과_김진수_AGmDZ35w.mp4_[26.06]F_V_JD멜_인지_쫀득바출시_신규BP_써우리BP_var2.릴스_혜택.X_1P_문선정_260626_빙과_김진수,236,0,409.0,0,81,인지
2026-08-30,1874370076917153,[빙과_스틱바]_쫀득바_인지2_video,[멜론] 무디 파트너십 광고 (26년 10월까지만 활용 가능),niker_jaen_dE0hLqZD.mp4_niker_jaen,115,0,268.0,0,69,인지
2026-08-30,1873959559414865,[빙과_스틱바]_쫀득바_인지2_video,[멜론] 부자들만먹는_6.4W,[26.06]F_V_JD멜_인지_쫀득바출시_신규BP_먹방형_main.릴스_공통.X_1P_문선정_260626_빙과_이수민_6K4RW1kr.mp4_[26.06]F_V_JD멜_인지_쫀득바출시_신규BP_먹방형_main.릴스_공통.X_1P_문선정_260626_빙과_이수민,47,0,100.0,0,24,인지
2026-08-30,1874371832550769,[빙과_스틱바]_쫀득바_인지2_video,[멜론] 무디 파트너십 광고 (26년 10월까지만 활용 가능),doyouknow_omg_MfVCQSX8.mp4_doyouknow_omg,77,0,65.0,0,16,인지
2026-08-30,1873959568365938,[빙과_스틱바]_쫀득바_인지2_video,[멜론] 부자들만먹는_6.4W,[26.06]F_V_JD멜_인지_쫀득바출시_신규BP_먹방형_var3.릴스_5만원멜론.X_1P_문선정_260626_빙과_이수민_4jVCt9QI.mp4_[26.06]F_V_JD멜_인지_쫀득바출시_신규BP_먹방형_var3.릴스_5만원멜론.X_1P_문선정_260626_빙과_이수민,5,0,4.0,0,1,인지
2026-08-30,1873959656457905,[빙과_스틱바]_쫀득바_인지2_video,[멜론] 요거트바BP_6.3W,[26.06]F_V_JD멜_인지_쫀득바출시_인물리뷰형_편의점원정_var2.릴스_퀄리티.X_1P_문선정_260612_빙과_정요한_F6rWEnOX.mp4_[26.06]F_V_JD멜_인지_쫀득바출시_인물리뷰형_편의점원정_var2.릴스_퀄리티.X_1P_문선정_260612_빙과_정요한,7,0,23.0,0,4,인지
2026-08-30,1874370083000546,[빙과_스틱바]_쫀득바_인지2_video,[멜론] 무디 파트너십 광고 (26년 10월까지만 활용 가능),s_eo__fit_xO7qAYSe.mp4_s_eo__fit,12,0,21.0,0,7,인지
2026-08-30,1873959668420802,[빙과_스틱바]_쫀득바_인지2_video,[멜론] 유튜버썰풀기형_6.3W,[26.06]F_V_JD멜_인지_쫀득바출시_숏츠형_유튜브읽기형_var2.릴스_원조이김.국민템.X_1P_문선정_260612_빙과_이수현_sC9KkVo2.mp4_[26.06]F_V_JD멜_인지_쫀득바출시_숏츠형_유튜브읽기형_var2.릴스_원조이김.국민템.X_1P_문선정_260612_빙과_이수현,41,0,38.0,0,7,인지
2026-08-30,1873959559414897,[빙과_스틱바]_쫀득바_인지2_video,[멜론] 부자들만먹는_6.4W,[26.06]F_V_JD멜_인지_쫀득바출시_신규BP_먹방형_var2.릴스_먹방.X_1P_문선정_260626_빙과_이수민_jNE7zmU8.mp4_[26.06]F_V_JD멜_인지_쫀득바출시_신규BP_먹방형_var2.릴스_먹방.X_1P_문선정_260626_빙과_이수민,7,0,3.0,0,1,인지
2026-08-30,1873959592940658,[빙과_스틱바]_쫀득바_인지2_video,[멜론] 인플루언서형_6.3W,[26.06]F_V_JD멜_인지_상시_인플루언서형_인플루언서형.인지_var1.릴스_쫀득 후킹.X_1P_문선정_260619_빙과_이수민_HCZXPTgo.mp4_[26.06]F_V_JD멜_인지_상시_인플루언서형_인플루언서형.인지_var1.릴스_쫀득 후킹.X_1P_문선정_260619_빙과_이수민,7,0,18.0,0,4,인지
2026-08-30,1873959662238738,[빙과_스틱바]_쫀득바_인지2_video,[멜론] 유튜버썰풀기형_6.3W,[26.06]F_V_JD멜_인지_쫀득바출시_숏츠형_유튜브읽기형_var1.릴스_1년에한달.365일.X_1P_문선정_260612_빙과_이수현_Gau8dgwA.mp4_[26.06]F_V_JD멜_인지_쫀득바출시_숏츠형_유튜브읽기형_var1.릴스_1년에한달.365일.X_1P_문선정_260612_빙과_이수현,83,0,276.0,0,64,인지
2026-08-30,1873959509313921,[빙과_스틱바]_쫀득바_인지2_video,[멜론] 일본원정템_7.1W,[26.07]F_V_JD멜_인지_쫀득바출시_신규BP_외부BP_var2.릴스_POV.X_2P_문선정_260703_빙과_이하림_vSPVRZmI.mp4_[26.07]F_V_JD멜_인지_쫀득바출시_신규BP_외부BP_var2.릴스_POV.X_2P_문선정_260703_빙과_이하림,83,0,253.0,0,66,인지
2026-08-30,1874762142924033,[빙과_스틱바]_복쫀바_인지2_video,[복숭아] 8월4주차_맛인지_노현경,_26.08_F_V_JD__________var3.___.X__P___260828_____1ddee9a8eb9c.mp4_[26.08]F_V_JD복_인지_복쫀바출시_맛인지형_오먹_var3.릴스_쫀득복숭아.X_스틱바P_이재원_260828_빙과_노현경.mp4,434,0,642.0,0,114,인지
2026-08-30,1873959512707137,[빙과_스틱바]_쫀득바_인지2_video,[멜론] 일본원정템_7.1W,[26.07]F_V_JD멜_인지_쫀득바출시_신규BP_외부BP_var3.릴스_화내기.X_2P_문선정_260703_빙과_이하림_G6x0joRE.mp4_[26.07]F_V_JD멜_인지_쫀득바출시_신규BP_외부BP_var3.릴스_화내기.X_2P_문선정_260703_빙과_이하림,8,0,18.0,0,5,인지
2026-08-30,1873959494450194,[빙과_스틱바]_쫀득바_인지2_video,[멜론] 1위단독_7.1W,[26.07]F_V_JD멜_인지_쫀득바출시_바이럴형_커뮤니티형_var4.릴스_판매중단.모쏠친구.X_1P_문선정_260703_빙과_김진수_XUDBqtTs.mp4_[26.07]F_V_JD멜_인지_쫀득바출시_바이럴형_커뮤니티형_var4.릴스_판매중단.모쏠친구.X_1P_문선정_260703_빙과_김진수,232,0,427.0,0,84,인지
2026-08-30,1873959500695698,[빙과_스틱바]_쫀득바_인지2_video,[멜론] 1위단독_7.1W,[26.07]F_V_JD멜_인지_쫀득바출시_바이럴형_커뮤니티형_var1.릴스_30년만에.신입탕비담당.X_1P_문선정_260702_빙과_김진수_8W5sKwHy.mp4_[26.07]F_V_JD멜_인지_쫀득바출시_바이럴형_커뮤니티형_var1.릴스_30년만에.신입탕비담당.X_1P_문선정_260702_빙과_김진수,121,0,220.0,0,49,인지
2026-08-30,1874370080353713,[빙과_스틱바]_쫀득바_인지2_video,[멜론] 무디 파트너십 광고 (26년 10월까지만 활용 가능),unyouu_ZQxjeUdR.mp4_unyouu,23,0,56.0,0,13,인지
2026-08-30,1873959526530274,[빙과_스틱바]_쫀득바_인지2_video,[멜론] 책상네고 대체_6.4W,[26.06]F_V_JD멜_인지_쫀득바출시_기타_비하인드썰풀기_var1.릴스_짤림후킹.X_1P_김유진_260626_빙과_강다빈_N8xnAoaE.mp4_[26.06]F_V_JD멜_인지_쫀득바출시_기타_비하인드썰풀기_var1.릴스_짤림후킹.X_1P_김유진_260626_빙과_강다빈,217,0,59.0,0,18,인지
2026-08-30,1874030316282466,[빙과_스틱바]_쫀득바_인지2_video,[멜론] 유튜버썰풀기형_6.3W,[26.06]F_V_JD멜_인지_쫀득바출시_숏츠형_유튜브읽기형_var3.릴스_SNS도배.두쫀쿠다음.X_1P_문선정_260612_빙과_이수현_8Q64E9kb.mp4_[26.06]F_V_JD멜_인지_쫀득바출시_숏츠형_유튜브읽기형_var3.릴스_SNS도배.두쫀쿠다음.X_1P_문선정_260612_빙과_이수현,8,0,15.0,0,3,인지
2026-08-30,1874370068335249,[빙과_스틱바]_쫀득바_인지2_video,[멜론] 무디 파트너십 광고 (26년 10월까지만 활용 가능),cmonprefere__k_Hx4qLXWs.mp4_cmonprefere__k,62,0,136.0,0,23,인지
2026-08-30,1874762142929441,[빙과_스틱바]_복쫀바_인지2_video,[복숭아] 8월4주차_맛인지_노현경,_26.08_F_V_JD__________var7.___.X__P___260828_____ca0f6be6a99e.mp4_[26.08]F_V_JD복_인지_복쫀바출시_맛인지형_오먹_var7.릴스_유럽.X_스틱바P_이재원_260828_빙과_노현경.mp4,140,0,363.0,0,71,인지
2026-08-30,1874370084620641,[빙과_스틱바]_쫀득바_인지2_video,[멜론] 무디 파트너십 광고 (26년 10월까지만 활용 가능),suj_43_2u1JOHAq.mp4_suj_43,358,0,603.0,0,105,인지
2026-08-30,1873959606553874,[빙과_스틱바]_쫀득바_인지2_video,[멜론] 수박BP_6.3W,[26.06]F_V_JD멜_인지_쫀득바출시_맛인지형_수박BP_var1.릴스_저샀어요.X_1P_김유진_260619_빙과_정하얀_KxT2Mrn4.mp4_[26.06]F_V_JD멜_인지_쫀득바출시_맛인지형_수박BP_var1.릴스_저샀어요.X_1P_김유진_260619_빙과_정하얀,31,0,81.0,0,23,인지
2026-08-30,1874030321444945,[빙과_스틱바]_쫀득바_인지2_video,[멜론] 컨비니BP_6.3W,[26.06]F_V_JD멜_인지_쫀득바출시_제조과정형_컨비니BP_var5.릴스_공통.할인.X_1P_김유진_260619_빙과_정요한_7cNBXRYq.mp4_[26.06]F_V_JD멜_인지_쫀득바출시_제조과정형_컨비니BP_var5.릴스_공통.할인.X_1P_김유진_260619_빙과_정요한,185,0,681.0,0,148,인지
2026-08-30,1873959511342130,[빙과_스틱바]_쫀득바_인지2_video,[멜론] 일본원정템_7.1W,[26.07]F_V_JD멜_인지_쫀득바출시_신규BP_외부BP_main.릴스_메인.키노피오브금.X_2P_문선정_260703_빙과_이하림_CMkAHnfZ.mp4_[26.07]F_V_JD멜_인지_쫀득바출시_신규BP_외부BP_main.릴스_메인.키노피오브금.X_2P_문선정_260703_빙과_이하림,24,0,65.0,0,18,인지
2026-08-30,1873959662058609,[빙과_스틱바]_쫀득바_인지2_video,[멜론] 요거트바BP_6.3W,[26.06]F_V_JD멜_인지_쫀득바출시_인물리뷰형_편의점원정_var4.릴스_대세감.X_1P_문선정_260612_빙과_정요한_dTrqo0s9.mp4_[26.06]F_V_JD멜_인지_쫀득바출시_인물리뷰형_편의점원정_var4.릴스_대세감.X_1P_문선정_260612_빙과_정요한,2,0,10.0,0,2,인지
2026-08-30,1873959576604178,[빙과_스틱바]_쫀득바_인지2_video,[멜론] 써우리BP_6.4W,[26.06]F_V_JD멜_인지_쫀득바출시_맛인지형_맛인지형.인지_var4.릴스_노을멜론.X_1P_문선정_260612_빙과_이수민_c8GfOUgM.mp4_[26.06]F_V_JD멜_인지_쫀득바출시_맛인지형_맛인지형.인지_var4.릴스_노을멜론.X_1P_문선정_260612_빙과_이수민,35,0,76.0,0,14,인지
2026-08-30,1873959601100177,[빙과_스틱바]_쫀득바_인지2_video,[멜론] 인플루언서형_6.3W,[26.06]F_V_JD멜_인지_상시_인플루언서형_인플루언서형.인지_var2.릴스_대세감.X_1P_문선정_260619_빙과_이수민_Bwvr3K0z.mp4_[26.06]F_V_JD멜_인지_상시_인플루언서형_인플루언서형.인지_var2.릴스_대세감.X_1P_문선정_260619_빙과_이수민,22,0,48.0,0,12,인지
2026-08-30,1874734944122306,[빙과_스틱바]_쫀득바_인지2_video,[멜론] 무디 파트너십 광고 (26년 10월까지만 활용 가능),miju_yah_n5sMw4xC.mp4_miju_yah.mp4,4132,0,13222.0,0,2920,인지
2026-08-30,1873959526530242,[빙과_스틱바]_쫀득바_인지2_video,[멜론] 책상네고 대체_6.4W,[26.06]F_V_JD멜_인지_쫀득바출시_기타_비하인드썰풀기_var2.릴스_POV.X_1P_김유진_260626_빙과_강다빈_dvNEWTwx.mp4_[26.06]F_V_JD멜_인지_쫀득바출시_기타_비하인드썰풀기_var2.릴스_POV.X_1P_김유진_260626_빙과_강다빈,4,0,12.0,0,2,인지
2026-08-30,1873959530787025,[빙과_스틱바]_쫀득바_인지2_video,[멜론] 책상네고 대체_6.4W,[26.06]F_V_JD멜_인지_쫀득바출시_기타_비하인드썰풀기_main.릴스_본론.X_1P_김유진_260626_빙과_강다빈_viyVb41T.mp4_[26.06]F_V_JD멜_인지_쫀득바출시_기타_비하인드썰풀기_main.릴스_본론.X_1P_김유진_260626_빙과_강다빈,369,0,715.0,0,161,인지
2026-08-30,1874030341331282,[빙과_스틱바]_쫀득바_인지2_video,[멜론] 전세계에서일본에만_7.1W,[26.07]F_V_JD멜_인지_쫀득바출시_인물리뷰형_인물리뷰형_var1.릴스_상단.국내출시.X_2P_문선정_260703_빙과_유영현_hYJso2jc.mp4_[26.07]F_V_JD멜_인지_쫀득바출시_인물리뷰형_인물리뷰형_var1.릴스_상단.국내출시.X_2P_문선정_260703_빙과_유영현,186,0,404.0,0,94,인지
2026-08-30,1874370071281842,[빙과_스틱바]_쫀득바_인지2_video,[멜론] 무디 파트너십 광고 (26년 10월까지만 활용 가능),d_love_ys_cZCijq4g.mp4_d_love_ys,34043,0,73330.0,0,13594,인지
2026-08-31,1873959512707137,[빙과_스틱바]_쫀득바_인지2_video,[멜론] 일본원정템_7.1W,[26.07]F_V_JD멜_인지_쫀득바출시_신규BP_외부BP_var3.릴스_화내기.X_2P_문선정_260703_빙과_이하림_G6x0joRE.mp4_[26.07]F_V_JD멜_인지_쫀득바출시_신규BP_외부BP_var3.릴스_화내기.X_2P_문선정_260703_빙과_이하림,13,0,53.0,0,9,인지
2026-08-31,1874371832550769,[빙과_스틱바]_쫀득바_인지2_video,[멜론] 무디 파트너십 광고 (26년 10월까지만 활용 가능),doyouknow_omg_MfVCQSX8.mp4_doyouknow_omg,43,0,105.0,0,22,인지
2026-08-31,1873959568365938,[빙과_스틱바]_쫀득바_인지2_video,[멜론] 부자들만먹는_6.4W,[26.06]F_V_JD멜_인지_쫀득바출시_신규BP_먹방형_var3.릴스_5만원멜론.X_1P_문선정_260626_빙과_이수민_4jVCt9QI.mp4_[26.06]F_V_JD멜_인지_쫀득바출시_신규BP_먹방형_var3.릴스_5만원멜론.X_1P_문선정_260626_빙과_이수민,9,0,12.0,0,2,인지
2026-08-31,1874030333521250,[빙과_스틱바]_쫀득바_인지2_video,[멜론] 초딩유행템2_6.4W,[26.06]F_V_JD멜_인지_쫀득바출시_신규BP_써우리BP_var2.릴스_혜택.X_1P_문선정_260626_빙과_김진수_AGmDZ35w.mp4_[26.06]F_V_JD멜_인지_쫀득바출시_신규BP_써우리BP_var2.릴스_혜택.X_1P_문선정_260626_빙과_김진수,336,0,544.0,0,105,인지
2026-08-31,1873959601100177,[빙과_스틱바]_쫀득바_인지2_video,[멜론] 인플루언서형_6.3W,[26.06]F_V_JD멜_인지_상시_인플루언서형_인플루언서형.인지_var2.릴스_대세감.X_1P_문선정_260619_빙과_이수민_Bwvr3K0z.mp4_[26.06]F_V_JD멜_인지_상시_인플루언서형_인플루언서형.인지_var2.릴스_대세감.X_1P_문선정_260619_빙과_이수민,47,0,138.0,0,29,인지
2026-08-31,1873959574894593,[빙과_스틱바]_쫀득바_인지2_video,[멜론] 써우리BP_6.4W,[26.06]F_V_JD멜_인지_쫀득바출시_맛인지형_맛인지형.인지_var2.릴스_품절대란.X_1P_문선정_260612_빙과_이수민_X4dmxg8T.mp4_[26.06]F_V_JD멜_인지_쫀득바출시_맛인지형_맛인지형.인지_var2.릴스_품절대란.X_1P_문선정_260612_빙과_이수민,109,0,287.0,0,58,인지
2026-08-31,1874370076917153,[빙과_스틱바]_쫀득바_인지2_video,[멜론] 무디 파트너십 광고 (26년 10월까지만 활용 가능),niker_jaen_dE0hLqZD.mp4_niker_jaen,120,0,281.0,0,66,인지
2026-08-31,1874370060202321,[빙과_스틱바]_쫀득바_인지2_video,[멜론] 무디 파트너십 광고 (26년 10월까지만 활용 가능),eunbynko_XVZyBHut.mp4_eunbynko,230,0,488.0,0,92,인지
2026-08-31,1873959509314913,[빙과_스틱바]_쫀득바_인지2_video,[멜론] 일본원정템_7.1W,[26.07]F_V_JD멜_인지_쫀득바출시_신규BP_외부BP_var1.릴스_메인.일반브금.X_2P_문선정_260703_빙과_이하림_WTZLraDf.mp4_[26.07]F_V_JD멜_인지_쫀득바출시_신규BP_외부BP_var1.릴스_메인.일반브금.X_2P_문선정_260703_빙과_이하림,72,0,158.0,0,30,인지
2026-08-31,1873959567272305,[빙과_스틱바]_쫀득바_인지2_video,[멜론] 부자들만먹는_6.4W,[26.06]F_V_JD멜_인지_쫀득바출시_신규BP_먹방형_var4.릴스_숏.X_1P_문선정_260626_빙과_이수민_51lK2MkR.mp4_[26.06]F_V_JD멜_인지_쫀득바출시_신규BP_먹방형_var4.릴스_숏.X_1P_문선정_260626_빙과_이수민,186,0,558.0,0,117,인지
2026-08-31,1874370084620641,[빙과_스틱바]_쫀득바_인지2_video,[멜론] 무디 파트너십 광고 (26년 10월까지만 활용 가능),suj_43_2u1JOHAq.mp4_suj_43,910,0,1607.0,0,274,인지
2026-08-31,1874762142929441,[빙과_스틱바]_복쫀바_인지2_video,[복숭아] 8월4주차_맛인지_노현경,_26.08_F_V_JD__________var7.___.X__P___260828_____ca0f6be6a99e.mp4_[26.08]F_V_JD복_인지_복쫀바출시_맛인지형_오먹_var7.릴스_유럽.X_스틱바P_이재원_260828_빙과_노현경.mp4,312,0,681.0,0,135,인지
2026-08-31,1873959654248546,[빙과_스틱바]_쫀득바_인지2_video,[멜론] 요거트바BP_6.3W,[26.06]F_V_JD멜_인지_쫀득바출시_인물리뷰형_편의점원정_var1.릴스_맛.X_1P_문선정_260612_빙과_정요한_USPOMvkw.mp4_[26.06]F_V_JD멜_인지_쫀득바출시_인물리뷰형_편의점원정_var1.릴스_맛.X_1P_문선정_260612_빙과_정요한,44,0,9.0,0,2,인지
2026-08-31,1874030323030129,[빙과_스틱바]_쫀득바_인지2_video,[멜론] 인플루언서형_6.3W,[26.06]F_V_JD멜_인지_상시_인플루언서형_인플루언서형.인지_main.릴스_공통.X_1P_문선정_260619_빙과_이수민_OcQS8Jtk.mp4_Copy 3 of [26.06]F_V_JD멜_인지_상시_인플루언서형_인플루언서형.인지_main.릴스_공통.X_1P_문선정_260619_빙과_이수민,4,0,7.0,0,2,인지
2026-08-31,1874762142924033,[빙과_스틱바]_복쫀바_인지2_video,[복숭아] 8월4주차_맛인지_노현경,_26.08_F_V_JD__________var3.___.X__P___260828_____1ddee9a8eb9c.mp4_[26.08]F_V_JD복_인지_복쫀바출시_맛인지형_오먹_var3.릴스_쫀득복숭아.X_스틱바P_이재원_260828_빙과_노현경.mp4,619,0,919.0,0,155,인지
2026-08-31,1873959656457905,[빙과_스틱바]_쫀득바_인지2_video,[멜론] 요거트바BP_6.3W,[26.06]F_V_JD멜_인지_쫀득바출시_인물리뷰형_편의점원정_var2.릴스_퀄리티.X_1P_문선정_260612_빙과_정요한_F6rWEnOX.mp4_[26.06]F_V_JD멜_인지_쫀득바출시_인물리뷰형_편의점원정_var2.릴스_퀄리티.X_1P_문선정_260612_빙과_정요한,8,0,16.0,0,3,인지
2026-08-31,1873959544525217,[빙과_스틱바]_쫀득바_인지2_video,[멜론] 1년후에받는_6.4W,[26.06]F_V_JD멜_인지_쫀득바출시_신규BP_써우리BP_var5.릴스_광각취식2.X_1P_문선정_260626_빙과_이수민_WvbZ0G7H.mp4_[26.06]F_V_JD멜_인지_쫀득바출시_신규BP_써우리BP_var5.릴스_광각취식2.X_1P_문선정_260626_빙과_이수민,30,0,13.0,0,2,인지
2026-08-31,1873959494450194,[빙과_스틱바]_쫀득바_인지2_video,[멜론] 1위단독_7.1W,[26.07]F_V_JD멜_인지_쫀득바출시_바이럴형_커뮤니티형_var4.릴스_판매중단.모쏠친구.X_1P_문선정_260703_빙과_김진수_XUDBqtTs.mp4_[26.07]F_V_JD멜_인지_쫀득바출시_바이럴형_커뮤니티형_var4.릴스_판매중단.모쏠친구.X_1P_문선정_260703_빙과_김진수,921,0,1747.0,0,318,인지
2026-08-31,1873959526530242,[빙과_스틱바]_쫀득바_인지2_video,[멜론] 책상네고 대체_6.4W,[26.06]F_V_JD멜_인지_쫀득바출시_기타_비하인드썰풀기_var2.릴스_POV.X_1P_김유진_260626_빙과_강다빈_dvNEWTwx.mp4_[26.06]F_V_JD멜_인지_쫀득바출시_기타_비하인드썰풀기_var2.릴스_POV.X_1P_김유진_260626_빙과_강다빈,14,0,53.0,0,10,인지
2026-08-31,1874734943788354,[빙과_스틱바]_쫀득바_인지2_video,[멜론] 무디 파트너십 광고 (26년 10월까지만 활용 가능),kwaksuaaaa_qdpYkeKP.mp4_kwaksuaaaa.mp4,2567,0,6649.0,0,1525,인지
2026-08-31,1873959592940658,[빙과_스틱바]_쫀득바_인지2_video,[멜론] 인플루언서형_6.3W,[26.06]F_V_JD멜_인지_상시_인플루언서형_인플루언서형.인지_var1.릴스_쫀득 후킹.X_1P_문선정_260619_빙과_이수민_HCZXPTgo.mp4_[26.06]F_V_JD멜_인지_상시_인플루언서형_인플루언서형.인지_var1.릴스_쫀득 후킹.X_1P_문선정_260619_빙과_이수민,12,0,18.0,0,4,인지
2026-08-31,1874370068335249,[빙과_스틱바]_쫀득바_인지2_video,[멜론] 무디 파트너십 광고 (26년 10월까지만 활용 가능),cmonprefere__k_Hx4qLXWs.mp4_cmonprefere__k,217,0,336.0,0,58,인지
2026-08-31,1873959662238738,[빙과_스틱바]_쫀득바_인지2_video,[멜론] 유튜버썰풀기형_6.3W,[26.06]F_V_JD멜_인지_쫀득바출시_숏츠형_유튜브읽기형_var1.릴스_1년에한달.365일.X_1P_문선정_260612_빙과_이수현_Gau8dgwA.mp4_[26.06]F_V_JD멜_인지_쫀득바출시_숏츠형_유튜브읽기형_var1.릴스_1년에한달.365일.X_1P_문선정_260612_빙과_이수현,165,0,619.0,0,118,인지
2026-08-31,1874370080353713,[빙과_스틱바]_쫀득바_인지2_video,[멜론] 무디 파트너십 광고 (26년 10월까지만 활용 가능),unyouu_ZQxjeUdR.mp4_unyouu,67,0,155.0,0,28,인지
2026-08-31,1873959511342130,[빙과_스틱바]_쫀득바_인지2_video,[멜론] 일본원정템_7.1W,[26.07]F_V_JD멜_인지_쫀득바출시_신규BP_외부BP_main.릴스_메인.키노피오브금.X_2P_문선정_260703_빙과_이하림_CMkAHnfZ.mp4_[26.07]F_V_JD멜_인지_쫀득바출시_신규BP_외부BP_main.릴스_메인.키노피오브금.X_2P_문선정_260703_빙과_이하림,52,0,181.0,0,36,인지
2026-08-31,1873959560792561,[빙과_스틱바]_쫀득바_인지2_video,[멜론] 부자들만먹는_6.4W,[26.06]F_V_JD멜_인지_쫀득바출시_신규BP_먹방형_var1.릴스_쫀득.X_1P_문선정_260626_빙과_이수민_PAw0dpIV.mp4_[26.06]F_V_JD멜_인지_쫀득바출시_신규BP_먹방형_var1.릴스_쫀득.X_1P_문선정_260626_빙과_이수민,12,0,15.0,0,3,인지
2026-08-31,1873959559414897,[빙과_스틱바]_쫀득바_인지2_video,[멜론] 부자들만먹는_6.4W,[26.06]F_V_JD멜_인지_쫀득바출시_신규BP_먹방형_var2.릴스_먹방.X_1P_문선정_260626_빙과_이수민_jNE7zmU8.mp4_[26.06]F_V_JD멜_인지_쫀득바출시_신규BP_먹방형_var2.릴스_먹방.X_1P_문선정_260626_빙과_이수민,16,0,3.0,0,1,인지
2026-08-31,1873959530787025,[빙과_스틱바]_쫀득바_인지2_video,[멜론] 책상네고 대체_6.4W,[26.06]F_V_JD멜_인지_쫀득바출시_기타_비하인드썰풀기_main.릴스_본론.X_1P_김유진_260626_빙과_강다빈_viyVb41T.mp4_[26.06]F_V_JD멜_인지_쫀득바출시_기타_비하인드썰풀기_main.릴스_본론.X_1P_김유진_260626_빙과_강다빈,282,0,690.0,0,146,인지
2026-08-31,1874370071281842,[빙과_스틱바]_쫀득바_인지2_video,[멜론] 무디 파트너십 광고 (26년 10월까지만 활용 가능),d_love_ys_cZCijq4g.mp4_d_love_ys,60118,0,136545.0,0,24957,인지
2026-08-31,1873959606553874,[빙과_스틱바]_쫀득바_인지2_video,[멜론] 수박BP_6.3W,[26.06]F_V_JD멜_인지_쫀득바출시_맛인지형_수박BP_var1.릴스_저샀어요.X_1P_김유진_260619_빙과_정하얀_KxT2Mrn4.mp4_[26.06]F_V_JD멜_인지_쫀득바출시_맛인지형_수박BP_var1.릴스_저샀어요.X_1P_김유진_260619_빙과_정하얀,28,0,79.0,0,15,인지
2026-08-31,1873959559414865,[빙과_스틱바]_쫀득바_인지2_video,[멜론] 부자들만먹는_6.4W,[26.06]F_V_JD멜_인지_쫀득바출시_신규BP_먹방형_main.릴스_공통.X_1P_문선정_260626_빙과_이수민_6K4RW1kr.mp4_[26.06]F_V_JD멜_인지_쫀득바출시_신규BP_먹방형_main.릴스_공통.X_1P_문선정_260626_빙과_이수민,99,0,190.0,0,41,인지
2026-08-31,1873959526530274,[빙과_스틱바]_쫀득바_인지2_video,[멜론] 책상네고 대체_6.4W,[26.06]F_V_JD멜_인지_쫀득바출시_기타_비하인드썰풀기_var1.릴스_짤림후킹.X_1P_김유진_260626_빙과_강다빈_N8xnAoaE.mp4_[26.06]F_V_JD멜_인지_쫀득바출시_기타_비하인드썰풀기_var1.릴스_짤림후킹.X_1P_김유진_260626_빙과_강다빈,262,0,173.0,0,38,인지
2026-08-31,1873959576604178,[빙과_스틱바]_쫀득바_인지2_video,[멜론] 써우리BP_6.4W,[26.06]F_V_JD멜_인지_쫀득바출시_맛인지형_맛인지형.인지_var4.릴스_노을멜론.X_1P_문선정_260612_빙과_이수민_c8GfOUgM.mp4_[26.06]F_V_JD멜_인지_쫀득바출시_맛인지형_맛인지형.인지_var4.릴스_노을멜론.X_1P_문선정_260612_빙과_이수민,84,0,89.0,0,17,인지
2026-08-31,1873959480704162,[빙과_스틱바]_쫀득바_인지2_video,[멜론] 관계성네고_7.1W,[26.07]F_V_JD멜_인지_쫀득바출시_인물리뷰형_관계성_var6.릴스_잔소리후킹.X_1P_김유진_260703_빙과_강다빈_8xsJGKVk.mp4_[26.07]F_V_JD멜_인지_쫀득바출시_인물리뷰형_관계성_var6.릴스_잔소리후킹.X_1P_김유진_260703_빙과_강다빈,246,0,456.0,0,89,인지
2026-08-31,1873959662058609,[빙과_스틱바]_쫀득바_인지2_video,[멜론] 요거트바BP_6.3W,[26.06]F_V_JD멜_인지_쫀득바출시_인물리뷰형_편의점원정_var4.릴스_대세감.X_1P_문선정_260612_빙과_정요한_dTrqo0s9.mp4_[26.06]F_V_JD멜_인지_쫀득바출시_인물리뷰형_편의점원정_var4.릴스_대세감.X_1P_문선정_260612_빙과_정요한,4,0,10.0,0,2,인지
2026-08-31,1873959666755666,[빙과_스틱바]_쫀득바_인지2_video,[멜론] 유튜버썰풀기형_6.3W,[26.06]F_V_JD멜_인지_쫀득바출시_숏츠형_유튜브읽기형_var4.릴스_SNS도배.과일.X_1P_문선정_260612_빙과_이수현_FS2Lzmjs.mp4_[26.06]F_V_JD멜_인지_쫀득바출시_숏츠형_유튜브읽기형_var4.릴스_SNS도배.과일.X_1P_문선정_260612_빙과_이수현,4,0,16.0,0,3,인지
2026-08-31,1874734944122306,[빙과_스틱바]_쫀득바_인지2_video,[멜론] 무디 파트너십 광고 (26년 10월까지만 활용 가능),miju_yah_n5sMw4xC.mp4_miju_yah.mp4,4708,0,14474.0,0,2873,인지
2026-08-31,1873959550576913,[빙과_스틱바]_쫀득바_인지2_video,[멜론] 1년후에받는_6.4W,[26.06]F_V_JD멜_인지_쫀득바출시_신규BP_써우리BP_var3.릴스_찾는척.X_1P_문선정_260626_빙과_이수민_dsA5VQTS.mp4_[26.06]F_V_JD멜_인지_쫀득바출시_신규BP_써우리BP_var3.릴스_찾는척.X_1P_문선정_260626_빙과_이수민,1447,0,2013.0,0,381,인지
2026-08-31,1873959596195153,[빙과_스틱바]_쫀득바_인지2_video,[멜론] 인플루언서형_6.3W,[26.06]F_V_JD멜_인지_상시_인플루언서형_인플루언서형.인지_main.릴스_공통.X_1P_문선정_260619_빙과_이수민_OcQS8Jtk.mp4_[26.06]F_V_JD멜_인지_상시_인플루언서형_인플루언서형.인지_main.릴스_공통.X_1P_문선정_260619_빙과_이수민,4,0,14.0,0,3,인지
2026-08-31,1874762145489121,[빙과_스틱바]_복쫀바_인지2_video,[복숭아] 8월4주차_맛인지_노현경,_26.08_F_V_JD__________var4.__100_.X__P___260828_____fd8396e09804.mp4_[26.08]F_V_JD복_인지_복쫀바출시_맛인지형_오먹_var4.릴스_100프로복숭아농축액.X_스틱바P_이재원_260828_빙과_노현경.mp4,232,0,430.0,0,84,인지
2026-08-31,1874370091722833,[빙과_스틱바]_쫀득바_인지2_video,[멜론] 무디 파트너십 광고 (26년 10월까지만 활용 가능),payforyouth__j28UIP7Q.mp4_payforyouth_,129,0,327.0,0,63,인지
2026-08-31,1874030313976066,[빙과_스틱바]_쫀득바_인지2_video,[멜론] 인물리뷰(1)_6.3W,[26.06]F_V_JD멜_인지_쫀득바출시_인물리뷰형_인물리뷰형_var4.릴스_후킹.X_2P_고가영_260612_빙과_유영현_JfFPUknj.mp4_[26.06]F_V_JD멜_인지_쫀득바출시_인물리뷰형_인물리뷰형_var4.릴스_후킹.X_2P_고가영_260612_빙과_유영현,190,0,593.0,0,125,인지
2026-08-31,1874370060195937,[빙과_스틱바]_쫀득바_인지2_video,[멜론] 무디 파트너십 광고 (26년 10월까지만 활용 가능),02_TbcHadv6.mp4_02,170,0,471.0,0,121,인지
2026-08-31,1874030341331282,[빙과_스틱바]_쫀득바_인지2_video,[멜론] 전세계에서일본에만_7.1W,[26.07]F_V_JD멜_인지_쫀득바출시_인물리뷰형_인물리뷰형_var1.릴스_상단.국내출시.X_2P_문선정_260703_빙과_유영현_hYJso2jc.mp4_[26.07]F_V_JD멜_인지_쫀득바출시_인물리뷰형_인물리뷰형_var1.릴스_상단.국내출시.X_2P_문선정_260703_빙과_유영현,284,0,614.0,0,127,인지
2026-08-31,1873959572271185,[빙과_스틱바]_쫀득바_인지2_video,[멜론] 써우리BP_6.4W,[26.06]F_V_JD멜_인지_쫀득바출시_맛인지형_맛인지형.인지_var1.릴스_왁뿌볼.X_1P_문선정_260612_빙과_이수민_EwQB6yWu.mp4_[26.06]F_V_JD멜_인지_쫀득바출시_맛인지형_맛인지형.인지_var1.릴스_왁뿌볼.X_1P_문선정_260612_빙과_이수민,20,0,43.0,0,10,인지
2026-08-31,1874370092553873,[빙과_스틱바]_쫀득바_인지2_video,[멜론] 무디 파트너십 광고 (26년 10월까지만 활용 가능),riverbinn_N8nEPrUl.mp4_riverbinn,195,0,554.0,0,106,인지
2026-08-31,1873959582885202,[빙과_스틱바]_쫀득바_인지2_video,[망고] 맛인지_6.3W,[26.06]F_V_JD망_인지_쫀득바출시_맛인지형_맛인지형.인지_main.릴스_공통.진수.6월.수민PJ_2P_문선정_260619_빙과_김지연_pI4Fmbu1.mp4_[26.06]F_V_JD망_인지_쫀득바출시_맛인지형_맛인지형.인지_main.릴스_공통.진수.6월.수민PJ_2P_문선정_260619_빙과_김지연,577,0,983.0,0,195,인지
2026-08-31,1873959606553906,[빙과_스틱바]_쫀득바_인지2_video,[멜론] 수박BP_6.3W,[26.06]F_V_JD멜_인지_쫀득바출시_맛인지형_수박BP_main.릴스_1년에딱.X_1P_김유진_260619_빙과_정하얀_4WnKJzct.mp4_[26.06]F_V_JD멜_인지_쫀득바출시_맛인지형_수박BP_main.릴스_1년에딱.X_1P_김유진_260619_빙과_정하얀,41,0,92.0,0,20,인지
2026-08-31,1874030316282466,[빙과_스틱바]_쫀득바_인지2_video,[멜론] 유튜버썰풀기형_6.3W,[26.06]F_V_JD멜_인지_쫀득바출시_숏츠형_유튜브읽기형_var3.릴스_SNS도배.두쫀쿠다음.X_1P_문선정_260612_빙과_이수현_8Q64E9kb.mp4_[26.06]F_V_JD멜_인지_쫀득바출시_숏츠형_유튜브읽기형_var3.릴스_SNS도배.두쫀쿠다음.X_1P_문선정_260612_빙과_이수현,17,0,32.0,0,6,인지
2026-08-31,1874370063993025,[빙과_스틱바]_쫀득바_인지2_video,[멜론] 무디 파트너십 광고 (26년 10월까지만 활용 가능),ddu___0_Jb76Kdc9.mp4_ddu___0,243,0,501.0,0,89,인지
2026-08-31,1874371832380434,[빙과_스틱바]_쫀득바_인지2_video,[멜론] 무디 파트너십 광고 (26년 10월까지만 활용 가능),dodoscene_9lkPTqUt.mp4_dodoscene,48,0,82.0,0,16,인지
2026-08-31,1874762142926161,[빙과_스틱바]_복쫀바_인지2_video,[복숭아] 8월4주차_맛인지_노현경,_26.08_F_V_JD__________var5.___.X__P___260828_____f7aba5a3a3f8.mp4_[26.08]F_V_JD복_인지_복쫀바출시_맛인지형_오먹_var5.릴스_생그릭요거트.X_스틱바P_이재원_260828_빙과_노현경.mp4,216,0,178.0,0,35,인지
2026-08-31,1873959582885234,[빙과_스틱바]_쫀득바_인지2_video,[망고] 맛인지_6.3W,[26.06]F_V_JD망_인지_쫀득바출시_맛인지형_맛인지형.인지_var1.릴스_젤리식감.진수.6월.수민PJ_2P_문선정_260619_빙과_김지연_oqUjrN9C.mp4_[26.06]F_V_JD망_인지_쫀득바출시_맛인지형_맛인지형.인지_var1.릴스_젤리식감.진수.6월.수민PJ_2P_문선정_260619_빙과_김지연,7,0,15.0,0,3,인지
2026-08-31,1874030338066737,[빙과_스틱바]_쫀득바_인지2_video,[멜론] 현지인도못구하는_7.1W,[26.07]F_V_JD멜_인지_쫀득바출시_인플루언서형_인플루언서형_var2.릴스_인물먼저.X_1P_문선정_260703_빙과_정하얀_JOamzo0T.mp4_[26.07]F_V_JD멜_인지_쫀득바출시_인플루언서형_인플루언서형_var2.릴스_인물먼저.X_1P_문선정_260703_빙과_정하얀,46,0,147.0,0,33,인지
2026-08-31,1874762142933521,[빙과_스틱바]_복쫀바_인지2_video,[복숭아] 8월4주차_맛인지_노현경,_26.08_F_V_JD__________var1.___.X__P___260828_____d7c5f8f88f2a.mp4_[26.08]F_V_JD복_인지_복쫀바출시_맛인지형_오먹_var1.릴스_과일계 에르메스.X_스틱바P_이재원_260828_빙과_노현경.mp4,157,0,313.0,0,59,인지
2026-08-31,1873959671881745,[빙과_스틱바]_쫀득바_인지2_video,[멜론] 유튜버썰풀기형_6.3W,[26.06]F_V_JD멜_인지_쫀득바출시_숏츠형_유튜브읽기형_var6.릴스_업계최초.의외로.X_1P_문선정_260612_빙과_이수현_KyiOqcTE.mp4_[26.06]F_V_JD멜_인지_쫀득바출시_숏츠형_유튜브읽기형_var6.릴스_업계최초.의외로.X_1P_문선정_260612_빙과_이수현,129,0,218.0,0,42,인지
2026-08-31,1874030321444945,[빙과_스틱바]_쫀득바_인지2_video,[멜론] 컨비니BP_6.3W,[26.06]F_V_JD멜_인지_쫀득바출시_제조과정형_컨비니BP_var5.릴스_공통.할인.X_1P_김유진_260619_빙과_정요한_7cNBXRYq.mp4_[26.06]F_V_JD멜_인지_쫀득바출시_제조과정형_컨비니BP_var5.릴스_공통.할인.X_1P_김유진_260619_빙과_정요한,276,0,898.0,0,189,인지
2026-08-31,1874762145489089,[빙과_스틱바]_복쫀바_인지2_video,[복숭아] 8월4주차_맛인지_노현경,_26.08_F_V_JD__________var2.___.X__P___260828_____808ac332390d.mp4_[26.08]F_V_JD복_인지_복쫀바출시_맛인지형_오먹_var2.릴스_후숙복숭아.X_스틱바P_이재원_260828_빙과_노현경.mp4,434,0,787.0,0,165,인지
2026-08-31,1873959571492482,[빙과_스틱바]_쫀득바_인지2_video,[멜론] 써우리BP_6.4W,[26.06]F_V_JD멜_인지_쫀득바출시_맛인지형_맛인지형.인지_var3.릴스_국민템 멜론바.X_1P_문선정_260612_빙과_이수민_49m1RLsV.mp4_[26.06]F_V_JD멜_인지_쫀득바출시_맛인지형_맛인지형.인지_var3.릴스_국민템 멜론바.X_1P_문선정_260612_빙과_이수민,25,0,61.0,0,14,인지
2026-08-31,1874030334903522,[빙과_스틱바]_쫀득바_인지2_video,[멜론] 1년후에받는_6.4W,[26.06]F_V_JD멜_인지_쫀득바출시_신규BP_써우리BP_main.릴스_공통.X_1P_문선정_260626_빙과_이수민_ATprqdNR.mp4_[26.06]F_V_JD멜_인지_쫀득바출시_신규BP_써우리BP_main.릴스_공통.X_1P_문선정_260626_빙과_이수민,23,0,53.0,0,9,인지
2026-08-31,1873959662238770,[빙과_스틱바]_쫀득바_인지2_video,[멜론] 유튜버썰풀기형_6.3W,[26.06]F_V_JD멜_인지_쫀득바출시_숏츠형_유튜브읽기형_main.릴스_1년에한달.X_1P_문선정_260612_빙과_이수현_fA5aYhzs.mp4_[26.06]F_V_JD멜_인지_쫀득바출시_숏츠형_유튜브읽기형_main.릴스_1년에한달.X_1P_문선정_260612_빙과_이수현,168,0,238.0,0,44,인지
2026-08-31,1874370090397122,[빙과_스틱바]_쫀득바_인지2_video,[멜론] 무디 파트너십 광고 (26년 10월까지만 활용 가능),minimore.927_wXMpjCo9.mp4_minimore.927,216,0,612.0,0,121,인지
2026-08-31,1874370094864626,[빙과_스틱바]_쫀득바_인지2_video,[멜론] 무디 파트너십 광고 (26년 10월까지만 활용 가능),bbuni_sol_0lW2JXmG.mp4_bbuni_sol,96,0,223.0,0,50,인지
2026-08-31,1873959656924433,[빙과_스틱바]_쫀득바_인지2_video,[멜론] 요거트바BP_6.3W,[26.06]F_V_JD멜_인지_쫀득바출시_인물리뷰형_편의점원정_var3.릴스_왁뿌볼.X_1P_문선정_260612_빙과_정요한_HJ4yRNtY.mp4_[26.06]F_V_JD멜_인지_쫀득바출시_인물리뷰형_편의점원정_var3.릴스_왁뿌볼.X_1P_문선정_260612_빙과_정요한,10,0,16.0,0,4,인지
2026-08-31,1874370098478129,[빙과_스틱바]_쫀득바_인지2_video,[멜론] 무디 파트너십 광고 (26년 10월까지만 활용 가능),kdaaeng_5cY4RH6h.mp4_kdaaeng,54,0,111.0,0,25,인지
2026-08-31,1874370084367666,[빙과_스틱바]_쫀득바_인지2_video,[멜론] 무디 파트너십 광고 (26년 10월까지만 활용 가능),siyeonyoojoa_cRqTQrdi.mp4_siyeonyoojoa,246,0,491.0,0,94,인지
2026-08-31,1873959500695698,[빙과_스틱바]_쫀득바_인지2_video,[멜론] 1위단독_7.1W,[26.07]F_V_JD멜_인지_쫀득바출시_바이럴형_커뮤니티형_var1.릴스_30년만에.신입탕비담당.X_1P_문선정_260702_빙과_김진수_8W5sKwHy.mp4_[26.07]F_V_JD멜_인지_쫀득바출시_바이럴형_커뮤니티형_var1.릴스_30년만에.신입탕비담당.X_1P_문선정_260702_빙과_김진수,176,0,269.0,0,56,인지
2026-08-31,1873959673179393,[빙과_스틱바]_쫀득바_인지2_video,[멜론] 유튜버썰풀기형_6.3W,[26.06]F_V_JD멜_인지_쫀득바출시_숏츠형_유튜브읽기형_var5.릴스_업계최초.X_1P_문선정_260612_빙과_이수현_EID4Njqr.mp4_[26.06]F_V_JD멜_인지_쫀득바출시_숏츠형_유튜브읽기형_var5.릴스_업계최초.X_1P_문선정_260612_빙과_이수현,4,0,13.0,0,3,인지
2026-08-31,1873959502194161,[빙과_스틱바]_쫀득바_인지2_video,[멜론] 현지인도못구하는_7.1W,[26.07]F_V_JD멜_인지_쫀득바출시_인플루언서형_인플루언서형_var1.릴스_제품먼저.X_1P_문선정_260703_빙과_정하얀_gA26O49Z.mp4_[26.07]F_V_JD멜_인지_쫀득바출시_인플루언서형_인플루언서형_var1.릴스_제품먼저.X_1P_문선정_260703_빙과_정하얀,117,0,294.0,0,64,인지
2026-08-31,1873959502194113,[빙과_스틱바]_쫀득바_인지2_video,[멜론] 현지인도못구하는_7.1W,[26.07]F_V_JD멜_인지_쫀득바출시_인플루언서형_인플루언서형_main.릴스_비행기표취소.X_1P_문선정_260703_빙과_정하얀_6J9yLGRu.mp4_[26.07]F_V_JD멜_인지_쫀득바출시_인플루언서형_인플루언서형_main.릴스_비행기표취소.X_1P_문선정_260703_빙과_정하얀,136,0,139.0,0,28,인지
2026-08-31,1873959600941425,[빙과_스틱바]_쫀득바_인지2_video,[멜론] 인플루언서형_6.3W,[26.06]F_V_JD멜_인지_상시_인플루언서형_인플루언서형.인지_var1.릴스_쫀득 후킹.X_1P_문선정_260619_빙과_이수민_HCZXPTgo.mp4_[26.06]F_V_JD멜_인지_상시_인플루언서형_인플루언서형.인지_var1.릴스_쫀득 후킹.X_1P_문선정_260619_빙과_이수민,1,0,6.0,0,1,인지
2026-08-31,1873959509313921,[빙과_스틱바]_쫀득바_인지2_video,[멜론] 일본원정템_7.1W,[26.07]F_V_JD멜_인지_쫀득바출시_신규BP_외부BP_var2.릴스_POV.X_2P_문선정_260703_빙과_이하림_vSPVRZmI.mp4_[26.07]F_V_JD멜_인지_쫀득바출시_신규BP_외부BP_var2.릴스_POV.X_2P_문선정_260703_빙과_이하림,111,0,273.0,0,55,인지
2026-08-31,1873959654247474,[빙과_스틱바]_쫀득바_인지2_video,[멜론] 요거트바BP_6.3W,[26.06]F_V_JD멜_인지_쫀득바출시_인물리뷰형_편의점원정_main.릴스_공통.X_1P_문선정_260612_빙과_정요한_YkIZOlu0.mp4_[26.06]F_V_JD멜_인지_쫀득바출시_인물리뷰형_편의점원정_main.릴스_공통.X_1P_문선정_260612_빙과_정요한,201,0,599.0,0,127,인지
2026-08-31,1873959592941730,[빙과_스틱바]_쫀득바_인지2_video,[멜론] 인플루언서형_6.3W,[26.06]F_V_JD멜_인지_상시_인플루언서형_인플루언서형.인지_main.릴스_공통.X_1P_문선정_260619_빙과_이수민_OcQS8Jtk.mp4_[26.06]F_V_JD멜_인지_상시_인플루언서형_인플루언서형.인지_var2.릴스_대세감.X_1P_문선정_260619_빙과_이수민,6,0,13.0,0,4,인지
2026-08-31,1874030317649217,[빙과_스틱바]_쫀득바_인지2_video,[멜론] 인물리뷰(2)_6.3W,[26.06]F_V_JD멜_인지_쫀득바출시_인물리뷰형_렉카형_var2.릴스_상단.대세감.X_2P_고가영_260612_빙과_김지연_uJ2PiCGN.mp4_[26.06]F_V_JD멜_인지_쫀득바출시_인물리뷰형_렉카형_var2.릴스_상단.대세감.X_2P_고가영_260612_빙과_김지연,177,0,387.0,0,76,인지
2026-08-31,1874476587075634,[빙과_스틱바]_쫀득바_인지2_video,[멜론] 무디 파트너십 광고 (26년 10월까지만 활용 가능),okindflower_tiktok_16x9_F9pfKXPt.mp4_okindflower,1137,0,3088.0,0,699,인지
2026-08-31,1873959668420802,[빙과_스틱바]_쫀득바_인지2_video,[멜론] 유튜버썰풀기형_6.3W,[26.06]F_V_JD멜_인지_쫀득바출시_숏츠형_유튜브읽기형_var2.릴스_원조이김.국민템.X_1P_문선정_260612_빙과_이수현_sC9KkVo2.mp4_[26.06]F_V_JD멜_인지_쫀득바출시_숏츠형_유튜브읽기형_var2.릴스_원조이김.국민템.X_1P_문선정_260612_빙과_이수현,19,0,30.0,0,5,인지
2026-08-31,1874690849992082,[빙과_스틱바]_복쫀바_인지2_video,[복숭아] 8월4주차_맛인지_노현경,_26.08_F_V_JD__________main.___.X__P___260827_____991758515177.mp4_[26.08] F_V_JD복_인지_쫀득바출시_맛인지형_오먹_main.릴스_납작복숭아가격비교.X_스틱바P_이재원_260827_빙과_노현경,1183,0,1111.0,0,206,인지
2026-08-31,1874370090377506,[빙과_스틱바]_쫀득바_인지2_video,[멜론] 무디 파트너십 광고 (26년 10월까지만 활용 가능),xeoj.ng_L7HK2Ueo.mp4_xeoj.ng,55,0,78.0,0,18,인지
2026-08-31,1874370083000546,[빙과_스틱바]_쫀득바_인지2_video,[멜론] 무디 파트너십 광고 (26년 10월까지만 활용 가능),s_eo__fit_xO7qAYSe.mp4_s_eo__fit,18,0,45.0,0,9,인지
2026-08-31,1873959547401362,[빙과_스틱바]_쫀득바_인지2_video,[멜론] 1년후에받는_6.4W,[26.06]F_V_JD멜_인지_쫀득바출시_신규BP_써우리BP_var4.릴스_광각취식1.X_1P_문선정_260626_빙과_이수민_qf35uhY2.mp4_[26.06]F_V_JD멜_인지_쫀득바출시_신규BP_써우리BP_var4.릴스_광각취식1.X_1P_문선정_260626_빙과_이수민,71,0,104.0,0,24,인지
2026-08-31,1873959586022625,[빙과_스틱바]_쫀득바_인지2_video,[망고] 맛인지_6.3W,[26.06]F_V_JD망_인지_쫀득바출시_맛인지형_맛인지형.인지_var2.릴스_망고맛.진수.6월.수민PJ_2P_문선정_260619_빙과_김지연_85l4f3Aq.mp4_[26.06]F_V_JD망_인지_쫀득바출시_맛인지형_맛인지형.인지_var2.릴스_망고맛.진수.6월.수민PJ_2P_문선정_260619_빙과_김지연,10,0,16.0,0,3,인지
2026-09-01,1874030313976066,[빙과_스틱바]_쫀득바_인지2_video,[멜론] 인물리뷰(1)_6.3W,[26.06]F_V_JD멜_인지_쫀득바출시_인물리뷰형_인물리뷰형_var4.릴스_후킹.X_2P_고가영_260612_빙과_유영현_JfFPUknj.mp4_[26.06]F_V_JD멜_인지_쫀득바출시_인물리뷰형_인물리뷰형_var4.릴스_후킹.X_2P_고가영_260612_빙과_유영현,197,0,530.0,0,114,인지
2026-09-01,1874370092553873,[빙과_스틱바]_쫀득바_인지2_video,[멜론] 무디 파트너십 광고 (26년 10월까지만 활용 가능),riverbinn_N8nEPrUl.mp4_riverbinn,493,0,1292.0,0,253,인지
2026-09-01,1873959547401362,[빙과_스틱바]_쫀득바_인지2_video,[멜론] 1년후에받는_6.4W,[26.06]F_V_JD멜_인지_쫀득바출시_신규BP_써우리BP_var4.릴스_광각취식1.X_1P_문선정_260626_빙과_이수민_qf35uhY2.mp4_[26.06]F_V_JD멜_인지_쫀득바출시_신규BP_써우리BP_var4.릴스_광각취식1.X_1P_문선정_260626_빙과_이수민,138,0,214.0,0,45,인지
2026-09-01,1874030341331282,[빙과_스틱바]_쫀득바_인지2_video,[멜론] 전세계에서일본에만_7.1W,[26.07]F_V_JD멜_인지_쫀득바출시_인물리뷰형_인물리뷰형_var1.릴스_상단.국내출시.X_2P_문선정_260703_빙과_유영현_hYJso2jc.mp4_[26.07]F_V_JD멜_인지_쫀득바출시_인물리뷰형_인물리뷰형_var1.릴스_상단.국내출시.X_2P_문선정_260703_빙과_유영현,326,0,726.0,0,145,인지
2026-09-01,1873959576604178,[빙과_스틱바]_쫀득바_인지2_video,[멜론] 써우리BP_6.4W,[26.06]F_V_JD멜_인지_쫀득바출시_맛인지형_맛인지형.인지_var4.릴스_노을멜론.X_1P_문선정_260612_빙과_이수민_c8GfOUgM.mp4_[26.06]F_V_JD멜_인지_쫀득바출시_맛인지형_맛인지형.인지_var4.릴스_노을멜론.X_1P_문선정_260612_빙과_이수민,78,0,116.0,0,23,인지
2026-09-01,1874762145489089,[빙과_스틱바]_복쫀바_인지2_video,[복숭아] 8월4주차_맛인지_노현경,_26.08_F_V_JD__________var2.___.X__P___260828_____808ac332390d.mp4_[26.08]F_V_JD복_인지_복쫀바출시_맛인지형_오먹_var2.릴스_후숙복숭아.X_스틱바P_이재원_260828_빙과_노현경.mp4,329,0,505.0,0,93,인지
2026-09-01,1874030316282466,[빙과_스틱바]_쫀득바_인지2_video,[멜론] 유튜버썰풀기형_6.3W,[26.06]F_V_JD멜_인지_쫀득바출시_숏츠형_유튜브읽기형_var3.릴스_SNS도배.두쫀쿠다음.X_1P_문선정_260612_빙과_이수현_8Q64E9kb.mp4_[26.06]F_V_JD멜_인지_쫀득바출시_숏츠형_유튜브읽기형_var3.릴스_SNS도배.두쫀쿠다음.X_1P_문선정_260612_빙과_이수현,16,0,31.0,0,9,인지
2026-09-01,1874482271269074,[빙과_파인트] 파인트 전체_전환_video,8월 4주차_재집행_B,[25.07]F_V_P말_전환_멜론바리뉴얼기념_대화형_역네고형_var2.릴스_조회수200만._2507KR1_이석영_250722_1T_이신규_VlIgEhus.mp4_[25.07]F_V_P말_전환_멜론바리뉴얼기념_대화형_역네고형_var2.릴스_조회수200만._2507KR1_이석영_250722_1T_이신규,4389,55,21034.0,3,0,전환
2026-09-01,1874469822085314,[빙과_스틱바]_쫀득바_인지_video,[멜론] 무디 파트너십 광고 (26년 10월까지만 활용 가능),zzung_184.mp4,3583,0,2149.0,0,388,인지
2026-09-01,1874056375754034,[빙과_스틱바]_쫀득바_인지_video,[멜론] 무디 파트너십 광고 (26년 10월까지만 활용 가능),honijam,9,0,12.0,0,3,인지
2026-09-01,1874056375749938,[빙과_스틱바]_쫀득바_인지_video,[멜론] 무디 파트너십 광고 (26년 10월까지만 활용 가능),minimore.927,18,0,25.0,0,6,인지
2026-09-01,1874056375753010,[빙과_스틱바]_쫀득바_인지_video,[멜론] 무디 파트너십 광고 (26년 10월까지만 활용 가능),doyouknow_omg,65,0,109.0,0,23,인지
2026-09-01,1874481450892930,[빙과_파인트] 파인트 전체_전환_video,8월 4주차_재집행_A,[25.07]F_V_P말_전환_멜론바리뉴얼기념_대화형_네고형_main.릴스_집에서네고._2507KR1_이석영_250721_1T_이신규_8IWqZeAS.mp4_[25.07]F_V_P말_전환_멜론바리뉴얼기념_대화형_네고형_main.릴스_집에서네고._2507KR1_이석영_250721_1T_이신규,542,16,3921.0,1,0,전환
2026-09-01,1874481447110194,[빙과_파인트] 파인트 전체_전환_video,8월 4주차_재집행_A,[25.10]F_V_P말_전환_멜론바리뉴얼기념_네고형_역네고_var2.릴스_숏._2510KR0_안예빈_251031_1T_조의진_GnMY4ypb.mp4_[25.10]F_V_P말_전환_멜론바리뉴얼기념_네고형_역네고_var2.릴스_숏._2510KR0_안예빈_251031_1T_조의진,1483,38,15605.0,5,0,전환
2026-09-01,1874056375754002,[빙과_스틱바]_쫀득바_인지_video,[멜론] 무디 파트너십 광고 (26년 10월까지만 활용 가능),haaube,215,0,180.0,0,31,인지
2026-09-01,1874056375749906,[빙과_스틱바]_쫀득바_인지_video,[멜론] 무디 파트너십 광고 (26년 10월까지만 활용 가능),niker_jaen,37,0,80.0,0,14,인지
2026-09-01,1874056375746834,[빙과_스틱바]_쫀득바_인지_video,[멜론] 무디 파트너십 광고 (26년 10월까지만 활용 가능),quan_d_,784,0,579.0,0,107,인지
2026-09-01,1874056375752978,[빙과_스틱바]_쫀득바_인지_video,[멜론] 무디 파트너십 광고 (26년 10월까지만 활용 가능),ddu___0,182,0,296.0,0,52,인지
2026-09-01,1874676672568577,[빙과_스틱바]_쫀득바_인지2_video,[멜론쫀득바] [26.08] 인지_바이럴형_백정BP바이럴화_정요한,[26.08]F_V_JD멜_인지_쫀득바출시_바이럴형_썰풀기형_main.렉카_대기업협박.X_스틱바P_황경원_260827_빙과_정요한_B1EMbrPN.mp4_[26.08]F_V_JD멜_인지_쫀득바출시_바이럴형_썰풀기형_main.렉카_대기업협박.X_스틱바P_황경원_260827_빙과_정요한.mp4,3026,0,5716.0,0,1049,인지
2026-09-01,1874481799418177,[빙과_파인트] 파인트 전체_전환_video,8월 4주차_재집행_C,[25.11]F_V_P복_전환_상시_취식강조형_ASMR_main.릴스_토핑+혜택._2511KR0_안예빈_251128_2T_신지우_3qUiPoys.mp4_[25.11]F_V_P복_전환_상시_취식강조형_ASMR_main.릴스_토핑+혜택._2511KR0_안예빈_251128_2T_신지우,1349,25,11258.0,3,0,전환
2026-09-01,1874676672569601,[빙과_스틱바]_쫀득바_인지2_video,[멜론쫀득바] [26.08] 인지_바이럴형_백정BP바이럴화_정요한,[26.08]F_V_JD멜_인지_쫀득바출시_바이럴형_정보전달형_main.렉카_식품업계미투제품.X_스틱바P_황경원_260827_빙과_정요한_K4UxAq8r.mp4_[26.08]F_V_JD멜_인지_쫀득바출시_바이럴형_정보전달형_main.렉카_식품업계미투제품.X_스틱바P_황경원_260827_빙과_정요한.mp4,19061,0,35986.0,0,6738,인지
2026-09-01,1873959662238770,[빙과_스틱바]_쫀득바_인지2_video,[멜론] 유튜버썰풀기형_6.3W,[26.06]F_V_JD멜_인지_쫀득바출시_숏츠형_유튜브읽기형_main.릴스_1년에한달.X_1P_문선정_260612_빙과_이수현_fA5aYhzs.mp4_[26.06]F_V_JD멜_인지_쫀득바출시_숏츠형_유튜브읽기형_main.릴스_1년에한달.X_1P_문선정_260612_빙과_이수현,203,0,428.0,0,77,인지
2026-09-01,1874370068335249,[빙과_스틱바]_쫀득바_인지2_video,[멜론] 무디 파트너십 광고 (26년 10월까지만 활용 가능),cmonprefere__k_Hx4qLXWs.mp4_cmonprefere__k,174,0,222.0,0,43,인지
2026-09-01,1875114422829106,[빙과_스틱바]_쫀득바_인지_video,[멜론] 닥터후,[26.08]F_V_JD멜_인지_쫀득바출시_바이럴형_권위 설득형_var1.렉카_닥터후.현재 5세대 초통령이라는 500만 틱톡커 ㄷㄷ.X_스틱바P_김바다_260826_빙과_김도희,1641,0,1317.0,0,264,인지
2026-09-01,1874762142926161,[빙과_스틱바]_복쫀바_인지2_video,[복숭아] 8월4주차_맛인지_노현경,_26.08_F_V_JD__________var5.___.X__P___260828_____f7aba5a3a3f8.mp4_[26.08]F_V_JD복_인지_복쫀바출시_맛인지형_오먹_var5.릴스_생그릭요거트.X_스틱바P_이재원_260828_빙과_노현경.mp4,207,0,304.0,0,62,인지
2026-09-01,1874762145489121,[빙과_스틱바]_복쫀바_인지2_video,[복숭아] 8월4주차_맛인지_노현경,_26.08_F_V_JD__________var4.__100_.X__P___260828_____fd8396e09804.mp4_[26.08]F_V_JD복_인지_복쫀바출시_맛인지형_오먹_var4.릴스_100프로복숭아농축액.X_스틱바P_이재원_260828_빙과_노현경.mp4,186,0,280.0,0,58,인지
2026-09-01,1874370091722833,[빙과_스틱바]_쫀득바_인지2_video,[멜론] 무디 파트너십 광고 (26년 10월까지만 활용 가능),payforyouth__j28UIP7Q.mp4_payforyouth_,256,0,518.0,0,111,인지
2026-09-01,1875122824693297,[빙과_스틱바]_쫀득바_인지2_video,[멜론] 닥터후,[26.08]F_V_JD멜_인지_쫀득바출시_바이럴형_권위 설득형_main.렉카_닥터후.500만 틱톡커가 먹어본 초딩 유행템_.X_스틱바P_김바다_260826_빙과_김도희_TrglhEwL.mp4_[26.08]F_V_JD멜_인지_쫀득바출시_바이럴형_권위 설득형_main.렉카_닥터후.500만 틱톡커가 먹어본 초딩 유행템_.X_스틱바P_김바다_260826_빙과_김도희,39634,0,78760.0,0,15277,인지
2026-09-01,1874668485403794,[빙과_스틱바]_쫀득바_인지_video,[복숭아] 8월4주차_맛인지_노현경,[26.08] F_V_JD복_인지_복쫀바출시_맛인지형_오먹_main.릴스_납작복숭아가격비교.X_스틱바P_이재원_260827_빙과_노현경,39240,0,138740.0,0,4817,인지
2026-09-01,1874482268356146,[빙과_파인트] 파인트 전체_전환_video,8월 4주차_재집행_B,[25.07]F_V_P초_전환_멜론바리뉴얼기념_직원리뷰형_초코파인트_main.릴스_악플후킹._2507KR1_영상팀_250725_1T_한지희_cHjS0hL3.mp4_[25.07]F_V_P초_전환_멜론바리뉴얼기념_직원리뷰형_초코파인트_main.릴스_악플후킹._2507KR1_영상팀_250725_1T_한지희,1087,20,11040.0,0,0,전환
2026-09-01,1874668517411906,[빙과_스틱바]_쫀득바_인지_video,[멜론쫀득바] [26.08] 인지_바이럴형_백정BP바이럴화_정요한,[26.08]F_V_JD멜_인지_쫀득바출시_바이럴형_정보전달형_main.렉카_식품업계미투제품.X_스틱바P_황경원_260827_빙과_정요한.mp4,3628,0,6178.0,0,1160,인지
2026-09-01,1874481448852033,[빙과_파인트] 파인트 전체_전환_video,8월 4주차_재집행_A,[25.07]F_V_P초_전환_멜론바리뉴얼기념_직원리뷰형_초코파인트_var1.릴스_쫀득후킹._2507KR1_영상팀_250725_1T_한지희_djhgNRi8.mp4_[25.07]F_V_P초_전환_멜론바리뉴얼기념_직원리뷰형_초코파인트_var1.릴스_쫀득후킹._2507KR1_영상팀_250725_1T_한지희,1535,36,16854.0,3,0,전환
2026-09-01,1873959656457905,[빙과_스틱바]_쫀득바_인지2_video,[멜론] 요거트바BP_6.3W,[26.06]F_V_JD멜_인지_쫀득바출시_인물리뷰형_편의점원정_var2.릴스_퀄리티.X_1P_문선정_260612_빙과_정요한_F6rWEnOX.mp4_[26.06]F_V_JD멜_인지_쫀득바출시_인물리뷰형_편의점원정_var2.릴스_퀄리티.X_1P_문선정_260612_빙과_정요한,13,0,29.0,0,5,인지
2026-09-01,1873959502194113,[빙과_스틱바]_쫀득바_인지2_video,[멜론] 현지인도못구하는_7.1W,[26.07]F_V_JD멜_인지_쫀득바출시_인플루언서형_인플루언서형_main.릴스_비행기표취소.X_1P_문선정_260703_빙과_정하얀_6J9yLGRu.mp4_[26.07]F_V_JD멜_인지_쫀득바출시_인플루언서형_인플루언서형_main.릴스_비행기표취소.X_1P_문선정_260703_빙과_정하얀,101,0,142.0,0,28,인지
2026-09-01,1874729216782561,[빙과_스틱바]_쫀득바_인지_video,[멜론] 무디 파트너십 광고 (26년 10월까지만 활용 가능),miju_yah.mp4,43,0,36.0,0,7,인지
2026-09-01,1874056375748786,[빙과_스틱바]_쫀득바_인지_video,[멜론] 무디 파트너십 광고 (26년 10월까지만 활용 가능),yesoolcat,38,0,17.0,0,4,인지
2026-09-01,1874056375745714,[빙과_스틱바]_쫀득바_인지_video,[멜론] 무디 파트너십 광고 (26년 10월까지만 활용 가능),bbuni_sol,23,0,3.0,0,1,인지
2026-09-01,1874370060202321,[빙과_스틱바]_쫀득바_인지2_video,[멜론] 무디 파트너십 광고 (26년 10월까지만 활용 가능),eunbynko_XVZyBHut.mp4_eunbynko,235,0,570.0,0,126,인지
2026-09-01,1874370083000546,[빙과_스틱바]_쫀득바_인지2_video,[멜론] 무디 파트너십 광고 (26년 10월까지만 활용 가능),s_eo__fit_xO7qAYSe.mp4_s_eo__fit,37,0,103.0,0,23,인지
2026-09-01,1874056375748754,[빙과_스틱바]_쫀득바_인지_video,[멜론] 무디 파트너십 광고 (26년 10월까지만 활용 가능),unyouu,13,0,28.0,0,5,인지
2026-09-01,1874370098478129,[빙과_스틱바]_쫀득바_인지2_video,[멜론] 무디 파트너십 광고 (26년 10월까지만 활용 가능),kdaaeng_5cY4RH6h.mp4_kdaaeng,154,0,324.0,0,82,인지
2026-09-01,1874370084367666,[빙과_스틱바]_쫀득바_인지2_video,[멜론] 무디 파트너십 광고 (26년 10월까지만 활용 가능),siyeonyoojoa_cRqTQrdi.mp4_siyeonyoojoa,728,0,1524.0,0,298,인지
2026-09-01,1875122823986498,[빙과_스틱바]_쫀득바_인지2_video,[멜론] 닥터후,[26.08]F_V_JD멜_인지_쫀득바출시_바이럴형_권위 설득형_var1.렉카_닥터후.현재 5세대 초통령이라는 500만 틱톡커 ㄷㄷ.X_스틱바P_김바다_260826_빙과_김도희 (1)_VQhzNg47.mp4_[26.08]F_V_JD멜_인지_쫀득바출시_바이럴형_권위 설득형_var1.렉카_닥터후.현재 5세대 초통령이라는 500만 틱톡커 ㄷㄷ.X_스틱바P_김바다_260826_빙과_김도희,3266,0,4261.0,0,755,인지
2026-09-01,1873959601100177,[빙과_스틱바]_쫀득바_인지2_video,[멜론] 인플루언서형_6.3W,[26.06]F_V_JD멜_인지_상시_인플루언서형_인플루언서형.인지_var2.릴스_대세감.X_1P_문선정_260619_빙과_이수민_Bwvr3K0z.mp4_[26.06]F_V_JD멜_인지_상시_인플루언서형_인플루언서형.인지_var2.릴스_대세감.X_1P_문선정_260619_빙과_이수민,87,0,192.0,0,41,인지
2026-09-01,1874481449263409,[빙과_파인트] 파인트 전체_전환_video,8월 4주차_재집행_A,[25.07]F_V_P초_전환_멜론바리뉴얼기념_대화형_역네고_var2.릴스_이사악플._2507KR1_영상팀_250725_1T_윤하린_H1tnIqEz.mp4_[25.07]F_V_P초_전환_멜론바리뉴얼기념_대화형_역네고_var2.릴스_이사악플._2507KR1_영상팀_250725_1T_윤하린,1746,25,11410.0,1,0,전환
2026-09-01,1874753276174786,[빙과_스틱바]_쫀득바_인지_video,[복숭아] 8월4주차_맛인지_노현경,[26.08]F_V_JD복_인지_복쫀바출시_맛인지형_오먹_var1.릴스_과일계 에르메스.X_스틱바P_이재원_260828_빙과_노현경.mp4,101,0,413.0,0,15,인지
2026-09-01,1873959574894593,[빙과_스틱바]_쫀득바_인지2_video,[멜론] 써우리BP_6.4W,[26.06]F_V_JD멜_인지_쫀득바출시_맛인지형_맛인지형.인지_var2.릴스_품절대란.X_1P_문선정_260612_빙과_이수민_X4dmxg8T.mp4_[26.06]F_V_JD멜_인지_쫀득바출시_맛인지형_맛인지형.인지_var2.릴스_품절대란.X_1P_문선정_260612_빙과_이수민,116,0,408.0,0,86,인지
2026-09-01,1874753276174818,[빙과_스틱바]_쫀득바_인지_video,[복숭아] 8월4주차_맛인지_노현경,[26.08]F_V_JD복_인지_복쫀바출시_맛인지형_오먹_var6.릴스_1위.X_스틱바P_이재원_260828_빙과_노현경.mp4,6845,0,23372.0,0,754,인지
2026-09-01,1874762142929441,[빙과_스틱바]_복쫀바_인지2_video,[복숭아] 8월4주차_맛인지_노현경,_26.08_F_V_JD__________var7.___.X__P___260828_____ca0f6be6a99e.mp4_[26.08]F_V_JD복_인지_복쫀바출시_맛인지형_오먹_var7.릴스_유럽.X_스틱바P_이재원_260828_빙과_노현경.mp4,192,0,236.0,0,43,인지
2026-09-01,1874753276173698,[빙과_스틱바]_쫀득바_인지_video,[복숭아] 8월4주차_맛인지_노현경,[26.08]F_V_JD복_인지_복쫀바출시_맛인지형_오먹_var2.릴스_후숙복숭아.X_스틱바P_이재원_260828_빙과_노현경.mp4,509,0,3363.0,0,116,인지
2026-09-01,1873959488337921,[빙과_스틱바]_쫀득바_인지2_video,[멜론] 전세계에서일본에만_7.1W,[26.07]F_V_JD멜_인지_쫀득바출시_인물리뷰형_인물리뷰형_var3.릴스_상단.GS1등.X_2P_문선정_260703_빙과_유영현_8cUvPSAN.mp4_[26.07]F_V_JD멜_인지_쫀득바출시_인물리뷰형_인물리뷰형_var3.릴스_상단.GS1등.X_2P_문선정_260703_빙과_유영현,11,0,30.0,0,5,인지
2026-09-01,1874753276176770,[빙과_스틱바]_쫀득바_인지_video,[복숭아] 8월4주차_맛인지_노현경,[26.08]F_V_JD복_인지_복쫀바출시_맛인지형_오먹_var3.릴스_쫀득복숭아.X_스틱바P_이재원_260828_빙과_노현경.mp4,5781,0,24814.0,0,766,인지
2026-09-01,1874030323030129,[빙과_스틱바]_쫀득바_인지2_video,[멜론] 인플루언서형_6.3W,[26.06]F_V_JD멜_인지_상시_인플루언서형_인플루언서형.인지_main.릴스_공통.X_1P_문선정_260619_빙과_이수민_OcQS8Jtk.mp4_Copy 3 of [26.06]F_V_JD멜_인지_상시_인플루언서형_인플루언서형.인지_main.릴스_공통.X_1P_문선정_260619_빙과_이수민,12,0,45.0,0,9,인지
2026-09-01,1873959600941425,[빙과_스틱바]_쫀득바_인지2_video,[멜론] 인플루언서형_6.3W,[26.06]F_V_JD멜_인지_상시_인플루언서형_인플루언서형.인지_var1.릴스_쫀득 후킹.X_1P_문선정_260619_빙과_이수민_HCZXPTgo.mp4_[26.06]F_V_JD멜_인지_상시_인플루언서형_인플루언서형.인지_var1.릴스_쫀득 후킹.X_1P_문선정_260619_빙과_이수민,12,0,28.0,0,6,인지
2026-09-01,1874056375751922,[빙과_스틱바]_쫀득바_인지_video,[멜론] 무디 파트너십 광고 (26년 10월까지만 활용 가능),cmonprefere__k,41,0,30.0,0,5,인지
2026-09-01,1874056375746802,[빙과_스틱바]_쫀득바_인지_video,[멜론] 무디 파트너십 광고 (26년 10월까지만 활용 가능),s_eo__fit,5,0,6.0,0,1,인지
2026-09-01,1873959568365938,[빙과_스틱바]_쫀득바_인지2_video,[멜론] 부자들만먹는_6.4W,[26.06]F_V_JD멜_인지_쫀득바출시_신규BP_먹방형_var3.릴스_5만원멜론.X_1P_문선정_260626_빙과_이수민_4jVCt9QI.mp4_[26.06]F_V_JD멜_인지_쫀득바출시_신규BP_먹방형_var3.릴스_5만원멜론.X_1P_문선정_260626_빙과_이수민,8,0,3.0,0,1,인지
2026-09-01,1874370076917153,[빙과_스틱바]_쫀득바_인지2_video,[멜론] 무디 파트너십 광고 (26년 10월까지만 활용 가능),niker_jaen_dE0hLqZD.mp4_niker_jaen,398,0,1094.0,0,233,인지
2026-09-01,1873959492107505,[빙과_스틱바]_쫀득바_인지2_video,[멜론] 전세계에서일본에만_7.1W,[26.07]F_V_JD멜_인지_쫀득바출시_인물리뷰형_인물리뷰형_var5.릴스_대세왁뿌.X_2P_문선정_260703_빙과_유영현_nmCE6i3s.mp4_[26.07]F_V_JD멜_인지_쫀득바출시_인물리뷰형_인물리뷰형_var5.릴스_대세왁뿌.X_2P_문선정_260703_빙과_유영현,2,0,11.0,0,2,인지
2026-09-01,1874762142924033,[빙과_스틱바]_복쫀바_인지2_video,[복숭아] 8월4주차_맛인지_노현경,_26.08_F_V_JD__________var3.___.X__P___260828_____1ddee9a8eb9c.mp4_[26.08]F_V_JD복_인지_복쫀바출시_맛인지형_오먹_var3.릴스_쫀득복숭아.X_스틱바P_이재원_260828_빙과_노현경.mp4,635,0,1032.0,0,190,인지
2026-09-01,1873959526530242,[빙과_스틱바]_쫀득바_인지2_video,[멜론] 책상네고 대체_6.4W,[26.06]F_V_JD멜_인지_쫀득바출시_기타_비하인드썰풀기_var2.릴스_POV.X_1P_김유진_260626_빙과_강다빈_dvNEWTwx.mp4_[26.06]F_V_JD멜_인지_쫀득바출시_기타_비하인드썰풀기_var2.릴스_POV.X_1P_김유진_260626_빙과_강다빈,20,0,36.0,0,6,인지
2026-09-01,1874734943788354,[빙과_스틱바]_쫀득바_인지2_video,[멜론] 무디 파트너십 광고 (26년 10월까지만 활용 가능),kwaksuaaaa_qdpYkeKP.mp4_kwaksuaaaa.mp4,2804,0,7359.0,0,1705,인지
2026-09-01,1873959559414865,[빙과_스틱바]_쫀득바_인지2_video,[멜론] 부자들만먹는_6.4W,[26.06]F_V_JD멜_인지_쫀득바출시_신규BP_먹방형_main.릴스_공통.X_1P_문선정_260626_빙과_이수민_6K4RW1kr.mp4_[26.06]F_V_JD멜_인지_쫀득바출시_신규BP_먹방형_main.릴스_공통.X_1P_문선정_260626_빙과_이수민,101,0,228.0,0,51,인지
2026-09-01,1874469822085282,[빙과_스틱바]_쫀득바_인지_video,[멜론] 무디 파트너십 광고 (26년 10월까지만 활용 가능),eunring_.mp4,54,0,41.0,0,8,인지
2026-09-01,1874055831450833,[빙과_스틱바]_쫀득바_인지_video,[멜론] 무디 파트너십 광고 (26년 10월까지만 활용 가능),kdaaeng,67,0,42.0,0,9,인지
2026-09-01,1873959526530274,[빙과_스틱바]_쫀득바_인지2_video,[멜론] 책상네고 대체_6.4W,[26.06]F_V_JD멜_인지_쫀득바출시_기타_비하인드썰풀기_var1.릴스_짤림후킹.X_1P_김유진_260626_빙과_강다빈_N8xnAoaE.mp4_[26.06]F_V_JD멜_인지_쫀득바출시_기타_비하인드썰풀기_var1.릴스_짤림후킹.X_1P_김유진_260626_빙과_강다빈,479,0,241.0,0,59,인지
2026-09-01,1874482268234081,[빙과_파인트] 파인트 전체_전환_video,8월 4주차_재집행_B,[26.04]F_V_P망_전환_망요파출시_네고형_관계성네고형_var1.릴스_규모감.X_1C_고가영_260424_1T_이미진_rjVDm9b1.mp4_[26.04]F_V_P망_전환_망요파출시_네고형_관계성네고형_var1.릴스_규모감.X_1C_고가영_260424_1T_이미진,1110,22,5119.0,1,0,전환
2026-09-01,1874127223750993,[빙과_스틱바]_쫀득바_인지2_video,[멜론] 닥터후,"#광고 요즘 초등학생들 사이에서 포켓몬보다 구하기 어렵고 왁뿌볼보다 핫하다는 GS 멜론쫀득바 드디어 구했다자스!!! 🍈🔥   라떼 먹던 메롱바인 줄 알고 방심했다가 콰작 부서지는 왁뿌 식감이랑 쭈-욱 끝도 없이 늘어나는 쫀쫀함에 완벽하게 감탄했습니다... 🤤 요즘은 급식으로도 나온다는데 찐한 멜론 맛이라 마라탕 먹고 디저트로 먹으면 완벽 그 자체 ㅋㅋㅋ 초딩들이 왜 환장하는지 바로 납득 완! 👍   🎁 닥터후 역대급 나눔 & 팬미팅 이벤트! 편의점 5트만에 겨우 구한 멜론쫀득바, 우리 친구들 나눠주려고 무려 120개나 준비했습니다! 🍦",6000,133,8026.0,0,1644,인지
2026-09-01,1874030333521250,[빙과_스틱바]_쫀득바_인지2_video,[멜론] 초딩유행템2_6.4W,[26.06]F_V_JD멜_인지_쫀득바출시_신규BP_써우리BP_var2.릴스_혜택.X_1P_문선정_260626_빙과_김진수_AGmDZ35w.mp4_[26.06]F_V_JD멜_인지_쫀득바출시_신규BP_써우리BP_var2.릴스_혜택.X_1P_문선정_260626_빙과_김진수,343,0,682.0,0,136,인지
2026-09-01,1873959480704162,[빙과_스틱바]_쫀득바_인지2_video,[멜론] 관계성네고_7.1W,[26.07]F_V_JD멜_인지_쫀득바출시_인물리뷰형_관계성_var6.릴스_잔소리후킹.X_1P_김유진_260703_빙과_강다빈_8xsJGKVk.mp4_[26.07]F_V_JD멜_인지_쫀득바출시_인물리뷰형_관계성_var6.릴스_잔소리후킹.X_1P_김유진_260703_빙과_강다빈,305,0,567.0,0,116,인지
2026-09-01,1873959494450194,[빙과_스틱바]_쫀득바_인지2_video,[멜론] 1위단독_7.1W,[26.07]F_V_JD멜_인지_쫀득바출시_바이럴형_커뮤니티형_var4.릴스_판매중단.모쏠친구.X_1P_문선정_260703_빙과_김진수_XUDBqtTs.mp4_[26.07]F_V_JD멜_인지_쫀득바출시_바이럴형_커뮤니티형_var4.릴스_판매중단.모쏠친구.X_1P_문선정_260703_빙과_김진수,1088,0,1818.0,0,328,인지
2026-09-01,1873959559414897,[빙과_스틱바]_쫀득바_인지2_video,[멜론] 부자들만먹는_6.4W,[26.06]F_V_JD멜_인지_쫀득바출시_신규BP_먹방형_var2.릴스_먹방.X_1P_문선정_260626_빙과_이수민_jNE7zmU8.mp4_[26.06]F_V_JD멜_인지_쫀득바출시_신규BP_먹방형_var2.릴스_먹방.X_1P_문선정_260626_빙과_이수민,27,0,15.0,0,3,인지
2026-09-01,1871586578988241,[빙과_스틱바]_쫀득바_인지_video,0724_추성훈BP_JD멜,[26.07]F_V_JD멜_인지_쫀득바출시_신규BP_추성훈BP_var2.렉카_1204호.7월.수민PJ_1P_영상팀_260724_빙과_이수민,33471,0,99258.0,0,8198,인지
2026-09-01,1874481795997265,[빙과_파인트] 파인트 전체_전환_video,8월 4주차_재집행_C,[26.03]F_V_P초_전환_복요파출시_네고형_전화네고형_var3.릴스_CS. 본론.03_00_고가영_260306_1T_강다빈_XCDJjqZB.mp4_[26.03]F_V_P초_전환_복요파출시_네고형_전화네고형_var3.릴스_CS. 본론.03_00_고가영_260306_1T_강다빈,1237,24,7421.0,3,0,전환
2026-09-01,1873959512707137,[빙과_스틱바]_쫀득바_인지2_video,[멜론] 일본원정템_7.1W,[26.07]F_V_JD멜_인지_쫀득바출시_신규BP_외부BP_var3.릴스_화내기.X_2P_문선정_260703_빙과_이하림_G6x0joRE.mp4_[26.07]F_V_JD멜_인지_쫀득바출시_신규BP_외부BP_var3.릴스_화내기.X_2P_문선정_260703_빙과_이하림,26,0,59.0,0,10,인지
2026-09-01,1874030321444945,[빙과_스틱바]_쫀득바_인지2_video,[멜론] 컨비니BP_6.3W,[26.06]F_V_JD멜_인지_쫀득바출시_제조과정형_컨비니BP_var5.릴스_공통.할인.X_1P_김유진_260619_빙과_정요한_7cNBXRYq.mp4_[26.06]F_V_JD멜_인지_쫀득바출시_제조과정형_컨비니BP_var5.릴스_공통.할인.X_1P_김유진_260619_빙과_정요한,299,0,994.0,0,195,인지
2026-09-01,1871586559538209,[빙과_스틱바]_쫀득바_인지_video,0724_추성훈BP_JD멜,[26.07]F_V_JD멜_인지_쫀득바출시_신규BP_추성훈BP_var5.렉카_매출1등.7월.수민PJ_1P_영상팀_260724_빙과_이수민,485,0,1917.0,0,164,인지
2026-09-01,1874469822085266,[빙과_스틱바]_쫀득바_인지_video,[멜론] 무디 파트너십 광고 (26년 10월까지만 활용 가능),okindflower.mp4,122,0,287.0,0,59,인지
2026-09-01,1874030334903522,[빙과_스틱바]_쫀득바_인지2_video,[멜론] 1년후에받는_6.4W,[26.06]F_V_JD멜_인지_쫀득바출시_신규BP_써우리BP_main.릴스_공통.X_1P_문선정_260626_빙과_이수민_ATprqdNR.mp4_[26.06]F_V_JD멜_인지_쫀득바출시_신규BP_써우리BP_main.릴스_공통.X_1P_문선정_260626_빙과_이수민,42,0,90.0,0,15,인지
2026-09-01,1874759704807857,[빙과_스틱바]_쫀득바_인지2_video,[멜론쫀득바] [26.08] 인지_바이럴형_백정BP바이럴화_정요한,[26.08]F_V_JD멜_인지_쫀득바출시_바이럴형_ai형_main.렉카_식품업계미투제품.X_스틱바P_황경원_260828_빙과_정요한.mp4_[26.08]F_V_JD멜_인지_쫀득바출시_바이럴형_ai형_main.렉카_식품업계미투제품.X_스틱바P_황경원_260828_빙과_정요한.mp4,1999,0,3537.0,0,661,인지
2026-09-01,1874056375749954,[빙과_스틱바]_쫀득바_인지_video,[멜론] 무디 파트너십 광고 (26년 10월까지만 활용 가능),leem_life,382,0,310.0,0,53,인지
2026-09-01,1873959606553906,[빙과_스틱바]_쫀득바_인지2_video,[멜론] 수박BP_6.3W,[26.06]F_V_JD멜_인지_쫀득바출시_맛인지형_수박BP_main.릴스_1년에딱.X_1P_김유진_260619_빙과_정하얀_4WnKJzct.mp4_[26.06]F_V_JD멜_인지_쫀득바출시_맛인지형_수박BP_main.릴스_1년에딱.X_1P_김유진_260619_빙과_정하얀,95,0,273.0,0,58,인지
2026-09-01,1874690849992082,[빙과_스틱바]_복쫀바_인지2_video,[복숭아] 8월4주차_맛인지_노현경,_26.08_F_V_JD__________main.___.X__P___260827_____991758515177.mp4_[26.08] F_V_JD복_인지_쫀득바출시_맛인지형_오먹_main.릴스_납작복숭아가격비교.X_스틱바P_이재원_260827_빙과_노현경,1781,0,2045.0,0,370,인지
2026-09-01,1874759609751826,[빙과_스틱바]_쫀득바_인지_video,[멜론쫀득바] [26.08] 인지_바이럴형_백정BP바이럴화_정요한,[26.08]F_V_JD멜_인지_쫀득바출시_바이럴형_ai형_main.렉카_식품업계미투제품.X_스틱바P_황경원_260828_빙과_정요한.mp4,725,0,915.0,0,178,인지
2026-09-01,1873959585040561,[빙과_스틱바]_쫀득바_인지2_video,[망고] 맛인지_6.3W,[26.06]F_V_JD망_인지_쫀득바출시_맛인지형_맛인지형.인지_var3.릴스_대세감.진수.6월.수민PJ_2P_문선정_260619_빙과_김지연_694xYrHj.mp4_[26.06]F_V_JD망_인지_쫀득바출시_맛인지형_맛인지형.인지_var3.릴스_대세감.진수.6월.수민PJ_2P_문선정_260619_빙과_김지연,4,0,3.0,0,1,인지
2026-09-01,1873959572271185,[빙과_스틱바]_쫀득바_인지2_video,[멜론] 써우리BP_6.4W,[26.06]F_V_JD멜_인지_쫀득바출시_맛인지형_맛인지형.인지_var1.릴스_왁뿌볼.X_1P_문선정_260612_빙과_이수민_EwQB6yWu.mp4_[26.06]F_V_JD멜_인지_쫀득바출시_맛인지형_맛인지형.인지_var1.릴스_왁뿌볼.X_1P_문선정_260612_빙과_이수민,17,0,37.0,0,8,인지
2026-09-01,1874734944122306,[빙과_스틱바]_쫀득바_인지2_video,[멜론] 무디 파트너십 광고 (26년 10월까지만 활용 가능),miju_yah_n5sMw4xC.mp4_miju_yah.mp4,4617,0,13752.0,0,2793,인지
2026-09-01,1874370071281842,[빙과_스틱바]_쫀득바_인지2_video,[멜론] 무디 파트너십 광고 (26년 10월까지만 활용 가능),d_love_ys_cZCijq4g.mp4_d_love_ys,61638,0,137685.0,0,25456,인지
2026-09-01,1874481797616834,[빙과_파인트] 파인트 전체_전환_video,8월 4주차_재집행_C,[25.12]F_V_P복_전환_복요파출시_기타_미틀리에(소고기)BP_var2.릴스_반반._2512KR0_전시은_251219_1T_피재은_6iPRb34q.mp4_[25.12]F_V_P복_전환_복요파출시_기타_미틀리에(소고기)BP_var2.릴스_반반._2512KR0_전시은_251219_1T_피재은,4406,95,24594.0,4,0,전환
2026-09-01,1874056375754018,[빙과_스틱바]_쫀득바_인지_video,[멜론] 무디 파트너십 광고 (26년 10월까지만 활용 가능),suj_43,441,0,453.0,0,80,인지
2026-09-01,1874056375749922,[빙과_스틱바]_쫀득바_인지_video,[멜론] 무디 파트너십 광고 (26년 10월까지만 활용 가능),payforyouth_,9,0,5.0,0,2,인지
2026-09-01,1874056375752994,[빙과_스틱바]_쫀득바_인지_video,[멜론] 무디 파트너십 광고 (26년 10월까지만 활용 가능),dodoscene,55,0,54.0,0,12,인지
2026-09-01,1873959671881745,[빙과_스틱바]_쫀득바_인지2_video,[멜론] 유튜버썰풀기형_6.3W,[26.06]F_V_JD멜_인지_쫀득바출시_숏츠형_유튜브읽기형_var6.릴스_업계최초.의외로.X_1P_문선정_260612_빙과_이수현_KyiOqcTE.mp4_[26.06]F_V_JD멜_인지_쫀득바출시_숏츠형_유튜브읽기형_var6.릴스_업계최초.의외로.X_1P_문선정_260612_빙과_이수현,178,0,244.0,0,46,인지
2026-09-01,1874056375753986,[빙과_스틱바]_쫀득바_인지_video,[멜론] 무디 파트너십 광고 (26년 10월까지만 활용 가능),eunbynko,219,0,252.0,0,44,인지
2026-09-01,1874056375746818,[빙과_스틱바]_쫀득바_인지_video,[멜론] 무디 파트너십 광고 (26년 10월까지만 활용 가능),riverbinn,27,0,56.0,0,15,인지
2026-09-01,1874370094864626,[빙과_스틱바]_쫀득바_인지2_video,[멜론] 무디 파트너십 광고 (26년 10월까지만 활용 가능),bbuni_sol_0lW2JXmG.mp4_bbuni_sol,351,0,927.0,0,215,인지
2026-09-01,1873959550576913,[빙과_스틱바]_쫀득바_인지2_video,[멜론] 1년후에받는_6.4W,[26.06]F_V_JD멜_인지_쫀득바출시_신규BP_써우리BP_var3.릴스_찾는척.X_1P_문선정_260626_빙과_이수민_dsA5VQTS.mp4_[26.06]F_V_JD멜_인지_쫀득바출시_신규BP_써우리BP_var3.릴스_찾는척.X_1P_문선정_260626_빙과_이수민,3416,0,5513.0,0,1018,인지
2026-09-01,1875115166150738,[빙과_스틱바]_쫀득바_인지_video,[멜론] 닥터후,[26.08]F_V_JD멜_인지_쫀득바출시_바이럴형_권위 설득형_main.렉카_닥터후.500만 틱톡커가 먹어본 초딩 유행템_.X_스틱바P_김바다_260826_빙과_김도희,14868,0,19729.0,0,4950,인지
2026-09-01,1874030338066737,[빙과_스틱바]_쫀득바_인지2_video,[멜론] 현지인도못구하는_7.1W,[26.07]F_V_JD멜_인지_쫀득바출시_인플루언서형_인플루언서형_var2.릴스_인물먼저.X_1P_문선정_260703_빙과_정하얀_JOamzo0T.mp4_[26.07]F_V_JD멜_인지_쫀득바출시_인플루언서형_인플루언서형_var2.릴스_인물먼저.X_1P_문선정_260703_빙과_정하얀,105,0,326.0,0,82,인지
2026-09-01,1873959668420802,[빙과_스틱바]_쫀득바_인지2_video,[멜론] 유튜버썰풀기형_6.3W,[26.06]F_V_JD멜_인지_쫀득바출시_숏츠형_유튜브읽기형_var2.릴스_원조이김.국민템.X_1P_문선정_260612_빙과_이수현_sC9KkVo2.mp4_[26.06]F_V_JD멜_인지_쫀득바출시_숏츠형_유튜브읽기형_var2.릴스_원조이김.국민템.X_1P_문선정_260612_빙과_이수현,27,0,47.0,0,8,인지
2026-09-01,1874056375751874,[빙과_스틱바]_쫀득바_인지_video,[멜론] 무디 파트너십 광고 (26년 10월까지만 활용 가능),ksxxida,139,0,211.0,0,72,인지
2026-09-01,1873959654247474,[빙과_스틱바]_쫀득바_인지2_video,[멜론] 요거트바BP_6.3W,[26.06]F_V_JD멜_인지_쫀득바출시_인물리뷰형_편의점원정_main.릴스_공통.X_1P_문선정_260612_빙과_정요한_YkIZOlu0.mp4_[26.06]F_V_JD멜_인지_쫀득바출시_인물리뷰형_편의점원정_main.릴스_공통.X_1P_문선정_260612_빙과_정요한,113,0,315.0,0,68,인지
2026-09-01,1873959586022625,[빙과_스틱바]_쫀득바_인지2_video,[망고] 맛인지_6.3W,[26.06]F_V_JD망_인지_쫀득바출시_맛인지형_맛인지형.인지_var2.릴스_망고맛.진수.6월.수민PJ_2P_문선정_260619_빙과_김지연_85l4f3Aq.mp4_[26.06]F_V_JD망_인지_쫀득바출시_맛인지형_맛인지형.인지_var2.릴스_망고맛.진수.6월.수민PJ_2P_문선정_260619_빙과_김지연,46,0,120.0,0,27,인지
2026-09-01,1873959509313921,[빙과_스틱바]_쫀득바_인지2_video,[멜론] 일본원정템_7.1W,[26.07]F_V_JD멜_인지_쫀득바출시_신규BP_외부BP_var2.릴스_POV.X_2P_문선정_260703_빙과_이하림_vSPVRZmI.mp4_[26.07]F_V_JD멜_인지_쫀득바출시_신규BP_외부BP_var2.릴스_POV.X_2P_문선정_260703_빙과_이하림,119,0,267.0,0,67,인지
2026-09-01,1874370090397122,[빙과_스틱바]_쫀득바_인지2_video,[멜론] 무디 파트너십 광고 (26년 10월까지만 활용 가능),minimore.927_wXMpjCo9.mp4_minimore.927,229,0,671.0,0,140,인지
2026-09-01,1873959502194161,[빙과_스틱바]_쫀득바_인지2_video,[멜론] 현지인도못구하는_7.1W,[26.07]F_V_JD멜_인지_쫀득바출시_인플루언서형_인플루언서형_var1.릴스_제품먼저.X_1P_문선정_260703_빙과_정하얀_gA26O49Z.mp4_[26.07]F_V_JD멜_인지_쫀득바출시_인플루언서형_인플루언서형_var1.릴스_제품먼저.X_1P_문선정_260703_빙과_정하얀,132,0,365.0,0,69,인지
2026-09-01,1874469822087490,[빙과_스틱바]_쫀득바_인지_video,[멜론] 무디 파트너십 광고 (26년 10월까지만 활용 가능),xcvijy.mp4,1562,0,1196.0,0,218,인지
2026-09-01,1873959500695698,[빙과_스틱바]_쫀득바_인지2_video,[멜론] 1위단독_7.1W,[26.07]F_V_JD멜_인지_쫀득바출시_바이럴형_커뮤니티형_var1.릴스_30년만에.신입탕비담당.X_1P_문선정_260702_빙과_김진수_8W5sKwHy.mp4_[26.07]F_V_JD멜_인지_쫀득바출시_바이럴형_커뮤니티형_var1.릴스_30년만에.신입탕비담당.X_1P_문선정_260702_빙과_김진수,115,0,238.0,0,46,인지
2026-09-01,1873959592941730,[빙과_스틱바]_쫀득바_인지2_video,[멜론] 인플루언서형_6.3W,[26.06]F_V_JD멜_인지_상시_인플루언서형_인플루언서형.인지_main.릴스_공통.X_1P_문선정_260619_빙과_이수민_OcQS8Jtk.mp4_[26.06]F_V_JD멜_인지_상시_인플루언서형_인플루언서형.인지_var2.릴스_대세감.X_1P_문선정_260619_빙과_이수민,3,0,6.0,0,1,인지
2026-09-01,1874370063993025,[빙과_스틱바]_쫀득바_인지2_video,[멜론] 무디 파트너십 광고 (26년 10월까지만 활용 가능),ddu___0_Jb76Kdc9.mp4_ddu___0,208,0,357.0,0,69,인지
2026-09-01,1873959599404161,[빙과_스틱바]_쫀득바_인지2_video,[멜론] 인플루언서형_6.3W,[26.06]F_V_JD멜_인지_상시_인플루언서형_인플루언서형.인지_var3.릴스_코어 후킹.X_1P_문선정_260619_빙과_이수민_fHo1zJ0X.mp4_[26.06]F_V_JD멜_인지_상시_인플루언서형_인플루언서형.인지_var3.릴스_코어 후킹.X_1P_문선정_260619_빙과_이수민,4,0,9.0,0,2,인지
2026-09-01,1873959582885234,[빙과_스틱바]_쫀득바_인지2_video,[망고] 맛인지_6.3W,[26.06]F_V_JD망_인지_쫀득바출시_맛인지형_맛인지형.인지_var1.릴스_젤리식감.진수.6월.수민PJ_2P_문선정_260619_빙과_김지연_oqUjrN9C.mp4_[26.06]F_V_JD망_인지_쫀득바출시_맛인지형_맛인지형.인지_var1.릴스_젤리식감.진수.6월.수민PJ_2P_문선정_260619_빙과_김지연,21,0,39.0,0,7,인지
2026-09-01,1874056375748770,[빙과_스틱바]_쫀득바_인지_video,[멜론] 무디 파트너십 광고 (26년 10월까지만 활용 가능),xeoj.ng,58,0,21.0,0,6,인지
2026-09-01,1874762142933521,[빙과_스틱바]_복쫀바_인지2_video,[복숭아] 8월4주차_맛인지_노현경,_26.08_F_V_JD__________var1.___.X__P___260828_____d7c5f8f88f2a.mp4_[26.08]F_V_JD복_인지_복쫀바출시_맛인지형_오먹_var1.릴스_과일계 에르메스.X_스틱바P_이재원_260828_빙과_노현경.mp4,154,0,261.0,0,50,인지
2026-09-01,1874481796937986,[빙과_파인트] 파인트 전체_전환_video,8월 4주차_재집행_C,[26.02]F_V_P초_전환_복요파출시_네고형_책상네고형_main.릴스_기본.03_08_문선정_260220_1T_이미진_gxon3V1J.mp4_[26.02]F_V_P초_전환_복요파출시_네고형_책상네고형_main.릴스_기본.03_08_문선정_260220_1T_이미진,1820,26,5893.0,1,0,전환
2026-09-01,1874370090377506,[빙과_스틱바]_쫀득바_인지2_video,[멜론] 무디 파트너십 광고 (26년 10월까지만 활용 가능),xeoj.ng_L7HK2Ueo.mp4_xeoj.ng,101,0,189.0,0,38,인지
2026-09-01,1873959582885202,[빙과_스틱바]_쫀득바_인지2_video,[망고] 맛인지_6.3W,[26.06]F_V_JD망_인지_쫀득바출시_맛인지형_맛인지형.인지_main.릴스_공통.진수.6월.수민PJ_2P_문선정_260619_빙과_김지연_pI4Fmbu1.mp4_[26.06]F_V_JD망_인지_쫀득바출시_맛인지형_맛인지형.인지_main.릴스_공통.진수.6월.수민PJ_2P_문선정_260619_빙과_김지연,700,0,1072.0,0,211,인지
2026-09-01,1873959596195153,[빙과_스틱바]_쫀득바_인지2_video,[멜론] 인플루언서형_6.3W,[26.06]F_V_JD멜_인지_상시_인플루언서형_인플루언서형.인지_main.릴스_공통.X_1P_문선정_260619_빙과_이수민_OcQS8Jtk.mp4_[26.06]F_V_JD멜_인지_상시_인플루언서형_인플루언서형.인지_main.릴스_공통.X_1P_문선정_260619_빙과_이수민,5,0,6.0,0,1,인지
2026-09-01,1873959487025618,[빙과_스틱바]_쫀득바_인지2_video,[멜론] 전세계에서일본에만_7.1W,[26.07]F_V_JD멜_인지_쫀득바출시_인물리뷰형_인물리뷰형_var6.릴스_1위강조.X_2P_문선정_260703_빙과_유영현_PV7bCcFl.mp4_[26.07]F_V_JD멜_인지_쫀득바출시_인물리뷰형_인물리뷰형_var6.릴스_1위강조.X_2P_문선정_260703_빙과_유영현,4,0,13.0,0,3,인지
2026-09-01,1874729216782545,[빙과_스틱바]_쫀득바_인지_video,[멜론] 무디 파트너십 광고 (26년 10월까지만 활용 가능),kwaksuaaaa.mp4,21,0,2.0,0,1,인지
2026-09-01,1874056375748738,[빙과_스틱바]_쫀득바_인지_video,[멜론] 무디 파트너십 광고 (26년 10월까지만 활용 가능),4,20,0,29.0,0,7,인지
2026-09-01,1874030317649217,[빙과_스틱바]_쫀득바_인지2_video,[멜론] 인물리뷰(2)_6.3W,[26.06]F_V_JD멜_인지_쫀득바출시_인물리뷰형_렉카형_var2.릴스_상단.대세감.X_2P_고가영_260612_빙과_김지연_uJ2PiCGN.mp4_[26.06]F_V_JD멜_인지_쫀득바출시_인물리뷰형_렉카형_var2.릴스_상단.대세감.X_2P_고가영_260612_빙과_김지연,286,0,704.0,0,145,인지
2026-09-01,1873959656924433,[빙과_스틱바]_쫀득바_인지2_video,[멜론] 요거트바BP_6.3W,[26.06]F_V_JD멜_인지_쫀득바출시_인물리뷰형_편의점원정_var3.릴스_왁뿌볼.X_1P_문선정_260612_빙과_정요한_HJ4yRNtY.mp4_[26.06]F_V_JD멜_인지_쫀득바출시_인물리뷰형_편의점원정_var3.릴스_왁뿌볼.X_1P_문선정_260612_빙과_정요한,42,0,93.0,0,18,인지
2026-09-01,1874476587075634,[빙과_스틱바]_쫀득바_인지2_video,[멜론] 무디 파트너십 광고 (26년 10월까지만 활용 가능),okindflower_tiktok_16x9_F9pfKXPt.mp4_okindflower,2321,0,6565.0,0,1456,인지
2026-09-01,1874370084620641,[빙과_스틱바]_쫀득바_인지2_video,[멜론] 무디 파트너십 광고 (26년 10월까지만 활용 가능),suj_43_2u1JOHAq.mp4_suj_43,765,0,1460.0,0,245,인지
2026-09-01,1874753276174802,[빙과_스틱바]_쫀득바_인지_video,[복숭아] 8월4주차_맛인지_노현경,[26.08]F_V_JD복_인지_복쫀바출시_맛인지형_오먹_var7.릴스_유럽.X_스틱바P_이재원_260828_빙과_노현경.mp4,1037,0,4045.0,0,122,인지
2026-09-01,1874753276174834,[빙과_스틱바]_쫀득바_인지_video,[복숭아] 8월4주차_맛인지_노현경,[26.08]F_V_JD복_인지_복쫀바출시_맛인지형_오먹_var5.릴스_생그릭요거트.X_스틱바P_이재원_260828_빙과_노현경.mp4,1400,0,5205.0,0,159,인지
2026-09-01,1873959654248546,[빙과_스틱바]_쫀득바_인지2_video,[멜론] 요거트바BP_6.3W,[26.06]F_V_JD멜_인지_쫀득바출시_인물리뷰형_편의점원정_var1.릴스_맛.X_1P_문선정_260612_빙과_정요한_USPOMvkw.mp4_[26.06]F_V_JD멜_인지_쫀득바출시_인물리뷰형_편의점원정_var1.릴스_맛.X_1P_문선정_260612_빙과_정요한,73,0,39.0,0,10,인지
2026-09-01,1874371832550769,[빙과_스틱바]_쫀득바_인지2_video,[멜론] 무디 파트너십 광고 (26년 10월까지만 활용 가능),doyouknow_omg_MfVCQSX8.mp4_doyouknow_omg,219,0,583.0,0,115,인지
2026-09-01,1873959567272305,[빙과_스틱바]_쫀득바_인지2_video,[멜론] 부자들만먹는_6.4W,[26.06]F_V_JD멜_인지_쫀득바출시_신규BP_먹방형_var4.릴스_숏.X_1P_문선정_260626_빙과_이수민_51lK2MkR.mp4_[26.06]F_V_JD멜_인지_쫀득바출시_신규BP_먹방형_var4.릴스_숏.X_1P_문선정_260626_빙과_이수민,178,0,507.0,0,110,인지
2026-09-01,1873959483402306,[빙과_스틱바]_쫀득바_인지2_video,[멜론] 전세계에서일본에만_7.1W,[26.07]F_V_JD멜_인지_쫀득바출시_인물리뷰형_인물리뷰형_var2.릴스_상단.1등로손.X_2P_문선정_260703_빙과_유영현_kvnPtLWY.mp4_[26.07]F_V_JD멜_인지_쫀득바출시_인물리뷰형_인물리뷰형_var2.릴스_상단.1등로손.X_2P_문선정_260703_빙과_유영현,23,0,65.0,0,14,인지
2026-09-01,1874056375751906,[빙과_스틱바]_쫀득바_인지_video,[멜론] 무디 파트너십 광고 (26년 10월까지만 활용 가능),b0.__.0k,17,0,3.0,0,1,인지
2026-09-01,1874056375746786,[빙과_스틱바]_쫀득바_인지_video,[멜론] 무디 파트너십 광고 (26년 10월까지만 활용 가능),siyeonyoojoa,163,0,113.0,0,24,인지
2026-09-01,1873959509314913,[빙과_스틱바]_쫀득바_인지2_video,[멜론] 일본원정템_7.1W,[26.07]F_V_JD멜_인지_쫀득바출시_신규BP_외부BP_var1.릴스_메인.일반브금.X_2P_문선정_260703_빙과_이하림_WTZLraDf.mp4_[26.07]F_V_JD멜_인지_쫀득바출시_신규BP_외부BP_var1.릴스_메인.일반브금.X_2P_문선정_260703_빙과_이하림,72,0,146.0,0,30,인지
2026-09-01,1874482271185601,[빙과_파인트] 파인트 전체_전환_video,8월 4주차_재집행_B,[25.07]F_V_P초_전환_멜론바리뉴얼기념_악플읽기형_가격_var3.릴스_비주얼선._2507KR2_영상팀_250725_1T_노현경_1IQrP9FR.mp4_[25.07]F_V_P초_전환_멜론바리뉴얼기념_악플읽기형_가격_var3.릴스_비주얼선._2507KR2_영상팀_250725_1T_노현경,3071,33,9311.0,2,0,전환
2026-09-01,1873959511342130,[빙과_스틱바]_쫀득바_인지2_video,[멜론] 일본원정템_7.1W,[26.07]F_V_JD멜_인지_쫀득바출시_신규BP_외부BP_main.릴스_메인.키노피오브금.X_2P_문선정_260703_빙과_이하림_CMkAHnfZ.mp4_[26.07]F_V_JD멜_인지_쫀득바출시_신규BP_외부BP_main.릴스_메인.키노피오브금.X_2P_문선정_260703_빙과_이하림,60,0,146.0,0,33,인지
2026-09-01,1874669204093442,[빙과_스틱바]_쫀득바_인지_video,[멜론쫀득바] [26.08] 인지_바이럴형_백정BP바이럴화_정요한,[26.08]F_V_JD멜_인지_쫀득바출시_바이럴형_썰풀기형_main.렉카_대기업협박.X_스틱바P_황경원_260827_빙과_정요한.mp4,908,0,1322.0,0,250,인지
2026-09-01,1873959544525217,[빙과_스틱바]_쫀득바_인지2_video,[멜론] 1년후에받는_6.4W,[26.06]F_V_JD멜_인지_쫀득바출시_신규BP_써우리BP_var5.릴스_광각취식2.X_1P_문선정_260626_빙과_이수민_WvbZ0G7H.mp4_[26.06]F_V_JD멜_인지_쫀득바출시_신규BP_써우리BP_var5.릴스_광각취식2.X_1P_문선정_260626_빙과_이수민,42,0,51.0,0,10,인지
2026-09-01,1873959571492482,[빙과_스틱바]_쫀득바_인지2_video,[멜론] 써우리BP_6.4W,[26.06]F_V_JD멜_인지_쫀득바출시_맛인지형_맛인지형.인지_var3.릴스_국민템 멜론바.X_1P_문선정_260612_빙과_이수민_49m1RLsV.mp4_[26.06]F_V_JD멜_인지_쫀득바출시_맛인지형_맛인지형.인지_var3.릴스_국민템 멜론바.X_1P_문선정_260612_빙과_이수민,34,0,87.0,0,19,인지
2026-09-01,1874371832380434,[빙과_스틱바]_쫀득바_인지2_video,[멜론] 무디 파트너십 광고 (26년 10월까지만 활용 가능),dodoscene_9lkPTqUt.mp4_dodoscene,149,0,375.0,0,72,인지
2026-09-01,1874753276173682,[빙과_스틱바]_쫀득바_인지_video,[복숭아] 8월4주차_맛인지_노현경,[26.08]F_V_JD복_인지_복쫀바출시_맛인지형_오먹_var4.릴스_100프로복숭아농축액.X_스틱바P_이재원_260828_빙과_노현경.mp4,623,0,2114.0,0,68,인지
2026-09-01,1873959662238738,[빙과_스틱바]_쫀득바_인지2_video,[멜론] 유튜버썰풀기형_6.3W,[26.06]F_V_JD멜_인지_쫀득바출시_숏츠형_유튜브읽기형_var1.릴스_1년에한달.365일.X_1P_문선정_260612_빙과_이수현_Gau8dgwA.mp4_[26.06]F_V_JD멜_인지_쫀득바출시_숏츠형_유튜브읽기형_var1.릴스_1년에한달.365일.X_1P_문선정_260612_빙과_이수현,181,0,659.0,0,122,인지
2026-09-01,1873959530787025,[빙과_스틱바]_쫀득바_인지2_video,[멜론] 책상네고 대체_6.4W,[26.06]F_V_JD멜_인지_쫀득바출시_기타_비하인드썰풀기_main.릴스_본론.X_1P_김유진_260626_빙과_강다빈_viyVb41T.mp4_[26.06]F_V_JD멜_인지_쫀득바출시_기타_비하인드썰풀기_main.릴스_본론.X_1P_김유진_260626_빙과_강다빈,318,0,922.0,0,181,인지
2026-09-01,1874370060195937,[빙과_스틱바]_쫀득바_인지2_video,[멜론] 무디 파트너십 광고 (26년 10월까지만 활용 가능),02_TbcHadv6.mp4_02,180,0,626.0,0,152,인지
2026-09-01,1874370080353713,[빙과_스틱바]_쫀득바_인지2_video,[멜론] 무디 파트너십 광고 (26년 10월까지만 활용 가능),unyouu_ZQxjeUdR.mp4_unyouu,129,0,242.0,0,48,인지
2026-09-01,1873959560792561,[빙과_스틱바]_쫀득바_인지2_video,[멜론] 부자들만먹는_6.4W,[26.06]F_V_JD멜_인지_쫀득바출시_신규BP_먹방형_var1.릴스_쫀득.X_1P_문선정_260626_빙과_이수민_PAw0dpIV.mp4_[26.06]F_V_JD멜_인지_쫀득바출시_신규BP_먹방형_var1.릴스_쫀득.X_1P_문선정_260626_빙과_이수민,8,0,10.0,0,2,인지
2026-09-01,1873959592940658,[빙과_스틱바]_쫀득바_인지2_video,[멜론] 인플루언서형_6.3W,[26.06]F_V_JD멜_인지_상시_인플루언서형_인플루언서형.인지_var1.릴스_쫀득 후킹.X_1P_문선정_260619_빙과_이수민_HCZXPTgo.mp4_[26.06]F_V_JD멜_인지_상시_인플루언서형_인플루언서형.인지_var1.릴스_쫀득 후킹.X_1P_문선정_260619_빙과_이수민,32,0,84.0,0,19,인지
2026-09-01,1874469822085298,[빙과_스틱바]_쫀득바_인지_video,[멜론] 무디 파트너십 광고 (26년 10월까지만 활용 가능),myhoney_717.mp4,75,0,47.0,0,10,인지
2026-09-01,1873959606553874,[빙과_스틱바]_쫀득바_인지2_video,[멜론] 수박BP_6.3W,[26.06]F_V_JD멜_인지_쫀득바출시_맛인지형_수박BP_var1.릴스_저샀어요.X_1P_김유진_260619_빙과_정하얀_KxT2Mrn4.mp4_[26.06]F_V_JD멜_인지_쫀득바출시_맛인지형_수박BP_var1.릴스_저샀어요.X_1P_김유진_260619_빙과_정하얀,46,0,78.0,0,16,인지
2026-09-02,1874753276176770,[빙과_스틱바]_쫀득바_인지_video,[복숭아] 8월4주차_맛인지_노현경,[26.08]F_V_JD복_인지_복쫀바출시_맛인지형_오먹_var3.릴스_쫀득복숭아.X_스틱바P_이재원_260828_빙과_노현경.mp4,5002,0,25123.0,0,866,인지
2026-09-02,1873959483402306,[빙과_스틱바]_쫀득바_인지2_video,[멜론] 전세계에서일본에만_7.1W,[26.07]F_V_JD멜_인지_쫀득바출시_인물리뷰형_인물리뷰형_var2.릴스_상단.1등로손.X_2P_문선정_260703_빙과_유영현_kvnPtLWY.mp4_[26.07]F_V_JD멜_인지_쫀득바출시_인물리뷰형_인물리뷰형_var2.릴스_상단.1등로손.X_2P_문선정_260703_빙과_유영현,217,0,561.0,0,129,인지
2026-09-02,1873959656924433,[빙과_스틱바]_쫀득바_인지2_video,[멜론] 요거트바BP_6.3W,[26.06]F_V_JD멜_인지_쫀득바출시_인물리뷰형_편의점원정_var3.릴스_왁뿌볼.X_1P_문선정_260612_빙과_정요한_HJ4yRNtY.mp4_[26.06]F_V_JD멜_인지_쫀득바출시_인물리뷰형_편의점원정_var3.릴스_왁뿌볼.X_1P_문선정_260612_빙과_정요한,33,0,62.0,0,13,인지
2026-09-02,1874370084620641,[빙과_스틱바]_쫀득바_인지2_video,[멜론] 무디 파트너십 광고 (26년 10월까지만 활용 가능),suj_43_2u1JOHAq.mp4_suj_43,363,0,769.0,0,129,인지
2026-09-02,1874753276173698,[빙과_스틱바]_쫀득바_인지_video,[복숭아] 8월4주차_맛인지_노현경,[26.08]F_V_JD복_인지_복쫀바출시_맛인지형_오먹_var2.릴스_후숙복숭아.X_스틱바P_이재원_260828_빙과_노현경.mp4,476,0,4244.0,0,149,인지
2026-09-02,1873959526530274,[빙과_스틱바]_쫀득바_인지2_video,[멜론] 책상네고 대체_6.4W,[26.06]F_V_JD멜_인지_쫀득바출시_기타_비하인드썰풀기_var1.릴스_짤림후킹.X_1P_김유진_260626_빙과_강다빈_N8xnAoaE.mp4_[26.06]F_V_JD멜_인지_쫀득바출시_기타_비하인드썰풀기_var1.릴스_짤림후킹.X_1P_김유진_260626_빙과_강다빈,218,0,150.0,0,35,인지
2026-09-02,1874753276174818,[빙과_스틱바]_쫀득바_인지_video,[복숭아] 8월4주차_맛인지_노현경,[26.08]F_V_JD복_인지_복쫀바출시_맛인지형_오먹_var6.릴스_1위.X_스틱바P_이재원_260828_빙과_노현경.mp4,3853,0,13327.0,0,595,인지
2026-09-02,1873959526530242,[빙과_스틱바]_쫀득바_인지2_video,[멜론] 책상네고 대체_6.4W,[26.06]F_V_JD멜_인지_쫀득바출시_기타_비하인드썰풀기_var2.릴스_POV.X_1P_김유진_260626_빙과_강다빈_dvNEWTwx.mp4_[26.06]F_V_JD멜_인지_쫀득바출시_기타_비하인드썰풀기_var2.릴스_POV.X_1P_김유진_260626_빙과_강다빈,47,0,54.0,0,13,인지
2026-09-02,1874753276174786,[빙과_스틱바]_쫀득바_인지_video,[복숭아] 8월4주차_맛인지_노현경,[26.08]F_V_JD복_인지_복쫀바출시_맛인지형_오먹_var1.릴스_과일계 에르메스.X_스틱바P_이재원_260828_빙과_노현경.mp4,94,0,423.0,0,16,인지
2026-09-02,1873959600941425,[빙과_스틱바]_쫀득바_인지2_video,[멜론] 인플루언서형_6.3W,[26.06]F_V_JD멜_인지_상시_인플루언서형_인플루언서형.인지_var1.릴스_쫀득 후킹.X_1P_문선정_260619_빙과_이수민_HCZXPTgo.mp4_[26.06]F_V_JD멜_인지_상시_인플루언서형_인플루언서형.인지_var1.릴스_쫀득 후킹.X_1P_문선정_260619_빙과_이수민,72,0,231.0,0,50,인지
2026-09-02,1873959560792561,[빙과_스틱바]_쫀득바_인지2_video,[멜론] 부자들만먹는_6.4W,[26.06]F_V_JD멜_인지_쫀득바출시_신규BP_먹방형_var1.릴스_쫀득.X_1P_문선정_260626_빙과_이수민_PAw0dpIV.mp4_[26.06]F_V_JD멜_인지_쫀득바출시_신규BP_먹방형_var1.릴스_쫀득.X_1P_문선정_260626_빙과_이수민,4,0,6.0,0,1,인지
2026-09-02,1873959492107505,[빙과_스틱바]_쫀득바_인지2_video,[멜론] 전세계에서일본에만_7.1W,[26.07]F_V_JD멜_인지_쫀득바출시_인물리뷰형_인물리뷰형_var5.릴스_대세왁뿌.X_2P_문선정_260703_빙과_유영현_nmCE6i3s.mp4_[26.07]F_V_JD멜_인지_쫀득바출시_인물리뷰형_인물리뷰형_var5.릴스_대세왁뿌.X_2P_문선정_260703_빙과_유영현,17,0,35.0,0,6,인지
2026-09-02,1873959654248546,[빙과_스틱바]_쫀득바_인지2_video,[멜론] 요거트바BP_6.3W,[26.06]F_V_JD멜_인지_쫀득바출시_인물리뷰형_편의점원정_var1.릴스_맛.X_1P_문선정_260612_빙과_정요한_USPOMvkw.mp4_[26.06]F_V_JD멜_인지_쫀득바출시_인물리뷰형_편의점원정_var1.릴스_맛.X_1P_문선정_260612_빙과_정요한,64,0,31.0,0,9,인지
2026-09-02,1873959568365938,[빙과_스틱바]_쫀득바_인지2_video,[멜론] 부자들만먹는_6.4W,[26.06]F_V_JD멜_인지_쫀득바출시_신규BP_먹방형_var3.릴스_5만원멜론.X_1P_문선정_260626_빙과_이수민_4jVCt9QI.mp4_[26.06]F_V_JD멜_인지_쫀득바출시_신규BP_먹방형_var3.릴스_5만원멜론.X_1P_문선정_260626_빙과_이수민,10,0,11.0,0,2,인지
2026-09-02,1874056375751922,[빙과_스틱바]_쫀득바_인지_video,[멜론] 무디 파트너십 광고 (26년 10월까지만 활용 가능),cmonprefere__k,157,0,179.0,0,50,인지
2026-09-02,1874056375746802,[빙과_스틱바]_쫀득바_인지_video,[멜론] 무디 파트너십 광고 (26년 10월까지만 활용 가능),s_eo__fit,81,0,65.0,0,29,인지
2026-09-02,1873959662238738,[빙과_스틱바]_쫀득바_인지2_video,[멜론] 유튜버썰풀기형_6.3W,[26.06]F_V_JD멜_인지_쫀득바출시_숏츠형_유튜브읽기형_var1.릴스_1년에한달.365일.X_1P_문선정_260612_빙과_이수현_Gau8dgwA.mp4_[26.06]F_V_JD멜_인지_쫀득바출시_숏츠형_유튜브읽기형_var1.릴스_1년에한달.365일.X_1P_문선정_260612_빙과_이수현,212,0,691.0,0,141,인지
2026-09-02,1873959592940658,[빙과_스틱바]_쫀득바_인지2_video,[멜론] 인플루언서형_6.3W,[26.06]F_V_JD멜_인지_상시_인플루언서형_인플루언서형.인지_var1.릴스_쫀득 후킹.X_1P_문선정_260619_빙과_이수민_HCZXPTgo.mp4_[26.06]F_V_JD멜_인지_상시_인플루언서형_인플루언서형.인지_var1.릴스_쫀득 후킹.X_1P_문선정_260619_빙과_이수민,84,0,200.0,0,39,인지
2026-09-02,1874469822085298,[빙과_스틱바]_쫀득바_인지_video,[멜론] 무디 파트너십 광고 (26년 10월까지만 활용 가능),myhoney_717.mp4,159,0,242.0,0,57,인지
2026-09-02,1874030333521250,[빙과_스틱바]_쫀득바_인지2_video,[멜론] 초딩유행템2_6.4W,[26.06]F_V_JD멜_인지_쫀득바출시_신규BP_써우리BP_var2.릴스_혜택.X_1P_문선정_260626_빙과_김진수_AGmDZ35w.mp4_[26.06]F_V_JD멜_인지_쫀득바출시_신규BP_써우리BP_var2.릴스_혜택.X_1P_문선정_260626_빙과_김진수,198,0,398.0,0,83,인지
2026-09-02,1874127223750993,[빙과_스틱바]_쫀득바_인지2_video,[멜론] 닥터후,"#광고 요즘 초등학생들 사이에서 포켓몬보다 구하기 어렵고 왁뿌볼보다 핫하다는 GS 멜론쫀득바 드디어 구했다자스!!! 🍈🔥   라떼 먹던 메롱바인 줄 알고 방심했다가 콰작 부서지는 왁뿌 식감이랑 쭈-욱 끝도 없이 늘어나는 쫀쫀함에 완벽하게 감탄했습니다... 🤤 요즘은 급식으로도 나온다는데 찐한 멜론 맛이라 마라탕 먹고 디저트로 먹으면 완벽 그 자체 ㅋㅋㅋ 초딩들이 왜 환장하는지 바로 납득 완! 👍   🎁 닥터후 역대급 나눔 & 팬미팅 이벤트! 편의점 5트만에 겨우 구한 멜론쫀득바, 우리 친구들 나눠주려고 무려 120개나 준비했습니다! 🍦",78046,1738,69320.0,0,13744,인지
2026-09-02,1873959606553906,[빙과_스틱바]_쫀득바_인지2_video,[멜론] 수박BP_6.3W,[26.06]F_V_JD멜_인지_쫀득바출시_맛인지형_수박BP_main.릴스_1년에딱.X_1P_김유진_260619_빙과_정하얀_4WnKJzct.mp4_[26.06]F_V_JD멜_인지_쫀득바출시_맛인지형_수박BP_main.릴스_1년에딱.X_1P_김유진_260619_빙과_정하얀,351,0,1046.0,0,218,인지
2026-09-02,1873959606553874,[빙과_스틱바]_쫀득바_인지2_video,[멜론] 수박BP_6.3W,[26.06]F_V_JD멜_인지_쫀득바출시_맛인지형_수박BP_var1.릴스_저샀어요.X_1P_김유진_260619_빙과_정하얀_KxT2Mrn4.mp4_[26.06]F_V_JD멜_인지_쫀득바출시_맛인지형_수박BP_var1.릴스_저샀어요.X_1P_김유진_260619_빙과_정하얀,236,0,527.0,0,108,인지
2026-09-02,1875115166150738,[빙과_스틱바]_쫀득바_인지_video,[멜론] 닥터후,[26.08]F_V_JD멜_인지_쫀득바출시_바이럴형_권위 설득형_main.렉카_닥터후.500만 틱톡커가 먹어본 초딩 유행템_.X_스틱바P_김바다_260826_빙과_김도희,12120,0,17290.0,0,4853,인지
2026-09-02,1874056375748754,[빙과_스틱바]_쫀득바_인지_video,[멜론] 무디 파트너십 광고 (26년 10월까지만 활용 가능),unyouu,131,0,270.0,0,71,인지
2026-09-02,1873959576604178,[빙과_스틱바]_쫀득바_인지2_video,[멜론] 써우리BP_6.4W,[26.06]F_V_JD멜_인지_쫀득바출시_맛인지형_맛인지형.인지_var4.릴스_노을멜론.X_1P_문선정_260612_빙과_이수민_c8GfOUgM.mp4_[26.06]F_V_JD멜_인지_쫀득바출시_맛인지형_맛인지형.인지_var4.릴스_노을멜론.X_1P_문선정_260612_빙과_이수민,90,0,145.0,0,26,인지
2026-09-02,1873959585040561,[빙과_스틱바]_쫀득바_인지2_video,[망고] 맛인지_6.3W,[26.06]F_V_JD망_인지_쫀득바출시_맛인지형_맛인지형.인지_var3.릴스_대세감.진수.6월.수민PJ_2P_문선정_260619_빙과_김지연_694xYrHj.mp4_[26.06]F_V_JD망_인지_쫀득바출시_맛인지형_맛인지형.인지_var3.릴스_대세감.진수.6월.수민PJ_2P_문선정_260619_빙과_김지연,21,0,26.0,0,6,인지
2026-09-02,1874370094864626,[빙과_스틱바]_쫀득바_인지2_video,[멜론] 무디 파트너십 광고 (26년 10월까지만 활용 가능),bbuni_sol_0lW2JXmG.mp4_bbuni_sol,948,0,2872.0,0,604,인지
2026-09-02,1874030316282466,[빙과_스틱바]_쫀득바_인지2_video,[멜론] 유튜버썰풀기형_6.3W,[26.06]F_V_JD멜_인지_쫀득바출시_숏츠형_유튜브읽기형_var3.릴스_SNS도배.두쫀쿠다음.X_1P_문선정_260612_빙과_이수현_8Q64E9kb.mp4_[26.06]F_V_JD멜_인지_쫀득바출시_숏츠형_유튜브읽기형_var3.릴스_SNS도배.두쫀쿠다음.X_1P_문선정_260612_빙과_이수현,19,0,41.0,0,8,인지
2026-09-02,1874469822085266,[빙과_스틱바]_쫀득바_인지_video,[멜론] 무디 파트너십 광고 (26년 10월까지만 활용 가능),okindflower.mp4,420,0,983.0,0,289,인지
2026-09-02,1871586559538209,[빙과_스틱바]_쫀득바_인지_video,0724_추성훈BP_JD멜,[26.07]F_V_JD멜_인지_쫀득바출시_신규BP_추성훈BP_var5.렉카_매출1등.7월.수민PJ_1P_영상팀_260724_빙과_이수민,17226,0,55262.0,0,3159,인지
2026-09-02,1874370068335249,[빙과_스틱바]_쫀득바_인지2_video,[멜론] 무디 파트너십 광고 (26년 10월까지만 활용 가능),cmonprefere__k_Hx4qLXWs.mp4_cmonprefere__k,169,0,240.0,0,44,인지
2026-09-02,1873959586022625,[빙과_스틱바]_쫀득바_인지2_video,[망고] 맛인지_6.3W,[26.06]F_V_JD망_인지_쫀득바출시_맛인지형_맛인지형.인지_var2.릴스_망고맛.진수.6월.수민PJ_2P_문선정_260619_빙과_김지연_85l4f3Aq.mp4_[26.06]F_V_JD망_인지_쫀득바출시_맛인지형_맛인지형.인지_var2.릴스_망고맛.진수.6월.수민PJ_2P_문선정_260619_빙과_김지연,60,0,181.0,0,39,인지
2026-09-02,1874056375745714,[빙과_스틱바]_쫀득바_인지_video,[멜론] 무디 파트너십 광고 (26년 10월까지만 활용 가능),bbuni_sol,90,0,86.0,0,28,인지
2026-09-02,1874056375751890,[빙과_스틱바]_쫀득바_인지_video,[멜론] 무디 파트너십 광고 (26년 10월까지만 활용 가능),aekyeong11,36,0,65.0,0,21,인지
2026-09-02,1874669204093442,[빙과_스틱바]_쫀득바_인지_video,[멜론쫀득바] [26.08] 인지_바이럴형_백정BP바이럴화_정요한,[26.08]F_V_JD멜_인지_쫀득바출시_바이럴형_썰풀기형_main.렉카_대기업협박.X_스틱바P_황경원_260827_빙과_정요한.mp4,1864,0,2619.0,0,586,인지
2026-09-02,1873959654247474,[빙과_스틱바]_쫀득바_인지2_video,[멜론] 요거트바BP_6.3W,[26.06]F_V_JD멜_인지_쫀득바출시_인물리뷰형_편의점원정_main.릴스_공통.X_1P_문선정_260612_빙과_정요한_YkIZOlu0.mp4_[26.06]F_V_JD멜_인지_쫀득바출시_인물리뷰형_편의점원정_main.릴스_공통.X_1P_문선정_260612_빙과_정요한,106,0,281.0,0,60,인지
2026-09-02,1873959502194113,[빙과_스틱바]_쫀득바_인지2_video,[멜론] 현지인도못구하는_7.1W,[26.07]F_V_JD멜_인지_쫀득바출시_인플루언서형_인플루언서형_main.릴스_비행기표취소.X_1P_문선정_260703_빙과_정하얀_6J9yLGRu.mp4_[26.07]F_V_JD멜_인지_쫀득바출시_인플루언서형_인플루언서형_main.릴스_비행기표취소.X_1P_문선정_260703_빙과_정하얀,57,0,85.0,0,16,인지
2026-09-02,1874056375748786,[빙과_스틱바]_쫀득바_인지_video,[멜론] 무디 파트너십 광고 (26년 10월까지만 활용 가능),yesoolcat,79,0,65.0,0,16,인지
2026-09-02,1874370060202321,[빙과_스틱바]_쫀득바_인지2_video,[멜론] 무디 파트너십 광고 (26년 10월까지만 활용 가능),eunbynko_XVZyBHut.mp4_eunbynko,136,0,425.0,0,89,인지
2026-09-02,1873959592941730,[빙과_스틱바]_쫀득바_인지2_video,[멜론] 인플루언서형_6.3W,[26.06]F_V_JD멜_인지_상시_인플루언서형_인플루언서형.인지_main.릴스_공통.X_1P_문선정_260619_빙과_이수민_OcQS8Jtk.mp4_[26.06]F_V_JD멜_인지_상시_인플루언서형_인플루언서형.인지_var2.릴스_대세감.X_1P_문선정_260619_빙과_이수민,13,0,17.0,0,4,인지
2026-09-02,1873959582885234,[빙과_스틱바]_쫀득바_인지2_video,[망고] 맛인지_6.3W,[26.06]F_V_JD망_인지_쫀득바출시_맛인지형_맛인지형.인지_var1.릴스_젤리식감.진수.6월.수민PJ_2P_문선정_260619_빙과_김지연_oqUjrN9C.mp4_[26.06]F_V_JD망_인지_쫀득바출시_맛인지형_맛인지형.인지_var1.릴스_젤리식감.진수.6월.수민PJ_2P_문선정_260619_빙과_김지연,11,0,10.0,0,3,인지
2026-09-02,1873959599404161,[빙과_스틱바]_쫀득바_인지2_video,[멜론] 인플루언서형_6.3W,[26.06]F_V_JD멜_인지_상시_인플루언서형_인플루언서형.인지_var3.릴스_코어 후킹.X_1P_문선정_260619_빙과_이수민_fHo1zJ0X.mp4_[26.06]F_V_JD멜_인지_상시_인플루언서형_인플루언서형.인지_var3.릴스_코어 후킹.X_1P_문선정_260619_빙과_이수민,31,0,37.0,0,7,인지
2026-09-02,1874056375754002,[빙과_스틱바]_쫀득바_인지_video,[멜론] 무디 파트너십 광고 (26년 10월까지만 활용 가능),haaube,538,0,741.0,0,149,인지
2026-09-02,1874056375752978,[빙과_스틱바]_쫀득바_인지_video,[멜론] 무디 파트너십 광고 (26년 10월까지만 활용 가능),ddu___0,133,0,272.0,0,50,인지
2026-09-02,1874056375749906,[빙과_스틱바]_쫀득바_인지_video,[멜론] 무디 파트너십 광고 (26년 10월까지만 활용 가능),niker_jaen,355,0,622.0,0,163,인지
2026-09-02,1874056375746834,[빙과_스틱바]_쫀득바_인지_video,[멜론] 무디 파트너십 광고 (26년 10월까지만 활용 가능),quan_d_,1065,0,1147.0,0,218,인지
2026-09-02,1874762145489121,[빙과_스틱바]_복쫀바_인지2_video,[복숭아] 8월4주차_맛인지_노현경,_26.08_F_V_JD__________var4.__100_.X__P___260828_____fd8396e09804.mp4_[26.08]F_V_JD복_인지_복쫀바출시_맛인지형_오먹_var4.릴스_100프로복숭아농축액.X_스틱바P_이재원_260828_빙과_노현경.mp4,214,0,271.0,0,56,인지
2026-09-02,1874030317649217,[빙과_스틱바]_쫀득바_인지2_video,[멜론] 인물리뷰(2)_6.3W,[26.06]F_V_JD멜_인지_쫀득바출시_인물리뷰형_렉카형_var2.릴스_상단.대세감.X_2P_고가영_260612_빙과_김지연_uJ2PiCGN.mp4_[26.06]F_V_JD멜_인지_쫀득바출시_인물리뷰형_렉카형_var2.릴스_상단.대세감.X_2P_고가영_260612_빙과_김지연,142,0,332.0,0,66,인지
2026-09-02,1874371832550769,[빙과_스틱바]_쫀득바_인지2_video,[멜론] 무디 파트너십 광고 (26년 10월까지만 활용 가능),doyouknow_omg_MfVCQSX8.mp4_doyouknow_omg,419,0,1137.0,0,226,인지
2026-09-02,1873959596195153,[빙과_스틱바]_쫀득바_인지2_video,[멜론] 인플루언서형_6.3W,[26.06]F_V_JD멜_인지_상시_인플루언서형_인플루언서형.인지_main.릴스_공통.X_1P_문선정_260619_빙과_이수민_OcQS8Jtk.mp4_[26.06]F_V_JD멜_인지_상시_인플루언서형_인플루언서형.인지_main.릴스_공통.X_1P_문선정_260619_빙과_이수민,9,0,21.0,0,6,인지
2026-09-02,1874762145489089,[빙과_스틱바]_복쫀바_인지2_video,[복숭아] 8월4주차_맛인지_노현경,_26.08_F_V_JD__________var2.___.X__P___260828_____808ac332390d.mp4_[26.08]F_V_JD복_인지_복쫀바출시_맛인지형_오먹_var2.릴스_후숙복숭아.X_스틱바P_이재원_260828_빙과_노현경.mp4,92,0,145.0,0,28,인지
2026-09-02,1874762142933521,[빙과_스틱바]_복쫀바_인지2_video,[복숭아] 8월4주차_맛인지_노현경,_26.08_F_V_JD__________var1.___.X__P___260828_____d7c5f8f88f2a.mp4_[26.08]F_V_JD복_인지_복쫀바출시_맛인지형_오먹_var1.릴스_과일계 에르메스.X_스틱바P_이재원_260828_빙과_노현경.mp4,57,0,48.0,0,9,인지
2026-09-02,1874030338066737,[빙과_스틱바]_쫀득바_인지2_video,[멜론] 현지인도못구하는_7.1W,[26.07]F_V_JD멜_인지_쫀득바출시_인플루언서형_인플루언서형_var2.릴스_인물먼저.X_1P_문선정_260703_빙과_정하얀_JOamzo0T.mp4_[26.07]F_V_JD멜_인지_쫀득바출시_인플루언서형_인플루언서형_var2.릴스_인물먼저.X_1P_문선정_260703_빙과_정하얀,42,0,142.0,0,30,인지
2026-09-02,1874668517411906,[빙과_스틱바]_쫀득바_인지_video,[멜론쫀득바] [26.08] 인지_바이럴형_백정BP바이럴화_정요한,[26.08]F_V_JD멜_인지_쫀득바출시_바이럴형_정보전달형_main.렉카_식품업계미투제품.X_스틱바P_황경원_260827_빙과_정요한.mp4,3752,0,5994.0,0,1294,인지
2026-09-02,1874370092553873,[빙과_스틱바]_쫀득바_인지2_video,[멜론] 무디 파트너십 광고 (26년 10월까지만 활용 가능),riverbinn_N8nEPrUl.mp4_riverbinn,394,0,1073.0,0,203,인지
2026-09-02,1874469822087490,[빙과_스틱바]_쫀득바_인지_video,[멜론] 무디 파트너십 광고 (26년 10월까지만 활용 가능),xcvijy.mp4,245,0,297.0,0,61,인지
2026-09-02,1874729216782545,[빙과_스틱바]_쫀득바_인지_video,[멜론] 무디 파트너십 광고 (26년 10월까지만 활용 가능),kwaksuaaaa.mp4,132,0,99.0,0,38,인지
2026-09-02,1874056375754034,[빙과_스틱바]_쫀득바_인지_video,[멜론] 무디 파트너십 광고 (26년 10월까지만 활용 가능),honijam,55,0,92.0,0,26,인지
2026-09-02,1874056375753010,[빙과_스틱바]_쫀득바_인지_video,[멜론] 무디 파트너십 광고 (26년 10월까지만 활용 가능),doyouknow_omg,183,0,377.0,0,86,인지
2026-09-02,1874056375749938,[빙과_스틱바]_쫀득바_인지_video,[멜론] 무디 파트너십 광고 (26년 10월까지만 활용 가능),minimore.927,143,0,215.0,0,64,인지
2026-09-02,1874370098478129,[빙과_스틱바]_쫀득바_인지2_video,[멜론] 무디 파트너십 광고 (26년 10월까지만 활용 가능),kdaaeng_5cY4RH6h.mp4_kdaaeng,344,0,900.0,0,196,인지
2026-09-02,1874030323030129,[빙과_스틱바]_쫀득바_인지2_video,[멜론] 인플루언서형_6.3W,[26.06]F_V_JD멜_인지_상시_인플루언서형_인플루언서형.인지_main.릴스_공통.X_1P_문선정_260619_빙과_이수민_OcQS8Jtk.mp4_Copy 3 of [26.06]F_V_JD멜_인지_상시_인플루언서형_인플루언서형.인지_main.릴스_공통.X_1P_문선정_260619_빙과_이수민,24,0,78.0,0,17,인지
2026-09-02,1875122823986498,[빙과_스틱바]_쫀득바_인지2_video,[멜론] 닥터후,[26.08]F_V_JD멜_인지_쫀득바출시_바이럴형_권위 설득형_var1.렉카_닥터후.현재 5세대 초통령이라는 500만 틱톡커 ㄷㄷ.X_스틱바P_김바다_260826_빙과_김도희 (1)_VQhzNg47.mp4_[26.08]F_V_JD멜_인지_쫀득바출시_바이럴형_권위 설득형_var1.렉카_닥터후.현재 5세대 초통령이라는 500만 틱톡커 ㄷㄷ.X_스틱바P_김바다_260826_빙과_김도희,135414,0,245450.0,0,47748,인지
2026-09-02,1873959567272305,[빙과_스틱바]_쫀득바_인지2_video,[멜론] 부자들만먹는_6.4W,[26.06]F_V_JD멜_인지_쫀득바출시_신규BP_먹방형_var4.릴스_숏.X_1P_문선정_260626_빙과_이수민_51lK2MkR.mp4_[26.06]F_V_JD멜_인지_쫀득바출시_신규BP_먹방형_var4.릴스_숏.X_1P_문선정_260626_빙과_이수민,90,0,202.0,0,45,인지
2026-09-02,1874370080353713,[빙과_스틱바]_쫀득바_인지2_video,[멜론] 무디 파트너십 광고 (26년 10월까지만 활용 가능),unyouu_ZQxjeUdR.mp4_unyouu,206,0,453.0,0,83,인지
2026-09-02,1873959509314913,[빙과_스틱바]_쫀득바_인지2_video,[멜론] 일본원정템_7.1W,[26.07]F_V_JD멜_인지_쫀득바출시_신규BP_외부BP_var1.릴스_메인.일반브금.X_2P_문선정_260703_빙과_이하림_WTZLraDf.mp4_[26.07]F_V_JD멜_인지_쫀득바출시_신규BP_외부BP_var1.릴스_메인.일반브금.X_2P_문선정_260703_빙과_이하림,72,0,149.0,0,27,인지
2026-09-02,1874055831450833,[빙과_스틱바]_쫀득바_인지_video,[멜론] 무디 파트너십 광고 (26년 10월까지만 활용 가능),kdaaeng,217,0,211.0,0,63,인지
2026-09-02,1874762142929441,[빙과_스틱바]_복쫀바_인지2_video,[복숭아] 8월4주차_맛인지_노현경,_26.08_F_V_JD__________var7.___.X__P___260828_____ca0f6be6a99e.mp4_[26.08]F_V_JD복_인지_복쫀바출시_맛인지형_오먹_var7.릴스_유럽.X_스틱바P_이재원_260828_빙과_노현경.mp4,232,0,260.0,0,49,인지
2026-09-02,1871586578988241,[빙과_스틱바]_쫀득바_인지_video,0724_추성훈BP_JD멜,[26.07]F_V_JD멜_인지_쫀득바출시_신규BP_추성훈BP_var2.렉카_1204호.7월.수민PJ_1P_영상팀_260724_빙과_이수민,938,0,3222.0,0,252,인지
2026-09-02,1873959574894593,[빙과_스틱바]_쫀득바_인지2_video,[멜론] 써우리BP_6.4W,[26.06]F_V_JD멜_인지_쫀득바출시_맛인지형_맛인지형.인지_var2.릴스_품절대란.X_1P_문선정_260612_빙과_이수민_X4dmxg8T.mp4_[26.06]F_V_JD멜_인지_쫀득바출시_맛인지형_맛인지형.인지_var2.릴스_품절대란.X_1P_문선정_260612_빙과_이수민,118,0,330.0,0,72,인지
2026-09-02,1874753276174834,[빙과_스틱바]_쫀득바_인지_video,[복숭아] 8월4주차_맛인지_노현경,[26.08]F_V_JD복_인지_복쫀바출시_맛인지형_오먹_var5.릴스_생그릭요거트.X_스틱바P_이재원_260828_빙과_노현경.mp4,1001,0,4411.0,0,168,인지
2026-09-02,1873959511342130,[빙과_스틱바]_쫀득바_인지2_video,[멜론] 일본원정템_7.1W,[26.07]F_V_JD멜_인지_쫀득바출시_신규BP_외부BP_main.릴스_메인.키노피오브금.X_2P_문선정_260703_빙과_이하림_CMkAHnfZ.mp4_[26.07]F_V_JD멜_인지_쫀득바출시_신규BP_외부BP_main.릴스_메인.키노피오브금.X_2P_문선정_260703_빙과_이하림,71,0,152.0,0,32,인지
2026-09-02,1873959601100177,[빙과_스틱바]_쫀득바_인지2_video,[멜론] 인플루언서형_6.3W,[26.06]F_V_JD멜_인지_상시_인플루언서형_인플루언서형.인지_var2.릴스_대세감.X_1P_문선정_260619_빙과_이수민_Bwvr3K0z.mp4_[26.06]F_V_JD멜_인지_상시_인플루언서형_인플루언서형.인지_var2.릴스_대세감.X_1P_문선정_260619_빙과_이수민,257,0,610.0,0,129,인지
2026-09-02,1874753276174802,[빙과_스틱바]_쫀득바_인지_video,[복숭아] 8월4주차_맛인지_노현경,[26.08]F_V_JD복_인지_복쫀바출시_맛인지형_오먹_var7.릴스_유럽.X_스틱바P_이재원_260828_빙과_노현경.mp4,759,0,4521.0,0,157,인지
2026-09-02,1873959530787025,[빙과_스틱바]_쫀득바_인지2_video,[멜론] 책상네고 대체_6.4W,[26.06]F_V_JD멜_인지_쫀득바출시_기타_비하인드썰풀기_main.릴스_본론.X_1P_김유진_260626_빙과_강다빈_viyVb41T.mp4_[26.06]F_V_JD멜_인지_쫀득바출시_기타_비하인드썰풀기_main.릴스_본론.X_1P_김유진_260626_빙과_강다빈,355,0,926.0,0,181,인지
2026-09-02,1874371832380434,[빙과_스틱바]_쫀득바_인지2_video,[멜론] 무디 파트너십 광고 (26년 10월까지만 활용 가능),dodoscene_9lkPTqUt.mp4_dodoscene,174,0,461.0,0,92,인지
2026-09-02,1873959559414865,[빙과_스틱바]_쫀득바_인지2_video,[멜론] 부자들만먹는_6.4W,[26.06]F_V_JD멜_인지_쫀득바출시_신규BP_먹방형_main.릴스_공통.X_1P_문선정_260626_빙과_이수민_6K4RW1kr.mp4_[26.06]F_V_JD멜_인지_쫀득바출시_신규BP_먹방형_main.릴스_공통.X_1P_문선정_260626_빙과_이수민,92,0,270.0,0,61,인지
2026-09-02,1874056375751906,[빙과_스틱바]_쫀득바_인지_video,[멜론] 무디 파트너십 광고 (26년 10월까지만 활용 가능),b0.__.0k,83,0,53.0,0,17,인지
2026-09-02,1874056375746786,[빙과_스틱바]_쫀득바_인지_video,[멜론] 무디 파트너십 광고 (26년 10월까지만 활용 가능),siyeonyoojoa,410,0,510.0,0,108,인지
2026-09-02,1873959488337921,[빙과_스틱바]_쫀득바_인지2_video,[멜론] 전세계에서일본에만_7.1W,[26.07]F_V_JD멜_인지_쫀득바출시_인물리뷰형_인물리뷰형_var3.릴스_상단.GS1등.X_2P_문선정_260703_빙과_유영현_8cUvPSAN.mp4_[26.07]F_V_JD멜_인지_쫀득바출시_인물리뷰형_인물리뷰형_var3.릴스_상단.GS1등.X_2P_문선정_260703_빙과_유영현,235,0,385.0,0,71,인지
2026-09-02,1873959571492482,[빙과_스틱바]_쫀득바_인지2_video,[멜론] 써우리BP_6.4W,[26.06]F_V_JD멜_인지_쫀득바출시_맛인지형_맛인지형.인지_var3.릴스_국민템 멜론바.X_1P_문선정_260612_빙과_이수민_49m1RLsV.mp4_[26.06]F_V_JD멜_인지_쫀득바출시_맛인지형_맛인지형.인지_var3.릴스_국민템 멜론바.X_1P_문선정_260612_빙과_이수민,21,0,40.0,0,10,인지
2026-09-02,1873959512707137,[빙과_스틱바]_쫀득바_인지2_video,[멜론] 일본원정템_7.1W,[26.07]F_V_JD멜_인지_쫀득바출시_신규BP_외부BP_var3.릴스_화내기.X_2P_문선정_260703_빙과_이하림_G6x0joRE.mp4_[26.07]F_V_JD멜_인지_쫀득바출시_신규BP_외부BP_var3.릴스_화내기.X_2P_문선정_260703_빙과_이하림,5,0,12.0,0,2,인지
2026-09-02,1874753276173682,[빙과_스틱바]_쫀득바_인지_video,[복숭아] 8월4주차_맛인지_노현경,[26.08]F_V_JD복_인지_복쫀바출시_맛인지형_오먹_var4.릴스_100프로복숭아농축액.X_스틱바P_이재원_260828_빙과_노현경.mp4,1117,0,3011.0,0,135,인지
2026-09-02,1874030313976066,[빙과_스틱바]_쫀득바_인지2_video,[멜론] 인물리뷰(1)_6.3W,[26.06]F_V_JD멜_인지_쫀득바출시_인물리뷰형_인물리뷰형_var4.릴스_후킹.X_2P_고가영_260612_빙과_유영현_JfFPUknj.mp4_[26.06]F_V_JD멜_인지_쫀득바출시_인물리뷰형_인물리뷰형_var4.릴스_후킹.X_2P_고가영_260612_빙과_유영현,131,0,384.0,0,84,인지
2026-09-02,1874469822085282,[빙과_스틱바]_쫀득바_인지_video,[멜론] 무디 파트너십 광고 (26년 10월까지만 활용 가능),eunring_.mp4,132,0,179.0,0,45,인지
2026-09-02,1873959494450194,[빙과_스틱바]_쫀득바_인지2_video,[멜론] 1위단독_7.1W,[26.07]F_V_JD멜_인지_쫀득바출시_바이럴형_커뮤니티형_var4.릴스_판매중단.모쏠친구.X_1P_문선정_260703_빙과_김진수_XUDBqtTs.mp4_[26.07]F_V_JD멜_인지_쫀득바출시_바이럴형_커뮤니티형_var4.릴스_판매중단.모쏠친구.X_1P_문선정_260703_빙과_김진수,1,0,5.0,0,1,인지
2026-09-02,1874370060195937,[빙과_스틱바]_쫀득바_인지2_video,[멜론] 무디 파트너십 광고 (26년 10월까지만 활용 가능),02_TbcHadv6.mp4_02,442,0,1555.0,0,355,인지
2026-09-02,1874469822085314,[빙과_스틱바]_쫀득바_인지_video,[멜론] 무디 파트너십 광고 (26년 10월까지만 활용 가능),zzung_184.mp4,304,0,345.0,0,63,인지
2026-09-02,1874056375748738,[빙과_스틱바]_쫀득바_인지_video,[멜론] 무디 파트너십 광고 (26년 10월까지만 활용 가능),4,148,0,250.0,0,73,인지
2026-09-02,1874370071281842,[빙과_스틱바]_쫀득바_인지2_video,[멜론] 무디 파트너십 광고 (26년 10월까지만 활용 가능),d_love_ys_cZCijq4g.mp4_d_love_ys,3,0,13.0,0,2,인지
2026-09-02,1874762142926161,[빙과_스틱바]_복쫀바_인지2_video,[복숭아] 8월4주차_맛인지_노현경,_26.08_F_V_JD__________var5.___.X__P___260828_____f7aba5a3a3f8.mp4_[26.08]F_V_JD복_인지_복쫀바출시_맛인지형_오먹_var5.릴스_생그릭요거트.X_스틱바P_이재원_260828_빙과_노현경.mp4,192,0,319.0,0,58,인지
2026-09-02,1874370090377506,[빙과_스틱바]_쫀득바_인지2_video,[멜론] 무디 파트너십 광고 (26년 10월까지만 활용 가능),xeoj.ng_L7HK2Ueo.mp4_xeoj.ng,110,0,181.0,0,39,인지
2026-09-02,1875122824693297,[빙과_스틱바]_쫀득바_인지2_video,[멜론] 닥터후,[26.08]F_V_JD멜_인지_쫀득바출시_바이럴형_권위 설득형_main.렉카_닥터후.500만 틱톡커가 먹어본 초딩 유행템_.X_스틱바P_김바다_260826_빙과_김도희_TrglhEwL.mp4_[26.08]F_V_JD멜_인지_쫀득바출시_바이럴형_권위 설득형_main.렉카_닥터후.500만 틱톡커가 먹어본 초딩 유행템_.X_스틱바P_김바다_260826_빙과_김도희,2328,0,4404.0,0,850,인지
2026-09-02,1874030321444945,[빙과_스틱바]_쫀득바_인지2_video,[멜론] 컨비니BP_6.3W,[26.06]F_V_JD멜_인지_쫀득바출시_제조과정형_컨비니BP_var5.릴스_공통.할인.X_1P_김유진_260619_빙과_정요한_7cNBXRYq.mp4_[26.06]F_V_JD멜_인지_쫀득바출시_제조과정형_컨비니BP_var5.릴스_공통.할인.X_1P_김유진_260619_빙과_정요한,269,0,901.0,0,171,인지
2026-09-02,1874759609751826,[빙과_스틱바]_쫀득바_인지_video,[멜론쫀득바] [26.08] 인지_바이럴형_백정BP바이럴화_정요한,[26.08]F_V_JD멜_인지_쫀득바출시_바이럴형_ai형_main.렉카_식품업계미투제품.X_스틱바P_황경원_260828_빙과_정요한.mp4,1398,0,1142.0,0,424,인지
2026-09-02,1873959502194161,[빙과_스틱바]_쫀득바_인지2_video,[멜론] 현지인도못구하는_7.1W,[26.07]F_V_JD멜_인지_쫀득바출시_인플루언서형_인플루언서형_var1.릴스_제품먼저.X_1P_문선정_260703_빙과_정하얀_gA26O49Z.mp4_[26.07]F_V_JD멜_인지_쫀득바출시_인플루언서형_인플루언서형_var1.릴스_제품먼저.X_1P_문선정_260703_빙과_정하얀,71,0,168.0,0,37,인지
2026-09-02,1874370091722833,[빙과_스틱바]_쫀득바_인지2_video,[멜론] 무디 파트너십 광고 (26년 10월까지만 활용 가능),payforyouth__j28UIP7Q.mp4_payforyouth_,102,0,238.0,0,44,인지
2026-09-02,1875114422829106,[빙과_스틱바]_쫀득바_인지_video,[멜론] 닥터후,[26.08]F_V_JD멜_인지_쫀득바출시_바이럴형_권위 설득형_var1.렉카_닥터후.현재 5세대 초통령이라는 500만 틱톡커 ㄷㄷ.X_스틱바P_김바다_260826_빙과_김도희,1925,0,2965.0,0,529,인지
2026-09-02,1874056375751874,[빙과_스틱바]_쫀득바_인지_video,[멜론] 무디 파트너십 광고 (26년 10월까지만 활용 가능),ksxxida,690,0,1557.0,0,428,인지
2026-09-02,1874370090397122,[빙과_스틱바]_쫀득바_인지2_video,[멜론] 무디 파트너십 광고 (26년 10월까지만 활용 가능),minimore.927_wXMpjCo9.mp4_minimore.927,670,0,1928.0,0,375,인지
2026-09-02,1874676672568577,[빙과_스틱바]_쫀득바_인지2_video,[멜론쫀득바] [26.08] 인지_바이럴형_백정BP바이럴화_정요한,[26.08]F_V_JD멜_인지_쫀득바출시_바이럴형_썰풀기형_main.렉카_대기업협박.X_스틱바P_황경원_260827_빙과_정요한_B1EMbrPN.mp4_[26.08]F_V_JD멜_인지_쫀득바출시_바이럴형_썰풀기형_main.렉카_대기업협박.X_스틱바P_황경원_260827_빙과_정요한.mp4,5,0,13.0,0,3,인지
2026-09-02,1874676672569601,[빙과_스틱바]_쫀득바_인지2_video,[멜론쫀득바] [26.08] 인지_바이럴형_백정BP바이럴화_정요한,[26.08]F_V_JD멜_인지_쫀득바출시_바이럴형_정보전달형_main.렉카_식품업계미투제품.X_스틱바P_황경원_260827_빙과_정요한_K4UxAq8r.mp4_[26.08]F_V_JD멜_인지_쫀득바출시_바이럴형_정보전달형_main.렉카_식품업계미투제품.X_스틱바P_황경원_260827_빙과_정요한.mp4,20,0,47.0,0,8,인지
2026-09-02,1874056375748770,[빙과_스틱바]_쫀득바_인지_video,[멜론] 무디 파트너십 광고 (26년 10월까지만 활용 가능),xeoj.ng,129,0,190.0,0,48,인지
2026-09-02,1874030341331282,[빙과_스틱바]_쫀득바_인지2_video,[멜론] 전세계에서일본에만_7.1W,[26.07]F_V_JD멜_인지_쫀득바출시_인물리뷰형_인물리뷰형_var1.릴스_상단.국내출시.X_2P_문선정_260703_빙과_유영현_hYJso2jc.mp4_[26.07]F_V_JD멜_인지_쫀득바출시_인물리뷰형_인물리뷰형_var1.릴스_상단.국내출시.X_2P_문선정_260703_빙과_유영현,161,0,233.0,0,45,인지
2026-09-02,1874668485403794,[빙과_스틱바]_쫀득바_인지_video,[복숭아] 8월4주차_맛인지_노현경,[26.08] F_V_JD복_인지_복쫀바출시_맛인지형_오먹_main.릴스_납작복숭아가격비교.X_스틱바P_이재원_260827_빙과_노현경,18197,0,63254.0,0,2697,인지
2026-09-02,1873959483402274,[빙과_스틱바]_쫀득바_인지2_video,[멜론] 전세계에서일본에만_7.1W,[26.07]F_V_JD멜_인지_쫀득바출시_인물리뷰형_인물리뷰형_main.릴스_공통.X_2P_문선정_260703_빙과_유영현_hfC8Honk.mp4_[26.07]F_V_JD멜_인지_쫀득바출시_인물리뷰형_인물리뷰형_main.릴스_공통.X_2P_문선정_260703_빙과_유영현,10,0,28.0,0,6,인지
2026-09-02,1874729216782561,[빙과_스틱바]_쫀득바_인지_video,[멜론] 무디 파트너십 광고 (26년 10월까지만 활용 가능),miju_yah.mp4,276,0,354.0,0,107,인지
2026-09-02,1874056375753986,[빙과_스틱바]_쫀득바_인지_video,[멜론] 무디 파트너십 광고 (26년 10월까지만 활용 가능),eunbynko,128,0,249.0,0,62,인지
2026-09-02,1874056375746818,[빙과_스틱바]_쫀득바_인지_video,[멜론] 무디 파트너십 광고 (26년 10월까지만 활용 가능),riverbinn,174,0,280.0,0,92,인지
2026-09-02,1873959484807170,[빙과_스틱바]_쫀득바_인지2_video,[멜론] 전세계에서일본에만_7.1W,[26.07]F_V_JD멜_인지_쫀득바출시_인물리뷰형_인물리뷰형_var4.릴스_상단.일본안가.X_2P_문선정_260703_빙과_유영현_lXorbHIU.mp4_[26.07]F_V_JD멜_인지_쫀득바출시_인물리뷰형_인물리뷰형_var4.릴스_상단.일본안가.X_2P_문선정_260703_빙과_유영현,7,0,14.0,0,3,인지
2026-09-02,1874370076917153,[빙과_스틱바]_쫀득바_인지2_video,[멜론] 무디 파트너십 광고 (26년 10월까지만 활용 가능),niker_jaen_dE0hLqZD.mp4_niker_jaen,1703,0,4921.0,0,973,인지
2026-09-02,1874370063993025,[빙과_스틱바]_쫀득바_인지2_video,[멜론] 무디 파트너십 광고 (26년 10월까지만 활용 가능),ddu___0_Jb76Kdc9.mp4_ddu___0,133,0,226.0,0,44,인지
2026-09-02,1873959656457905,[빙과_스틱바]_쫀득바_인지2_video,[멜론] 요거트바BP_6.3W,[26.06]F_V_JD멜_인지_쫀득바출시_인물리뷰형_편의점원정_var2.릴스_퀄리티.X_1P_문선정_260612_빙과_정요한_F6rWEnOX.mp4_[26.06]F_V_JD멜_인지_쫀득바출시_인물리뷰형_편의점원정_var2.릴스_퀄리티.X_1P_문선정_260612_빙과_정요한,10,0,36.0,0,6,인지
2026-09-02,1874370083000546,[빙과_스틱바]_쫀득바_인지2_video,[멜론] 무디 파트너십 광고 (26년 10월까지만 활용 가능),s_eo__fit_xO7qAYSe.mp4_s_eo__fit,103,0,304.0,0,68,인지
2026-09-02,1874056375749954,[빙과_스틱바]_쫀득바_인지_video,[멜론] 무디 파트너십 광고 (26년 10월까지만 활용 가능),leem_life,576,0,722.0,0,132,인지
2026-09-02,1873959487025618,[빙과_스틱바]_쫀득바_인지2_video,[멜론] 전세계에서일본에만_7.1W,[26.07]F_V_JD멜_인지_쫀득바출시_인물리뷰형_인물리뷰형_var6.릴스_1위강조.X_2P_문선정_260703_빙과_유영현_PV7bCcFl.mp4_[26.07]F_V_JD멜_인지_쫀득바출시_인물리뷰형_인물리뷰형_var6.릴스_1위강조.X_2P_문선정_260703_빙과_유영현,9,0,12.0,0,2,인지
2026-09-02,1874056375754018,[빙과_스틱바]_쫀득바_인지_video,[멜론] 무디 파트너십 광고 (26년 10월까지만 활용 가능),suj_43,163,0,222.0,0,47,인지
2026-09-02,1874056375752994,[빙과_스틱바]_쫀득바_인지_video,[멜론] 무디 파트너십 광고 (26년 10월까지만 활용 가능),dodoscene,74,0,52.0,0,17,인지
2026-09-02,1874056375749922,[빙과_스틱바]_쫀득바_인지_video,[멜론] 무디 파트너십 광고 (26년 10월까지만 활용 가능),payforyouth_,68,0,90.0,0,32,인지
2026-09-02,1873959572271185,[빙과_스틱바]_쫀득바_인지2_video,[멜론] 써우리BP_6.4W,[26.06]F_V_JD멜_인지_쫀득바출시_맛인지형_맛인지형.인지_var1.릴스_왁뿌볼.X_1P_문선정_260612_빙과_이수민_EwQB6yWu.mp4_[26.06]F_V_JD멜_인지_쫀득바출시_맛인지형_맛인지형.인지_var1.릴스_왁뿌볼.X_1P_문선정_260612_빙과_이수민,14,0,22.0,0,5,인지
2026-09-02,1873959509313921,[빙과_스틱바]_쫀득바_인지2_video,[멜론] 일본원정템_7.1W,[26.07]F_V_JD멜_인지_쫀득바출시_신규BP_외부BP_var2.릴스_POV.X_2P_문선정_260703_빙과_이하림_vSPVRZmI.mp4_[26.07]F_V_JD멜_인지_쫀득바출시_신규BP_외부BP_var2.릴스_POV.X_2P_문선정_260703_빙과_이하림,119,0,229.0,0,52,인지
2026-09-03,1874370094864626,[빙과_스틱바]_쫀득바_인지2_video,[멜론] 무디 파트너십 광고 (26년 10월까지만 활용 가능),bbuni_sol_0lW2JXmG.mp4_bbuni_sol,1570,0,5253.0,0,1100,인지
2026-09-03,1874370090377506,[빙과_스틱바]_쫀득바_인지2_video,[멜론] 무디 파트너십 광고 (26년 10월까지만 활용 가능),xeoj.ng_L7HK2Ueo.mp4_xeoj.ng,165,0,362.0,0,71,인지
2026-09-03,1873959509313921,[빙과_스틱바]_쫀득바_인지2_video,[멜론] 일본원정템_7.1W,[26.07]F_V_JD멜_인지_쫀득바출시_신규BP_외부BP_var2.릴스_POV.X_2P_문선정_260703_빙과_이하림_vSPVRZmI.mp4_[26.07]F_V_JD멜_인지_쫀득바출시_신규BP_외부BP_var2.릴스_POV.X_2P_문선정_260703_빙과_이하림,113,0,234.0,0,52,인지
2026-09-03,1873959606553874,[빙과_스틱바]_쫀득바_인지2_video,[멜론] 수박BP_6.3W,[26.06]F_V_JD멜_인지_쫀득바출시_맛인지형_수박BP_var1.릴스_저샀어요.X_1P_김유진_260619_빙과_정하얀_KxT2Mrn4.mp4_[26.06]F_V_JD멜_인지_쫀득바출시_맛인지형_수박BP_var1.릴스_저샀어요.X_1P_김유진_260619_빙과_정하얀,114,0,192.0,0,42,인지
2026-09-03,1874370068335249,[빙과_스틱바]_쫀득바_인지2_video,[멜론] 무디 파트너십 광고 (26년 10월까지만 활용 가능),cmonprefere__k_Hx4qLXWs.mp4_cmonprefere__k,448,0,685.0,0,121,인지
2026-09-03,1874762142926161,[빙과_스틱바]_복쫀바_인지2_video,[복숭아] 8월4주차_맛인지_노현경,_26.08_F_V_JD__________var5.___.X__P___260828_____f7aba5a3a3f8.mp4_[26.08]F_V_JD복_인지_복쫀바출시_맛인지형_오먹_var5.릴스_생그릭요거트.X_스틱바P_이재원_260828_빙과_노현경.mp4,177,0,374.0,0,70,인지
2026-09-03,1873959592940658,[빙과_스틱바]_쫀득바_인지2_video,[멜론] 인플루언서형_6.3W,[26.06]F_V_JD멜_인지_상시_인플루언서형_인플루언서형.인지_var1.릴스_쫀득 후킹.X_1P_문선정_260619_빙과_이수민_HCZXPTgo.mp4_[26.06]F_V_JD멜_인지_상시_인플루언서형_인플루언서형.인지_var1.릴스_쫀득 후킹.X_1P_문선정_260619_빙과_이수민,46,0,97.0,0,20,인지
2026-09-03,1873959585040561,[빙과_스틱바]_쫀득바_인지2_video,[망고] 맛인지_6.3W,[26.06]F_V_JD망_인지_쫀득바출시_맛인지형_맛인지형.인지_var3.릴스_대세감.진수.6월.수민PJ_2P_문선정_260619_빙과_김지연_694xYrHj.mp4_[26.06]F_V_JD망_인지_쫀득바출시_맛인지형_맛인지형.인지_var3.릴스_대세감.진수.6월.수민PJ_2P_문선정_260619_빙과_김지연,19,0,22.0,0,4,인지
2026-09-03,1874759704807857,[빙과_스틱바]_쫀득바_인지2_video,[멜론쫀득바] [26.08] 인지_바이럴형_백정BP바이럴화_정요한,[26.08]F_V_JD멜_인지_쫀득바출시_바이럴형_ai형_main.렉카_식품업계미투제품.X_스틱바P_황경원_260828_빙과_정요한.mp4_[26.08]F_V_JD멜_인지_쫀득바출시_바이럴형_ai형_main.렉카_식품업계미투제품.X_스틱바P_황경원_260828_빙과_정요한.mp4,40436,0,73534.0,0,13819,인지
2026-09-03,1873959576604178,[빙과_스틱바]_쫀득바_인지2_video,[멜론] 써우리BP_6.4W,[26.06]F_V_JD멜_인지_쫀득바출시_맛인지형_맛인지형.인지_var4.릴스_노을멜론.X_1P_문선정_260612_빙과_이수민_c8GfOUgM.mp4_[26.06]F_V_JD멜_인지_쫀득바출시_맛인지형_맛인지형.인지_var4.릴스_노을멜론.X_1P_문선정_260612_빙과_이수민,184,0,233.0,0,46,인지
2026-09-03,1873959662058609,[빙과_스틱바]_쫀득바_인지2_video,[멜론] 요거트바BP_6.3W,[26.06]F_V_JD멜_인지_쫀득바출시_인물리뷰형_편의점원정_var4.릴스_대세감.X_1P_문선정_260612_빙과_정요한_dTrqo0s9.mp4_[26.06]F_V_JD멜_인지_쫀득바출시_인물리뷰형_편의점원정_var4.릴스_대세감.X_1P_문선정_260612_빙과_정요한,13,0,41.0,0,7,인지
2026-09-03,1873959654247474,[빙과_스틱바]_쫀득바_인지2_video,[멜론] 요거트바BP_6.3W,[26.06]F_V_JD멜_인지_쫀득바출시_인물리뷰형_편의점원정_main.릴스_공통.X_1P_문선정_260612_빙과_정요한_YkIZOlu0.mp4_[26.06]F_V_JD멜_인지_쫀득바출시_인물리뷰형_편의점원정_main.릴스_공통.X_1P_문선정_260612_빙과_정요한,169,0,554.0,0,110,인지
2026-09-03,1874030341331282,[빙과_스틱바]_쫀득바_인지2_video,[멜론] 전세계에서일본에만_7.1W,[26.07]F_V_JD멜_인지_쫀득바출시_인물리뷰형_인물리뷰형_var1.릴스_상단.국내출시.X_2P_문선정_260703_빙과_유영현_hYJso2jc.mp4_[26.07]F_V_JD멜_인지_쫀득바출시_인물리뷰형_인물리뷰형_var1.릴스_상단.국내출시.X_2P_문선정_260703_빙과_유영현,281,0,939.0,0,183,인지
2026-09-03,1873959559414897,[빙과_스틱바]_쫀득바_인지2_video,[멜론] 부자들만먹는_6.4W,[26.06]F_V_JD멜_인지_쫀득바출시_신규BP_먹방형_var2.릴스_먹방.X_1P_문선정_260626_빙과_이수민_jNE7zmU8.mp4_[26.06]F_V_JD멜_인지_쫀득바출시_신규BP_먹방형_var2.릴스_먹방.X_1P_문선정_260626_빙과_이수민,18,0,26.0,0,5,인지
2026-09-03,1873959502194113,[빙과_스틱바]_쫀득바_인지2_video,[멜론] 현지인도못구하는_7.1W,[26.07]F_V_JD멜_인지_쫀득바출시_인플루언서형_인플루언서형_main.릴스_비행기표취소.X_1P_문선정_260703_빙과_정하얀_6J9yLGRu.mp4_[26.07]F_V_JD멜_인지_쫀득바출시_인플루언서형_인플루언서형_main.릴스_비행기표취소.X_1P_문선정_260703_빙과_정하얀,67,0,110.0,0,23,인지
2026-09-03,1873959502194161,[빙과_스틱바]_쫀득바_인지2_video,[멜론] 현지인도못구하는_7.1W,[26.07]F_V_JD멜_인지_쫀득바출시_인플루언서형_인플루언서형_var1.릴스_제품먼저.X_1P_문선정_260703_빙과_정하얀_gA26O49Z.mp4_[26.07]F_V_JD멜_인지_쫀득바출시_인플루언서형_인플루언서형_var1.릴스_제품먼저.X_1P_문선정_260703_빙과_정하얀,88,0,247.0,0,49,인지
2026-09-03,1873959586022625,[빙과_스틱바]_쫀득바_인지2_video,[망고] 맛인지_6.3W,[26.06]F_V_JD망_인지_쫀득바출시_맛인지형_맛인지형.인지_var2.릴스_망고맛.진수.6월.수민PJ_2P_문선정_260619_빙과_김지연_85l4f3Aq.mp4_[26.06]F_V_JD망_인지_쫀득바출시_맛인지형_맛인지형.인지_var2.릴스_망고맛.진수.6월.수민PJ_2P_문선정_260619_빙과_김지연,33,0,104.0,0,23,인지
2026-09-03,1873959559414865,[빙과_스틱바]_쫀득바_인지2_video,[멜론] 부자들만먹는_6.4W,[26.06]F_V_JD멜_인지_쫀득바출시_신규BP_먹방형_main.릴스_공통.X_1P_문선정_260626_빙과_이수민_6K4RW1kr.mp4_[26.06]F_V_JD멜_인지_쫀득바출시_신규BP_먹방형_main.릴스_공통.X_1P_문선정_260626_빙과_이수민,110,0,327.0,0,62,인지
2026-09-03,1874370090397122,[빙과_스틱바]_쫀득바_인지2_video,[멜론] 무디 파트너십 광고 (26년 10월까지만 활용 가능),minimore.927_wXMpjCo9.mp4_minimore.927,924,0,2968.0,0,570,인지
2026-09-03,1874762145489121,[빙과_스틱바]_복쫀바_인지2_video,[복숭아] 8월4주차_맛인지_노현경,_26.08_F_V_JD__________var4.__100_.X__P___260828_____fd8396e09804.mp4_[26.08]F_V_JD복_인지_복쫀바출시_맛인지형_오먹_var4.릴스_100프로복숭아농축액.X_스틱바P_이재원_260828_빙과_노현경.mp4,237,0,401.0,0,86,인지
2026-09-03,1874371832550769,[빙과_스틱바]_쫀득바_인지2_video,[멜론] 무디 파트너십 광고 (26년 10월까지만 활용 가능),doyouknow_omg_MfVCQSX8.mp4_doyouknow_omg,250,0,638.0,0,124,인지
2026-09-03,1873959596195153,[빙과_스틱바]_쫀득바_인지2_video,[멜론] 인플루언서형_6.3W,[26.06]F_V_JD멜_인지_상시_인플루언서형_인플루언서형.인지_main.릴스_공통.X_1P_문선정_260619_빙과_이수민_OcQS8Jtk.mp4_[26.06]F_V_JD멜_인지_상시_인플루언서형_인플루언서형.인지_main.릴스_공통.X_1P_문선정_260619_빙과_이수민,9,0,24.0,0,4,인지
2026-09-03,1874370083000546,[빙과_스틱바]_쫀득바_인지2_video,[멜론] 무디 파트너십 광고 (26년 10월까지만 활용 가능),s_eo__fit_xO7qAYSe.mp4_s_eo__fit,272,0,780.0,0,171,인지
2026-09-03,1874734944122306,[빙과_스틱바]_쫀득바_인지2_video,[멜론] 무디 파트너십 광고 (26년 10월까지만 활용 가능),miju_yah_n5sMw4xC.mp4_miju_yah.mp4,1985,0,5222.0,0,1121,인지
2026-09-03,1873959645922641,[빙과_스틱바]_쫀득바_인지2_video,[멜론] 인물리뷰(2)_6.3W,[26.06]F_V_JD멜_인지_쫀득바출시_인물리뷰형_렉카형_main.릴스_공통.X_2P_고가영_260612_빙과_김지연_bRJKpluY.mp4_[26.06]F_V_JD멜_인지_쫀득바출시_인물리뷰형_렉카형_main.릴스_공통.X_2P_고가영_260612_빙과_김지연,74,0,65.0,0,13,인지
2026-09-03,1874370092553873,[빙과_스틱바]_쫀득바_인지2_video,[멜론] 무디 파트너십 광고 (26년 10월까지만 활용 가능),riverbinn_N8nEPrUl.mp4_riverbinn,654,0,1742.0,0,329,인지
2026-09-03,1873959601100177,[빙과_스틱바]_쫀득바_인지2_video,[멜론] 인플루언서형_6.3W,[26.06]F_V_JD멜_인지_상시_인플루언서형_인플루언서형.인지_var2.릴스_대세감.X_1P_문선정_260619_빙과_이수민_Bwvr3K0z.mp4_[26.06]F_V_JD멜_인지_상시_인플루언서형_인플루언서형.인지_var2.릴스_대세감.X_1P_문선정_260619_빙과_이수민,139,0,435.0,0,83,인지
2026-09-03,1874370076917153,[빙과_스틱바]_쫀득바_인지2_video,[멜론] 무디 파트너십 광고 (26년 10월까지만 활용 가능),niker_jaen_dE0hLqZD.mp4_niker_jaen,2200,0,6473.0,0,1260,인지
2026-09-03,1873959572271185,[빙과_스틱바]_쫀득바_인지2_video,[멜론] 써우리BP_6.4W,[26.06]F_V_JD멜_인지_쫀득바출시_맛인지형_맛인지형.인지_var1.릴스_왁뿌볼.X_1P_문선정_260612_빙과_이수민_EwQB6yWu.mp4_[26.06]F_V_JD멜_인지_쫀득바출시_맛인지형_맛인지형.인지_var1.릴스_왁뿌볼.X_1P_문선정_260612_빙과_이수민,10,0,38.0,0,7,인지
2026-09-03,1873959656457905,[빙과_스틱바]_쫀득바_인지2_video,[멜론] 요거트바BP_6.3W,[26.06]F_V_JD멜_인지_쫀득바출시_인물리뷰형_편의점원정_var2.릴스_퀄리티.X_1P_문선정_260612_빙과_정요한_F6rWEnOX.mp4_[26.06]F_V_JD멜_인지_쫀득바출시_인물리뷰형_편의점원정_var2.릴스_퀄리티.X_1P_문선정_260612_빙과_정요한,57,0,99.0,0,18,인지
2026-09-03,1873959599404161,[빙과_스틱바]_쫀득바_인지2_video,[멜론] 인플루언서형_6.3W,[26.06]F_V_JD멜_인지_상시_인플루언서형_인플루언서형.인지_var3.릴스_코어 후킹.X_1P_문선정_260619_빙과_이수민_fHo1zJ0X.mp4_[26.06]F_V_JD멜_인지_상시_인플루언서형_인플루언서형.인지_var3.릴스_코어 후킹.X_1P_문선정_260619_빙과_이수민,36,0,71.0,0,13,인지
2026-09-03,1874370063993025,[빙과_스틱바]_쫀득바_인지2_video,[멜론] 무디 파트너십 광고 (26년 10월까지만 활용 가능),ddu___0_Jb76Kdc9.mp4_ddu___0,164,0,307.0,0,55,인지
2026-09-03,1873959484807170,[빙과_스틱바]_쫀득바_인지2_video,[멜론] 전세계에서일본에만_7.1W,[26.07]F_V_JD멜_인지_쫀득바출시_인물리뷰형_인물리뷰형_var4.릴스_상단.일본안가.X_2P_문선정_260703_빙과_유영현_lXorbHIU.mp4_[26.07]F_V_JD멜_인지_쫀득바출시_인물리뷰형_인물리뷰형_var4.릴스_상단.일본안가.X_2P_문선정_260703_빙과_유영현,1,0,5.0,0,1,인지
2026-09-03,1874030338066737,[빙과_스틱바]_쫀득바_인지2_video,[멜론] 현지인도못구하는_7.1W,[26.07]F_V_JD멜_인지_쫀득바출시_인플루언서형_인플루언서형_var2.릴스_인물먼저.X_1P_문선정_260703_빙과_정하얀_JOamzo0T.mp4_[26.07]F_V_JD멜_인지_쫀득바출시_인플루언서형_인플루언서형_var2.릴스_인물먼저.X_1P_문선정_260703_빙과_정하얀,43,0,147.0,0,35,인지
2026-09-03,1873959645921585,[빙과_스틱바]_쫀득바_인지2_video,[멜론] 인물리뷰(2)_6.3W,[26.06]F_V_JD멜_인지_쫀득바출시_인물리뷰형_렉카형_var1.릴스_1년멜론.X_2P_고가영_260612_빙과_김지연_Vfw93Dij.mp4_[26.06]F_V_JD멜_인지_쫀득바출시_인물리뷰형_렉카형_var1.릴스_1년멜론.X_2P_고가영_260612_빙과_김지연,1197,0,2264.0,0,438,인지
2026-09-03,1874030321444945,[빙과_스틱바]_쫀득바_인지2_video,[멜론] 컨비니BP_6.3W,[26.06]F_V_JD멜_인지_쫀득바출시_제조과정형_컨비니BP_var5.릴스_공통.할인.X_1P_김유진_260619_빙과_정요한_7cNBXRYq.mp4_[26.06]F_V_JD멜_인지_쫀득바출시_제조과정형_컨비니BP_var5.릴스_공통.할인.X_1P_김유진_260619_빙과_정요한,265,0,894.0,0,164,인지
2026-09-03,1874030316282466,[빙과_스틱바]_쫀득바_인지2_video,[멜론] 유튜버썰풀기형_6.3W,[26.06]F_V_JD멜_인지_쫀득바출시_숏츠형_유튜브읽기형_var3.릴스_SNS도배.두쫀쿠다음.X_1P_문선정_260612_빙과_이수현_8Q64E9kb.mp4_[26.06]F_V_JD멜_인지_쫀득바출시_숏츠형_유튜브읽기형_var3.릴스_SNS도배.두쫀쿠다음.X_1P_문선정_260612_빙과_이수현,6,0,17.0,0,3,인지
2026-09-03,1874370084620641,[빙과_스틱바]_쫀득바_인지2_video,[멜론] 무디 파트너십 광고 (26년 10월까지만 활용 가능),suj_43_2u1JOHAq.mp4_suj_43,575,0,1116.0,0,187,인지
2026-09-03,1874762145489089,[빙과_스틱바]_복쫀바_인지2_video,[복숭아] 8월4주차_맛인지_노현경,_26.08_F_V_JD__________var2.___.X__P___260828_____808ac332390d.mp4_[26.08]F_V_JD복_인지_복쫀바출시_맛인지형_오먹_var2.릴스_후숙복숭아.X_스틱바P_이재원_260828_빙과_노현경.mp4,184,0,251.0,0,46,인지
2026-09-03,1874370060202321,[빙과_스틱바]_쫀득바_인지2_video,[멜론] 무디 파트너십 광고 (26년 10월까지만 활용 가능),eunbynko_XVZyBHut.mp4_eunbynko,125,0,345.0,0,71,인지
2026-09-03,1873959582885234,[빙과_스틱바]_쫀득바_인지2_video,[망고] 맛인지_6.3W,[26.06]F_V_JD망_인지_쫀득바출시_맛인지형_맛인지형.인지_var1.릴스_젤리식감.진수.6월.수민PJ_2P_문선정_260619_빙과_김지연_oqUjrN9C.mp4_[26.06]F_V_JD망_인지_쫀득바출시_맛인지형_맛인지형.인지_var1.릴스_젤리식감.진수.6월.수민PJ_2P_문선정_260619_빙과_김지연,3,0,4.0,0,1,인지
2026-09-03,1874370098478129,[빙과_스틱바]_쫀득바_인지2_video,[멜론] 무디 파트너십 광고 (26년 10월까지만 활용 가능),kdaaeng_5cY4RH6h.mp4_kdaaeng,616,0,1821.0,0,382,인지
2026-09-03,1873959673179393,[빙과_스틱바]_쫀득바_인지2_video,[멜론] 유튜버썰풀기형_6.3W,[26.06]F_V_JD멜_인지_쫀득바출시_숏츠형_유튜브읽기형_var5.릴스_업계최초.X_1P_문선정_260612_빙과_이수현_EID4Njqr.mp4_[26.06]F_V_JD멜_인지_쫀득바출시_숏츠형_유튜브읽기형_var5.릴스_업계최초.X_1P_문선정_260612_빙과_이수현,7,0,18.0,0,3,인지
2026-09-03,1873959600941425,[빙과_스틱바]_쫀득바_인지2_video,[멜론] 인플루언서형_6.3W,[26.06]F_V_JD멜_인지_상시_인플루언서형_인플루언서형.인지_var1.릴스_쫀득 후킹.X_1P_문선정_260619_빙과_이수민_HCZXPTgo.mp4_[26.06]F_V_JD멜_인지_상시_인플루언서형_인플루언서형.인지_var1.릴스_쫀득 후킹.X_1P_문선정_260619_빙과_이수민,31,0,76.0,0,17,인지
2026-09-03,1874762142929441,[빙과_스틱바]_복쫀바_인지2_video,[복숭아] 8월4주차_맛인지_노현경,_26.08_F_V_JD__________var7.___.X__P___260828_____ca0f6be6a99e.mp4_[26.08]F_V_JD복_인지_복쫀바출시_맛인지형_오먹_var7.릴스_유럽.X_스틱바P_이재원_260828_빙과_노현경.mp4,98,0,119.0,0,24,인지
2026-09-03,1873959526530274,[빙과_스틱바]_쫀득바_인지2_video,[멜론] 책상네고 대체_6.4W,[26.06]F_V_JD멜_인지_쫀득바출시_기타_비하인드썰풀기_var1.릴스_짤림후킹.X_1P_김유진_260626_빙과_강다빈_N8xnAoaE.mp4_[26.06]F_V_JD멜_인지_쫀득바출시_기타_비하인드썰풀기_var1.릴스_짤림후킹.X_1P_김유진_260626_빙과_강다빈,175,0,185.0,0,38,인지
2026-09-03,1873959656924433,[빙과_스틱바]_쫀득바_인지2_video,[멜론] 요거트바BP_6.3W,[26.06]F_V_JD멜_인지_쫀득바출시_인물리뷰형_편의점원정_var3.릴스_왁뿌볼.X_1P_문선정_260612_빙과_정요한_HJ4yRNtY.mp4_[26.06]F_V_JD멜_인지_쫀득바출시_인물리뷰형_편의점원정_var3.릴스_왁뿌볼.X_1P_문선정_260612_빙과_정요한,140,0,236.0,0,48,인지
2026-09-03,1873959567272305,[빙과_스틱바]_쫀득바_인지2_video,[멜론] 부자들만먹는_6.4W,[26.06]F_V_JD멜_인지_쫀득바출시_신규BP_먹방형_var4.릴스_숏.X_1P_문선정_260626_빙과_이수민_51lK2MkR.mp4_[26.06]F_V_JD멜_인지_쫀득바출시_신규BP_먹방형_var4.릴스_숏.X_1P_문선정_260626_빙과_이수민,83,0,224.0,0,48,인지
2026-09-03,1875122823986498,[빙과_스틱바]_쫀득바_인지2_video,[멜론] 닥터후,[26.08]F_V_JD멜_인지_쫀득바출시_바이럴형_권위 설득형_var1.렉카_닥터후.현재 5세대 초통령이라는 500만 틱톡커 ㄷㄷ.X_스틱바P_김바다_260826_빙과_김도희 (1)_VQhzNg47.mp4_[26.08]F_V_JD멜_인지_쫀득바출시_바이럴형_권위 설득형_var1.렉카_닥터후.현재 5세대 초통령이라는 500만 틱톡커 ㄷㄷ.X_스틱바P_김바다_260826_빙과_김도희,129,0,247.0,0,47,인지
2026-09-03,1873959511342130,[빙과_스틱바]_쫀득바_인지2_video,[멜론] 일본원정템_7.1W,[26.07]F_V_JD멜_인지_쫀득바출시_신규BP_외부BP_main.릴스_메인.키노피오브금.X_2P_문선정_260703_빙과_이하림_CMkAHnfZ.mp4_[26.07]F_V_JD멜_인지_쫀득바출시_신규BP_외부BP_main.릴스_메인.키노피오브금.X_2P_문선정_260703_빙과_이하림,91,0,169.0,0,33,인지
2026-09-03,1874370080353713,[빙과_스틱바]_쫀득바_인지2_video,[멜론] 무디 파트너십 광고 (26년 10월까지만 활용 가능),unyouu_ZQxjeUdR.mp4_unyouu,291,0,591.0,0,108,인지
2026-09-03,1873959492107505,[빙과_스틱바]_쫀득바_인지2_video,[멜론] 전세계에서일본에만_7.1W,[26.07]F_V_JD멜_인지_쫀득바출시_인물리뷰형_인물리뷰형_var5.릴스_대세왁뿌.X_2P_문선정_260703_빙과_유영현_nmCE6i3s.mp4_[26.07]F_V_JD멜_인지_쫀득바출시_인물리뷰형_인물리뷰형_var5.릴스_대세왁뿌.X_2P_문선정_260703_빙과_유영현,11,0,18.0,0,3,인지
2026-09-03,1873959560792561,[빙과_스틱바]_쫀득바_인지2_video,[멜론] 부자들만먹는_6.4W,[26.06]F_V_JD멜_인지_쫀득바출시_신규BP_먹방형_var1.릴스_쫀득.X_1P_문선정_260626_빙과_이수민_PAw0dpIV.mp4_[26.06]F_V_JD멜_인지_쫀득바출시_신규BP_먹방형_var1.릴스_쫀득.X_1P_문선정_260626_빙과_이수민,21,0,44.0,0,9,인지
2026-09-03,1874030317649217,[빙과_스틱바]_쫀득바_인지2_video,[멜론] 인물리뷰(2)_6.3W,[26.06]F_V_JD멜_인지_쫀득바출시_인물리뷰형_렉카형_var2.릴스_상단.대세감.X_2P_고가영_260612_빙과_김지연_uJ2PiCGN.mp4_[26.06]F_V_JD멜_인지_쫀득바출시_인물리뷰형_렉카형_var2.릴스_상단.대세감.X_2P_고가영_260612_빙과_김지연,1538,0,2835.0,0,507,인지
2026-09-03,1875228150877506,[빙과_스틱바]_복쫀바_인지2_video,[복숭아] 먹리니 PA,먹리니_PA_J9Tn6Pyz.mp4_먹리니 PA,18508,0,34359.0,0,6539,인지
2026-09-03,1873959530787025,[빙과_스틱바]_쫀득바_인지2_video,[멜론] 책상네고 대체_6.4W,[26.06]F_V_JD멜_인지_쫀득바출시_기타_비하인드썰풀기_main.릴스_본론.X_1P_김유진_260626_빙과_강다빈_viyVb41T.mp4_[26.06]F_V_JD멜_인지_쫀득바출시_기타_비하인드썰풀기_main.릴스_본론.X_1P_김유진_260626_빙과_강다빈,291,0,513.0,0,102,인지
2026-09-03,1873959526530242,[빙과_스틱바]_쫀득바_인지2_video,[멜론] 책상네고 대체_6.4W,[26.06]F_V_JD멜_인지_쫀득바출시_기타_비하인드썰풀기_var2.릴스_POV.X_1P_김유진_260626_빙과_강다빈_dvNEWTwx.mp4_[26.06]F_V_JD멜_인지_쫀득바출시_기타_비하인드썰풀기_var2.릴스_POV.X_1P_김유진_260626_빙과_강다빈,24,0,15.0,0,4,인지
2026-09-03,1873959592941730,[빙과_스틱바]_쫀득바_인지2_video,[멜론] 인플루언서형_6.3W,[26.06]F_V_JD멜_인지_상시_인플루언서형_인플루언서형.인지_main.릴스_공통.X_1P_문선정_260619_빙과_이수민_OcQS8Jtk.mp4_[26.06]F_V_JD멜_인지_상시_인플루언서형_인플루언서형.인지_var2.릴스_대세감.X_1P_문선정_260619_빙과_이수민,2,0,6.0,0,1,인지
2026-09-03,1874127223750993,[빙과_스틱바]_쫀득바_인지2_video,[멜론] 닥터후,"#광고 요즘 초등학생들 사이에서 포켓몬보다 구하기 어렵고 왁뿌볼보다 핫하다는 GS 멜론쫀득바 드디어 구했다자스!!! 🍈🔥   라떼 먹던 메롱바인 줄 알고 방심했다가 콰작 부서지는 왁뿌 식감이랑 쭈-욱 끝도 없이 늘어나는 쫀쫀함에 완벽하게 감탄했습니다... 🤤 요즘은 급식으로도 나온다는데 찐한 멜론 맛이라 마라탕 먹고 디저트로 먹으면 완벽 그 자체 ㅋㅋㅋ 초딩들이 왜 환장하는지 바로 납득 완! 👍   🎁 닥터후 역대급 나눔 & 팬미팅 이벤트! 편의점 5트만에 겨우 구한 멜론쫀득바, 우리 친구들 나눠주려고 무려 120개나 준비했습니다! 🍦",130,4,95.0,0,15,인지
2026-09-03,1873959649053697,[빙과_스틱바]_쫀득바_인지2_video,[멜론] 인물리뷰(2)_6.3W,[26.06]F_V_JD멜_인지_쫀득바출시_인물리뷰형_렉카형_var3.릴스_상단.조회수.X_2P_고가영_260612_빙과_김지연_o3Oil7XF.mp4_[26.06]F_V_JD멜_인지_쫀득바출시_인물리뷰형_렉카형_var3.릴스_상단.조회수.X_2P_고가영_260612_빙과_김지연,115,0,238.0,0,46,인지
2026-09-03,1873959654248546,[빙과_스틱바]_쫀득바_인지2_video,[멜론] 요거트바BP_6.3W,[26.06]F_V_JD멜_인지_쫀득바출시_인물리뷰형_편의점원정_var1.릴스_맛.X_1P_문선정_260612_빙과_정요한_USPOMvkw.mp4_[26.06]F_V_JD멜_인지_쫀득바출시_인물리뷰형_편의점원정_var1.릴스_맛.X_1P_문선정_260612_빙과_정요한,134,0,106.0,0,25,인지
2026-09-03,1873959568365938,[빙과_스틱바]_쫀득바_인지2_video,[멜론] 부자들만먹는_6.4W,[26.06]F_V_JD멜_인지_쫀득바출시_신규BP_먹방형_var3.릴스_5만원멜론.X_1P_문선정_260626_빙과_이수민_4jVCt9QI.mp4_[26.06]F_V_JD멜_인지_쫀득바출시_신규BP_먹방형_var3.릴스_5만원멜론.X_1P_문선정_260626_빙과_이수민,4,0,10.0,0,2,인지
2026-09-03,1873959648848097,[빙과_스틱바]_쫀득바_인지2_video,[멜론] 인물리뷰(2)_6.3W,[26.06]F_V_JD멜_인지_쫀득바출시_인물리뷰형_렉카형_var4.릴스_상단.판매중단.X_2P_고가영_260612_빙과_김지연_qc1ljdun.mp4_[26.06]F_V_JD멜_인지_쫀득바출시_인물리뷰형_렉카형_var4.릴스_상단.판매중단.X_2P_고가영_260612_빙과_김지연,57,0,90.0,0,15,인지
2026-09-03,1873959488337921,[빙과_스틱바]_쫀득바_인지2_video,[멜론] 전세계에서일본에만_7.1W,[26.07]F_V_JD멜_인지_쫀득바출시_인물리뷰형_인물리뷰형_var3.릴스_상단.GS1등.X_2P_문선정_260703_빙과_유영현_8cUvPSAN.mp4_[26.07]F_V_JD멜_인지_쫀득바출시_인물리뷰형_인물리뷰형_var3.릴스_상단.GS1등.X_2P_문선정_260703_빙과_유영현,28,0,26.0,0,6,인지
2026-09-03,1874370060195937,[빙과_스틱바]_쫀득바_인지2_video,[멜론] 무디 파트너십 광고 (26년 10월까지만 활용 가능),02_TbcHadv6.mp4_02,229,0,762.0,0,168,인지
2026-09-03,1873959574894593,[빙과_스틱바]_쫀득바_인지2_video,[멜론] 써우리BP_6.4W,[26.06]F_V_JD멜_인지_쫀득바출시_맛인지형_맛인지형.인지_var2.릴스_품절대란.X_1P_문선정_260612_빙과_이수민_X4dmxg8T.mp4_[26.06]F_V_JD멜_인지_쫀득바출시_맛인지형_맛인지형.인지_var2.릴스_품절대란.X_1P_문선정_260612_빙과_이수민,90,0,330.0,0,65,인지
2026-09-03,1874370091722833,[빙과_스틱바]_쫀득바_인지2_video,[멜론] 무디 파트너십 광고 (26년 10월까지만 활용 가능),payforyouth__j28UIP7Q.mp4_payforyouth_,134,0,304.0,0,61,인지
2026-09-03,1874030313976066,[빙과_스틱바]_쫀득바_인지2_video,[멜론] 인물리뷰(1)_6.3W,[26.06]F_V_JD멜_인지_쫀득바출시_인물리뷰형_인물리뷰형_var4.릴스_후킹.X_2P_고가영_260612_빙과_유영현_JfFPUknj.mp4_[26.06]F_V_JD멜_인지_쫀득바출시_인물리뷰형_인물리뷰형_var4.릴스_후킹.X_2P_고가영_260612_빙과_유영현,150,0,511.0,0,106,인지
2026-09-03,1874030333521250,[빙과_스틱바]_쫀득바_인지2_video,[멜론] 초딩유행템2_6.4W,[26.06]F_V_JD멜_인지_쫀득바출시_신규BP_써우리BP_var2.릴스_혜택.X_1P_문선정_260626_빙과_김진수_AGmDZ35w.mp4_[26.06]F_V_JD멜_인지_쫀득바출시_신규BP_써우리BP_var2.릴스_혜택.X_1P_문선정_260626_빙과_김진수,147,0,271.0,0,54,인지
2026-09-03,1873959509314913,[빙과_스틱바]_쫀득바_인지2_video,[멜론] 일본원정템_7.1W,[26.07]F_V_JD멜_인지_쫀득바출시_신규BP_외부BP_var1.릴스_메인.일반브금.X_2P_문선정_260703_빙과_이하림_WTZLraDf.mp4_[26.07]F_V_JD멜_인지_쫀득바출시_신규BP_외부BP_var1.릴스_메인.일반브금.X_2P_문선정_260703_빙과_이하림,139,0,285.0,0,51,인지
2026-09-03,1873959606553906,[빙과_스틱바]_쫀득바_인지2_video,[멜론] 수박BP_6.3W,[26.06]F_V_JD멜_인지_쫀득바출시_맛인지형_수박BP_main.릴스_1년에딱.X_1P_김유진_260619_빙과_정하얀_4WnKJzct.mp4_[26.06]F_V_JD멜_인지_쫀득바출시_맛인지형_수박BP_main.릴스_1년에딱.X_1P_김유진_260619_빙과_정하얀,164,0,545.0,0,105,인지
2026-09-03,1873959483402306,[빙과_스틱바]_쫀득바_인지2_video,[멜론] 전세계에서일본에만_7.1W,[26.07]F_V_JD멜_인지_쫀득바출시_인물리뷰형_인물리뷰형_var2.릴스_상단.1등로손.X_2P_문선정_260703_빙과_유영현_kvnPtLWY.mp4_[26.07]F_V_JD멜_인지_쫀득바출시_인물리뷰형_인물리뷰형_var2.릴스_상단.1등로손.X_2P_문선정_260703_빙과_유영현,24,0,27.0,0,5,인지
2026-09-03,1874371832380434,[빙과_스틱바]_쫀득바_인지2_video,[멜론] 무디 파트너십 광고 (26년 10월까지만 활용 가능),dodoscene_9lkPTqUt.mp4_dodoscene,205,0,536.0,0,103,인지
2026-09-03,1873959662238738,[빙과_스틱바]_쫀득바_인지2_video,[멜론] 유튜버썰풀기형_6.3W,[26.06]F_V_JD멜_인지_쫀득바출시_숏츠형_유튜브읽기형_var1.릴스_1년에한달.365일.X_1P_문선정_260612_빙과_이수현_Gau8dgwA.mp4_[26.06]F_V_JD멜_인지_쫀득바출시_숏츠형_유튜브읽기형_var1.릴스_1년에한달.365일.X_1P_문선정_260612_빙과_이수현,129,0,496.0,0,88,인지
2026-09-03,1874734943788354,[빙과_스틱바]_쫀득바_인지2_video,[멜론] 무디 파트너십 광고 (26년 10월까지만 활용 가능),kwaksuaaaa_qdpYkeKP.mp4_kwaksuaaaa.mp4,1881,0,5035.0,0,1072,인지
2026-09-03,1874030323030129,[빙과_스틱바]_쫀득바_인지2_video,[멜론] 인플루언서형_6.3W,[26.06]F_V_JD멜_인지_상시_인플루언서형_인플루언서형.인지_main.릴스_공통.X_1P_문선정_260619_빙과_이수민_OcQS8Jtk.mp4_Copy 3 of [26.06]F_V_JD멜_인지_상시_인플루언서형_인플루언서형.인지_main.릴스_공통.X_1P_문선정_260619_빙과_이수민,39,0,84.0,0,17,인지
2026-09-03,1873959571492482,[빙과_스틱바]_쫀득바_인지2_video,[멜론] 써우리BP_6.4W,[26.06]F_V_JD멜_인지_쫀득바출시_맛인지형_맛인지형.인지_var3.릴스_국민템 멜론바.X_1P_문선정_260612_빙과_이수민_49m1RLsV.mp4_[26.06]F_V_JD멜_인지_쫀득바출시_맛인지형_맛인지형.인지_var3.릴스_국민템 멜론바.X_1P_문선정_260612_빙과_이수민,17,0,45.0,0,11,인지
2026-09-04,1873959511342130,[빙과_스틱바]_쫀득바_인지2_video,[멜론] 일본원정템_7.1W,[26.07]F_V_JD멜_인지_쫀득바출시_신규BP_외부BP_main.릴스_메인.키노피오브금.X_2P_문선정_260703_빙과_이하림_CMkAHnfZ.mp4_[26.07]F_V_JD멜_인지_쫀득바출시_신규BP_외부BP_main.릴스_메인.키노피오브금.X_2P_문선정_260703_빙과_이하림,25,0,72.0,0,17,인지
2026-09-04,1874734943788354,[빙과_스틱바]_쫀득바_인지2_video,[멜론] 무디 파트너십 광고 (26년 10월까지만 활용 가능),kwaksuaaaa_qdpYkeKP.mp4_kwaksuaaaa.mp4,3395,0,9521.0,0,2161,인지
2026-09-04,1873959571492482,[빙과_스틱바]_쫀득바_인지2_video,[멜론] 써우리BP_6.4W,[26.06]F_V_JD멜_인지_쫀득바출시_맛인지형_맛인지형.인지_var3.릴스_국민템 멜론바.X_1P_문선정_260612_빙과_이수민_49m1RLsV.mp4_[26.06]F_V_JD멜_인지_쫀득바출시_맛인지형_맛인지형.인지_var3.릴스_국민템 멜론바.X_1P_문선정_260612_빙과_이수민,13,0,37.0,0,7,인지
2026-09-04,1873959645921585,[빙과_스틱바]_쫀득바_인지2_video,[멜론] 인물리뷰(2)_6.3W,[26.06]F_V_JD멜_인지_쫀득바출시_인물리뷰형_렉카형_var1.릴스_1년멜론.X_2P_고가영_260612_빙과_김지연_Vfw93Dij.mp4_[26.06]F_V_JD멜_인지_쫀득바출시_인물리뷰형_렉카형_var1.릴스_1년멜론.X_2P_고가영_260612_빙과_김지연,114,0,315.0,0,67,인지
2026-09-04,1874370098478129,[빙과_스틱바]_쫀득바_인지2_video,[멜론] 무디 파트너십 광고 (26년 10월까지만 활용 가능),kdaaeng_5cY4RH6h.mp4_kdaaeng,388,0,962.0,0,205,인지
2026-09-04,1873959600941425,[빙과_스틱바]_쫀득바_인지2_video,[멜론] 인플루언서형_6.3W,[26.06]F_V_JD멜_인지_상시_인플루언서형_인플루언서형.인지_var1.릴스_쫀득 후킹.X_1P_문선정_260619_빙과_이수민_HCZXPTgo.mp4_[26.06]F_V_JD멜_인지_상시_인플루언서형_인플루언서형.인지_var1.릴스_쫀득 후킹.X_1P_문선정_260619_빙과_이수민,4,0,12.0,0,2,인지
2026-09-04,1873959526530242,[빙과_스틱바]_쫀득바_인지2_video,[멜론] 책상네고 대체_6.4W,[26.06]F_V_JD멜_인지_쫀득바출시_기타_비하인드썰풀기_var2.릴스_POV.X_1P_김유진_260626_빙과_강다빈_dvNEWTwx.mp4_[26.06]F_V_JD멜_인지_쫀득바출시_기타_비하인드썰풀기_var2.릴스_POV.X_1P_김유진_260626_빙과_강다빈,126,0,101.0,0,25,인지
2026-09-04,1874370063993025,[빙과_스틱바]_쫀득바_인지2_video,[멜론] 무디 파트너십 광고 (26년 10월까지만 활용 가능),ddu___0_Jb76Kdc9.mp4_ddu___0,176,0,260.0,0,52,인지
2026-09-04,1874371832380434,[빙과_스틱바]_쫀득바_인지2_video,[멜론] 무디 파트너십 광고 (26년 10월까지만 활용 가능),dodoscene_9lkPTqUt.mp4_dodoscene,224,0,568.0,0,108,인지
2026-09-04,1874030338066737,[빙과_스틱바]_쫀득바_인지2_video,[멜론] 현지인도못구하는_7.1W,[26.07]F_V_JD멜_인지_쫀득바출시_인플루언서형_인플루언서형_var2.릴스_인물먼저.X_1P_문선정_260703_빙과_정하얀_JOamzo0T.mp4_[26.07]F_V_JD멜_인지_쫀득바출시_인플루언서형_인플루언서형_var2.릴스_인물먼저.X_1P_문선정_260703_빙과_정하얀,55,0,159.0,0,40,인지
2026-09-04,1873959530787025,[빙과_스틱바]_쫀득바_인지2_video,[멜론] 책상네고 대체_6.4W,[26.06]F_V_JD멜_인지_쫀득바출시_기타_비하인드썰풀기_main.릴스_본론.X_1P_김유진_260626_빙과_강다빈_viyVb41T.mp4_[26.06]F_V_JD멜_인지_쫀득바출시_기타_비하인드썰풀기_main.릴스_본론.X_1P_김유진_260626_빙과_강다빈,541,0,781.0,0,149,인지
2026-09-04,1874370060195937,[빙과_스틱바]_쫀득바_인지2_video,[멜론] 무디 파트너십 광고 (26년 10월까지만 활용 가능),02_TbcHadv6.mp4_02,133,0,457.0,0,101,인지
2026-09-04,1874370080353713,[빙과_스틱바]_쫀득바_인지2_video,[멜론] 무디 파트너십 광고 (26년 10월까지만 활용 가능),unyouu_ZQxjeUdR.mp4_unyouu,322,0,687.0,0,122,인지
2026-09-04,1873959526530274,[빙과_스틱바]_쫀득바_인지2_video,[멜론] 책상네고 대체_6.4W,[26.06]F_V_JD멜_인지_쫀득바출시_기타_비하인드썰풀기_var1.릴스_짤림후킹.X_1P_김유진_260626_빙과_강다빈_N8xnAoaE.mp4_[26.06]F_V_JD멜_인지_쫀득바출시_기타_비하인드썰풀기_var1.릴스_짤림후킹.X_1P_김유진_260626_빙과_강다빈,650,0,201.0,0,63,인지
2026-09-04,1873959592941730,[빙과_스틱바]_쫀득바_인지2_video,[멜론] 인플루언서형_6.3W,[26.06]F_V_JD멜_인지_상시_인플루언서형_인플루언서형.인지_main.릴스_공통.X_1P_문선정_260619_빙과_이수민_OcQS8Jtk.mp4_[26.06]F_V_JD멜_인지_상시_인플루언서형_인플루언서형.인지_var2.릴스_대세감.X_1P_문선정_260619_빙과_이수민,4,0,9.0,0,2,인지
2026-09-04,1873959596195153,[빙과_스틱바]_쫀득바_인지2_video,[멜론] 인플루언서형_6.3W,[26.06]F_V_JD멜_인지_상시_인플루언서형_인플루언서형.인지_main.릴스_공통.X_1P_문선정_260619_빙과_이수민_OcQS8Jtk.mp4_[26.06]F_V_JD멜_인지_상시_인플루언서형_인플루언서형.인지_main.릴스_공통.X_1P_문선정_260619_빙과_이수민,6,0,4.0,0,1,인지
2026-09-04,1874030317649217,[빙과_스틱바]_쫀득바_인지2_video,[멜론] 인물리뷰(2)_6.3W,[26.06]F_V_JD멜_인지_쫀득바출시_인물리뷰형_렉카형_var2.릴스_상단.대세감.X_2P_고가영_260612_빙과_김지연_uJ2PiCGN.mp4_[26.06]F_V_JD멜_인지_쫀득바출시_인물리뷰형_렉카형_var2.릴스_상단.대세감.X_2P_고가영_260612_빙과_김지연,2857,0,4369.0,0,837,인지
2026-09-04,1873959645922641,[빙과_스틱바]_쫀득바_인지2_video,[멜론] 인물리뷰(2)_6.3W,[26.06]F_V_JD멜_인지_쫀득바출시_인물리뷰형_렉카형_main.릴스_공통.X_2P_고가영_260612_빙과_김지연_bRJKpluY.mp4_[26.06]F_V_JD멜_인지_쫀득바출시_인물리뷰형_렉카형_main.릴스_공통.X_2P_고가영_260612_빙과_김지연,38,0,58.0,0,14,인지
2026-09-04,1873959656924433,[빙과_스틱바]_쫀득바_인지2_video,[멜론] 요거트바BP_6.3W,[26.06]F_V_JD멜_인지_쫀득바출시_인물리뷰형_편의점원정_var3.릴스_왁뿌볼.X_1P_문선정_260612_빙과_정요한_HJ4yRNtY.mp4_[26.06]F_V_JD멜_인지_쫀득바출시_인물리뷰형_편의점원정_var3.릴스_왁뿌볼.X_1P_문선정_260612_빙과_정요한,5203,0,6546.0,0,1291,인지
2026-09-04,1873959560792561,[빙과_스틱바]_쫀득바_인지2_video,[멜론] 부자들만먹는_6.4W,[26.06]F_V_JD멜_인지_쫀득바출시_신규BP_먹방형_var1.릴스_쫀득.X_1P_문선정_260626_빙과_이수민_PAw0dpIV.mp4_[26.06]F_V_JD멜_인지_쫀득바출시_신규BP_먹방형_var1.릴스_쫀득.X_1P_문선정_260626_빙과_이수민,130,0,33.0,0,9,인지
2026-09-04,1874370091722833,[빙과_스틱바]_쫀득바_인지2_video,[멜론] 무디 파트너십 광고 (26년 10월까지만 활용 가능),payforyouth__j28UIP7Q.mp4_payforyouth_,197,0,393.0,0,81,인지
2026-09-04,1874030313976066,[빙과_스틱바]_쫀득바_인지2_video,[멜론] 인물리뷰(1)_6.3W,[26.06]F_V_JD멜_인지_쫀득바출시_인물리뷰형_인물리뷰형_var4.릴스_후킹.X_2P_고가영_260612_빙과_유영현_JfFPUknj.mp4_[26.06]F_V_JD멜_인지_쫀득바출시_인물리뷰형_인물리뷰형_var4.릴스_후킹.X_2P_고가영_260612_빙과_유영현,206,0,621.0,0,128,인지
2026-09-04,1873959574894593,[빙과_스틱바]_쫀득바_인지2_video,[멜론] 써우리BP_6.4W,[26.06]F_V_JD멜_인지_쫀득바출시_맛인지형_맛인지형.인지_var2.릴스_품절대란.X_1P_문선정_260612_빙과_이수민_X4dmxg8T.mp4_[26.06]F_V_JD멜_인지_쫀득바출시_맛인지형_맛인지형.인지_var2.릴스_품절대란.X_1P_문선정_260612_빙과_이수민,81,0,276.0,0,58,인지
2026-09-04,1873959606553906,[빙과_스틱바]_쫀득바_인지2_video,[멜론] 수박BP_6.3W,[26.06]F_V_JD멜_인지_쫀득바출시_맛인지형_수박BP_main.릴스_1년에딱.X_1P_김유진_260619_빙과_정하얀_4WnKJzct.mp4_[26.06]F_V_JD멜_인지_쫀득바출시_맛인지형_수박BP_main.릴스_1년에딱.X_1P_김유진_260619_빙과_정하얀,98,0,316.0,0,70,인지
2026-09-04,1873959512707137,[빙과_스틱바]_쫀득바_인지2_video,[멜론] 일본원정템_7.1W,[26.07]F_V_JD멜_인지_쫀득바출시_신규BP_외부BP_var3.릴스_화내기.X_2P_문선정_260703_빙과_이하림_G6x0joRE.mp4_[26.07]F_V_JD멜_인지_쫀득바출시_신규BP_외부BP_var3.릴스_화내기.X_2P_문선정_260703_빙과_이하림,5,0,13.0,0,3,인지
2026-09-04,1873959648848097,[빙과_스틱바]_쫀득바_인지2_video,[멜론] 인물리뷰(2)_6.3W,[26.06]F_V_JD멜_인지_쫀득바출시_인물리뷰형_렉카형_var4.릴스_상단.판매중단.X_2P_고가영_260612_빙과_김지연_qc1ljdun.mp4_[26.06]F_V_JD멜_인지_쫀득바출시_인물리뷰형_렉카형_var4.릴스_상단.판매중단.X_2P_고가영_260612_빙과_김지연,121,0,136.0,0,24,인지
2026-09-04,1874762142926161,[빙과_스틱바]_복쫀바_인지2_video,[복숭아] 8월4주차_맛인지_노현경,_26.08_F_V_JD__________var5.___.X__P___260828_____f7aba5a3a3f8.mp4_[26.08]F_V_JD복_인지_복쫀바출시_맛인지형_오먹_var5.릴스_생그릭요거트.X_스틱바P_이재원_260828_빙과_노현경.mp4,624,0,803.0,0,161,인지
2026-09-04,1873959654248546,[빙과_스틱바]_쫀득바_인지2_video,[멜론] 요거트바BP_6.3W,[26.06]F_V_JD멜_인지_쫀득바출시_인물리뷰형_편의점원정_var1.릴스_맛.X_1P_문선정_260612_빙과_정요한_USPOMvkw.mp4_[26.06]F_V_JD멜_인지_쫀득바출시_인물리뷰형_편의점원정_var1.릴스_맛.X_1P_문선정_260612_빙과_정요한,80,0,182.0,0,37,인지
2026-09-04,1874030323030129,[빙과_스틱바]_쫀득바_인지2_video,[멜론] 인플루언서형_6.3W,[26.06]F_V_JD멜_인지_상시_인플루언서형_인플루언서형.인지_main.릴스_공통.X_1P_문선정_260619_빙과_이수민_OcQS8Jtk.mp4_Copy 3 of [26.06]F_V_JD멜_인지_상시_인플루언서형_인플루언서형.인지_main.릴스_공통.X_1P_문선정_260619_빙과_이수민,21,0,43.0,0,8,인지
2026-09-04,1875398369068242,[빙과_스틱바]_쫀득바_인지2_video,[멜론] 무디 파트너십 광고 (26년 10월까지만 활용 가능),euunjoo_D2fhy7T5.mp4_euunjoo.mp4,1113,0,2933.0,0,589,인지
2026-09-04,1873959509314913,[빙과_스틱바]_쫀득바_인지2_video,[멜론] 일본원정템_7.1W,[26.07]F_V_JD멜_인지_쫀득바출시_신규BP_외부BP_var1.릴스_메인.일반브금.X_2P_문선정_260703_빙과_이하림_WTZLraDf.mp4_[26.07]F_V_JD멜_인지_쫀득바출시_신규BP_외부BP_var1.릴스_메인.일반브금.X_2P_문선정_260703_빙과_이하림,878,0,1248.0,0,240,인지
2026-09-04,1874370094864626,[빙과_스틱바]_쫀득바_인지2_video,[멜론] 무디 파트너십 광고 (26년 10월까지만 활용 가능),bbuni_sol_0lW2JXmG.mp4_bbuni_sol,1542,0,5221.0,0,1111,인지
2026-09-04,1873959649053697,[빙과_스틱바]_쫀득바_인지2_video,[멜론] 인물리뷰(2)_6.3W,[26.06]F_V_JD멜_인지_쫀득바출시_인물리뷰형_렉카형_var3.릴스_상단.조회수.X_2P_고가영_260612_빙과_김지연_o3Oil7XF.mp4_[26.06]F_V_JD멜_인지_쫀득바출시_인물리뷰형_렉카형_var3.릴스_상단.조회수.X_2P_고가영_260612_빙과_김지연,45,0,48.0,0,10,인지
2026-09-04,1873959567272305,[빙과_스틱바]_쫀득바_인지2_video,[멜론] 부자들만먹는_6.4W,[26.06]F_V_JD멜_인지_쫀득바출시_신규BP_먹방형_var4.릴스_숏.X_1P_문선정_260626_빙과_이수민_51lK2MkR.mp4_[26.06]F_V_JD멜_인지_쫀득바출시_신규BP_먹방형_var4.릴스_숏.X_1P_문선정_260626_빙과_이수민,70,0,142.0,0,28,인지
2026-09-04,1873959592940658,[빙과_스틱바]_쫀득바_인지2_video,[멜론] 인플루언서형_6.3W,[26.06]F_V_JD멜_인지_상시_인플루언서형_인플루언서형.인지_var1.릴스_쫀득 후킹.X_1P_문선정_260619_빙과_이수민_HCZXPTgo.mp4_[26.06]F_V_JD멜_인지_상시_인플루언서형_인플루언서형.인지_var1.릴스_쫀득 후킹.X_1P_문선정_260619_빙과_이수민,19,0,32.0,0,7,인지
2026-09-04,1873959502194113,[빙과_스틱바]_쫀득바_인지2_video,[멜론] 현지인도못구하는_7.1W,[26.07]F_V_JD멜_인지_쫀득바출시_인플루언서형_인플루언서형_main.릴스_비행기표취소.X_1P_문선정_260703_빙과_정하얀_6J9yLGRu.mp4_[26.07]F_V_JD멜_인지_쫀득바출시_인플루언서형_인플루언서형_main.릴스_비행기표취소.X_1P_문선정_260703_빙과_정하얀,243,0,356.0,0,71,인지
2026-09-04,1873959509313921,[빙과_스틱바]_쫀득바_인지2_video,[멜론] 일본원정템_7.1W,[26.07]F_V_JD멜_인지_쫀득바출시_신규BP_외부BP_var2.릴스_POV.X_2P_문선정_260703_빙과_이하림_vSPVRZmI.mp4_[26.07]F_V_JD멜_인지_쫀득바출시_신규BP_외부BP_var2.릴스_POV.X_2P_문선정_260703_빙과_이하림,245,0,371.0,0,82,인지
2026-09-04,1873959662058609,[빙과_스틱바]_쫀득바_인지2_video,[멜론] 요거트바BP_6.3W,[26.06]F_V_JD멜_인지_쫀득바출시_인물리뷰형_편의점원정_var4.릴스_대세감.X_1P_문선정_260612_빙과_정요한_dTrqo0s9.mp4_[26.06]F_V_JD멜_인지_쫀득바출시_인물리뷰형_편의점원정_var4.릴스_대세감.X_1P_문선정_260612_빙과_정요한,64,0,99.0,0,19,인지
2026-09-04,1873959586022625,[빙과_스틱바]_쫀득바_인지2_video,[망고] 맛인지_6.3W,[26.06]F_V_JD망_인지_쫀득바출시_맛인지형_맛인지형.인지_var2.릴스_망고맛.진수.6월.수민PJ_2P_문선정_260619_빙과_김지연_85l4f3Aq.mp4_[26.06]F_V_JD망_인지_쫀득바출시_맛인지형_맛인지형.인지_var2.릴스_망고맛.진수.6월.수민PJ_2P_문선정_260619_빙과_김지연,93,0,180.0,0,38,인지
2026-09-04,1873959654247474,[빙과_스틱바]_쫀득바_인지2_video,[멜론] 요거트바BP_6.3W,[26.06]F_V_JD멜_인지_쫀득바출시_인물리뷰형_편의점원정_main.릴스_공통.X_1P_문선정_260612_빙과_정요한_YkIZOlu0.mp4_[26.06]F_V_JD멜_인지_쫀득바출시_인물리뷰형_편의점원정_main.릴스_공통.X_1P_문선정_260612_빙과_정요한,172,0,588.0,0,119,인지
2026-09-04,1874370090397122,[빙과_스틱바]_쫀득바_인지2_video,[멜론] 무디 파트너십 광고 (26년 10월까지만 활용 가능),minimore.927_wXMpjCo9.mp4_minimore.927,1162,0,3826.0,0,781,인지
2026-09-04,1873959599404161,[빙과_스틱바]_쫀득바_인지2_video,[멜론] 인플루언서형_6.3W,[26.06]F_V_JD멜_인지_상시_인플루언서형_인플루언서형.인지_var3.릴스_코어 후킹.X_1P_문선정_260619_빙과_이수민_fHo1zJ0X.mp4_[26.06]F_V_JD멜_인지_상시_인플루언서형_인플루언서형.인지_var3.릴스_코어 후킹.X_1P_문선정_260619_빙과_이수민,55,0,64.0,0,11,인지
2026-09-04,1873959502194161,[빙과_스틱바]_쫀득바_인지2_video,[멜론] 현지인도못구하는_7.1W,[26.07]F_V_JD멜_인지_쫀득바출시_인플루언서형_인플루언서형_var1.릴스_제품먼저.X_1P_문선정_260703_빙과_정하얀_gA26O49Z.mp4_[26.07]F_V_JD멜_인지_쫀득바출시_인플루언서형_인플루언서형_var1.릴스_제품먼저.X_1P_문선정_260703_빙과_정하얀,141,0,245.0,0,53,인지
2026-09-04,1874030333521250,[빙과_스틱바]_쫀득바_인지2_video,[멜론] 초딩유행템2_6.4W,[26.06]F_V_JD멜_인지_쫀득바출시_신규BP_써우리BP_var2.릴스_혜택.X_1P_문선정_260626_빙과_김진수_AGmDZ35w.mp4_[26.06]F_V_JD멜_인지_쫀득바출시_신규BP_써우리BP_var2.릴스_혜택.X_1P_문선정_260626_빙과_김진수,387,0,669.0,0,141,인지
2026-09-04,1873959559414865,[빙과_스틱바]_쫀득바_인지2_video,[멜론] 부자들만먹는_6.4W,[26.06]F_V_JD멜_인지_쫀득바출시_신규BP_먹방형_main.릴스_공통.X_1P_문선정_260626_빙과_이수민_6K4RW1kr.mp4_[26.06]F_V_JD멜_인지_쫀득바출시_신규BP_먹방형_main.릴스_공통.X_1P_문선정_260626_빙과_이수민,107,0,248.0,0,49,인지
2026-09-04,1873959585040561,[빙과_스틱바]_쫀득바_인지2_video,[망고] 맛인지_6.3W,[26.06]F_V_JD망_인지_쫀득바출시_맛인지형_맛인지형.인지_var3.릴스_대세감.진수.6월.수민PJ_2P_문선정_260619_빙과_김지연_694xYrHj.mp4_[26.06]F_V_JD망_인지_쫀득바출시_맛인지형_맛인지형.인지_var3.릴스_대세감.진수.6월.수민PJ_2P_문선정_260619_빙과_김지연,58,0,46.0,0,12,인지
2026-09-04,1874370090377506,[빙과_스틱바]_쫀득바_인지2_video,[멜론] 무디 파트너십 광고 (26년 10월까지만 활용 가능),xeoj.ng_L7HK2Ueo.mp4_xeoj.ng,182,0,295.0,0,57,인지
2026-09-04,1874370083000546,[빙과_스틱바]_쫀득바_인지2_video,[멜론] 무디 파트너십 광고 (26년 10월까지만 활용 가능),s_eo__fit_xO7qAYSe.mp4_s_eo__fit,193,0,569.0,0,124,인지
2026-09-04,1873959606553874,[빙과_스틱바]_쫀득바_인지2_video,[멜론] 수박BP_6.3W,[26.06]F_V_JD멜_인지_쫀득바출시_맛인지형_수박BP_var1.릴스_저샀어요.X_1P_김유진_260619_빙과_정하얀_KxT2Mrn4.mp4_[26.06]F_V_JD멜_인지_쫀득바출시_맛인지형_수박BP_var1.릴스_저샀어요.X_1P_김유진_260619_빙과_정하얀,49,0,52.0,0,11,인지
2026-09-04,1873959559414897,[빙과_스틱바]_쫀득바_인지2_video,[멜론] 부자들만먹는_6.4W,[26.06]F_V_JD멜_인지_쫀득바출시_신규BP_먹방형_var2.릴스_먹방.X_1P_문선정_260626_빙과_이수민_jNE7zmU8.mp4_[26.06]F_V_JD멜_인지_쫀득바출시_신규BP_먹방형_var2.릴스_먹방.X_1P_문선정_260626_빙과_이수민,21,0,3.0,0,2,인지
2026-09-04,1875228150877506,[빙과_스틱바]_복쫀바_인지2_video,[복숭아] 먹리니 PA,먹리니_PA_J9Tn6Pyz.mp4_먹리니 PA,26288,0,46951.0,0,9407,인지
2026-09-04,1874762145489089,[빙과_스틱바]_복쫀바_인지2_video,[복숭아] 8월4주차_맛인지_노현경,_26.08_F_V_JD__________var2.___.X__P___260828_____808ac332390d.mp4_[26.08]F_V_JD복_인지_복쫀바출시_맛인지형_오먹_var2.릴스_후숙복숭아.X_스틱바P_이재원_260828_빙과_노현경.mp4,262,0,620.0,0,118,인지
2026-09-04,1874759704807857,[빙과_스틱바]_쫀득바_인지2_video,[멜론쫀득바] [26.08] 인지_바이럴형_백정BP바이럴화_정요한,[26.08]F_V_JD멜_인지_쫀득바출시_바이럴형_ai형_main.렉카_식품업계미투제품.X_스틱바P_황경원_260828_빙과_정요한.mp4_[26.08]F_V_JD멜_인지_쫀득바출시_바이럴형_ai형_main.렉카_식품업계미투제품.X_스틱바P_황경원_260828_빙과_정요한.mp4,132,0,330.0,0,60,인지
2026-09-04,1874370092553873,[빙과_스틱바]_쫀득바_인지2_video,[멜론] 무디 파트너십 광고 (26년 10월까지만 활용 가능),riverbinn_N8nEPrUl.mp4_riverbinn,733,0,2121.0,0,403,인지
2026-09-04,1873959576604178,[빙과_스틱바]_쫀득바_인지2_video,[멜론] 써우리BP_6.4W,[26.06]F_V_JD멜_인지_쫀득바출시_맛인지형_맛인지형.인지_var4.릴스_노을멜론.X_1P_문선정_260612_빙과_이수민_c8GfOUgM.mp4_[26.06]F_V_JD멜_인지_쫀득바출시_맛인지형_맛인지형.인지_var4.릴스_노을멜론.X_1P_문선정_260612_빙과_이수민,249,0,229.0,0,43,인지
2026-09-04,1873959601100177,[빙과_스틱바]_쫀득바_인지2_video,[멜론] 인플루언서형_6.3W,[26.06]F_V_JD멜_인지_상시_인플루언서형_인플루언서형.인지_var2.릴스_대세감.X_1P_문선정_260619_빙과_이수민_Bwvr3K0z.mp4_[26.06]F_V_JD멜_인지_상시_인플루언서형_인플루언서형.인지_var2.릴스_대세감.X_1P_문선정_260619_빙과_이수민,105,0,182.0,0,36,인지
2026-09-04,1873959572271185,[빙과_스틱바]_쫀득바_인지2_video,[멜론] 써우리BP_6.4W,[26.06]F_V_JD멜_인지_쫀득바출시_맛인지형_맛인지형.인지_var1.릴스_왁뿌볼.X_1P_문선정_260612_빙과_이수민_EwQB6yWu.mp4_[26.06]F_V_JD멜_인지_쫀득바출시_맛인지형_맛인지형.인지_var1.릴스_왁뿌볼.X_1P_문선정_260612_빙과_이수민,9,0,20.0,0,5,인지
2026-09-04,1874030341331282,[빙과_스틱바]_쫀득바_인지2_video,[멜론] 전세계에서일본에만_7.1W,[26.07]F_V_JD멜_인지_쫀득바출시_인물리뷰형_인물리뷰형_var1.릴스_상단.국내출시.X_2P_문선정_260703_빙과_유영현_hYJso2jc.mp4_[26.07]F_V_JD멜_인지_쫀득바출시_인물리뷰형_인물리뷰형_var1.릴스_상단.국내출시.X_2P_문선정_260703_빙과_유영현,1108,0,2007.0,0,388,인지
2026-09-04,1874734944122306,[빙과_스틱바]_쫀득바_인지2_video,[멜론] 무디 파트너십 광고 (26년 10월까지만 활용 가능),miju_yah_n5sMw4xC.mp4_miju_yah.mp4,3361,0,9658.0,0,2078,인지
2026-09-04,1873959582885234,[빙과_스틱바]_쫀득바_인지2_video,[망고] 맛인지_6.3W,[26.06]F_V_JD망_인지_쫀득바출시_맛인지형_맛인지형.인지_var1.릴스_젤리식감.진수.6월.수민PJ_2P_문선정_260619_빙과_김지연_oqUjrN9C.mp4_[26.06]F_V_JD망_인지_쫀득바출시_맛인지형_맛인지형.인지_var1.릴스_젤리식감.진수.6월.수민PJ_2P_문선정_260619_빙과_김지연,24,0,38.0,0,9,인지
2026-09-04,1874370060202321,[빙과_스틱바]_쫀득바_인지2_video,[멜론] 무디 파트너십 광고 (26년 10월까지만 활용 가능),eunbynko_XVZyBHut.mp4_eunbynko,80,0,208.0,0,40,인지
2026-09-04,1874370076917153,[빙과_스틱바]_쫀득바_인지2_video,[멜론] 무디 파트너십 광고 (26년 10월까지만 활용 가능),niker_jaen_dE0hLqZD.mp4_niker_jaen,1504,0,4264.0,0,860,인지
2026-09-04,1874371832550769,[빙과_스틱바]_쫀득바_인지2_video,[멜론] 무디 파트너십 광고 (26년 10월까지만 활용 가능),doyouknow_omg_MfVCQSX8.mp4_doyouknow_omg,176,0,453.0,0,85,인지
2026-09-04,1873959656457905,[빙과_스틱바]_쫀득바_인지2_video,[멜론] 요거트바BP_6.3W,[26.06]F_V_JD멜_인지_쫀득바출시_인물리뷰형_편의점원정_var2.릴스_퀄리티.X_1P_문선정_260612_빙과_정요한_F6rWEnOX.mp4_[26.06]F_V_JD멜_인지_쫀득바출시_인물리뷰형_편의점원정_var2.릴스_퀄리티.X_1P_문선정_260612_빙과_정요한,115,0,140.0,0,26,인지
2026-09-04,1874762142929441,[빙과_스틱바]_복쫀바_인지2_video,[복숭아] 8월4주차_맛인지_노현경,_26.08_F_V_JD__________var7.___.X__P___260828_____ca0f6be6a99e.mp4_[26.08]F_V_JD복_인지_복쫀바출시_맛인지형_오먹_var7.릴스_유럽.X_스틱바P_이재원_260828_빙과_노현경.mp4,109,0,255.0,0,48,인지
2026-09-04,1874370068335249,[빙과_스틱바]_쫀득바_인지2_video,[멜론] 무디 파트너십 광고 (26년 10월까지만 활용 가능),cmonprefere__k_Hx4qLXWs.mp4_cmonprefere__k,494,0,753.0,0,134,인지
2026-09-04,1874370084620641,[빙과_스틱바]_쫀득바_인지2_video,[멜론] 무디 파트너십 광고 (26년 10월까지만 활용 가능),suj_43_2u1JOHAq.mp4_suj_43,197,0,356.0,0,60,인지
2026-09-04,1874762145489121,[빙과_스틱바]_복쫀바_인지2_video,[복숭아] 8월4주차_맛인지_노현경,_26.08_F_V_JD__________var4.__100_.X__P___260828_____fd8396e09804.mp4_[26.08]F_V_JD복_인지_복쫀바출시_맛인지형_오먹_var4.릴스_100프로복숭아농축액.X_스틱바P_이재원_260828_빙과_노현경.mp4,950,0,3004.0,0,576,인지
2026-09-04,1874030321444945,[빙과_스틱바]_쫀득바_인지2_video,[멜론] 컨비니BP_6.3W,[26.06]F_V_JD멜_인지_쫀득바출시_제조과정형_컨비니BP_var5.릴스_공통.할인.X_1P_김유진_260619_빙과_정요한_7cNBXRYq.mp4_[26.06]F_V_JD멜_인지_쫀득바출시_제조과정형_컨비니BP_var5.릴스_공통.할인.X_1P_김유진_260619_빙과_정요한,244,0,807.0,0,153,인지
2026-09-05,1874370076917153,[빙과_스틱바]_쫀득바_인지2_video,[멜론] 무디 파트너십 광고 (26년 10월까지만 활용 가능),niker_jaen_dE0hLqZD.mp4_niker_jaen,812,0,2079.0,0,429,인지
2026-09-05,1873959559414897,[빙과_스틱바]_쫀득바_인지2_video,[멜론] 부자들만먹는_6.4W,[26.06]F_V_JD멜_인지_쫀득바출시_신규BP_먹방형_var2.릴스_먹방.X_1P_문선정_260626_빙과_이수민_jNE7zmU8.mp4_[26.06]F_V_JD멜_인지_쫀득바출시_신규BP_먹방형_var2.릴스_먹방.X_1P_문선정_260626_빙과_이수민,93,0,23.0,0,10,인지
2026-09-05,1874370060202321,[빙과_스틱바]_쫀득바_인지2_video,[멜론] 무디 파트너십 광고 (26년 10월까지만 활용 가능),eunbynko_XVZyBHut.mp4_eunbynko,27,0,41.0,0,14,인지
2026-09-05,1873959599404161,[빙과_스틱바]_쫀득바_인지2_video,[멜론] 인플루언서형_6.3W,[26.06]F_V_JD멜_인지_상시_인플루언서형_인플루언서형.인지_var3.릴스_코어 후킹.X_1P_문선정_260619_빙과_이수민_fHo1zJ0X.mp4_[26.06]F_V_JD멜_인지_상시_인플루언서형_인플루언서형.인지_var3.릴스_코어 후킹.X_1P_문선정_260619_빙과_이수민,65,0,47.0,0,13,인지
2026-09-05,1875410602721410,[빙과_스틱바]_복쫀바_인지2_video,[복숭아] 9월 1주차_인물리뷰_JD복,7681681809516380180__26.09_F_V_JD복_전환_복쫀바출시_인물리뷰형_써우리BP_var1.릴스_쫀득.X_스틱바P_황경원_260904_빙과_노현경,9066,0,9826.0,0,2137,인지
2026-09-05,1873959559414865,[빙과_스틱바]_쫀득바_인지2_video,[멜론] 부자들만먹는_6.4W,[26.06]F_V_JD멜_인지_쫀득바출시_신규BP_먹방형_main.릴스_공통.X_1P_문선정_260626_빙과_이수민_6K4RW1kr.mp4_[26.06]F_V_JD멜_인지_쫀득바출시_신규BP_먹방형_main.릴스_공통.X_1P_문선정_260626_빙과_이수민,126,0,227.0,0,44,인지
2026-09-05,1874370083000546,[빙과_스틱바]_쫀득바_인지2_video,[멜론] 무디 파트너십 광고 (26년 10월까지만 활용 가능),s_eo__fit_xO7qAYSe.mp4_s_eo__fit,87,0,247.0,0,55,인지
2026-09-05,1873959654248546,[빙과_스틱바]_쫀득바_인지2_video,[멜론] 요거트바BP_6.3W,[26.06]F_V_JD멜_인지_쫀득바출시_인물리뷰형_편의점원정_var1.릴스_맛.X_1P_문선정_260612_빙과_정요한_USPOMvkw.mp4_[26.06]F_V_JD멜_인지_쫀득바출시_인물리뷰형_편의점원정_var1.릴스_맛.X_1P_문선정_260612_빙과_정요한,83,0,21.0,0,5,인지
2026-09-05,1873959679955218,[빙과_스틱바]_쫀득바_인지2_video,[멜론] 인물리뷰(1)_6.3W,[26.06]F_V_JD멜_인지_쫀득바출시_인물리뷰형_인물리뷰형_var1.릴스_블랙바.X_2P_고가영_260612_빙과_유영현_bKsUmrtE.mp4_[26.06]F_V_JD멜_인지_쫀득바출시_인물리뷰형_인물리뷰형_var1.릴스_블랙바.X_2P_고가영_260612_빙과_유영현,230,0,372.0,0,72,인지
2026-09-05,1873959586022625,[빙과_스틱바]_쫀득바_인지2_video,[망고] 맛인지_6.3W,[26.06]F_V_JD망_인지_쫀득바출시_맛인지형_맛인지형.인지_var2.릴스_망고맛.진수.6월.수민PJ_2P_문선정_260619_빙과_김지연_85l4f3Aq.mp4_[26.06]F_V_JD망_인지_쫀득바출시_맛인지형_맛인지형.인지_var2.릴스_망고맛.진수.6월.수민PJ_2P_문선정_260619_빙과_김지연,160,0,161.0,0,38,인지
2026-09-05,1873959656457905,[빙과_스틱바]_쫀득바_인지2_video,[멜론] 요거트바BP_6.3W,[26.06]F_V_JD멜_인지_쫀득바출시_인물리뷰형_편의점원정_var2.릴스_퀄리티.X_1P_문선정_260612_빙과_정요한_F6rWEnOX.mp4_[26.06]F_V_JD멜_인지_쫀득바출시_인물리뷰형_편의점원정_var2.릴스_퀄리티.X_1P_문선정_260612_빙과_정요한,31,0,27.0,0,8,인지
2026-09-05,1873959662058609,[빙과_스틱바]_쫀득바_인지2_video,[멜론] 요거트바BP_6.3W,[26.06]F_V_JD멜_인지_쫀득바출시_인물리뷰형_편의점원정_var4.릴스_대세감.X_1P_문선정_260612_빙과_정요한_dTrqo0s9.mp4_[26.06]F_V_JD멜_인지_쫀득바출시_인물리뷰형_편의점원정_var4.릴스_대세감.X_1P_문선정_260612_빙과_정요한,111,0,20.0,0,6,인지
2026-09-05,1873959512707137,[빙과_스틱바]_쫀득바_인지2_video,[멜론] 일본원정템_7.1W,[26.07]F_V_JD멜_인지_쫀득바출시_신규BP_외부BP_var3.릴스_화내기.X_2P_문선정_260703_빙과_이하림_G6x0joRE.mp4_[26.07]F_V_JD멜_인지_쫀득바출시_신규BP_외부BP_var3.릴스_화내기.X_2P_문선정_260703_빙과_이하림,6,0,16.0,0,4,인지
2026-09-05,1873959592940658,[빙과_스틱바]_쫀득바_인지2_video,[멜론] 인플루언서형_6.3W,[26.06]F_V_JD멜_인지_상시_인플루언서형_인플루언서형.인지_var1.릴스_쫀득 후킹.X_1P_문선정_260619_빙과_이수민_HCZXPTgo.mp4_[26.06]F_V_JD멜_인지_상시_인플루언서형_인플루언서형.인지_var1.릴스_쫀득 후킹.X_1P_문선정_260619_빙과_이수민,61,0,27.0,0,7,인지
2026-09-05,1874030333521250,[빙과_스틱바]_쫀득바_인지2_video,[멜론] 초딩유행템2_6.4W,[26.06]F_V_JD멜_인지_쫀득바출시_신규BP_써우리BP_var2.릴스_혜택.X_1P_문선정_260626_빙과_김진수_AGmDZ35w.mp4_[26.06]F_V_JD멜_인지_쫀득바출시_신규BP_써우리BP_var2.릴스_혜택.X_1P_문선정_260626_빙과_김진수,499,0,509.0,0,109,인지
2026-09-05,1873959509313921,[빙과_스틱바]_쫀득바_인지2_video,[멜론] 일본원정템_7.1W,[26.07]F_V_JD멜_인지_쫀득바출시_신규BP_외부BP_var2.릴스_POV.X_2P_문선정_260703_빙과_이하림_vSPVRZmI.mp4_[26.07]F_V_JD멜_인지_쫀득바출시_신규BP_외부BP_var2.릴스_POV.X_2P_문선정_260703_빙과_이하림,773,0,753.0,0,163,인지
2026-09-05,1873959606553874,[빙과_스틱바]_쫀득바_인지2_video,[멜론] 수박BP_6.3W,[26.06]F_V_JD멜_인지_쫀득바출시_맛인지형_수박BP_var1.릴스_저샀어요.X_1P_김유진_260619_빙과_정하얀_KxT2Mrn4.mp4_[26.06]F_V_JD멜_인지_쫀득바출시_맛인지형_수박BP_var1.릴스_저샀어요.X_1P_김유진_260619_빙과_정하얀,74,0,73.0,0,16,인지
2026-09-05,1874370084620641,[빙과_스틱바]_쫀득바_인지2_video,[멜론] 무디 파트너십 광고 (26년 10월까지만 활용 가능),suj_43_2u1JOHAq.mp4_suj_43,91,0,170.0,0,31,인지
2026-09-05,1874030321444945,[빙과_스틱바]_쫀득바_인지2_video,[멜론] 컨비니BP_6.3W,[26.06]F_V_JD멜_인지_쫀득바출시_제조과정형_컨비니BP_var5.릴스_공통.할인.X_1P_김유진_260619_빙과_정요한_7cNBXRYq.mp4_[26.06]F_V_JD멜_인지_쫀득바출시_제조과정형_컨비니BP_var5.릴스_공통.할인.X_1P_김유진_260619_빙과_정요한,152,0,121.0,0,26,인지
2026-09-05,1874762142929441,[빙과_스틱바]_복쫀바_인지2_video,[복숭아] 8월4주차_맛인지_노현경,_26.08_F_V_JD__________var7.___.X__P___260828_____ca0f6be6a99e.mp4_[26.08]F_V_JD복_인지_복쫀바출시_맛인지형_오먹_var7.릴스_유럽.X_스틱바P_이재원_260828_빙과_노현경.mp4,159,0,157.0,0,28,인지
2026-09-05,1873959685405714,[빙과_스틱바]_쫀득바_인지2_video,[멜론] 인물리뷰(1)_6.3W,[26.06]F_V_JD멜_인지_쫀득바출시_인물리뷰형_인물리뷰형_var2.릴스_대세감.X_2P_고가영_260612_빙과_유영현_JSgYoFLC.mp4_[26.06]F_V_JD멜_인지_쫀득바출시_인물리뷰형_인물리뷰형_var2.릴스_대세감.X_2P_고가영_260612_빙과_유영현,40,0,45.0,0,10,인지
2026-09-05,1873959526530274,[빙과_스틱바]_쫀득바_인지2_video,[멜론] 책상네고 대체_6.4W,[26.06]F_V_JD멜_인지_쫀득바출시_기타_비하인드썰풀기_var1.릴스_짤림후킹.X_1P_김유진_260626_빙과_강다빈_N8xnAoaE.mp4_[26.06]F_V_JD멜_인지_쫀득바출시_기타_비하인드썰풀기_var1.릴스_짤림후킹.X_1P_김유진_260626_빙과_강다빈,1078,0,238.0,0,77,인지
2026-09-05,1875228150877506,[빙과_스틱바]_복쫀바_인지2_video,[복숭아] 먹리니 PA,먹리니_PA_J9Tn6Pyz.mp4_먹리니 PA,16406,0,27714.0,0,5967,인지
2026-09-05,1873959681209441,[빙과_스틱바]_쫀득바_인지2_video,[멜론] 인물리뷰(1)_6.3W,[26.06]F_V_JD멜_인지_쫀득바출시_인물리뷰형_인물리뷰형_var3.릴스_코어의외성.X_2P_고가영_260612_빙과_유영현_wjEIQSXr.mp4_[26.06]F_V_JD멜_인지_쫀득바출시_인물리뷰형_인물리뷰형_var3.릴스_코어의외성.X_2P_고가영_260612_빙과_유영현,17,0,42.0,0,10,인지
2026-09-05,1873959576604178,[빙과_스틱바]_쫀득바_인지2_video,[멜론] 써우리BP_6.4W,[26.06]F_V_JD멜_인지_쫀득바출시_맛인지형_맛인지형.인지_var4.릴스_노을멜론.X_1P_문선정_260612_빙과_이수민_c8GfOUgM.mp4_[26.06]F_V_JD멜_인지_쫀득바출시_맛인지형_맛인지형.인지_var4.릴스_노을멜론.X_1P_문선정_260612_빙과_이수민,283,0,245.0,0,51,인지
2026-09-05,1874762145489089,[빙과_스틱바]_복쫀바_인지2_video,[복숭아] 8월4주차_맛인지_노현경,_26.08_F_V_JD__________var2.___.X__P___260828_____808ac332390d.mp4_[26.08]F_V_JD복_인지_복쫀바출시_맛인지형_오먹_var2.릴스_후숙복숭아.X_스틱바P_이재원_260828_빙과_노현경.mp4,321,0,445.0,0,86,인지
2026-09-05,1874734944122306,[빙과_스틱바]_쫀득바_인지2_video,[멜론] 무디 파트너십 광고 (26년 10월까지만 활용 가능),miju_yah_n5sMw4xC.mp4_miju_yah.mp4,2921,0,7898.0,0,1863,인지
2026-09-05,1874371832550769,[빙과_스틱바]_쫀득바_인지2_video,[멜론] 무디 파트너십 광고 (26년 10월까지만 활용 가능),doyouknow_omg_MfVCQSX8.mp4_doyouknow_omg,104,0,241.0,0,50,인지
2026-09-05,1873959526530242,[빙과_스틱바]_쫀득바_인지2_video,[멜론] 책상네고 대체_6.4W,[26.06]F_V_JD멜_인지_쫀득바출시_기타_비하인드썰풀기_var2.릴스_POV.X_1P_김유진_260626_빙과_강다빈_dvNEWTwx.mp4_[26.06]F_V_JD멜_인지_쫀득바출시_기타_비하인드썰풀기_var2.릴스_POV.X_1P_김유진_260626_빙과_강다빈,544,0,182.0,0,65,인지
2026-09-05,1874370068335249,[빙과_스틱바]_쫀득바_인지2_video,[멜론] 무디 파트너십 광고 (26년 10월까지만 활용 가능),cmonprefere__k_Hx4qLXWs.mp4_cmonprefere__k,405,0,642.0,0,115,인지
2026-09-05,1874762145489121,[빙과_스틱바]_복쫀바_인지2_video,[복숭아] 8월4주차_맛인지_노현경,_26.08_F_V_JD__________var4.__100_.X__P___260828_____fd8396e09804.mp4_[26.08]F_V_JD복_인지_복쫀바출시_맛인지형_오먹_var4.릴스_100프로복숭아농축액.X_스틱바P_이재원_260828_빙과_노현경.mp4,1481,0,4370.0,0,859,인지
2026-09-05,1874030341331282,[빙과_스틱바]_쫀득바_인지2_video,[멜론] 전세계에서일본에만_7.1W,[26.07]F_V_JD멜_인지_쫀득바출시_인물리뷰형_인물리뷰형_var1.릴스_상단.국내출시.X_2P_문선정_260703_빙과_유영현_hYJso2jc.mp4_[26.07]F_V_JD멜_인지_쫀득바출시_인물리뷰형_인물리뷰형_var1.릴스_상단.국내출시.X_2P_문선정_260703_빙과_유영현,1324,0,1715.0,0,329,인지
2026-09-05,1873959511342130,[빙과_스틱바]_쫀득바_인지2_video,[멜론] 일본원정템_7.1W,[26.07]F_V_JD멜_인지_쫀득바출시_신규BP_외부BP_main.릴스_메인.키노피오브금.X_2P_문선정_260703_빙과_이하림_CMkAHnfZ.mp4_[26.07]F_V_JD멜_인지_쫀득바출시_신규BP_외부BP_main.릴스_메인.키노피오브금.X_2P_문선정_260703_빙과_이하림,23,0,69.0,0,14,인지
2026-09-05,1873959601100177,[빙과_스틱바]_쫀득바_인지2_video,[멜론] 인플루언서형_6.3W,[26.06]F_V_JD멜_인지_상시_인플루언서형_인플루언서형.인지_var2.릴스_대세감.X_1P_문선정_260619_빙과_이수민_Bwvr3K0z.mp4_[26.06]F_V_JD멜_인지_상시_인플루언서형_인플루언서형.인지_var2.릴스_대세감.X_1P_문선정_260619_빙과_이수민,122,0,144.0,0,33,인지
2026-09-05,1875410341846145,[빙과_스틱바]_복쫀바_인지2_video,[복숭아] 9월 1주_납작복숭아(백정우베BP)_JD복,7681680730522681365__26.09_F_V_JD복_인지_복쫀바출시_신규BP_백정BP_main.릴스_납작복숭아.X_스틱바P_황경원_260904_빙과_정요한,261544,0,361842.0,0,76319,인지
2026-09-05,1873959560792561,[빙과_스틱바]_쫀득바_인지2_video,[멜론] 부자들만먹는_6.4W,[26.06]F_V_JD멜_인지_쫀득바출시_신규BP_먹방형_var1.릴스_쫀득.X_1P_문선정_260626_빙과_이수민_PAw0dpIV.mp4_[26.06]F_V_JD멜_인지_쫀득바출시_신규BP_먹방형_var1.릴스_쫀득.X_1P_문선정_260626_빙과_이수민,361,0,66.0,0,22,인지
2026-09-05,1873959592941730,[빙과_스틱바]_쫀득바_인지2_video,[멜론] 인플루언서형_6.3W,[26.06]F_V_JD멜_인지_상시_인플루언서형_인플루언서형.인지_main.릴스_공통.X_1P_문선정_260619_빙과_이수민_OcQS8Jtk.mp4_[26.06]F_V_JD멜_인지_상시_인플루언서형_인플루언서형.인지_var2.릴스_대세감.X_1P_문선정_260619_빙과_이수민,34,0,21.0,0,5,인지
2026-09-05,1874030317649217,[빙과_스틱바]_쫀득바_인지2_video,[멜론] 인물리뷰(2)_6.3W,[26.06]F_V_JD멜_인지_쫀득바출시_인물리뷰형_렉카형_var2.릴스_상단.대세감.X_2P_고가영_260612_빙과_김지연_uJ2PiCGN.mp4_[26.06]F_V_JD멜_인지_쫀득바출시_인물리뷰형_렉카형_var2.릴스_상단.대세감.X_2P_고가영_260612_빙과_김지연,995,0,1631.0,0,304,인지
2026-09-05,1873959530787025,[빙과_스틱바]_쫀득바_인지2_video,[멜론] 책상네고 대체_6.4W,[26.06]F_V_JD멜_인지_쫀득바출시_기타_비하인드썰풀기_main.릴스_본론.X_1P_김유진_260626_빙과_강다빈_viyVb41T.mp4_[26.06]F_V_JD멜_인지_쫀득바출시_기타_비하인드썰풀기_main.릴스_본론.X_1P_김유진_260626_빙과_강다빈,1445,0,1857.0,0,368,인지
2026-09-05,1874370063993025,[빙과_스틱바]_쫀득바_인지2_video,[멜론] 무디 파트너십 광고 (26년 10월까지만 활용 가능),ddu___0_Jb76Kdc9.mp4_ddu___0,108,0,154.0,0,27,인지
2026-09-05,1874371832380434,[빙과_스틱바]_쫀득바_인지2_video,[멜론] 무디 파트너십 광고 (26년 10월까지만 활용 가능),dodoscene_9lkPTqUt.mp4_dodoscene,108,0,234.0,0,51,인지
2026-09-05,1873959582885234,[빙과_스틱바]_쫀득바_인지2_video,[망고] 맛인지_6.3W,[26.06]F_V_JD망_인지_쫀득바출시_맛인지형_맛인지형.인지_var1.릴스_젤리식감.진수.6월.수민PJ_2P_문선정_260619_빙과_김지연_oqUjrN9C.mp4_[26.06]F_V_JD망_인지_쫀득바출시_맛인지형_맛인지형.인지_var1.릴스_젤리식감.진수.6월.수민PJ_2P_문선정_260619_빙과_김지연,29,0,8.0,0,2,인지
2026-09-05,1874030338066737,[빙과_스틱바]_쫀득바_인지2_video,[멜론] 현지인도못구하는_7.1W,[26.07]F_V_JD멜_인지_쫀득바출시_인플루언서형_인플루언서형_var2.릴스_인물먼저.X_1P_문선정_260703_빙과_정하얀_JOamzo0T.mp4_[26.07]F_V_JD멜_인지_쫀득바출시_인플루언서형_인플루언서형_var2.릴스_인물먼저.X_1P_문선정_260703_빙과_정하얀,25,0,45.0,0,14,인지
2026-09-05,1873959571492482,[빙과_스틱바]_쫀득바_인지2_video,[멜론] 써우리BP_6.4W,[26.06]F_V_JD멜_인지_쫀득바출시_맛인지형_맛인지형.인지_var3.릴스_국민템 멜론바.X_1P_문선정_260612_빙과_이수민_49m1RLsV.mp4_[26.06]F_V_JD멜_인지_쫀득바출시_맛인지형_맛인지형.인지_var3.릴스_국민템 멜론바.X_1P_문선정_260612_빙과_이수민,15,0,32.0,0,8,인지
2026-09-05,1873959645921585,[빙과_스틱바]_쫀득바_인지2_video,[멜론] 인물리뷰(2)_6.3W,[26.06]F_V_JD멜_인지_쫀득바출시_인물리뷰형_렉카형_var1.릴스_1년멜론.X_2P_고가영_260612_빙과_김지연_Vfw93Dij.mp4_[26.06]F_V_JD멜_인지_쫀득바출시_인물리뷰형_렉카형_var1.릴스_1년멜론.X_2P_고가영_260612_빙과_김지연,29,0,56.0,0,13,인지
2026-09-05,1873959656924433,[빙과_스틱바]_쫀득바_인지2_video,[멜론] 요거트바BP_6.3W,[26.06]F_V_JD멜_인지_쫀득바출시_인물리뷰형_편의점원정_var3.릴스_왁뿌볼.X_1P_문선정_260612_빙과_정요한_HJ4yRNtY.mp4_[26.06]F_V_JD멜_인지_쫀득바출시_인물리뷰형_편의점원정_var3.릴스_왁뿌볼.X_1P_문선정_260612_빙과_정요한,1664,0,2052.0,0,404,인지
2026-09-05,1874370098478129,[빙과_스틱바]_쫀득바_인지2_video,[멜론] 무디 파트너십 광고 (26년 10월까지만 활용 가능),kdaaeng_5cY4RH6h.mp4_kdaaeng,178,0,340.0,0,81,인지
2026-09-05,1873959596195153,[빙과_스틱바]_쫀득바_인지2_video,[멜론] 인플루언서형_6.3W,[26.06]F_V_JD멜_인지_상시_인플루언서형_인플루언서형.인지_main.릴스_공통.X_1P_문선정_260619_빙과_이수민_OcQS8Jtk.mp4_[26.06]F_V_JD멜_인지_상시_인플루언서형_인플루언서형.인지_main.릴스_공통.X_1P_문선정_260619_빙과_이수민,28,0,18.0,0,4,인지
2026-09-05,1875410590479601,[빙과_스틱바]_복쫀바_인지2_video,[복숭아] 9월 1주차_인물리뷰_JD복,7681681764771119124__26.09_F_V_JD복_전환_복쫀바출시_인물리뷰형_써우리BP_main.릴스_편의점.X_스틱바P_황경원_260904_빙과_노현경,301471,0,442204.0,0,97077,인지
2026-09-05,1874734943788354,[빙과_스틱바]_쫀득바_인지2_video,[멜론] 무디 파트너십 광고 (26년 10월까지만 활용 가능),kwaksuaaaa_qdpYkeKP.mp4_kwaksuaaaa.mp4,2596,1,6588.0,0,1665,인지
2026-09-05,1875410600000769,[빙과_스틱바]_복쫀바_인지2_video,[복숭아] 9월 1주차_인물리뷰_JD복,7681681811000311829__26.09_F_V_JD복_전환_복쫀바출시_인물리뷰형_써우리BP_var2.릴스_납작복숭아.X_스틱바P_황경원_260904_빙과_노현경,4233,0,6101.0,0,1388,인지
2026-09-05,1873959648848097,[빙과_스틱바]_쫀득바_인지2_video,[멜론] 인물리뷰(2)_6.3W,[26.06]F_V_JD멜_인지_쫀득바출시_인물리뷰형_렉카형_var4.릴스_상단.판매중단.X_2P_고가영_260612_빙과_김지연_qc1ljdun.mp4_[26.06]F_V_JD멜_인지_쫀득바출시_인물리뷰형_렉카형_var4.릴스_상단.판매중단.X_2P_고가영_260612_빙과_김지연,131,0,163.0,0,30,인지
2026-09-05,1873959645922641,[빙과_스틱바]_쫀득바_인지2_video,[멜론] 인물리뷰(2)_6.3W,[26.06]F_V_JD멜_인지_쫀득바출시_인물리뷰형_렉카형_main.릴스_공통.X_2P_고가영_260612_빙과_김지연_bRJKpluY.mp4_[26.06]F_V_JD멜_인지_쫀득바출시_인물리뷰형_렉카형_main.릴스_공통.X_2P_고가영_260612_빙과_김지연,27,0,30.0,0,6,인지
2026-09-05,1874370080353713,[빙과_스틱바]_쫀득바_인지2_video,[멜론] 무디 파트너십 광고 (26년 10월까지만 활용 가능),unyouu_ZQxjeUdR.mp4_unyouu,152,0,228.0,0,45,인지
2026-09-05,1874030313976066,[빙과_스틱바]_쫀득바_인지2_video,[멜론] 인물리뷰(1)_6.3W,[26.06]F_V_JD멜_인지_쫀득바출시_인물리뷰형_인물리뷰형_var4.릴스_후킹.X_2P_고가영_260612_빙과_유영현_JfFPUknj.mp4_[26.06]F_V_JD멜_인지_쫀득바출시_인물리뷰형_인물리뷰형_var4.릴스_후킹.X_2P_고가영_260612_빙과_유영현,126,0,185.0,0,40,인지
2026-09-05,1874370060195937,[빙과_스틱바]_쫀득바_인지2_video,[멜론] 무디 파트너십 광고 (26년 10월까지만 활용 가능),02_TbcHadv6.mp4_02,34,0,89.0,0,26,인지
2026-09-05,1873959572271185,[빙과_스틱바]_쫀득바_인지2_video,[멜론] 써우리BP_6.4W,[26.06]F_V_JD멜_인지_쫀득바출시_맛인지형_맛인지형.인지_var1.릴스_왁뿌볼.X_1P_문선정_260612_빙과_이수민_EwQB6yWu.mp4_[26.06]F_V_JD멜_인지_쫀득바출시_맛인지형_맛인지형.인지_var1.릴스_왁뿌볼.X_1P_문선정_260612_빙과_이수민,9,0,6.0,0,1,인지
2026-09-05,1874370092553873,[빙과_스틱바]_쫀득바_인지2_video,[멜론] 무디 파트너십 광고 (26년 10월까지만 활용 가능),riverbinn_N8nEPrUl.mp4_riverbinn,648,0,1671.0,0,315,인지
2026-09-05,1873959606553906,[빙과_스틱바]_쫀득바_인지2_video,[멜론] 수박BP_6.3W,[26.06]F_V_JD멜_인지_쫀득바출시_맛인지형_수박BP_main.릴스_1년에딱.X_1P_김유진_260619_빙과_정하얀_4WnKJzct.mp4_[26.06]F_V_JD멜_인지_쫀득바출시_맛인지형_수박BP_main.릴스_1년에딱.X_1P_김유진_260619_빙과_정하얀,100,0,204.0,0,42,인지
2026-09-05,1873959509314913,[빙과_스틱바]_쫀득바_인지2_video,[멜론] 일본원정템_7.1W,[26.07]F_V_JD멜_인지_쫀득바출시_신규BP_외부BP_var1.릴스_메인.일반브금.X_2P_문선정_260703_빙과_이하림_WTZLraDf.mp4_[26.07]F_V_JD멜_인지_쫀득바출시_신규BP_외부BP_var1.릴스_메인.일반브금.X_2P_문선정_260703_빙과_이하림,644,0,880.0,0,168,인지
2026-09-05,1874762142926161,[빙과_스틱바]_복쫀바_인지2_video,[복숭아] 8월4주차_맛인지_노현경,_26.08_F_V_JD__________var5.___.X__P___260828_____f7aba5a3a3f8.mp4_[26.08]F_V_JD복_인지_복쫀바출시_맛인지형_오먹_var5.릴스_생그릭요거트.X_스틱바P_이재원_260828_빙과_노현경.mp4,614,0,526.0,0,105,인지
2026-09-05,1873959567272305,[빙과_스틱바]_쫀득바_인지2_video,[멜론] 부자들만먹는_6.4W,[26.06]F_V_JD멜_인지_쫀득바출시_신규BP_먹방형_var4.릴스_숏.X_1P_문선정_260626_빙과_이수민_51lK2MkR.mp4_[26.06]F_V_JD멜_인지_쫀득바출시_신규BP_먹방형_var4.릴스_숏.X_1P_문선정_260626_빙과_이수민,81,0,173.0,0,42,인지
2026-09-05,1874370090377506,[빙과_스틱바]_쫀득바_인지2_video,[멜론] 무디 파트너십 광고 (26년 10월까지만 활용 가능),xeoj.ng_L7HK2Ueo.mp4_xeoj.ng,83,0,69.0,0,16,인지
2026-09-05,1874030323030129,[빙과_스틱바]_쫀득바_인지2_video,[멜론] 인플루언서형_6.3W,[26.06]F_V_JD멜_인지_상시_인플루언서형_인플루언서형.인지_main.릴스_공통.X_1P_문선정_260619_빙과_이수민_OcQS8Jtk.mp4_Copy 3 of [26.06]F_V_JD멜_인지_상시_인플루언서형_인플루언서형.인지_main.릴스_공통.X_1P_문선정_260619_빙과_이수민,171,0,137.0,0,29,인지
2026-09-05,1873959585040561,[빙과_스틱바]_쫀득바_인지2_video,[망고] 맛인지_6.3W,[26.06]F_V_JD망_인지_쫀득바출시_맛인지형_맛인지형.인지_var3.릴스_대세감.진수.6월.수민PJ_2P_문선정_260619_빙과_김지연_694xYrHj.mp4_[26.06]F_V_JD망_인지_쫀득바출시_맛인지형_맛인지형.인지_var3.릴스_대세감.진수.6월.수민PJ_2P_문선정_260619_빙과_김지연,181,0,39.0,0,14,인지
2026-09-05,1874370090397122,[빙과_스틱바]_쫀득바_인지2_video,[멜론] 무디 파트너십 광고 (26년 10월까지만 활용 가능),minimore.927_wXMpjCo9.mp4_minimore.927,472,0,1252.0,0,260,인지
2026-09-05,1874370094864626,[빙과_스틱바]_쫀득바_인지2_video,[멜론] 무디 파트너십 광고 (26년 10월까지만 활용 가능),bbuni_sol_0lW2JXmG.mp4_bbuni_sol,1478,0,4299.0,0,1051,인지
2026-09-05,1875422500103377,[빙과_스틱바]_복쫀바_인지2_video,[복숭아] 9월 1주_납작복숭아(백정우베BP)_JD복,7681730532586242068_[26.09]F_V_JD복_인지_복쫀바출시_맛인지형_우베BP_main.릴스_납작복숭아.X_스틱바P_황경원_260904_빙과_정요한,7864,0,9336.0,0,2173,인지
2026-09-05,1873959649053697,[빙과_스틱바]_쫀득바_인지2_video,[멜론] 인물리뷰(2)_6.3W,[26.06]F_V_JD멜_인지_쫀득바출시_인물리뷰형_렉카형_var3.릴스_상단.조회수.X_2P_고가영_260612_빙과_김지연_o3Oil7XF.mp4_[26.06]F_V_JD멜_인지_쫀득바출시_인물리뷰형_렉카형_var3.릴스_상단.조회수.X_2P_고가영_260612_빙과_김지연,20,0,31.0,0,7,인지
2026-09-05,1875422375583826,[빙과_스틱바]_복쫀바_인지2_video,[복숭아] 8월4주차_맛인지_노현경,_26.08_F_V_JD__________var6.__1_.X__P___260828_____d81b8c5f2f85.mp4_[26.08]F_V_JD복_인지_복쫀바출시_맛인지형_오먹_var6.릴스_1위.X_스틱바P_이재원_260828_빙과_노현경.mp4,452,0,267.0,0,50,인지
2026-09-05,1873959568365938,[빙과_스틱바]_쫀득바_인지2_video,[멜론] 부자들만먹는_6.4W,[26.06]F_V_JD멜_인지_쫀득바출시_신규BP_먹방형_var3.릴스_5만원멜론.X_1P_문선정_260626_빙과_이수민_4jVCt9QI.mp4_[26.06]F_V_JD멜_인지_쫀득바출시_신규BP_먹방형_var3.릴스_5만원멜론.X_1P_문선정_260626_빙과_이수민,31,0,3.0,0,1,인지
2026-09-05,1873959679955250,[빙과_스틱바]_쫀득바_인지2_video,[멜론] 인물리뷰(1)_6.3W,[26.06]F_V_JD멜_인지_쫀득바출시_인물리뷰형_인물리뷰형_main.릴스_샀어요.X_2P_고가영_260612_빙과_유영현_ay8jLH2u.mp4_[26.06]F_V_JD멜_인지_쫀득바출시_인물리뷰형_인물리뷰형_main.릴스_샀어요.X_2P_고가영_260612_빙과_유영현,58,0,109.0,0,21,인지
2026-09-05,1874370091722833,[빙과_스틱바]_쫀득바_인지2_video,[멜론] 무디 파트너십 광고 (26년 10월까지만 활용 가능),payforyouth__j28UIP7Q.mp4_payforyouth_,60,0,111.0,0,24,인지
2026-09-05,1873959502194161,[빙과_스틱바]_쫀득바_인지2_video,[멜론] 현지인도못구하는_7.1W,[26.07]F_V_JD멜_인지_쫀득바출시_인플루언서형_인플루언서형_var1.릴스_제품먼저.X_1P_문선정_260703_빙과_정하얀_gA26O49Z.mp4_[26.07]F_V_JD멜_인지_쫀득바출시_인플루언서형_인플루언서형_var1.릴스_제품먼저.X_1P_문선정_260703_빙과_정하얀,125,0,120.0,0,26,인지
2026-09-05,1875398369068242,[빙과_스틱바]_쫀득바_인지2_video,[멜론] 무디 파트너십 광고 (26년 10월까지만 활용 가능),euunjoo_D2fhy7T5.mp4_euunjoo.mp4,9085,0,27475.0,0,5681,인지
2026-09-05,1873959502194113,[빙과_스틱바]_쫀득바_인지2_video,[멜론] 현지인도못구하는_7.1W,[26.07]F_V_JD멜_인지_쫀득바출시_인플루언서형_인플루언서형_main.릴스_비행기표취소.X_1P_문선정_260703_빙과_정하얀_6J9yLGRu.mp4_[26.07]F_V_JD멜_인지_쫀득바출시_인플루언서형_인플루언서형_main.릴스_비행기표취소.X_1P_문선정_260703_빙과_정하얀,520,0,645.0,0,128,인지
2026-09-05,1873959600941425,[빙과_스틱바]_쫀득바_인지2_video,[멜론] 인플루언서형_6.3W,[26.06]F_V_JD멜_인지_상시_인플루언서형_인플루언서형.인지_var1.릴스_쫀득 후킹.X_1P_문선정_260619_빙과_이수민_HCZXPTgo.mp4_[26.06]F_V_JD멜_인지_상시_인플루언서형_인플루언서형.인지_var1.릴스_쫀득 후킹.X_1P_문선정_260619_빙과_이수민,60,0,49.0,0,13,인지
2026-09-05,1873959654247474,[빙과_스틱바]_쫀득바_인지2_video,[멜론] 요거트바BP_6.3W,[26.06]F_V_JD멜_인지_쫀득바출시_인물리뷰형_편의점원정_main.릴스_공통.X_1P_문선정_260612_빙과_정요한_YkIZOlu0.mp4_[26.06]F_V_JD멜_인지_쫀득바출시_인물리뷰형_편의점원정_main.릴스_공통.X_1P_문선정_260612_빙과_정요한,27,0,58.0,0,15,인지
2026-09-05,1873959574894593,[빙과_스틱바]_쫀득바_인지2_video,[멜론] 써우리BP_6.4W,[26.06]F_V_JD멜_인지_쫀득바출시_맛인지형_맛인지형.인지_var2.릴스_품절대란.X_1P_문선정_260612_빙과_이수민_X4dmxg8T.mp4_[26.06]F_V_JD멜_인지_쫀득바출시_맛인지형_맛인지형.인지_var2.릴스_품절대란.X_1P_문선정_260612_빙과_이수민,88,0,204.0,0,49,인지
2026-09-06,1873959648848097,[빙과_스틱바]_쫀득바_인지2_video,[멜론] 인물리뷰(2)_6.3W,[26.06]F_V_JD멜_인지_쫀득바출시_인물리뷰형_렉카형_var4.릴스_상단.판매중단.X_2P_고가영_260612_빙과_김지연_qc1ljdun.mp4_[26.06]F_V_JD멜_인지_쫀득바출시_인물리뷰형_렉카형_var4.릴스_상단.판매중단.X_2P_고가영_260612_빙과_김지연,178,0,196.0,0,35,인지
2026-09-06,1874370060195937,[빙과_스틱바]_쫀득바_인지2_video,[멜론] 무디 파트너십 광고 (26년 10월까지만 활용 가능),02_TbcHadv6.mp4_02,281,0,452.0,0,137,인지
2026-09-06,1873959596195153,[빙과_스틱바]_쫀득바_인지2_video,[멜론] 인플루언서형_6.3W,[26.06]F_V_JD멜_인지_상시_인플루언서형_인플루언서형.인지_main.릴스_공통.X_1P_문선정_260619_빙과_이수민_OcQS8Jtk.mp4_[26.06]F_V_JD멜_인지_상시_인플루언서형_인플루언서형.인지_main.릴스_공통.X_1P_문선정_260619_빙과_이수민,204,0,49.0,0,15,인지
2026-09-06,1874030317649217,[빙과_스틱바]_쫀득바_인지2_video,[멜론] 인물리뷰(2)_6.3W,[26.06]F_V_JD멜_인지_쫀득바출시_인물리뷰형_렉카형_var2.릴스_상단.대세감.X_2P_고가영_260612_빙과_김지연_uJ2PiCGN.mp4_[26.06]F_V_JD멜_인지_쫀득바출시_인물리뷰형_렉카형_var2.릴스_상단.대세감.X_2P_고가영_260612_빙과_김지연,1999,0,3154.0,0,594,인지
2026-09-06,1873959560792561,[빙과_스틱바]_쫀득바_인지2_video,[멜론] 부자들만먹는_6.4W,[26.06]F_V_JD멜_인지_쫀득바출시_신규BP_먹방형_var1.릴스_쫀득.X_1P_문선정_260626_빙과_이수민_PAw0dpIV.mp4_[26.06]F_V_JD멜_인지_쫀득바출시_신규BP_먹방형_var1.릴스_쫀득.X_1P_문선정_260626_빙과_이수민,328,0,69.0,0,21,인지
2026-09-06,1874762145489121,[빙과_스틱바]_복쫀바_인지2_video,[복숭아] 8월4주차_맛인지_노현경,_26.08_F_V_JD__________var4.__100_.X__P___260828_____fd8396e09804.mp4_[26.08]F_V_JD복_인지_복쫀바출시_맛인지형_오먹_var4.릴스_100프로복숭아농축액.X_스틱바P_이재원_260828_빙과_노현경.mp4,779,0,1904.0,0,381,인지
2026-09-06,1873959645922641,[빙과_스틱바]_쫀득바_인지2_video,[멜론] 인물리뷰(2)_6.3W,[26.06]F_V_JD멜_인지_쫀득바출시_인물리뷰형_렉카형_main.릴스_공통.X_2P_고가영_260612_빙과_김지연_bRJKpluY.mp4_[26.06]F_V_JD멜_인지_쫀득바출시_인물리뷰형_렉카형_main.릴스_공통.X_2P_고가영_260612_빙과_김지연,40,0,60.0,0,12,인지
2026-09-06,1875410590479601,[빙과_스틱바]_복쫀바_인지2_video,[복숭아] 9월 1주차_인물리뷰_JD복,7681681764771119124__26.09_F_V_JD복_전환_복쫀바출시_인물리뷰형_써우리BP_main.릴스_편의점.X_스틱바P_황경원_260904_빙과_노현경,162491,1,190836.0,0,39374,인지
2026-09-06,1874370091722833,[빙과_스틱바]_쫀득바_인지2_video,[멜론] 무디 파트너십 광고 (26년 10월까지만 활용 가능),payforyouth__j28UIP7Q.mp4_payforyouth_,96,0,211.0,0,43,인지
2026-09-06,1874030321444945,[빙과_스틱바]_쫀득바_인지2_video,[멜론] 컨비니BP_6.3W,[26.06]F_V_JD멜_인지_쫀득바출시_제조과정형_컨비니BP_var5.릴스_공통.할인.X_1P_김유진_260619_빙과_정요한_7cNBXRYq.mp4_[26.06]F_V_JD멜_인지_쫀득바출시_제조과정형_컨비니BP_var5.릴스_공통.할인.X_1P_김유진_260619_빙과_정요한,425,0,389.0,0,86,인지
2026-09-06,1874370092553873,[빙과_스틱바]_쫀득바_인지2_video,[멜론] 무디 파트너십 광고 (26년 10월까지만 활용 가능),riverbinn_N8nEPrUl.mp4_riverbinn,1272,0,2252.0,0,472,인지
2026-09-06,1874030338066737,[빙과_스틱바]_쫀득바_인지2_video,[멜론] 현지인도못구하는_7.1W,[26.07]F_V_JD멜_인지_쫀득바출시_인플루언서형_인플루언서형_var2.릴스_인물먼저.X_1P_문선정_260703_빙과_정하얀_JOamzo0T.mp4_[26.07]F_V_JD멜_인지_쫀득바출시_인플루언서형_인플루언서형_var2.릴스_인물먼저.X_1P_문선정_260703_빙과_정하얀,174,0,163.0,0,42,인지
2026-09-06,1874030313976066,[빙과_스틱바]_쫀득바_인지2_video,[멜론] 인물리뷰(1)_6.3W,[26.06]F_V_JD멜_인지_쫀득바출시_인물리뷰형_인물리뷰형_var4.릴스_후킹.X_2P_고가영_260612_빙과_유영현_JfFPUknj.mp4_[26.06]F_V_JD멜_인지_쫀득바출시_인물리뷰형_인물리뷰형_var4.릴스_후킹.X_2P_고가영_260612_빙과_유영현,372,0,426.0,0,93,인지
2026-09-06,1874762145489089,[빙과_스틱바]_복쫀바_인지2_video,[복숭아] 8월4주차_맛인지_노현경,_26.08_F_V_JD__________var2.___.X__P___260828_____808ac332390d.mp4_[26.08]F_V_JD복_인지_복쫀바출시_맛인지형_오먹_var2.릴스_후숙복숭아.X_스틱바P_이재원_260828_빙과_노현경.mp4,322,0,439.0,0,80,인지
2026-09-06,1873959606553906,[빙과_스틱바]_쫀득바_인지2_video,[멜론] 수박BP_6.3W,[26.06]F_V_JD멜_인지_쫀득바출시_맛인지형_수박BP_main.릴스_1년에딱.X_1P_김유진_260619_빙과_정하얀_4WnKJzct.mp4_[26.06]F_V_JD멜_인지_쫀득바출시_맛인지형_수박BP_main.릴스_1년에딱.X_1P_김유진_260619_빙과_정하얀,253,0,290.0,0,70,인지
2026-09-06,1873959645921585,[빙과_스틱바]_쫀득바_인지2_video,[멜론] 인물리뷰(2)_6.3W,[26.06]F_V_JD멜_인지_쫀득바출시_인물리뷰형_렉카형_var1.릴스_1년멜론.X_2P_고가영_260612_빙과_김지연_Vfw93Dij.mp4_[26.06]F_V_JD멜_인지_쫀득바출시_인물리뷰형_렉카형_var1.릴스_1년멜론.X_2P_고가영_260612_빙과_김지연,66,0,115.0,0,26,인지
2026-09-06,1873959681209441,[빙과_스틱바]_쫀득바_인지2_video,[멜론] 인물리뷰(1)_6.3W,[26.06]F_V_JD멜_인지_쫀득바출시_인물리뷰형_인물리뷰형_var3.릴스_코어의외성.X_2P_고가영_260612_빙과_유영현_wjEIQSXr.mp4_[26.06]F_V_JD멜_인지_쫀득바출시_인물리뷰형_인물리뷰형_var3.릴스_코어의외성.X_2P_고가영_260612_빙과_유영현,171,0,457.0,0,102,인지
2026-09-06,1873959572271185,[빙과_스틱바]_쫀득바_인지2_video,[멜론] 써우리BP_6.4W,[26.06]F_V_JD멜_인지_쫀득바출시_맛인지형_맛인지형.인지_var1.릴스_왁뿌볼.X_1P_문선정_260612_빙과_이수민_EwQB6yWu.mp4_[26.06]F_V_JD멜_인지_쫀득바출시_맛인지형_맛인지형.인지_var1.릴스_왁뿌볼.X_1P_문선정_260612_빙과_이수민,11,0,6.0,0,1,인지
2026-09-06,1875410600000769,[빙과_스틱바]_복쫀바_인지2_video,[복숭아] 9월 1주차_인물리뷰_JD복,7681681811000311829__26.09_F_V_JD복_전환_복쫀바출시_인물리뷰형_써우리BP_var2.릴스_납작복숭아.X_스틱바P_황경원_260904_빙과_노현경,37347,0,34070.0,0,6655,인지
2026-09-06,1873959571492482,[빙과_스틱바]_쫀득바_인지2_video,[멜론] 써우리BP_6.4W,[26.06]F_V_JD멜_인지_쫀득바출시_맛인지형_맛인지형.인지_var3.릴스_국민템 멜론바.X_1P_문선정_260612_빙과_이수민_49m1RLsV.mp4_[26.06]F_V_JD멜_인지_쫀득바출시_맛인지형_맛인지형.인지_var3.릴스_국민템 멜론바.X_1P_문선정_260612_빙과_이수민,32,0,62.0,0,14,인지
2026-09-06,1874371832380434,[빙과_스틱바]_쫀득바_인지2_video,[멜론] 무디 파트너십 광고 (26년 10월까지만 활용 가능),dodoscene_9lkPTqUt.mp4_dodoscene,174,0,329.0,0,70,인지
2026-09-06,1874370063993025,[빙과_스틱바]_쫀득바_인지2_video,[멜론] 무디 파트너십 광고 (26년 10월까지만 활용 가능),ddu___0_Jb76Kdc9.mp4_ddu___0,486,0,288.0,0,60,인지
2026-09-06,1873959582885234,[빙과_스틱바]_쫀득바_인지2_video,[망고] 맛인지_6.3W,[26.06]F_V_JD망_인지_쫀득바출시_맛인지형_맛인지형.인지_var1.릴스_젤리식감.진수.6월.수민PJ_2P_문선정_260619_빙과_김지연_oqUjrN9C.mp4_[26.06]F_V_JD망_인지_쫀득바출시_맛인지형_맛인지형.인지_var1.릴스_젤리식감.진수.6월.수민PJ_2P_문선정_260619_빙과_김지연,50,0,71.0,0,16,인지
2026-09-06,1874734943788354,[빙과_스틱바]_쫀득바_인지2_video,[멜론] 무디 파트너십 광고 (26년 10월까지만 활용 가능),kwaksuaaaa_qdpYkeKP.mp4_kwaksuaaaa.mp4,239,0,683.0,0,175,인지
2026-09-06,1874370090377506,[빙과_스틱바]_쫀득바_인지2_video,[멜론] 무디 파트너십 광고 (26년 10월까지만 활용 가능),xeoj.ng_L7HK2Ueo.mp4_xeoj.ng,178,0,184.0,0,46,인지
2026-09-06,1874370098478129,[빙과_스틱바]_쫀득바_인지2_video,[멜론] 무디 파트너십 광고 (26년 10월까지만 활용 가능),kdaaeng_5cY4RH6h.mp4_kdaaeng,502,0,1126.0,0,295,인지
2026-09-06,1874370094864626,[빙과_스틱바]_쫀득바_인지2_video,[멜론] 무디 파트너십 광고 (26년 10월까지만 활용 가능),bbuni_sol_0lW2JXmG.mp4_bbuni_sol,2572,0,7382.0,0,1704,인지
2026-09-06,1875398369068242,[빙과_스틱바]_쫀득바_인지2_video,[멜론] 무디 파트너십 광고 (26년 10월까지만 활용 가능),euunjoo_D2fhy7T5.mp4_euunjoo.mp4,988,0,3458.0,0,732,인지
2026-09-06,1874030323030129,[빙과_스틱바]_쫀득바_인지2_video,[멜론] 인플루언서형_6.3W,[26.06]F_V_JD멜_인지_상시_인플루언서형_인플루언서형.인지_main.릴스_공통.X_1P_문선정_260619_빙과_이수민_OcQS8Jtk.mp4_Copy 3 of [26.06]F_V_JD멜_인지_상시_인플루언서형_인플루언서형.인지_main.릴스_공통.X_1P_문선정_260619_빙과_이수민,513,0,154.0,0,42,인지
2026-09-06,1873959600941425,[빙과_스틱바]_쫀득바_인지2_video,[멜론] 인플루언서형_6.3W,[26.06]F_V_JD멜_인지_상시_인플루언서형_인플루언서형.인지_var1.릴스_쫀득 후킹.X_1P_문선정_260619_빙과_이수민_HCZXPTgo.mp4_[26.06]F_V_JD멜_인지_상시_인플루언서형_인플루언서형.인지_var1.릴스_쫀득 후킹.X_1P_문선정_260619_빙과_이수민,161,0,50.0,0,15,인지
2026-09-06,1873959567272305,[빙과_스틱바]_쫀득바_인지2_video,[멜론] 부자들만먹는_6.4W,[26.06]F_V_JD멜_인지_쫀득바출시_신규BP_먹방형_var4.릴스_숏.X_1P_문선정_260626_빙과_이수민_51lK2MkR.mp4_[26.06]F_V_JD멜_인지_쫀득바출시_신규BP_먹방형_var4.릴스_숏.X_1P_문선정_260626_빙과_이수민,92,0,180.0,0,38,인지
2026-09-06,1873959679955250,[빙과_스틱바]_쫀득바_인지2_video,[멜론] 인물리뷰(1)_6.3W,[26.06]F_V_JD멜_인지_쫀득바출시_인물리뷰형_인물리뷰형_main.릴스_샀어요.X_2P_고가영_260612_빙과_유영현_ay8jLH2u.mp4_[26.06]F_V_JD멜_인지_쫀득바출시_인물리뷰형_인물리뷰형_main.릴스_샀어요.X_2P_고가영_260612_빙과_유영현,855,0,459.0,0,110,인지
2026-09-06,1875422375583826,[빙과_스틱바]_복쫀바_인지2_video,[복숭아] 8월4주차_맛인지_노현경,_26.08_F_V_JD__________var6.__1_.X__P___260828_____d81b8c5f2f85.mp4_[26.08]F_V_JD복_인지_복쫀바출시_맛인지형_오먹_var6.릴스_1위.X_스틱바P_이재원_260828_빙과_노현경.mp4,543,0,1229.0,0,274,인지
2026-09-06,1873959656924433,[빙과_스틱바]_쫀득바_인지2_video,[멜론] 요거트바BP_6.3W,[26.06]F_V_JD멜_인지_쫀득바출시_인물리뷰형_편의점원정_var3.릴스_왁뿌볼.X_1P_문선정_260612_빙과_정요한_HJ4yRNtY.mp4_[26.06]F_V_JD멜_인지_쫀득바출시_인물리뷰형_편의점원정_var3.릴스_왁뿌볼.X_1P_문선정_260612_빙과_정요한,1177,0,1071.0,0,218,인지
2026-09-06,1874762142926161,[빙과_스틱바]_복쫀바_인지2_video,[복숭아] 8월4주차_맛인지_노현경,_26.08_F_V_JD__________var5.___.X__P___260828_____f7aba5a3a3f8.mp4_[26.08]F_V_JD복_인지_복쫀바출시_맛인지형_오먹_var5.릴스_생그릭요거트.X_스틱바P_이재원_260828_빙과_노현경.mp4,779,0,701.0,0,132,인지
2026-09-06,1873959509314913,[빙과_스틱바]_쫀득바_인지2_video,[멜론] 일본원정템_7.1W,[26.07]F_V_JD멜_인지_쫀득바출시_신규BP_외부BP_var1.릴스_메인.일반브금.X_2P_문선정_260703_빙과_이하림_WTZLraDf.mp4_[26.07]F_V_JD멜_인지_쫀득바출시_신규BP_외부BP_var1.릴스_메인.일반브금.X_2P_문선정_260703_빙과_이하림,335,0,485.0,0,87,인지
2026-09-06,1873959654247474,[빙과_스틱바]_쫀득바_인지2_video,[멜론] 요거트바BP_6.3W,[26.06]F_V_JD멜_인지_쫀득바출시_인물리뷰형_편의점원정_main.릴스_공통.X_1P_문선정_260612_빙과_정요한_YkIZOlu0.mp4_[26.06]F_V_JD멜_인지_쫀득바출시_인물리뷰형_편의점원정_main.릴스_공통.X_1P_문선정_260612_빙과_정요한,85,0,198.0,0,46,인지
2026-09-06,1873959502194113,[빙과_스틱바]_쫀득바_인지2_video,[멜론] 현지인도못구하는_7.1W,[26.07]F_V_JD멜_인지_쫀득바출시_인플루언서형_인플루언서형_main.릴스_비행기표취소.X_1P_문선정_260703_빙과_정하얀_6J9yLGRu.mp4_[26.07]F_V_JD멜_인지_쫀득바출시_인플루언서형_인플루언서형_main.릴스_비행기표취소.X_1P_문선정_260703_빙과_정하얀,661,0,825.0,0,169,인지
2026-09-06,1873959574894593,[빙과_스틱바]_쫀득바_인지2_video,[멜론] 써우리BP_6.4W,[26.06]F_V_JD멜_인지_쫀득바출시_맛인지형_맛인지형.인지_var2.릴스_품절대란.X_1P_문선정_260612_빙과_이수민_X4dmxg8T.mp4_[26.06]F_V_JD멜_인지_쫀득바출시_맛인지형_맛인지형.인지_var2.릴스_품절대란.X_1P_문선정_260612_빙과_이수민,170,0,316.0,0,73,인지
2026-09-06,1873959586022625,[빙과_스틱바]_쫀득바_인지2_video,[망고] 맛인지_6.3W,[26.06]F_V_JD망_인지_쫀득바출시_맛인지형_맛인지형.인지_var2.릴스_망고맛.진수.6월.수민PJ_2P_문선정_260619_빙과_김지연_85l4f3Aq.mp4_[26.06]F_V_JD망_인지_쫀득바출시_맛인지형_맛인지형.인지_var2.릴스_망고맛.진수.6월.수민PJ_2P_문선정_260619_빙과_김지연,758,0,1022.0,0,208,인지
2026-09-06,1873959585040561,[빙과_스틱바]_쫀득바_인지2_video,[망고] 맛인지_6.3W,[26.06]F_V_JD망_인지_쫀득바출시_맛인지형_맛인지형.인지_var3.릴스_대세감.진수.6월.수민PJ_2P_문선정_260619_빙과_김지연_694xYrHj.mp4_[26.06]F_V_JD망_인지_쫀득바출시_맛인지형_맛인지형.인지_var3.릴스_대세감.진수.6월.수민PJ_2P_문선정_260619_빙과_김지연,54,0,117.0,0,24,인지
2026-09-06,1874370090397122,[빙과_스틱바]_쫀득바_인지2_video,[멜론] 무디 파트너십 광고 (26년 10월까지만 활용 가능),minimore.927_wXMpjCo9.mp4_minimore.927,826,0,2499.0,0,550,인지
2026-09-06,1873959502194161,[빙과_스틱바]_쫀득바_인지2_video,[멜론] 현지인도못구하는_7.1W,[26.07]F_V_JD멜_인지_쫀득바출시_인플루언서형_인플루언서형_var1.릴스_제품먼저.X_1P_문선정_260703_빙과_정하얀_gA26O49Z.mp4_[26.07]F_V_JD멜_인지_쫀득바출시_인플루언서형_인플루언서형_var1.릴스_제품먼저.X_1P_문선정_260703_빙과_정하얀,249,0,247.0,0,60,인지
2026-09-06,1875422500103377,[빙과_스틱바]_복쫀바_인지2_video,[복숭아] 9월 1주_납작복숭아(백정우베BP)_JD복,7681730532586242068_[26.09]F_V_JD복_인지_복쫀바출시_맛인지형_우베BP_main.릴스_납작복숭아.X_스틱바P_황경원_260904_빙과_정요한,37663,0,29703.0,0,5777,인지
2026-09-06,1873959592941730,[빙과_스틱바]_쫀득바_인지2_video,[멜론] 인플루언서형_6.3W,[26.06]F_V_JD멜_인지_상시_인플루언서형_인플루언서형.인지_main.릴스_공통.X_1P_문선정_260619_빙과_이수민_OcQS8Jtk.mp4_[26.06]F_V_JD멜_인지_상시_인플루언서형_인플루언서형.인지_var2.릴스_대세감.X_1P_문선정_260619_빙과_이수민,157,0,13.0,0,5,인지
2026-09-06,1873959559414865,[빙과_스틱바]_쫀득바_인지2_video,[멜론] 부자들만먹는_6.4W,[26.06]F_V_JD멜_인지_쫀득바출시_신규BP_먹방형_main.릴스_공통.X_1P_문선정_260626_빙과_이수민_6K4RW1kr.mp4_[26.06]F_V_JD멜_인지_쫀득바출시_신규BP_먹방형_main.릴스_공통.X_1P_문선정_260626_빙과_이수민,342,0,400.0,0,88,인지
2026-09-06,1874370083000546,[빙과_스틱바]_쫀득바_인지2_video,[멜론] 무디 파트너십 광고 (26년 10월까지만 활용 가능),s_eo__fit_xO7qAYSe.mp4_s_eo__fit,329,0,805.0,0,204,인지
2026-09-06,1873959654248546,[빙과_스틱바]_쫀득바_인지2_video,[멜론] 요거트바BP_6.3W,[26.06]F_V_JD멜_인지_쫀득바출시_인물리뷰형_편의점원정_var1.릴스_맛.X_1P_문선정_260612_빙과_정요한_USPOMvkw.mp4_[26.06]F_V_JD멜_인지_쫀득바출시_인물리뷰형_편의점원정_var1.릴스_맛.X_1P_문선정_260612_빙과_정요한,218,0,39.0,0,11,인지
2026-09-06,1875410602721410,[빙과_스틱바]_복쫀바_인지2_video,[복숭아] 9월 1주차_인물리뷰_JD복,7681681809516380180__26.09_F_V_JD복_전환_복쫀바출시_인물리뷰형_써우리BP_var1.릴스_쫀득.X_스틱바P_황경원_260904_빙과_노현경,7113,0,10795.0,0,2201,인지
2026-09-06,1874030333521250,[빙과_스틱바]_쫀득바_인지2_video,[멜론] 초딩유행템2_6.4W,[26.06]F_V_JD멜_인지_쫀득바출시_신규BP_써우리BP_var2.릴스_혜택.X_1P_문선정_260626_빙과_김진수_AGmDZ35w.mp4_[26.06]F_V_JD멜_인지_쫀득바출시_신규BP_써우리BP_var2.릴스_혜택.X_1P_문선정_260626_빙과_김진수,1615,0,2886.0,0,609,인지
2026-09-06,1874371832550769,[빙과_스틱바]_쫀득바_인지2_video,[멜론] 무디 파트너십 광고 (26년 10월까지만 활용 가능),doyouknow_omg_MfVCQSX8.mp4_doyouknow_omg,297,0,371.0,0,81,인지
2026-09-06,1873959559414897,[빙과_스틱바]_쫀득바_인지2_video,[멜론] 부자들만먹는_6.4W,[26.06]F_V_JD멜_인지_쫀득바출시_신규BP_먹방형_var2.릴스_먹방.X_1P_문선정_260626_빙과_이수민_jNE7zmU8.mp4_[26.06]F_V_JD멜_인지_쫀득바출시_신규BP_먹방형_var2.릴스_먹방.X_1P_문선정_260626_빙과_이수민,111,0,18.0,0,6,인지
2026-09-06,1873959568365938,[빙과_스틱바]_쫀득바_인지2_video,[멜론] 부자들만먹는_6.4W,[26.06]F_V_JD멜_인지_쫀득바출시_신규BP_먹방형_var3.릴스_5만원멜론.X_1P_문선정_260626_빙과_이수민_4jVCt9QI.mp4_[26.06]F_V_JD멜_인지_쫀득바출시_신규BP_먹방형_var3.릴스_5만원멜론.X_1P_문선정_260626_빙과_이수민,94,0,30.0,0,9,인지
2026-09-06,1874370076917153,[빙과_스틱바]_쫀득바_인지2_video,[멜론] 무디 파트너십 광고 (26년 10월까지만 활용 가능),niker_jaen_dE0hLqZD.mp4_niker_jaen,1298,0,3509.0,0,734,인지
2026-09-06,1873959512707137,[빙과_스틱바]_쫀득바_인지2_video,[멜론] 일본원정템_7.1W,[26.07]F_V_JD멜_인지_쫀득바출시_신규BP_외부BP_var3.릴스_화내기.X_2P_문선정_260703_빙과_이하림_G6x0joRE.mp4_[26.07]F_V_JD멜_인지_쫀득바출시_신규BP_외부BP_var3.릴스_화내기.X_2P_문선정_260703_빙과_이하림,6,0,9.0,0,2,인지
2026-09-06,1873959649053697,[빙과_스틱바]_쫀득바_인지2_video,[멜론] 인물리뷰(2)_6.3W,[26.06]F_V_JD멜_인지_쫀득바출시_인물리뷰형_렉카형_var3.릴스_상단.조회수.X_2P_고가영_260612_빙과_김지연_o3Oil7XF.mp4_[26.06]F_V_JD멜_인지_쫀득바출시_인물리뷰형_렉카형_var3.릴스_상단.조회수.X_2P_고가영_260612_빙과_김지연,29,0,59.0,0,14,인지
2026-09-06,1874030330240002,[빙과_스틱바]_쫀득바_인지2_video,[망고] 맛인지_6.3W,[26.06]F_V_JD망_인지_쫀득바출시_맛인지형_맛인지형.인지_var4.릴스_혜택.진수.6월.수민PJ_2P_문선정_260619_빙과_김지연_6H8Mjtxm.mp4_[26.06]F_V_JD망_인지_쫀득바출시_맛인지형_맛인지형.인지_var4.릴스_혜택.진수.6월.수민PJ_2P_문선정_260619_빙과_김지연,622,0,1385.0,0,298,인지
2026-09-06,1873959679955218,[빙과_스틱바]_쫀득바_인지2_video,[멜론] 인물리뷰(1)_6.3W,[26.06]F_V_JD멜_인지_쫀득바출시_인물리뷰형_인물리뷰형_var1.릴스_블랙바.X_2P_고가영_260612_빙과_유영현_bKsUmrtE.mp4_[26.06]F_V_JD멜_인지_쫀득바출시_인물리뷰형_인물리뷰형_var1.릴스_블랙바.X_2P_고가영_260612_빙과_유영현,274,0,357.0,0,71,인지
2026-09-06,1874370084620641,[빙과_스틱바]_쫀득바_인지2_video,[멜론] 무디 파트너십 광고 (26년 10월까지만 활용 가능),suj_43_2u1JOHAq.mp4_suj_43,173,0,203.0,0,38,인지
2026-09-06,1873959656457905,[빙과_스틱바]_쫀득바_인지2_video,[멜론] 요거트바BP_6.3W,[26.06]F_V_JD멜_인지_쫀득바출시_인물리뷰형_편의점원정_var2.릴스_퀄리티.X_1P_문선정_260612_빙과_정요한_F6rWEnOX.mp4_[26.06]F_V_JD멜_인지_쫀득바출시_인물리뷰형_편의점원정_var2.릴스_퀄리티.X_1P_문선정_260612_빙과_정요한,41,0,39.0,0,9,인지
2026-09-06,1873959509313921,[빙과_스틱바]_쫀득바_인지2_video,[멜론] 일본원정템_7.1W,[26.07]F_V_JD멜_인지_쫀득바출시_신규BP_외부BP_var2.릴스_POV.X_2P_문선정_260703_빙과_이하림_vSPVRZmI.mp4_[26.07]F_V_JD멜_인지_쫀득바출시_신규BP_외부BP_var2.릴스_POV.X_2P_문선정_260703_빙과_이하림,813,0,918.0,0,185,인지
2026-09-06,1873959599404161,[빙과_스틱바]_쫀득바_인지2_video,[멜론] 인플루언서형_6.3W,[26.06]F_V_JD멜_인지_상시_인플루언서형_인플루언서형.인지_var3.릴스_코어 후킹.X_1P_문선정_260619_빙과_이수민_fHo1zJ0X.mp4_[26.06]F_V_JD멜_인지_상시_인플루언서형_인플루언서형.인지_var3.릴스_코어 후킹.X_1P_문선정_260619_빙과_이수민,97,0,64.0,0,18,인지
2026-09-06,1874370060202321,[빙과_스틱바]_쫀득바_인지2_video,[멜론] 무디 파트너십 광고 (26년 10월까지만 활용 가능),eunbynko_XVZyBHut.mp4_eunbynko,286,0,249.0,0,65,인지
2026-09-06,1874762142929441,[빙과_스틱바]_복쫀바_인지2_video,[복숭아] 8월4주차_맛인지_노현경,_26.08_F_V_JD__________var7.___.X__P___260828_____ca0f6be6a99e.mp4_[26.08]F_V_JD복_인지_복쫀바출시_맛인지형_오먹_var7.릴스_유럽.X_스틱바P_이재원_260828_빙과_노현경.mp4,289,0,421.0,0,85,인지
2026-09-06,1873959526530274,[빙과_스틱바]_쫀득바_인지2_video,[멜론] 책상네고 대체_6.4W,[26.06]F_V_JD멜_인지_쫀득바출시_기타_비하인드썰풀기_var1.릴스_짤림후킹.X_1P_김유진_260626_빙과_강다빈_N8xnAoaE.mp4_[26.06]F_V_JD멜_인지_쫀득바출시_기타_비하인드썰풀기_var1.릴스_짤림후킹.X_1P_김유진_260626_빙과_강다빈,377,0,196.0,0,45,인지
2026-09-06,1874370080353713,[빙과_스틱바]_쫀득바_인지2_video,[멜론] 무디 파트너십 광고 (26년 10월까지만 활용 가능),unyouu_ZQxjeUdR.mp4_unyouu,315,0,502.0,0,107,인지
2026-09-06,1874370068335249,[빙과_스틱바]_쫀득바_인지2_video,[멜론] 무디 파트너십 광고 (26년 10월까지만 활용 가능),cmonprefere__k_Hx4qLXWs.mp4_cmonprefere__k,449,0,806.0,0,141,인지
2026-09-06,1873959592940658,[빙과_스틱바]_쫀득바_인지2_video,[멜론] 인플루언서형_6.3W,[26.06]F_V_JD멜_인지_상시_인플루언서형_인플루언서형.인지_var1.릴스_쫀득 후킹.X_1P_문선정_260619_빙과_이수민_HCZXPTgo.mp4_[26.06]F_V_JD멜_인지_상시_인플루언서형_인플루언서형.인지_var1.릴스_쫀득 후킹.X_1P_문선정_260619_빙과_이수민,74,0,35.0,0,9,인지
2026-09-06,1873959606553874,[빙과_스틱바]_쫀득바_인지2_video,[멜론] 수박BP_6.3W,[26.06]F_V_JD멜_인지_쫀득바출시_맛인지형_수박BP_var1.릴스_저샀어요.X_1P_김유진_260619_빙과_정하얀_KxT2Mrn4.mp4_[26.06]F_V_JD멜_인지_쫀득바출시_맛인지형_수박BP_var1.릴스_저샀어요.X_1P_김유진_260619_빙과_정하얀,82,0,88.0,0,22,인지
2026-09-06,1875410341846145,[빙과_스틱바]_복쫀바_인지2_video,[복숭아] 9월 1주_납작복숭아(백정우베BP)_JD복,7681680730522681365__26.09_F_V_JD복_인지_복쫀바출시_신규BP_백정BP_main.릴스_납작복숭아.X_스틱바P_황경원_260904_빙과_정요한,142654,0,152571.0,0,30660,인지
2026-09-06,1873959601100177,[빙과_스틱바]_쫀득바_인지2_video,[멜론] 인플루언서형_6.3W,[26.06]F_V_JD멜_인지_상시_인플루언서형_인플루언서형.인지_var2.릴스_대세감.X_1P_문선정_260619_빙과_이수민_Bwvr3K0z.mp4_[26.06]F_V_JD멜_인지_상시_인플루언서형_인플루언서형.인지_var2.릴스_대세감.X_1P_문선정_260619_빙과_이수민,210,0,125.0,0,33,인지
2026-09-06,1873959685405714,[빙과_스틱바]_쫀득바_인지2_video,[멜론] 인물리뷰(1)_6.3W,[26.06]F_V_JD멜_인지_쫀득바출시_인물리뷰형_인물리뷰형_var2.릴스_대세감.X_2P_고가영_260612_빙과_유영현_JSgYoFLC.mp4_[26.06]F_V_JD멜_인지_쫀득바출시_인물리뷰형_인물리뷰형_var2.릴스_대세감.X_2P_고가영_260612_빙과_유영현,550,0,561.0,0,113,인지
2026-09-06,1873959511342130,[빙과_스틱바]_쫀득바_인지2_video,[멜론] 일본원정템_7.1W,[26.07]F_V_JD멜_인지_쫀득바출시_신규BP_외부BP_main.릴스_메인.키노피오브금.X_2P_문선정_260703_빙과_이하림_CMkAHnfZ.mp4_[26.07]F_V_JD멜_인지_쫀득바출시_신규BP_외부BP_main.릴스_메인.키노피오브금.X_2P_문선정_260703_빙과_이하림,54,0,166.0,0,34,인지
2026-09-06,1874030341331282,[빙과_스틱바]_쫀득바_인지2_video,[멜론] 전세계에서일본에만_7.1W,[26.07]F_V_JD멜_인지_쫀득바출시_인물리뷰형_인물리뷰형_var1.릴스_상단.국내출시.X_2P_문선정_260703_빙과_유영현_hYJso2jc.mp4_[26.07]F_V_JD멜_인지_쫀득바출시_인물리뷰형_인물리뷰형_var1.릴스_상단.국내출시.X_2P_문선정_260703_빙과_유영현,1201,0,1654.0,0,332,인지
2026-09-06,1873959662058609,[빙과_스틱바]_쫀득바_인지2_video,[멜론] 요거트바BP_6.3W,[26.06]F_V_JD멜_인지_쫀득바출시_인물리뷰형_편의점원정_var4.릴스_대세감.X_1P_문선정_260612_빙과_정요한_dTrqo0s9.mp4_[26.06]F_V_JD멜_인지_쫀득바출시_인물리뷰형_편의점원정_var4.릴스_대세감.X_1P_문선정_260612_빙과_정요한,180,0,56.0,0,16,인지
2026-09-06,1873959576604178,[빙과_스틱바]_쫀득바_인지2_video,[멜론] 써우리BP_6.4W,[26.06]F_V_JD멜_인지_쫀득바출시_맛인지형_맛인지형.인지_var4.릴스_노을멜론.X_1P_문선정_260612_빙과_이수민_c8GfOUgM.mp4_[26.06]F_V_JD멜_인지_쫀득바출시_맛인지형_맛인지형.인지_var4.릴스_노을멜론.X_1P_문선정_260612_빙과_이수민,92,0,106.0,0,20,인지
2026-09-06,1875228150877506,[빙과_스틱바]_복쫀바_인지2_video,[복숭아] 먹리니 PA,먹리니_PA_J9Tn6Pyz.mp4_먹리니 PA,17421,0,36518.0,0,7728,인지
2026-09-06,1873959526530242,[빙과_스틱바]_쫀득바_인지2_video,[멜론] 책상네고 대체_6.4W,[26.06]F_V_JD멜_인지_쫀득바출시_기타_비하인드썰풀기_var2.릴스_POV.X_1P_김유진_260626_빙과_강다빈_dvNEWTwx.mp4_[26.06]F_V_JD멜_인지_쫀득바출시_기타_비하인드썰풀기_var2.릴스_POV.X_1P_김유진_260626_빙과_강다빈,354,0,118.0,0,36,인지
2026-09-06,1874734944122306,[빙과_스틱바]_쫀득바_인지2_video,[멜론] 무디 파트너십 광고 (26년 10월까지만 활용 가능),miju_yah_n5sMw4xC.mp4_miju_yah.mp4,433,0,1491.0,0,310,인지
2026-09-06,1873959530787025,[빙과_스틱바]_쫀득바_인지2_video,[멜론] 책상네고 대체_6.4W,[26.06]F_V_JD멜_인지_쫀득바출시_기타_비하인드썰풀기_main.릴스_본론.X_1P_김유진_260626_빙과_강다빈_viyVb41T.mp4_[26.06]F_V_JD멜_인지_쫀득바출시_기타_비하인드썰풀기_main.릴스_본론.X_1P_김유진_260626_빙과_강다빈,3745,0,2445.0,0,565,인지
2026-09-07,1873959574894593,[빙과_스틱바]_쫀득바_인지2_video,[멜론] 써우리BP_6.4W,[26.06]F_V_JD멜_인지_쫀득바출시_맛인지형_맛인지형.인지_var2.릴스_품절대란.X_1P_문선정_260612_빙과_이수민_X4dmxg8T.mp4_[26.06]F_V_JD멜_인지_쫀득바출시_맛인지형_맛인지형.인지_var2.릴스_품절대란.X_1P_문선정_260612_빙과_이수민,432,0,1267.0,0,284,인지
2026-09-07,1874147089787985,[빙과_스틱바]_쫀득바_전환_video,[멜론쫀득바] [26.07] 떡볶이BP_조의진,블랙트러플 하몽 시리즈 - 라라스윗-Music_Refresh-2-4_[26.07]F_V_JD멜_전환_쫀득바출시_신규BP_떡볶이BP_var1.릴스_가성비.X_2P_김유진_260703_빙과_조의진.mp4,43,19,326.0,0,0,전환
2026-09-07,1874030330240002,[빙과_스틱바]_쫀득바_인지2_video,[망고] 맛인지_6.3W,[26.06]F_V_JD망_인지_쫀득바출시_맛인지형_맛인지형.인지_var4.릴스_혜택.진수.6월.수민PJ_2P_문선정_260619_빙과_김지연_6H8Mjtxm.mp4_[26.06]F_V_JD망_인지_쫀득바출시_맛인지형_맛인지형.인지_var4.릴스_혜택.진수.6월.수민PJ_2P_문선정_260619_빙과_김지연,262,0,645.0,0,155,인지
2026-09-07,1873959512707137,[빙과_스틱바]_쫀득바_인지2_video,[멜론] 일본원정템_7.1W,[26.07]F_V_JD멜_인지_쫀득바출시_신규BP_외부BP_var3.릴스_화내기.X_2P_문선정_260703_빙과_이하림_G6x0joRE.mp4_[26.07]F_V_JD멜_인지_쫀득바출시_신규BP_외부BP_var3.릴스_화내기.X_2P_문선정_260703_빙과_이하림,4,0,6.0,0,1,인지
2026-09-07,1868419575202226,[빙과_스틱바]_쫀득바_전환_video,[멜론쫀득바] 공구네고형_6.3W,Lala Sweet Gold Kiwi Popsicle and Stick Bar-Music_Refresh-0-1_7ArWXY_3_[26.05]F_V_JD멜_전환_쫀득바출시_네고형_공구네고형_var6.릴스_예예콘텐츠2.진수.X_2C_김유진_260529_2T_피재은,13,0,116.0,0,0,전환
2026-09-07,1874753276174834,[빙과_스틱바]_쫀득바_인지_video,[복숭아] 8월4주차_맛인지_노현경,[26.08]F_V_JD복_인지_복쫀바출시_맛인지형_오먹_var5.릴스_생그릭요거트.X_스틱바P_이재원_260828_빙과_노현경.mp4,29343,0,101377.0,0,3081,인지
2026-09-07,1874052667688162,[빙과_스틱바]_쫀득바_전환_video,[멜론쫀득바] 지인네고형_6.3W,HighCostBau-v10033g50000d9vdlknog65mictv53u0_[26.06]F_V_JD멜_전환_쫀득바출시_네고형_지인네고형_var4.릴스_맛비주얼.X_1P_김유진_260619_빙과_이수현,25,0,374.0,0,0,전환
2026-09-07,1875660244218177,[빙과_스틱바]_쫀득바_전환2_video,[복숭아] 납작복숭아(백정우베BP) _전환,[26.09]F_V_JD복_전환_복쫀바출시_신규BP_백정BP_main.릴스_납작복숭아.X_스틱바P_황경원_260904_빙과_정요한.mp4_[26.09]F_V_JD복_전환_복쫀바출시_신규BP_백정BP_main.릴스_납작복숭아.X_스틱바P_황경원_260904_빙과_정요한.mp4,48775,946,299022.0,38,0,전환
2026-09-07,1874147098340657,[빙과_스틱바]_쫀득바_전환_video,[멜론쫀득바] [26.07]백정BP_조의진,HighCostBau-v10033g50000d9vdo47og65q8gebe8gg_[26.07]F_V_JD멜_전환_쫀득바출시_기타_백정BP_main.릴스_공통.X_2P_김유진_260716_빙과_조의진.mp4,17,7,307.0,0,0,전환
2026-09-07,1874097296807586,[빙과_스틱바]_쫀득바_전환_video,[멜론쫀득바] 컨비니BP_6.3W,HighCostBau-v10033g50000da3gukvog65vn24v71ng_[26.06]F_V_JD멜_전환_쫀득바출시_제조과정형_컨비니BP_main.릴스_공통.X_1P_김유진_260619_빙과_정요한,167,2,1619.0,1,0,전환
2026-09-07,1874061791905025,[빙과_스틱바]_쫀득바_전환_video,[멜론쫀득바] 네고형_6.3W,AI Generated Video-2_[26.06]F_V_JD멜_전환_쫀득바출시_네고형_네고형_var1.릴스_에르메스.X_1P_문선정_260619_빙과_이수민,364,19,3773.0,1,0,전환
2026-09-07,1874147089785905,[빙과_스틱바]_쫀득바_전환_video,[멜론쫀득바] [26.07] 떡볶이BP_조의진,HighCostBau-v10033g50000d9vdo47og65q8gebe8gg_[26.07]F_V_JD멜_전환_쫀득바출시_신규BP_떡볶이BP_var1.릴스_가성비.X_2P_김유진_260703_빙과_조의진.mp4,48,19,536.0,0,0,전환
2026-09-07,1873959601100177,[빙과_스틱바]_쫀득바_인지2_video,[멜론] 인플루언서형_6.3W,[26.06]F_V_JD멜_인지_상시_인플루언서형_인플루언서형.인지_var2.릴스_대세감.X_1P_문선정_260619_빙과_이수민_Bwvr3K0z.mp4_[26.06]F_V_JD멜_인지_상시_인플루언서형_인플루언서형.인지_var2.릴스_대세감.X_1P_문선정_260619_빙과_이수민,47,0,39.0,0,7,인지
2026-09-07,1875410341846145,[빙과_스틱바]_복쫀바_인지2_video,[복숭아] 9월 1주_납작복숭아(백정우베BP)_JD복,7681680730522681365__26.09_F_V_JD복_인지_복쫀바출시_신규BP_백정BP_main.릴스_납작복숭아.X_스틱바P_황경원_260904_빙과_정요한,110091,0,108014.0,0,21772,인지
2026-09-07,1874753276174802,[빙과_스틱바]_쫀득바_인지_video,[복숭아] 8월4주차_맛인지_노현경,[26.08]F_V_JD복_인지_복쫀바출시_맛인지형_오먹_var7.릴스_유럽.X_스틱바P_이재원_260828_빙과_노현경.mp4,1637,0,7685.0,0,268,인지
2026-09-07,1874061789693089,[빙과_스틱바]_쫀득바_전환_video,[멜론쫀득바] 공구네고형_6.3W,HighCostBau-v10033g50000d9vdlknog65mictv53u0_[26.05]F_V_JD멜_전환_쫀득바출시_네고형_공구네고형_main.릴스_본론.진수.X_2C_김유진_260529_2T_피재은,1,1,9.0,0,0,전환
2026-09-07,1874147077365058,[빙과_스틱바]_쫀득바_전환_video,[멜론쫀득바] [26.07] 지인네고형_정요한,HighCostBau-v10033g50000da3eqvnog65ih6c20fb0_[26.07]F_V_JD멜_전환_쫀득바출시_네고형_지인네고형_main.릴스_공통.X_1P_김유진_260710_빙과_정요한.mp4,527,28,4267.0,0,0,전환
2026-09-07,1874061791905057,[빙과_스틱바]_쫀득바_전환_video,[멜론쫀득바] 네고형_6.3W,HighCostBau-v10033g50000d9vdlknog65mictv53u0_[26.06]F_V_JD멜_전환_쫀득바출시_네고형_네고형_var1.릴스_에르메스.X_1P_문선정_260619_빙과_이수민,13,0,106.0,0,0,전환
2026-09-07,1868419609275633,[빙과_스틱바]_쫀득바_전환_video,[멜론쫀득바] 공구네고형_6.3W,Lala Sweet 저당 골드키위 아이스크림 3박스 + 증정 스틱바 1박스-Music_Refresh-2-1_[26.05]F_V_JD멜_전환_쫀득바출시_네고형_공구네고형_var1.릴스_예예 자체.진수.X_2C_김유진_260529_2T_피재은,28,1,273.0,0,0,전환
2026-09-07,1868419609279537,[빙과_스틱바]_쫀득바_전환_video,[멜론쫀득바] 공구네고형_6.3W,[26.06]F_V_WB바_전환_바닐라웨하스출시_네고형_네고형_var7.릴스_최초.슬기.X_1P_최나영_260605_제과_피재은_OU2BsTlp.mp4_[26.05]F_V_JD멜_전환_쫀득바출시_네고형_공구네고형_var1.릴스_예예 자체.진수.X_2C_김유진_260529_2T_피재은,365,3,3482.0,0,0,전환
2026-09-07,1868419609276465,[빙과_스틱바]_쫀득바_전환_video,[멜론쫀득바] 공구네고형_6.3W,라라스윗 제로바 18개 [+스틱바 6개]-Music_Refresh-1-2_[26.05]F_V_JD멜_전환_쫀득바출시_네고형_공구네고형_var1.릴스_예예 자체.진수.X_2C_김유진_260529_2T_피재은,9,0,34.0,0,0,전환
2026-09-07,1874030323030129,[빙과_스틱바]_쫀득바_인지2_video,[멜론] 인플루언서형_6.3W,[26.06]F_V_JD멜_인지_상시_인플루언서형_인플루언서형.인지_main.릴스_공통.X_1P_문선정_260619_빙과_이수민_OcQS8Jtk.mp4_Copy 3 of [26.06]F_V_JD멜_인지_상시_인플루언서형_인플루언서형.인지_main.릴스_공통.X_1P_문선정_260619_빙과_이수민,167,0,330.0,0,83,인지
2026-09-07,1873959567272305,[빙과_스틱바]_쫀득바_인지2_video,[멜론] 부자들만먹는_6.4W,[26.06]F_V_JD멜_인지_쫀득바출시_신규BP_먹방형_var4.릴스_숏.X_1P_문선정_260626_빙과_이수민_51lK2MkR.mp4_[26.06]F_V_JD멜_인지_쫀득바출시_신규BP_먹방형_var4.릴스_숏.X_1P_문선정_260626_빙과_이수민,99,0,241.0,0,54,인지
2026-09-07,1874134579335217,[빙과_스틱바]_쫀득바_전환_video,[멜론쫀득바] [26.07]백정BP_조의진,[26.07]F_V_JD멜_전환_쫀득바출시_기타_백정BP_var4.릴스_OEM.X_2P_김유진_260716_빙과_조의진_bVpZjxIh.mp4_[26.07]F_V_JD멜_전환_쫀득바출시_기타_백정BP_var4.릴스_OEM.X_2P_김유진_260716_빙과_조의진.mp4,473,54,4693.0,1,0,전환
2026-09-07,1873959509314913,[빙과_스틱바]_쫀득바_인지2_video,[멜론] 일본원정템_7.1W,[26.07]F_V_JD멜_인지_쫀득바출시_신규BP_외부BP_var1.릴스_메인.일반브금.X_2P_문선정_260703_빙과_이하림_WTZLraDf.mp4_[26.07]F_V_JD멜_인지_쫀득바출시_신규BP_외부BP_var1.릴스_메인.일반브금.X_2P_문선정_260703_빙과_이하림,417,0,630.0,0,120,인지
2026-09-07,1873959599404161,[빙과_스틱바]_쫀득바_인지2_video,[멜론] 인플루언서형_6.3W,[26.06]F_V_JD멜_인지_상시_인플루언서형_인플루언서형.인지_var3.릴스_코어 후킹.X_1P_문선정_260619_빙과_이수민_fHo1zJ0X.mp4_[26.06]F_V_JD멜_인지_상시_인플루언서형_인플루언서형.인지_var3.릴스_코어 후킹.X_1P_문선정_260619_빙과_이수민,26,0,33.0,0,7,인지
2026-09-07,1875660247666289,[빙과_스틱바]_쫀득바_전환2_video,[복숭아] 납작복숭아(백정우베BP) _전환,[26.09]F_V_JD복_전환_복쫀바출시_맛인지형_우베BP_main.릴스_납작복숭아.X_스틱바P_황경원_260904_빙과_정요한.mp4_[26.09]F_V_JD복_전환_복쫀바출시_맛인지형_우베BP_main.릴스_납작복숭아.X_스틱바P_황경원_260904_빙과_정요한.mp4,8929,274,77404.0,4,0,전환
2026-09-07,1868419609275601,[빙과_스틱바]_쫀득바_전환_video,[멜론쫀득바] 공구네고형_6.3W,[26.06]F_V_WB바_전환_바닐라웨하스출시_네고형_전화네고형_var2.릴스_POV후킹.X_1P_최나영_260605_제과_강경연_l23UF5Kw.mp4_[26.05]F_V_JD멜_전환_쫀득바출시_네고형_공구네고형_var1.릴스_예예 자체.진수.X_2C_김유진_260529_2T_피재은,292,8,2481.0,0,0,전환
2026-09-07,1874147089788017,[빙과_스틱바]_쫀득바_전환_video,[멜론쫀득바] [26.07] 떡볶이BP_조의진,HighCostBau-v10033g50000d9qhju7og65sd2k6euv0_[26.07]F_V_JD멜_전환_쫀득바출시_신규BP_떡볶이BP_var1.릴스_가성비.X_2P_김유진_260703_빙과_조의진.mp4,92,13,951.0,0,0,전환
2026-09-07,1868419575203218,[빙과_스틱바]_쫀득바_전환_video,[멜론쫀득바] 공구네고형_6.3W,Lala Sweet Low-Sugar Kiwi Bar 3 Boxes + [Free Stick Bar 1 Box]-Music_Refresh-1-5_[26.05]F_V_JD멜_전환_쫀득바출시_네고형_공구네고형_var6.릴스_예예콘텐츠2.진수.X_2C_김유진_260529_2T_피재은,183,6,1403.0,0,0,전환
2026-09-07,1874056375751906,[빙과_스틱바]_쫀득바_인지_video,[멜론] 무디 파트너십 광고 (26년 10월까지만 활용 가능),b0.__.0k,4,0,8.0,0,2,인지
2026-09-07,1874056375746786,[빙과_스틱바]_쫀득바_인지_video,[멜론] 무디 파트너십 광고 (26년 10월까지만 활용 가능),siyeonyoojoa,24,0,22.0,0,7,인지
2026-09-07,1873959679955218,[빙과_스틱바]_쫀득바_인지2_video,[멜론] 인물리뷰(1)_6.3W,[26.06]F_V_JD멜_인지_쫀득바출시_인물리뷰형_인물리뷰형_var1.릴스_블랙바.X_2P_고가영_260612_빙과_유영현_bKsUmrtE.mp4_[26.06]F_V_JD멜_인지_쫀득바출시_인물리뷰형_인물리뷰형_var1.릴스_블랙바.X_2P_고가영_260612_빙과_유영현,53,0,100.0,0,18,인지
2026-09-07,1868419575202194,[빙과_스틱바]_쫀득바_전환_video,[멜론쫀득바] 공구네고형_6.3W,Lala Sweet 저당 듬뿍바 3박스 + [증정 스틱바 1박스]-Music_Refresh-4-11_[26.05]F_V_JD멜_전환_쫀득바출시_네고형_공구네고형_var6.릴스_예예콘텐츠2.진수.X_2C_김유진_260529_2T_피재은,149,11,1476.0,0,0,전환
2026-09-07,1868419667684529,[빙과_스틱바]_쫀득바_전환_video,[멜론쫀득바] 공구네고형_6.3W,[26.06]F_V_WB바_전환_바닐라웨하스출시_네고형_전화네고형_var2.릴스_POV후킹.X_1P_최나영_260605_제과_강경연_l23UF5Kw.mp4_[26.05]F_V_JD멜_전환_쫀득바출시_네고형_공구네고형_main.릴스_본론.진수.X_2C_김유진_260529_2T_피재은,99,2,753.0,0,0,전환
2026-09-07,1874052667690114,[빙과_스틱바]_쫀득바_전환_video,[멜론쫀득바] 지인네고형_6.3W,Black Truffle Ham Series-Music_Refresh-1-1_[26.06]F_V_JD멜_전환_쫀득바출시_네고형_지인네고형_var4.릴스_맛비주얼.X_1P_김유진_260619_빙과_이수현,41,2,232.0,0,0,전환
2026-09-07,1874052667689090,[빙과_스틱바]_쫀득바_전환_video,[멜론쫀득바] 지인네고형_6.3W,"멜론쫀득바, 멜론쫀득파-Music_Refresh-3-8_[26.06]F_V_JD멜_전환_쫀득바출시_네고형_지인네고형_var4.릴스_맛비주얼.X_1P_김유진_260619_빙과_이수현",8,1,11.0,0,0,전환
2026-09-07,1875389502848097,[빙과_스틱바]_쫀득바_인지_video,[멜론] 무디 파트너십 광고 (26년 10월까지만 활용 가능),euunjoo.mp4,70,0,90.0,0,38,인지
2026-09-07,1874762142929441,[빙과_스틱바]_복쫀바_인지2_video,[복숭아] 8월4주차_맛인지_노현경,_26.08_F_V_JD__________var7.___.X__P___260828_____ca0f6be6a99e.mp4_[26.08]F_V_JD복_인지_복쫀바출시_맛인지형_오먹_var7.릴스_유럽.X_스틱바P_이재원_260828_빙과_노현경.mp4,245,0,514.0,0,95,인지
2026-09-07,1873959571492482,[빙과_스틱바]_쫀득바_인지2_video,[멜론] 써우리BP_6.4W,[26.06]F_V_JD멜_인지_쫀득바출시_맛인지형_맛인지형.인지_var3.릴스_국민템 멜론바.X_1P_문선정_260612_빙과_이수민_49m1RLsV.mp4_[26.06]F_V_JD멜_인지_쫀득바출시_맛인지형_맛인지형.인지_var3.릴스_국민템 멜론바.X_1P_문선정_260612_빙과_이수민,70,0,139.0,0,35,인지
2026-09-07,1874753276173682,[빙과_스틱바]_쫀득바_인지_video,[복숭아] 8월4주차_맛인지_노현경,[26.08]F_V_JD복_인지_복쫀바출시_맛인지형_오먹_var4.릴스_100프로복숭아농축액.X_스틱바P_이재원_260828_빙과_노현경.mp4,12038,0,53268.0,0,1455,인지
2026-09-07,1874762142924033,[빙과_스틱바]_복쫀바_인지2_video,[복숭아] 8월4주차_맛인지_노현경,_26.08_F_V_JD__________var3.___.X__P___260828_____1ddee9a8eb9c.mp4_[26.08]F_V_JD복_인지_복쫀바출시_맛인지형_오먹_var3.릴스_쫀득복숭아.X_스틱바P_이재원_260828_빙과_노현경.mp4,316,0,139.0,0,29,인지
2026-09-07,1868419575197746,[빙과_스틱바]_쫀득바_전환_video,[멜론쫀득바] 공구네고형_6.3W,[26.06]F_V_WB바_전환_바닐라웨하스출시_네고형_네고형_var3.릴스_축약혜택.슬기.X_1P_최나영_260605_제과_피재은_YqOlRysc.mp4_[26.05]F_V_JD멜_전환_쫀득바출시_네고형_공구네고형_var6.릴스_예예콘텐츠2.진수.X_2C_김유진_260529_2T_피재은,12,0,88.0,0,0,전환
2026-09-07,1868419575200818,[빙과_스틱바]_쫀득바_전환_video,[멜론쫀득바] 공구네고형_6.3W,Lala Sweet 저당 듬뿍바 3박스 + [증정 스틱바 1박스]-Music_Refresh-2-9_[26.05]F_V_JD멜_전환_쫀득바출시_네고형_공구네고형_var6.릴스_예예콘텐츠2.진수.X_2C_김유진_260529_2T_피재은,38,2,409.0,0,0,전환
2026-09-07,1873959511342130,[빙과_스틱바]_쫀득바_인지2_video,[멜론] 일본원정템_7.1W,[26.07]F_V_JD멜_인지_쫀득바출시_신규BP_외부BP_main.릴스_메인.키노피오브금.X_2P_문선정_260703_빙과_이하림_CMkAHnfZ.mp4_[26.07]F_V_JD멜_인지_쫀득바출시_신규BP_외부BP_main.릴스_메인.키노피오브금.X_2P_문선정_260703_빙과_이하림,86,0,247.0,0,60,인지
2026-09-07,1868419667685617,[빙과_스틱바]_쫀득바_전환_video,[멜론쫀득바] 공구네고형_6.3W,[26.06]F_V_WB바_전환_바닐라웨하스출시_네고형_네고형_var3.릴스_축약혜택.슬기.X_1P_최나영_260605_제과_피재은_YqOlRysc.mp4_[26.05]F_V_JD멜_전환_쫀득바출시_네고형_공구네고형_main.릴스_본론.진수.X_2C_김유진_260529_2T_피재은,4,0,22.0,0,0,전환
2026-09-07,1868419667688689,[빙과_스틱바]_쫀득바_전환_video,[멜론쫀득바] 공구네고형_6.3W,[26.06]F_V_WB바_전환_바닐라웨하스출시_고객후기형_원물강조형_var1.릴스_원물강조.슬기.X_1P_최나영_260605_제과_문형민_sl7hx9DA.mp4_[26.05]F_V_JD멜_전환_쫀득바출시_네고형_공구네고형_main.릴스_본론.진수.X_2C_김유진_260529_2T_피재은,1,0,1.0,0,0,전환
2026-09-07,1874056815722530,[빙과_스틱바]_쫀득바_전환_video,[멜론쫀득바] 인플루언서형_6.3W,"멜론쫀득바, 멜론쫀득파-Music_Refresh-0-4_[26.06]F_V_JD멜_전환_상시_인플루언서형_인플루언서형.전환_main.릴스_공통.X_1P_문선정_260619_빙과_이수민",6,0,46.0,0,0,전환
2026-09-07,1874147098339793,[빙과_스틱바]_쫀득바_전환_video,[멜론쫀득바] [26.07]백정BP_조의진,HighCostBau-v10033g50000da3eqvnog65ih6c20fb0_[26.07]F_V_JD멜_전환_쫀득바출시_기타_백정BP_main.릴스_공통.X_2P_김유진_260716_빙과_조의진.mp4,193,21,2329.0,0,0,전환
2026-09-07,1868419574258786,[빙과_스틱바]_쫀득바_전환_video,[멜론쫀득바] 공구네고형_6.3W,[26.05]F_V_JD멜_전환_쫀득바출시_네고형_공구네고형_var6.릴스_예예콘텐츠2.진수.X_2C_김유진_260529_2T_피재은_OlnqJZde.mp4_[26.05]F_V_JD멜_전환_쫀득바출시_네고형_공구네고형_var6.릴스_예예콘텐츠2.진수.X_2C_김유진_260529_2T_피재은,14,0,286.0,0,0,전환
2026-09-07,1874056815721506,[빙과_스틱바]_쫀득바_전환_video,[멜론쫀득바] 인플루언서형_6.3W,HighCostBau-v10033g50000d9vdlknog65mictv53u0_[26.06]F_V_JD멜_전환_상시_인플루언서형_인플루언서형.전환_main.릴스_공통.X_1P_문선정_260619_빙과_이수민,14,0,60.0,0,0,전환
2026-09-07,1868419608887745,[빙과_스틱바]_쫀득바_전환_video,[멜론쫀득바] 공구네고형_6.3W,[26.05]F_V_JD멜_전환_쫀득바출시_네고형_공구네고형_var2.릴스_예예 콘텐츠1.진수.X_2C_김유진_260529_2T_피재은_qBZegFOu.mp4_[26.05]F_V_JD멜_전환_쫀득바출시_네고형_공구네고형_var2.릴스_예예 콘텐츠1.진수.X_2C_김유진_260529_2T_피재은,1,0,2.0,0,0,전환
2026-09-07,1874147089785873,[빙과_스틱바]_쫀득바_전환_video,[멜론쫀득바] [26.07] 떡볶이BP_조의진,Black Truffle Jamon-Music_Refresh-8-6_[26.07]F_V_JD멜_전환_쫀득바출시_신규BP_떡볶이BP_var1.릴스_가성비.X_2P_김유진_260703_빙과_조의진.mp4,61,14,619.0,0,0,전환
2026-09-07,1873959530787025,[빙과_스틱바]_쫀득바_인지2_video,[멜론] 책상네고 대체_6.4W,[26.06]F_V_JD멜_인지_쫀득바출시_기타_비하인드썰풀기_main.릴스_본론.X_1P_김유진_260626_빙과_강다빈_viyVb41T.mp4_[26.06]F_V_JD멜_인지_쫀득바출시_기타_비하인드썰풀기_main.릴스_본론.X_1P_김유진_260626_빙과_강다빈,2984,0,3448.0,0,726,인지
2026-09-07,1874153179702498,[빙과_스틱바]_쫀득바_전환_video,[멜론쫀득바] [26.08] 전환 재편집_노현경,AI Generated Video-2_VUpNs7_4_[26.08]F_V_JD멜_전환_쫀득바출시_인물리뷰형_4050대세감_main.렉카_아빠가 사달라.(재)_스틱바P_황경원_260821_빙과_노현경.mp4,6,0,33.0,0,0,전환
2026-09-07,1874153179704546,[빙과_스틱바]_쫀득바_전환_video,[멜론쫀득바] [26.08] 전환 재편집_노현경,Black Truffle Ham Chips-Music_Refresh-1-5_[26.08]F_V_JD멜_전환_쫀득바출시_인물리뷰형_4050대세감_main.렉카_아빠가 사달라.(재)_스틱바P_황경원_260821_빙과_노현경.mp4,8,2,28.0,0,0,전환
2026-09-07,1874153179703522,[빙과_스틱바]_쫀득바_전환_video,[멜론쫀득바] [26.08] 전환 재편집_노현경,HighCostBau-v10033g50000d9vdlknog65mictv53u0_[26.08]F_V_JD멜_전환_쫀득바출시_인물리뷰형_4050대세감_main.렉카_아빠가 사달라.(재)_스틱바P_황경원_260821_빙과_노현경.mp4,17,9,355.0,0,0,전환
2026-09-07,1873959559414897,[빙과_스틱바]_쫀득바_인지2_video,[멜론] 부자들만먹는_6.4W,[26.06]F_V_JD멜_인지_쫀득바출시_신규BP_먹방형_var2.릴스_먹방.X_1P_문선정_260626_빙과_이수민_jNE7zmU8.mp4_[26.06]F_V_JD멜_인지_쫀득바출시_신규BP_먹방형_var2.릴스_먹방.X_1P_문선정_260626_빙과_이수민,31,0,25.0,0,7,인지
2026-09-07,1873959606553874,[빙과_스틱바]_쫀득바_인지2_video,[멜론] 수박BP_6.3W,[26.06]F_V_JD멜_인지_쫀득바출시_맛인지형_수박BP_var1.릴스_저샀어요.X_1P_김유진_260619_빙과_정하얀_KxT2Mrn4.mp4_[26.06]F_V_JD멜_인지_쫀득바출시_맛인지형_수박BP_var1.릴스_저샀어요.X_1P_김유진_260619_빙과_정하얀,88,0,129.0,0,33,인지
2026-09-07,1868419667685585,[빙과_스틱바]_쫀득바_전환_video,[멜론쫀득바] 공구네고형_6.3W,[26.06]F_V_WB바_전환_바닐라웨하스출시_네고형_네고형_main.릴스_축약공통.슬기.X_1P_최나영_260605_제과_피재은_EXwnjgqk.mp4_[26.05]F_V_JD멜_전환_쫀득바출시_네고형_공구네고형_main.릴스_본론.진수.X_2C_김유진_260529_2T_피재은,24,0,130.0,0,0,전환
2026-09-07,1868419667688657,[빙과_스틱바]_쫀득바_전환_video,[멜론쫀득바] 공구네고형_6.3W,[26.06]F_V_WB바_전환_바닐라웨하스출시_고객후기형_원물강조형_var3.릴스_국내최초.슬기.X_1P_최나영_260605_제과_문형민_4GuHqj0Q.mp4_[26.05]F_V_JD멜_전환_쫀득바출시_네고형_공구네고형_main.릴스_본론.진수.X_2C_김유진_260529_2T_피재은,24,0,236.0,0,0,전환
2026-09-07,1874056815722498,[빙과_스틱바]_쫀득바_전환_video,[멜론쫀득바] 인플루언서형_6.3W,AI Generated Video-1_aL1trg_2_[26.06]F_V_JD멜_전환_상시_인플루언서형_인플루언서형.전환_main.릴스_공통.X_1P_문선정_260619_빙과_이수민,42,3,286.0,0,0,전환
2026-09-07,1874370080353713,[빙과_스틱바]_쫀득바_인지2_video,[멜론] 무디 파트너십 광고 (26년 10월까지만 활용 가능),unyouu_ZQxjeUdR.mp4_unyouu,70,0,106.0,0,19,인지
2026-09-07,1874147098339825,[빙과_스틱바]_쫀득바_전환_video,[멜론쫀득바] [26.07]백정BP_조의진,Black Truffle Jamon-Music_Refresh-1-3_[26.07]F_V_JD멜_전환_쫀득바출시_기타_백정BP_main.릴스_공통.X_2P_김유진_260716_빙과_조의진.mp4,46,9,427.0,0,0,전환
2026-09-07,1874061789695297,[빙과_스틱바]_쫀득바_전환_video,[멜론쫀득바] 공구네고형_6.3W,트로플 하몽깡-Music_Refresh-4-5_[26.05]F_V_JD멜_전환_쫀득바출시_네고형_공구네고형_main.릴스_본론.진수.X_2C_김유진_260529_2T_피재은,1,0,7.0,0,0,전환
2026-09-07,1874061791907009,[빙과_스틱바]_쫀득바_전환_video,[멜론쫀득바] 네고형_6.3W,Black Truffle Ham Series-Music_Refresh-1-1_B1s5qg_4_[26.06]F_V_JD멜_전환_쫀득바출시_네고형_네고형_var1.릴스_에르메스.X_1P_문선정_260619_빙과_이수민,41,1,439.0,0,0,전환
2026-09-07,1874056815721474,[빙과_스틱바]_쫀득바_전환_video,[멜론쫀득바] 인플루언서형_6.3W,AI Generated Video-3_0ZFSb6_3_[26.06]F_V_JD멜_전환_상시_인플루언서형_인플루언서형.전환_main.릴스_공통.X_1P_문선정_260619_빙과_이수민,910,42,7266.0,0,0,전환
2026-09-07,1874476587671650,[빙과_스틱바]_쫀득바_인지2_video,[멜론] 무디 파트너십 광고 (26년 10월까지만 활용 가능),xcvijy_TySpdgnO.mp4_xcvijy,7985,0,10190.0,0,2172,인지
2026-09-07,1874153179702466,[빙과_스틱바]_쫀득바_전환_video,[멜론쫀득바] [26.08] 전환 재편집_노현경,AI Generated Video-3_0ZFSb6_3_[26.08]F_V_JD멜_전환_쫀득바출시_인물리뷰형_4050대세감_main.렉카_아빠가 사달라.(재)_스틱바P_황경원_260821_빙과_노현경.mp4,55,5,504.0,0,0,전환
2026-09-07,1868781735447777,[빙과_스틱바]_쫀득바_전환_video,[멜론쫀득바] 지인네고형_6.3W,[26.06]F_V_JD멜_전환_쫀득바출시_네고형_지인네고형_var3.릴스_원가후킹.X_1P_김유진_260619_빙과_이수현_SGeobihu.mp4_[26.06]F_V_JD멜_전환_쫀득바출시_네고형_지인네고형_var3.릴스_원가후킹.X_1P_김유진_260619_빙과_이수현,2765,64,28452.0,3,0,전환
2026-09-07,1874153179704514,[빙과_스틱바]_쫀득바_전환_video,[멜론쫀득바] [26.08] 전환 재편집_노현경,HighCostBau-v10033g50000d9vdo47og65q8gebe8gg_[26.08]F_V_JD멜_전환_쫀득바출시_인물리뷰형_4050대세감_main.렉카_아빠가 사달라.(재)_스틱바P_황경원_260821_빙과_노현경.mp4,8,2,88.0,0,0,전환
2026-09-07,1874153179703490,[빙과_스틱바]_쫀득바_전환_video,[멜론쫀득바] [26.08] 전환 재편집_노현경,AI Generated Video-2_ylpQZ3_0_[26.08]F_V_JD멜_전환_쫀득바출시_인물리뷰형_4050대세감_main.렉카_아빠가 사달라.(재)_스틱바P_황경원_260821_빙과_노현경.mp4,13,6,249.0,0,0,전환
2026-09-07,1874055831450833,[빙과_스틱바]_쫀득바_인지_video,[멜론] 무디 파트너십 광고 (26년 10월까지만 활용 가능),kdaaeng,14,0,13.0,0,7,인지
2026-09-07,1873959559414865,[빙과_스틱바]_쫀득바_인지2_video,[멜론] 부자들만먹는_6.4W,[26.06]F_V_JD멜_인지_쫀득바출시_신규BP_먹방형_main.릴스_공통.X_1P_문선정_260626_빙과_이수민_6K4RW1kr.mp4_[26.06]F_V_JD멜_인지_쫀득바출시_신규BP_먹방형_main.릴스_공통.X_1P_문선정_260626_빙과_이수민,425,0,415.0,0,104,인지
2026-09-07,1874759704807857,[빙과_스틱바]_쫀득바_인지2_video,[멜론쫀득바] [26.08] 인지_바이럴형_백정BP바이럴화_정요한,[26.08]F_V_JD멜_인지_쫀득바출시_바이럴형_ai형_main.렉카_식품업계미투제품.X_스틱바P_황경원_260828_빙과_정요한.mp4_[26.08]F_V_JD멜_인지_쫀득바출시_바이럴형_ai형_main.렉카_식품업계미투제품.X_스틱바P_황경원_260828_빙과_정요한.mp4,4373,0,6188.0,0,1288,인지
2026-09-07,1874052667688194,[빙과_스틱바]_쫀득바_전환_video,[멜론쫀득바] 지인네고형_6.3W,"멜론쫀득바, 멜론쫀득파-Music_Refresh-0-4_[26.06]F_V_JD멜_전환_쫀득바출시_네고형_지인네고형_var4.릴스_맛비주얼.X_1P_김유진_260619_빙과_이수현",35,0,186.0,0,0,전환
2026-09-07,1874147098340625,[빙과_스틱바]_쫀득바_전환_video,[멜론쫀득바] [26.07]백정BP_조의진,AI Generated Video-2_ylpQZ3_0_[26.07]F_V_JD멜_전환_쫀득바출시_기타_백정BP_main.릴스_공통.X_2P_김유진_260716_빙과_조의진.mp4,28,6,214.0,0,0,전환
2026-09-07,1868419575197714,[빙과_스틱바]_쫀득바_전환_video,[멜론쫀득바] 공구네고형_6.3W,[26.06]F_V_WB바_전환_바닐라웨하스출시_네고형_네고형_main.릴스_축약공통.슬기.X_1P_최나영_260605_제과_피재은_EXwnjgqk.mp4_[26.05]F_V_JD멜_전환_쫀득바출시_네고형_공구네고형_var6.릴스_예예콘텐츠2.진수.X_2C_김유진_260529_2T_피재은,456,5,3459.0,0,0,전환
2026-09-07,1874759609751826,[빙과_스틱바]_쫀득바_인지_video,[멜론쫀득바] [26.08] 인지_바이럴형_백정BP바이럴화_정요한,[26.08]F_V_JD멜_인지_쫀득바출시_바이럴형_ai형_main.렉카_식품업계미투제품.X_스틱바P_황경원_260828_빙과_정요한.mp4,30,0,58.0,0,23,인지
2026-09-07,1874469822085266,[빙과_스틱바]_쫀득바_인지_video,[멜론] 무디 파트너십 광고 (26년 10월까지만 활용 가능),okindflower.mp4,7,0,6.0,0,4,인지
2026-09-07,1868419575200786,[빙과_스틱바]_쫀득바_전환_video,[멜론쫀득바] 공구네고형_6.3W,[26.06]F_V_WB바_전환_바닐라웨하스출시_네고형_전화네고형_main.릴스_공통.X_1P_최나영_260605_제과_강경연_0NHie2yw.mp4_[26.05]F_V_JD멜_전환_쫀득바출시_네고형_공구네고형_var6.릴스_예예콘텐츠2.진수.X_2C_김유진_260529_2T_피재은,25,0,137.0,0,0,전환
2026-09-07,1874097296807554,[빙과_스틱바]_쫀득바_전환_video,[멜론쫀득바] 컨비니BP_6.3W,Black Truffle Ham Chips-Music_Refresh-1-5_[26.06]F_V_JD멜_전환_쫀득바출시_제조과정형_컨비니BP_main.릴스_공통.X_1P_김유진_260619_빙과_정요한,22,0,29.0,0,0,전환
2026-09-07,1874061791907041,[빙과_스틱바]_쫀득바_전환_video,[멜론쫀득바] 네고형_6.3W,트로플 하몽깡-Music_Refresh-4-5_[26.06]F_V_JD멜_전환_쫀득바출시_네고형_네고형_var1.릴스_에르메스.X_1P_문선정_260619_빙과_이수민,148,5,1591.0,0,0,전환
2026-09-07,1868419667686497,[빙과_스틱바]_쫀득바_전환_video,[멜론쫀득바] 공구네고형_6.3W,[26.06]F_V_WB바_전환_바닐라웨하스출시_네고형_네고형_var6.릴스_원물.슬기.X_1P_최나영_260605_제과_피재은_ck4ptuWA.mp4_[26.05]F_V_JD멜_전환_쫀득바출시_네고형_공구네고형_main.릴스_본론.진수.X_2C_김유진_260529_2T_피재은,10,1,14.0,0,0,전환
2026-09-07,1874370091722833,[빙과_스틱바]_쫀득바_인지2_video,[멜론] 무디 파트너십 광고 (26년 10월까지만 활용 가능),payforyouth__j28UIP7Q.mp4_payforyouth_,39,0,78.0,0,15,인지
2026-09-07,1875114422829106,[빙과_스틱바]_쫀득바_인지_video,[멜론] 닥터후,[26.08]F_V_JD멜_인지_쫀득바출시_바이럴형_권위 설득형_var1.렉카_닥터후.현재 5세대 초통령이라는 500만 틱톡커 ㄷㄷ.X_스틱바P_김바다_260826_빙과_김도희,113,0,79.0,0,37,인지
2026-09-07,1874056375749954,[빙과_스틱바]_쫀득바_인지_video,[멜론] 무디 파트너십 광고 (26년 10월까지만 활용 가능),leem_life,38,0,43.0,0,13,인지
2026-09-07,1875422500103377,[빙과_스틱바]_복쫀바_인지2_video,[복숭아] 9월 1주_납작복숭아(백정우베BP)_JD복,7681730532586242068_[26.09]F_V_JD복_인지_복쫀바출시_맛인지형_우베BP_main.릴스_납작복숭아.X_스틱바P_황경원_260904_빙과_정요한,6055,0,8531.0,0,1743,인지
2026-09-07,1874097296805298,[빙과_스틱바]_쫀득바_전환_video,[멜론쫀득바] 컨비니BP_6.3W,HighCostBau-v10033g50000da3eqvnog65ih6c20fb0_[26.06]F_V_JD멜_전환_쫀득바출시_제조과정형_컨비니BP_main.릴스_공통.X_1P_김유진_260619_빙과_정요한,421,3,3771.0,0,0,전환
2026-09-07,1874469822085298,[빙과_스틱바]_쫀득바_인지_video,[멜론] 무디 파트너십 광고 (26년 10월까지만 활용 가능),myhoney_717.mp4,11,0,19.0,0,9,인지
2026-09-07,1873959685405714,[빙과_스틱바]_쫀득바_인지2_video,[멜론] 인물리뷰(1)_6.3W,[26.06]F_V_JD멜_인지_쫀득바출시_인물리뷰형_인물리뷰형_var2.릴스_대세감.X_2P_고가영_260612_빙과_유영현_JSgYoFLC.mp4_[26.06]F_V_JD멜_인지_쫀득바출시_인물리뷰형_인물리뷰형_var2.릴스_대세감.X_2P_고가영_260612_빙과_유영현,200,0,170.0,0,41,인지
2026-09-07,1874056815720610,[빙과_스틱바]_쫀득바_전환_video,[멜론쫀득바] 인플루언서형_6.3W,트로플 하몽깡-Music_Refresh-0-7_[26.06]F_V_JD멜_전환_상시_인플루언서형_인플루언서형.전환_main.릴스_공통.X_1P_문선정_260619_빙과_이수민,10,0,76.0,0,0,전환
2026-09-07,1874676672568577,[빙과_스틱바]_쫀득바_인지2_video,[멜론쫀득바] [26.08] 인지_바이럴형_백정BP바이럴화_정요한,[26.08]F_V_JD멜_인지_쫀득바출시_바이럴형_썰풀기형_main.렉카_대기업협박.X_스틱바P_황경원_260827_빙과_정요한_B1EMbrPN.mp4_[26.08]F_V_JD멜_인지_쫀득바출시_바이럴형_썰풀기형_main.렉카_대기업협박.X_스틱바P_황경원_260827_빙과_정요한.mp4,33367,0,51862.0,0,10298,인지
2026-09-07,1874134559419394,[빙과_스틱바]_쫀득바_전환_video,[멜론쫀득바] [26.07] 지인네고형_정요한,[26.07]F_V_JD멜_전환_쫀득바출시_네고형_지인네고형_main.릴스_공통.X_1P_김유진_260710_빙과_정요한_OD6b1LiG.mp4_[26.07]F_V_JD멜_전환_쫀득바출시_네고형_지인네고형_main.릴스_공통.X_1P_김유진_260710_빙과_정요한.mp4,1085,294,14416.0,0,0,전환
2026-09-07,1874676672569601,[빙과_스틱바]_쫀득바_인지2_video,[멜론쫀득바] [26.08] 인지_바이럴형_백정BP바이럴화_정요한,[26.08]F_V_JD멜_인지_쫀득바출시_바이럴형_정보전달형_main.렉카_식품업계미투제품.X_스틱바P_황경원_260827_빙과_정요한_K4UxAq8r.mp4_[26.08]F_V_JD멜_인지_쫀득바출시_바이럴형_정보전달형_main.렉카_식품업계미투제품.X_스틱바P_황경원_260827_빙과_정요한.mp4,165775,0,264586.0,0,54509,인지
2026-09-07,1873959606553906,[빙과_스틱바]_쫀득바_인지2_video,[멜론] 수박BP_6.3W,[26.06]F_V_JD멜_인지_쫀득바출시_맛인지형_수박BP_main.릴스_1년에딱.X_1P_김유진_260619_빙과_정하얀_4WnKJzct.mp4_[26.06]F_V_JD멜_인지_쫀득바출시_맛인지형_수박BP_main.릴스_1년에딱.X_1P_김유진_260619_빙과_정하얀,248,0,434.0,0,101,인지
2026-09-07,1874056375749922,[빙과_스틱바]_쫀득바_인지_video,[멜론] 무디 파트너십 광고 (26년 10월까지만 활용 가능),payforyouth_,7,0,9.0,0,3,인지
2026-09-07,1874056375752994,[빙과_스틱바]_쫀득바_인지_video,[멜론] 무디 파트너십 광고 (26년 10월까지만 활용 가능),dodoscene,7,0,13.0,0,5,인지
2026-09-07,1874370060195937,[빙과_스틱바]_쫀득바_인지2_video,[멜론] 무디 파트너십 광고 (26년 10월까지만 활용 가능),02_TbcHadv6.mp4_02,38,0,37.0,0,11,인지
2026-09-07,1868401422641297,[빙과_스틱바]_쫀득바_전환_video,[멜론쫀득바] 바운스번BP_6.3W,[26.06]F_V_JD멜_전환_쫀득바출시_신규BP_바운스번BP_main.릴스_BP.X_2P_고가영_260612_빙과_조의진_wJqztByi.mp4_[26.06]F_V_JD멜_전환_쫀득바출시_신규BP_바운스번BP_main.릴스_BP.X_2P_고가영_260612_빙과_조의진,129,11,727.0,0,0,전환
2026-09-07,1873959572271185,[빙과_스틱바]_쫀득바_인지2_video,[멜론] 써우리BP_6.4W,[26.06]F_V_JD멜_인지_쫀득바출시_맛인지형_맛인지형.인지_var1.릴스_왁뿌볼.X_1P_문선정_260612_빙과_이수민_EwQB6yWu.mp4_[26.06]F_V_JD멜_인지_쫀득바출시_맛인지형_맛인지형.인지_var1.릴스_왁뿌볼.X_1P_문선정_260612_빙과_이수민,69,0,67.0,0,17,인지
2026-09-07,1874030341331282,[빙과_스틱바]_쫀득바_인지2_video,[멜론] 전세계에서일본에만_7.1W,[26.07]F_V_JD멜_인지_쫀득바출시_인물리뷰형_인물리뷰형_var1.릴스_상단.국내출시.X_2P_문선정_260703_빙과_유영현_hYJso2jc.mp4_[26.07]F_V_JD멜_인지_쫀득바출시_인물리뷰형_인물리뷰형_var1.릴스_상단.국내출시.X_2P_문선정_260703_빙과_유영현,874,0,1251.0,0,251,인지
2026-09-07,1868419667689681,[빙과_스틱바]_쫀득바_전환_video,[멜론쫀득바] 공구네고형_6.3W,[26.06]F_V_WB바_전환_바닐라웨하스출시_네고형_전화네고형_var1.릴스_희소성후킹.X_1P_최나영_260605_제과_강경연_RSBNTVka.mp4_[26.05]F_V_JD멜_전환_쫀득바출시_네고형_공구네고형_main.릴스_본론.진수.X_2C_김유진_260529_2T_피재은,3,0,16.0,0,0,전환
2026-09-07,1875644222118689,[빙과_스틱바]_쫀득바_전환_video,[멜론쫀득바] 바운스번BP_6.3W,AI Generated Video-1_CPzX94_3_[26.06]F_V_JD멜_전환_쫀득바출시_신규BP_바운스번BP_main.릴스_BP.X_2P_고가영_260612_빙과_조의진,49,0,183.0,0,0,전환
2026-09-07,1874371832380434,[빙과_스틱바]_쫀득바_인지2_video,[멜론] 무디 파트너십 광고 (26년 10월까지만 활용 가능),dodoscene_9lkPTqUt.mp4_dodoscene,64,0,125.0,0,24,인지
2026-09-07,1874134545415217,[빙과_스틱바]_쫀득바_전환_video,[멜론쫀득바] [26.07] 떡볶이BP_조의진,[26.07]F_V_JD멜_전환_쫀득바출시_신규BP_떡볶이BP_var1.릴스_가성비.X_2P_김유진_260703_빙과_조의진_E3Qzc1LZ.mp4_[26.07]F_V_JD멜_전환_쫀득바출시_신규BP_떡볶이BP_var1.릴스_가성비.X_2P_김유진_260703_빙과_조의진.mp4,123,22,1522.0,0,0,전환
2026-09-07,1874729216782561,[빙과_스틱바]_쫀득바_인지_video,[멜론] 무디 파트너십 광고 (26년 10월까지만 활용 가능),miju_yah.mp4,24,0,37.0,0,19,인지
2026-09-07,1874056375753986,[빙과_스틱바]_쫀득바_인지_video,[멜론] 무디 파트너십 광고 (26년 10월까지만 활용 가능),eunbynko,4,0,6.0,0,3,인지
2026-09-07,1874147077367218,[빙과_스틱바]_쫀득바_전환_video,[멜론쫀득바] [26.07] 지인네고형_정요한,HighCostBau-v10033g50000d9vdlknog65mictv53u0_[26.07]F_V_JD멜_전환_쫀득바출시_네고형_지인네고형_main.릴스_공통.X_1P_김유진_260710_빙과_정요한.mp4,100,35,838.0,0,0,전환
2026-09-07,1874056375746818,[빙과_스틱바]_쫀득바_인지_video,[멜론] 무디 파트너십 광고 (26년 10월까지만 활용 가능),riverbinn,10,0,14.0,0,4,인지
2026-09-07,1875662210241730,[빙과_스틱바]_쫀득바_인지2_video,[멜론] 무디 파트너십 광고 (26년 10월까지만 활용 가능),eunring_.mp4_eunring_.mp4,1393,0,1807.0,0,436,인지
2026-09-07,1874762142926161,[빙과_스틱바]_복쫀바_인지2_video,[복숭아] 8월4주차_맛인지_노현경,_26.08_F_V_JD__________var5.___.X__P___260828_____f7aba5a3a3f8.mp4_[26.08]F_V_JD복_인지_복쫀바출시_맛인지형_오먹_var5.릴스_생그릭요거트.X_스틱바P_이재원_260828_빙과_노현경.mp4,1063,0,1445.0,0,280,인지
2026-09-07,1874147089789057,[빙과_스틱바]_쫀득바_전환_video,[멜론쫀득바] [26.07] 떡볶이BP_조의진,"멜론쫀득바, 멜론쫀득파-Music_Refresh-3-8_[26.07]F_V_JD멜_전환_쫀득바출시_신규BP_떡볶이BP_var1.릴스_가성비.X_2P_김유진_260703_빙과_조의진.mp4",42,23,379.0,0,0,전환
2026-09-07,1874370063993025,[빙과_스틱바]_쫀득바_인지2_video,[멜론] 무디 파트너십 광고 (26년 10월까지만 활용 가능),ddu___0_Jb76Kdc9.mp4_ddu___0,145,0,139.0,0,26,인지
2026-09-07,1875644222118657,[빙과_스틱바]_쫀득바_전환_video,[멜론쫀득바] 바운스번BP_6.3W,AI Generated Video-22_[26.06]F_V_JD멜_전환_쫀득바출시_신규BP_바운스번BP_main.릴스_BP.X_2P_고가영_260612_빙과_조의진,3083,44,4855.0,4,0,전환
2026-09-07,1875646323007618,[빙과_스틱바]_쫀득바_전환_video,[복숭아] 납작복숭아(백정우베BP) _전환,[26.09]F_V_JD복_전환_복쫀바출시_신규BP_백정BP_main.릴스_납작복숭아.X_스틱바P_황경원_260904_빙과_정요한.mp4_[26.09]F_V_JD복_전환_복쫀바출시_신규BP_백정BP_main.릴스_납작복숭아.X_스틱바P_황경원_260904_빙과_정요한.mp4,1674,24,4828.0,4,0,전환
2026-09-07,1875122824693297,[빙과_스틱바]_쫀득바_인지2_video,[멜론] 닥터후,[26.08]F_V_JD멜_인지_쫀득바출시_바이럴형_권위 설득형_main.렉카_닥터후.500만 틱톡커가 먹어본 초딩 유행템_.X_스틱바P_김바다_260826_빙과_김도희_TrglhEwL.mp4_[26.08]F_V_JD멜_인지_쫀득바출시_바이럴형_권위 설득형_main.렉카_닥터후.500만 틱톡커가 먹어본 초딩 유행템_.X_스틱바P_김바다_260826_빙과_김도희,112546,1,179298.0,0,36710,인지
2026-09-07,1874030321444945,[빙과_스틱바]_쫀득바_인지2_video,[멜론] 컨비니BP_6.3W,[26.06]F_V_JD멜_인지_쫀득바출시_제조과정형_컨비니BP_var5.릴스_공통.할인.X_1P_김유진_260619_빙과_정요한_7cNBXRYq.mp4_[26.06]F_V_JD멜_인지_쫀득바출시_제조과정형_컨비니BP_var5.릴스_공통.할인.X_1P_김유진_260619_빙과_정요한,192,0,360.0,0,85,인지
2026-09-07,1874061786240289,[빙과_스틱바]_쫀득바_전환_video,[멜론쫀득바] 공구네고형_6.3W,Black Truffle Ham Snack - Larasweet-Music_Refresh-1-4_[26.05]F_V_JD멜_전환_쫀득바출시_네고형_공구네고형_main.릴스_본론.진수.X_2C_김유진_260529_2T_피재은,35,1,180.0,0,0,전환
2026-09-07,1873959502194161,[빙과_스틱바]_쫀득바_인지2_video,[멜론] 현지인도못구하는_7.1W,[26.07]F_V_JD멜_인지_쫀득바출시_인플루언서형_인플루언서형_var1.릴스_제품먼저.X_1P_문선정_260703_빙과_정하얀_gA26O49Z.mp4_[26.07]F_V_JD멜_인지_쫀득바출시_인플루언서형_인플루언서형_var1.릴스_제품먼저.X_1P_문선정_260703_빙과_정하얀,107,0,157.0,0,33,인지
2026-09-07,1874056375751874,[빙과_스틱바]_쫀득바_인지_video,[멜론] 무디 파트너십 광고 (26년 10월까지만 활용 가능),ksxxida,183,0,349.0,0,138,인지
2026-09-07,1873959679955250,[빙과_스틱바]_쫀득바_인지2_video,[멜론] 인물리뷰(1)_6.3W,[26.06]F_V_JD멜_인지_쫀득바출시_인물리뷰형_인물리뷰형_main.릴스_샀어요.X_2P_고가영_260612_빙과_유영현_ay8jLH2u.mp4_[26.06]F_V_JD멜_인지_쫀득바출시_인물리뷰형_인물리뷰형_main.릴스_샀어요.X_2P_고가영_260612_빙과_유영현,216,0,309.0,0,61,인지
2026-09-07,1874061786239169,[빙과_스틱바]_쫀득바_전환_video,[멜론쫀득바] 공구네고형_6.3W,HighCostBau-v10033g50000d97jc2nog65rt37h8og0_[26.05]F_V_JD멜_전환_쫀득바출시_네고형_공구네고형_main.릴스_본론.진수.X_2C_김유진_260529_2T_피재은,30,1,274.0,0,0,전환
2026-09-07,1874056375748770,[빙과_스틱바]_쫀득바_인지_video,[멜론] 무디 파트너십 광고 (26년 10월까지만 활용 가능),xeoj.ng,10,0,17.0,0,7,인지
2026-09-07,1868419609278529,[빙과_스틱바]_쫀득바_전환_video,[멜론쫀득바] 공구네고형_6.3W,Lala Sweet 저당 딸기듬뿍바-Music_Refresh-0-1_[26.05]F_V_JD멜_전환_쫀득바출시_네고형_공구네고형_var1.릴스_예예 자체.진수.X_2C_김유진_260529_2T_피재은,32,1,236.0,0,0,전환
2026-09-07,1874052667689058,[빙과_스틱바]_쫀득바_전환_video,[멜론쫀득바] 지인네고형_6.3W,블랙트러플 하몽 시리즈 - 라라스윗-Music_Refresh-2-4_[26.06]F_V_JD멜_전환_쫀득바출시_네고형_지인네고형_var4.릴스_맛비주얼.X_1P_김유진_260619_빙과_이수현,6,0,144.0,0,0,전환
2026-09-07,1868419575199026,[빙과_스틱바]_쫀득바_전환_video,[멜론쫀득바] 공구네고형_6.3W,[26.06]F_V_WB바_전환_바닐라웨하스출시_고객후기형_원물강조형_main.릴스_공통.슬기.X_1P_최나영_260605_제과_문형민_aIvY4NFD.mp4_[26.05]F_V_JD멜_전환_쫀득바출시_네고형_공구네고형_var6.릴스_예예콘텐츠2.진수.X_2C_김유진_260529_2T_피재은,5,0,74.0,0,0,전환
2026-09-07,1874370090397122,[빙과_스틱바]_쫀득바_인지2_video,[멜론] 무디 파트너십 광고 (26년 10월까지만 활용 가능),minimore.927_wXMpjCo9.mp4_minimore.927,332,0,1032.0,0,210,인지
2026-09-07,1874147098341489,[빙과_스틱바]_쫀득바_전환_video,[멜론쫀득바] [26.07]백정BP_조의진,"멜론쫀득바, 멜론쫀득파-Music_Refresh-3-8_[26.07]F_V_JD멜_전환_쫀득바출시_기타_백정BP_main.릴스_공통.X_2P_김유진_260716_빙과_조의진.mp4",19,10,158.0,0,0,전환
2026-09-07,1874097296808530,[빙과_스틱바]_쫀득바_전환_video,[멜론쫀득바] 컨비니BP_6.3W,AI Generated Video-1_[26.06]F_V_JD멜_전환_쫀득바출시_제조과정형_컨비니BP_main.릴스_공통.X_1P_김유진_260619_빙과_정요한,1763,42,20817.0,2,0,전환
2026-09-07,1874147077367250,[빙과_스틱바]_쫀득바_전환_video,[멜론쫀득바] [26.07] 지인네고형_정요한,블랙트러플 하몽 시리즈 - 라라스윗-Music_Refresh-2-4_[26.07]F_V_JD멜_전환_쫀득바출시_네고형_지인네고형_main.릴스_공통.X_1P_김유진_260710_빙과_정요한.mp4,31,24,291.0,0,0,전환
2026-09-07,1868419609278561,[빙과_스틱바]_쫀득바_전환_video,[멜론쫀득바] 공구네고형_6.3W,[26.06]F_V_WB바_전환_바닐라웨하스출시_네고형_네고형_var1.릴스_축약원물.슬기.X_1P_최나영_260605_제과_피재은_oYnwJfb7.mp4_[26.05]F_V_JD멜_전환_쫀득바출시_네고형_공구네고형_var1.릴스_예예 자체.진수.X_2C_김유진_260529_2T_피재은,504,10,5154.0,1,0,전환
2026-09-07,1873959509313921,[빙과_스틱바]_쫀득바_인지2_video,[멜론] 일본원정템_7.1W,[26.07]F_V_JD멜_인지_쫀득바출시_신규BP_외부BP_var2.릴스_POV.X_2P_문선정_260703_빙과_이하림_vSPVRZmI.mp4_[26.07]F_V_JD멜_인지_쫀득바출시_신규BP_외부BP_var2.릴스_POV.X_2P_문선정_260703_빙과_이하림,352,0,461.0,0,102,인지
2026-09-07,1868419609280609,[빙과_스틱바]_쫀득바_전환_video,[멜론쫀득바] 공구네고형_6.3W,[26.06]F_V_WB바_전환_바닐라웨하스출시_고객후기형_원물강조형_main.릴스_공통.슬기.X_1P_최나영_260605_제과_문형민_aIvY4NFD.mp4_[26.05]F_V_JD멜_전환_쫀득바출시_네고형_공구네고형_var1.릴스_예예 자체.진수.X_2C_김유진_260529_2T_피재은,7,0,43.0,0,0,전환
2026-09-07,1868781741232178,[빙과_스틱바]_쫀득바_전환_video,[멜론쫀득바] 지인네고형_6.3W,[26.06]F_V_JD멜_전환_쫀득바출시_네고형_지인네고형_main.릴스_본론.X_1P_김유진_260619_빙과_이수현_N0LGwE1m.mp4_[26.06]F_V_JD멜_전환_쫀득바출시_네고형_지인네고형_main.릴스_본론.X_1P_김유진_260619_빙과_이수현,316,10,2027.0,1,0,전환
2026-09-07,1874147077365042,[빙과_스틱바]_쫀득바_전환_video,[멜론쫀득바] [26.07] 지인네고형_정요한,AI Generated Video-3_0ZFSb6_3_[26.07]F_V_JD멜_전환_쫀득바출시_네고형_지인네고형_main.릴스_공통.X_1P_김유진_260710_빙과_정요한.mp4,345,63,3397.0,0,0,전환
2026-09-07,1874147098341457,[빙과_스틱바]_쫀득바_전환_video,[멜론쫀득바] [26.07]백정BP_조의진,AI Generated Video-6_HwMjls_2_[26.07]F_V_JD멜_전환_쫀득바출시_기타_백정BP_main.릴스_공통.X_2P_김유진_260716_빙과_조의진.mp4,16,3,102.0,0,0,전환
2026-09-07,1874097296808562,[빙과_스틱바]_쫀득바_전환_video,[멜론쫀득바] 컨비니BP_6.3W,블랙트러플 하몽 시리즈 - 라라스윗-Music_Refresh-7-8_[26.06]F_V_JD멜_전환_쫀득바출시_제조과정형_컨비니BP_main.릴스_공통.X_1P_김유진_260619_빙과_정요한,16,0,134.0,0,0,전환
2026-09-07,1874147077366066,[빙과_스틱바]_쫀득바_전환_video,[멜론쫀득바] [26.07] 지인네고형_정요한,HighCostBau-v10033g50000d9vdo47og65q8gebe8gg_[26.07]F_V_JD멜_전환_쫀득바출시_네고형_지인네고형_main.릴스_공통.X_1P_김유진_260710_빙과_정요한.mp4,65,25,764.0,0,0,전환
2026-09-07,1875644222116017,[빙과_스틱바]_쫀득바_전환_video,[멜론쫀득바] 바운스번BP_6.3W,AI Generated Video-2_[26.06]F_V_JD멜_전환_쫀득바출시_신규BP_바운스번BP_main.릴스_BP.X_2P_고가영_260612_빙과_조의진,4401,43,9194.0,1,0,전환
2026-09-07,1874147077369298,[빙과_스틱바]_쫀득바_전환_video,[멜론쫀득바] [26.07] 지인네고형_정요한,AI Generated Video-6_HwMjls_2_[26.07]F_V_JD멜_전환_쫀득바출시_네고형_지인네고형_main.릴스_공통.X_1P_김유진_260710_빙과_정요한.mp4,53,17,1006.0,0,0,전환
2026-09-07,1875644222119089,[빙과_스틱바]_쫀득바_전환_video,[멜론쫀득바] 바운스번BP_6.3W,트러플 하몽 스낵-Music_Refresh-9-17_[26.06]F_V_JD멜_전환_쫀득바출시_신규BP_바운스번BP_main.릴스_BP.X_2P_고가영_260612_빙과_조의진,3415,40,10699.0,3,0,전환
2026-09-07,1875410602721410,[빙과_스틱바]_복쫀바_인지2_video,[복숭아] 9월 1주차_인물리뷰_JD복,7681681809516380180__26.09_F_V_JD복_전환_복쫀바출시_인물리뷰형_써우리BP_var1.릴스_쫀득.X_스틱바P_황경원_260904_빙과_노현경,5285,0,7983.0,0,1415,인지
2026-09-07,1874476587075634,[빙과_스틱바]_쫀득바_인지2_video,[멜론] 무디 파트너십 광고 (26년 10월까지만 활용 가능),okindflower_tiktok_16x9_F9pfKXPt.mp4_okindflower,2300,0,7699.0,0,1587,인지
2026-09-07,1874370090377506,[빙과_스틱바]_쫀득바_인지2_video,[멜론] 무디 파트너십 광고 (26년 10월까지만 활용 가능),xeoj.ng_L7HK2Ueo.mp4_xeoj.ng,68,0,70.0,0,14,인지
2026-09-07,1874147077366034,[빙과_스틱바]_쫀득바_전환_video,[멜론쫀득바] [26.07] 지인네고형_정요한,Black Truffle Jamon-Music_Refresh-1-3_[26.07]F_V_JD멜_전환_쫀득바출시_네고형_지인네고형_main.릴스_공통.X_1P_김유진_260710_빙과_정요한.mp4,77,13,989.0,0,0,전환
2026-09-07,1874056375748738,[빙과_스틱바]_쫀득바_인지_video,[멜론] 무디 파트너십 광고 (26년 10월까지만 활용 가능),4,6,0,10.0,0,4,인지
2026-09-07,1875644222115985,[빙과_스틱바]_쫀득바_전환_video,[멜론쫀득바] 바운스번BP_6.3W,AI Generated Video-1_kkTCGe_4_[26.06]F_V_JD멜_전환_쫀득바출시_신규BP_바운스번BP_main.릴스_BP.X_2P_고가영_260612_빙과_조의진,62,0,632.0,0,0,전환
2026-09-07,1875644222119057,[빙과_스틱바]_쫀득바_전환_video,[멜론쫀득바] 바운스번BP_6.3W,블랙트러플 하몽 칩-Music_Refresh-0-4_[26.06]F_V_JD멜_전환_쫀득바출시_신규BP_바운스번BP_main.릴스_BP.X_2P_고가영_260612_빙과_조의진,60,4,414.0,0,0,전환
2026-09-07,1868782462877714,[빙과_스틱바]_쫀득바_전환_video,[멜론쫀득바] 네고형_6.3W,[26.06]F_V_JD멜_전환_쫀득바출시_네고형_네고형_main.릴스_공통.X_1P_문선정_260619_빙과_이수민_X6gaGnEq.mp4_[26.06]F_V_JD멜_전환_쫀득바출시_네고형_네고형_main.릴스_공통.X_1P_문선정_260619_빙과_이수민,77,6,388.0,0,0,전환
2026-09-07,1874097296805266,[빙과_스틱바]_쫀득바_전환_video,[멜론쫀득바] 컨비니BP_6.3W,HighCostBau-v10033g50000da3osn7og65vn3a82m5g_[26.06]F_V_JD멜_전환_쫀득바출시_제조과정형_컨비니BP_main.릴스_공통.X_1P_김유진_260619_빙과_정요한,102,3,1278.0,0,0,전환
2026-09-07,1868419575198994,[빙과_스틱바]_쫀득바_전환_video,[멜론쫀득바] 공구네고형_6.3W,[26.06]F_V_WB바_전환_바닐라웨하스출시_네고형_네고형_var7.릴스_최초.슬기.X_1P_최나영_260605_제과_피재은_OU2BsTlp.mp4_[26.05]F_V_JD멜_전환_쫀득바출시_네고형_공구네고형_var6.릴스_예예콘텐츠2.진수.X_2C_김유진_260529_2T_피재은,92,1,859.0,0,0,전환
2026-09-07,1874370083000546,[빙과_스틱바]_쫀득바_인지2_video,[멜론] 무디 파트너십 광고 (26년 10월까지만 활용 가능),s_eo__fit_xO7qAYSe.mp4_s_eo__fit,96,0,273.0,0,58,인지
2026-09-07,1874052667688178,[빙과_스틱바]_쫀득바_전환_video,[멜론쫀득바] 지인네고형_6.3W,AI Generated Video-1_[26.06]F_V_JD멜_전환_쫀득바출시_네고형_지인네고형_var4.릴스_맛비주얼.X_1P_김유진_260619_빙과_이수현,31,2,168.0,0,0,전환
2026-09-07,1874147098340641,[빙과_스틱바]_쫀득바_전환_video,[멜론쫀득바] [26.07]백정BP_조의진,HighCostBau-v10033g50000d9qhju7og65sd2k6euv0_[26.07]F_V_JD멜_전환_쫀득바출시_기타_백정BP_main.릴스_공통.X_2P_김유진_260716_빙과_조의진.mp4,33,7,297.0,0,0,전환
2026-09-07,1874061789693073,[빙과_스틱바]_쫀득바_전환_video,[멜론쫀득바] 공구네고형_6.3W,"멜론쫀득바, 멜론쫀득파-Music_Refresh-6-9_[26.05]F_V_JD멜_전환_쫀득바출시_네고형_공구네고형_main.릴스_본론.진수.X_2C_김유진_260529_2T_피재은",1,0,10.0,0,0,전환
2026-09-07,1874097296807602,[빙과_스틱바]_쫀득바_전환_video,[멜론쫀득바] 컨비니BP_6.3W,AI Generated Video-2_CcGiUM_4_[26.06]F_V_JD멜_전환_쫀득바출시_제조과정형_컨비니BP_main.릴스_공통.X_1P_김유진_260619_빙과_정요한,8,0,35.0,0,0,전환
2026-09-07,1874061791905041,[빙과_스틱바]_쫀득바_전환_video,[멜론쫀득바] 네고형_6.3W,AI Generated Video-3_0ZFSb6_3_[26.06]F_V_JD멜_전환_쫀득바출시_네고형_네고형_var1.릴스_에르메스.X_1P_문선정_260619_빙과_이수민,148,3,999.0,0,0,전환
2026-09-07,1868419609275617,[빙과_스틱바]_쫀득바_전환_video,[멜론쫀득바] 공구네고형_6.3W,Lala Sweet Gold Kiwi Popsicle and Stick Bar-Music_Refresh-0-1_7ArWXY_3_[26.05]F_V_JD멜_전환_쫀득바출시_네고형_공구네고형_var1.릴스_예예 자체.진수.X_2C_김유진_260529_2T_피재은,22,1,315.0,0,0,전환
2026-09-07,1874147089787969,[빙과_스틱바]_쫀득바_전환_video,[멜론쫀득바] [26.07] 떡볶이BP_조의진,AI Generated Video-2_ylpQZ3_0_[26.07]F_V_JD멜_전환_쫀득바출시_신규BP_떡볶이BP_var1.릴스_가성비.X_2P_김유진_260703_빙과_조의진.mp4,34,23,754.0,0,0,전환
2026-09-07,1868419575203234,[빙과_스틱바]_쫀득바_전환_video,[멜론쫀득바] 공구네고형_6.3W,리얼 망고 쫀득바-Music_Refresh-1-2_l2JEuz_4_[26.05]F_V_JD멜_전환_쫀득바출시_네고형_공구네고형_var6.릴스_예예콘텐츠2.진수.X_2C_김유진_260529_2T_피재은,17,0,66.0,0,0,전환
2026-09-07,1868419575202210,[빙과_스틱바]_쫀득바_전환_video,[멜론쫀득바] 공구네고형_6.3W,라라스윗 저당 듬뿍바 3박스 + [증정 스틱바 1박스]-Music_Refresh-1-4_[26.05]F_V_JD멜_전환_쫀득바출시_네고형_공구네고형_var6.릴스_예예콘텐츠2.진수.X_2C_김유진_260529_2T_피재은,41,2,648.0,0,0,전환
2026-09-07,1874753276174786,[빙과_스틱바]_쫀득바_인지_video,[복숭아] 8월4주차_맛인지_노현경,[26.08]F_V_JD복_인지_복쫀바출시_맛인지형_오먹_var1.릴스_과일계 에르메스.X_스틱바P_이재원_260828_빙과_노현경.mp4,10460,0,36823.0,0,1018,인지
2026-09-07,1874052667688146,[빙과_스틱바]_쫀득바_전환_video,[멜론쫀득바] 지인네고형_6.3W,트로플 하몽깡-Music_Refresh-0-7_[26.06]F_V_JD멜_전환_쫀득바출시_네고형_지인네고형_var4.릴스_맛비주얼.X_1P_김유진_260619_빙과_이수현,10,1,223.0,0,0,전환
2026-09-07,1874030333521250,[빙과_스틱바]_쫀득바_인지2_video,[멜론] 초딩유행템2_6.4W,[26.06]F_V_JD멜_인지_쫀득바출시_신규BP_써우리BP_var2.릴스_혜택.X_1P_문선정_260626_빙과_김진수_AGmDZ35w.mp4_[26.06]F_V_JD멜_인지_쫀득바출시_신규BP_써우리BP_var2.릴스_혜택.X_1P_문선정_260626_빙과_김진수,840,0,1967.0,0,420,인지
2026-09-07,1868782470606049,[빙과_스틱바]_쫀득바_전환_video,[멜론쫀득바] 네고형_6.3W,[26.06]F_V_JD멜_전환_쫀득바출시_네고형_네고형_var4.릴스_거제야호.X_1P_문선정_260619_빙과_이수민_7YkDHmyJ.mp4_[26.06]F_V_JD멜_전환_쫀득바출시_네고형_네고형_var4.릴스_거제야호.X_1P_문선정_260619_빙과_이수민,763,13,4701.0,0,0,전환
2026-09-07,1874061789693105,[빙과_스틱바]_쫀득바_전환_video,[멜론쫀득바] 공구네고형_6.3W,AI Generated Video-1_aL1trg_2_[26.05]F_V_JD멜_전환_쫀득바출시_네고형_공구네고형_main.릴스_본론.진수.X_2C_김유진_260529_2T_피재은,2,0,8.0,0,0,전환
2026-09-07,1874061791905073,[빙과_스틱바]_쫀득바_전환_video,[멜론쫀득바] 네고형_6.3W,"멜론쫀득바, 멜론쫀득파-Music_Refresh-0-4_[26.06]F_V_JD멜_전환_쫀득바출시_네고형_네고형_var1.릴스_에르메스.X_1P_문선정_260619_빙과_이수민",37,1,510.0,0,0,전환
2026-09-07,1868419609275585,[빙과_스틱바]_쫀득바_전환_video,[멜론쫀득바] 공구네고형_6.3W,[26.05]F_V_JD멜_전환_쫀득바출시_네고형_공구네고형_var1.릴스_예예 자체.진수.X_2C_김유진_260529_2T_피재은_4g9Od6Fk.mp4_[26.05]F_V_JD멜_전환_쫀득바출시_네고형_공구네고형_var1.릴스_예예 자체.진수.X_2C_김유진_260529_2T_피재은,45,1,450.0,0,0,전환
2026-09-07,1874147089785889,[빙과_스틱바]_쫀득바_전환_video,[멜론쫀득바] [26.07] 떡볶이BP_조의진,Black Truffle Jamon-Music_Refresh-1-3_[26.07]F_V_JD멜_전환_쫀득바출시_신규BP_떡볶이BP_var1.릴스_가성비.X_2P_김유진_260703_빙과_조의진.mp4,76,23,648.0,0,0,전환
2026-09-07,1874134545405265,[빙과_스틱바]_쫀득바_전환_video,[멜론쫀득바] [26.07] 떡볶이BP_조의진,[26.07]F_V_JD멜_전환_쫀득바출시_신규BP_떡볶이BP_var4.릴스_메로나.X_2P_김유진_260703_빙과_조의진_MJfBv483.mp4_[26.07]F_V_JD멜_전환_쫀득바출시_신규BP_떡볶이BP_var4.릴스_메로나.X_2P_김유진_260703_빙과_조의진.mp4,633,43,7931.0,0,0,전환
2026-09-07,1868419667684513,[빙과_스틱바]_쫀득바_전환_video,[멜론쫀득바] 공구네고형_6.3W,[26.05]F_V_JD멜_전환_쫀득바출시_네고형_공구네고형_main.릴스_본론.진수.X_2C_김유진_260529_2T_피재은_VbcQuCpH.mp4_[26.05]F_V_JD멜_전환_쫀득바출시_네고형_공구네고형_main.릴스_본론.진수.X_2C_김유진_260529_2T_피재은,2,0,11.0,0,0,전환
2026-09-07,1874052667687090,[빙과_스틱바]_쫀득바_전환_video,[멜론쫀득바] 지인네고형_6.3W,HighCostBau-v10033g50000da3g1jvog65vn39ohugg_[26.06]F_V_JD멜_전환_쫀득바출시_네고형_지인네고형_var4.릴스_맛비주얼.X_1P_김유진_260619_빙과_이수현,170,4,1213.0,0,0,전환
2026-09-07,1874370060202321,[빙과_스틱바]_쫀득바_인지2_video,[멜론] 무디 파트너십 광고 (26년 10월까지만 활용 가능),eunbynko_XVZyBHut.mp4_eunbynko,42,0,47.0,0,9,인지
2026-09-07,1868419609279489,[빙과_스틱바]_쫀득바_전환_video,[멜론쫀득바] 공구네고형_6.3W,[26.06]F_V_WB바_전환_바닐라웨하스출시_네고형_네고형_var2.릴스_축약최초.슬기.X_1P_최나영_260605_제과_피재은_NAgDqaFJ.mp4_[26.05]F_V_JD멜_전환_쫀득바출시_네고형_공구네고형_var1.릴스_예예 자체.진수.X_2C_김유진_260529_2T_피재은,15,0,117.0,0,0,전환
2026-09-07,1868419609276417,[빙과_스틱바]_쫀득바_전환_video,[멜론쫀득바] 공구네고형_6.3W,[26.06]F_V_WB바_전환_바닐라웨하스출시_네고형_네고형_var8.릴스_혜택.슬기.X_1P_최나영_260605_제과_피재은_H0xpSJs1.mp4_[26.05]F_V_JD멜_전환_쫀득바출시_네고형_공구네고형_var1.릴스_예예 자체.진수.X_2C_김유진_260529_2T_피재은,36,1,140.0,0,0,전환
2026-09-07,1874370076917153,[빙과_스틱바]_쫀득바_인지2_video,[멜론] 무디 파트너십 광고 (26년 10월까지만 활용 가능),niker_jaen_dE0hLqZD.mp4_niker_jaen,565,0,1527.0,0,305,인지
2026-09-07,1868419667686529,[빙과_스틱바]_쫀득바_전환_video,[멜론쫀득바] 공구네고형_6.3W,[26.06]F_V_WB바_전환_바닐라웨하스출시_네고형_네고형_var9.릴스_반값.슬기.X_1P_최나영_260605_제과_피재은_xOYsZVvw.mp4_[26.05]F_V_JD멜_전환_쫀득바출시_네고형_공구네고형_main.릴스_본론.진수.X_2C_김유진_260529_2T_피재은,9,0,11.0,0,0,전환
2026-09-07,1874052667690130,[빙과_스틱바]_쫀득바_전환_video,[멜론쫀득바] 지인네고형_6.3W,Black Truffle Ham Series-Music_Refresh-3-3_[26.06]F_V_JD멜_전환_쫀득바출시_네고형_지인네고형_var4.릴스_맛비주얼.X_1P_김유진_260619_빙과_이수현,17,0,181.0,0,0,전환
2026-09-07,1868419609279521,[빙과_스틱바]_쫀득바_전환_video,[멜론쫀득바] 공구네고형_6.3W,[26.06]F_V_WB바_전환_바닐라웨하스출시_네고형_네고형_var3.릴스_축약혜택.슬기.X_1P_최나영_260605_제과_피재은_YqOlRysc.mp4_[26.05]F_V_JD멜_전환_쫀득바출시_네고형_공구네고형_var1.릴스_예예 자체.진수.X_2C_김유진_260529_2T_피재은,9,1,68.0,0,0,전환
2026-09-07,1868419609276449,[빙과_스틱바]_쫀득바_전환_video,[멜론쫀득바] 공구네고형_6.3W,Lala Sweet 저당 듬뿍바 3박스 + [증정 스틱바 1박스]-Music_Refresh-2-9_[26.05]F_V_JD멜_전환_쫀득바출시_네고형_공구네고형_var1.릴스_예예 자체.진수.X_2C_김유진_260529_2T_피재은,8,1,36.0,0,0,전환
2026-09-07,1875646320730866,[빙과_스틱바]_쫀득바_전환_video,[복숭아] 납작복숭아(백정우베BP) _전환,[26.09]F_V_JD복_전환_복쫀바출시_맛인지형_우베BP_main.릴스_납작복숭아.X_스틱바P_황경원_260904_빙과_정요한.mp4_[26.09]F_V_JD복_전환_복쫀바출시_맛인지형_우베BP_main.릴스_납작복숭아.X_스틱바P_황경원_260904_빙과_정요한.mp4,20,0,131.0,0,0,전환
2026-09-07,1874370084620641,[빙과_스틱바]_쫀득바_인지2_video,[멜론] 무디 파트너십 광고 (26년 10월까지만 활용 가능),suj_43_2u1JOHAq.mp4_suj_43,219,0,388.0,0,66,인지
2026-09-07,1874147089788001,[빙과_스틱바]_쫀득바_전환_video,[멜론쫀득바] [26.07] 떡볶이BP_조의진,HighCostBau-v10033g50000d9vdlknog65mictv53u0_[26.07]F_V_JD멜_전환_쫀득바출시_신규BP_떡볶이BP_var1.릴스_가성비.X_2P_김유진_260703_빙과_조의진.mp4,65,25,2255.0,0,0,전환
2026-09-07,1874753276173698,[빙과_스틱바]_쫀득바_인지_video,[복숭아] 8월4주차_맛인지_노현경,[26.08]F_V_JD복_인지_복쫀바출시_맛인지형_오먹_var2.릴스_후숙복숭아.X_스틱바P_이재원_260828_빙과_노현경.mp4,321,0,2096.0,0,86,인지
2026-09-07,1873959656457905,[빙과_스틱바]_쫀득바_인지2_video,[멜론] 요거트바BP_6.3W,[26.06]F_V_JD멜_인지_쫀득바출시_인물리뷰형_편의점원정_var2.릴스_퀄리티.X_1P_문선정_260612_빙과_정요한_F6rWEnOX.mp4_[26.06]F_V_JD멜_인지_쫀득바출시_인물리뷰형_편의점원정_var2.릴스_퀄리티.X_1P_문선정_260612_빙과_정요한,64,0,125.0,0,26,인지
2026-09-07,1873959654248546,[빙과_스틱바]_쫀득바_인지2_video,[멜론] 요거트바BP_6.3W,[26.06]F_V_JD멜_인지_쫀득바출시_인물리뷰형_편의점원정_var1.릴스_맛.X_1P_문선정_260612_빙과_정요한_USPOMvkw.mp4_[26.06]F_V_JD멜_인지_쫀득바출시_인물리뷰형_편의점원정_var1.릴스_맛.X_1P_문선정_260612_빙과_정요한,215,0,33.0,0,9,인지
2026-09-07,1873959568365938,[빙과_스틱바]_쫀득바_인지2_video,[멜론] 부자들만먹는_6.4W,[26.06]F_V_JD멜_인지_쫀득바출시_신규BP_먹방형_var3.릴스_5만원멜론.X_1P_문선정_260626_빙과_이수민_4jVCt9QI.mp4_[26.06]F_V_JD멜_인지_쫀득바출시_신규BP_먹방형_var3.릴스_5만원멜론.X_1P_문선정_260626_빙과_이수민,34,0,22.0,0,6,인지
2026-09-07,1868419575203202,[빙과_스틱바]_쫀득바_전환_video,[멜론쫀득바] 공구네고형_6.3W,Lala Sweet Gold Kiwi Popsicle and Stick Bar-Music_Refresh-0-1_[26.05]F_V_JD멜_전환_쫀득바출시_네고형_공구네고형_var6.릴스_예예콘텐츠2.진수.X_2C_김유진_260529_2T_피재은,12,0,35.0,0,0,전환
2026-09-07,1874371832550769,[빙과_스틱바]_쫀득바_인지2_video,[멜론] 무디 파트너십 광고 (26년 10월까지만 활용 가능),doyouknow_omg_MfVCQSX8.mp4_doyouknow_omg,89,0,85.0,0,16,인지
2026-09-07,1874056375751922,[빙과_스틱바]_쫀득바_인지_video,[멜론] 무디 파트너십 광고 (26년 10월까지만 활용 가능),cmonprefere__k,20,0,17.0,0,10,인지
2026-09-07,1874056375746802,[빙과_스틱바]_쫀득바_인지_video,[멜론] 무디 파트너십 광고 (26년 10월까지만 활용 가능),s_eo__fit,10,0,19.0,0,7,인지
2026-09-07,1868419575202178,[빙과_스틱바]_쫀득바_전환_video,[멜론쫀득바] 공구네고형_6.3W,Lala Sweet 골드키위 아이스크림 3박스 + 증정 스틱바 1박스-Music_Refresh-1-7_[26.05]F_V_JD멜_전환_쫀득바출시_네고형_공구네고형_var6.릴스_예예콘텐츠2.진수.X_2C_김유진_260529_2T_피재은,33,2,328.0,0,0,전환
2026-09-07,1874370068335249,[빙과_스틱바]_쫀득바_인지2_video,[멜론] 무디 파트너십 광고 (26년 10월까지만 활용 가능),cmonprefere__k_Hx4qLXWs.mp4_cmonprefere__k,297,0,499.0,0,85,인지
2026-09-07,1868419667685601,[빙과_스틱바]_쫀득바_전환_video,[멜론쫀득바] 공구네고형_6.3W,[26.06]F_V_WB바_전환_바닐라웨하스출시_네고형_네고형_var4.릴스_축약반값.슬기.X_1P_최나영_260605_제과_피재은_Ysq4CN7n.mp4_[26.05]F_V_JD멜_전환_쫀득바출시_네고형_공구네고형_main.릴스_본론.진수.X_2C_김유진_260529_2T_피재은,4,0,31.0,0,0,전환
2026-09-07,1868419667688673,[빙과_스틱바]_쫀득바_전환_video,[멜론쫀득바] 공구네고형_6.3W,[26.06]F_V_WB바_전환_바닐라웨하스출시_고객후기형_원물강조형_var2.릴스_원물후킹.슬기.X_1P_최나영_260605_제과_문형민_CxumvqEZ.mp4_[26.05]F_V_JD멜_전환_쫀득바출시_네고형_공구네고형_main.릴스_본론.진수.X_2C_김유진_260529_2T_피재은,1,0,3.0,0,0,전환
2026-09-07,1868419575197730,[빙과_스틱바]_쫀득바_전환_video,[멜론쫀득바] 공구네고형_6.3W,[26.06]F_V_WB바_전환_바닐라웨하스출시_네고형_네고형_var2.릴스_축약최초.슬기.X_1P_최나영_260605_제과_피재은_NAgDqaFJ.mp4_[26.05]F_V_JD멜_전환_쫀득바출시_네고형_공구네고형_var6.릴스_예예콘텐츠2.진수.X_2C_김유진_260529_2T_피재은,12,1,44.0,0,0,전환
2026-09-07,1868419575200802,[빙과_스틱바]_쫀득바_전환_video,[멜론쫀득바] 공구네고형_6.3W,[26.06]F_V_WB바_전환_바닐라웨하스출시_네고형_전화네고형_var1.릴스_희소성후킹.X_1P_최나영_260605_제과_강경연_RSBNTVka.mp4_[26.05]F_V_JD멜_전환_쫀득바출시_네고형_공구네고형_var6.릴스_예예콘텐츠2.진수.X_2C_김유진_260529_2T_피재은,64,2,665.0,0,0,전환
2026-09-07,1873959592940658,[빙과_스틱바]_쫀득바_인지2_video,[멜론] 인플루언서형_6.3W,[26.06]F_V_JD멜_인지_상시_인플루언서형_인플루언서형.인지_var1.릴스_쫀득 후킹.X_1P_문선정_260619_빙과_이수민_HCZXPTgo.mp4_[26.06]F_V_JD멜_인지_상시_인플루언서형_인플루언서형.인지_var1.릴스_쫀득 후킹.X_1P_문선정_260619_빙과_이수민,47,0,18.0,0,4,인지
2026-09-07,1873959526530242,[빙과_스틱바]_쫀득바_인지2_video,[멜론] 책상네고 대체_6.4W,[26.06]F_V_JD멜_인지_쫀득바출시_기타_비하인드썰풀기_var2.릴스_POV.X_1P_김유진_260626_빙과_강다빈_dvNEWTwx.mp4_[26.06]F_V_JD멜_인지_쫀득바출시_기타_비하인드썰풀기_var2.릴스_POV.X_1P_김유진_260626_빙과_강다빈,117,0,78.0,0,21,인지
2026-09-07,1874137513647378,[빙과_스틱바]_쫀득바_전환_video,[멜론쫀득바] [26.08] 전환 재편집_노현경,[26.08]F_V_JD멜_전환_쫀득바출시_인물리뷰형_4050대세감_var2.렉카_엄마아빠.(재)_스틱바P_황경원_260821_빙과_노현경_hEoLSObD.mp4_[26.08]F_V_JD멜_전환_쫀득바출시_인물리뷰형_4050대세감_var2.렉카_엄마아빠.(재)_스틱바P_황경원_260821_빙과_노현경.mp4,1297,41,17153.0,4,0,전환
2026-09-07,1874669204093442,[빙과_스틱바]_쫀득바_인지_video,[멜론쫀득바] [26.08] 인지_바이럴형_백정BP바이럴화_정요한,[26.08]F_V_JD멜_인지_쫀득바출시_바이럴형_썰풀기형_main.렉카_대기업협박.X_스틱바P_황경원_260827_빙과_정요한.mp4,97,0,144.0,0,56,인지
2026-09-07,1868419667685569,[빙과_스틱바]_쫀득바_전환_video,[멜론쫀득바] 공구네고형_6.3W,[26.06]F_V_WB바_전환_바닐라웨하스출시_네고형_네고형_var1.릴스_축약원물.슬기.X_1P_최나영_260605_제과_피재은_oYnwJfb7.mp4_[26.05]F_V_JD멜_전환_쫀득바출시_네고형_공구네고형_main.릴스_본론.진수.X_2C_김유진_260529_2T_피재은,25,0,390.0,0,0,전환
2026-09-07,1868781718194754,[빙과_스틱바]_쫀득바_전환_video,[멜론쫀득바] 지인네고형_6.3W,[26.06]F_V_JD멜_전환_쫀득바출시_네고형_지인네고형_var4.릴스_맛비주얼.X_1P_김유진_260619_빙과_이수현_7r1uhRqI.mp4_[26.06]F_V_JD멜_전환_쫀득바출시_네고형_지인네고형_var4.릴스_맛비주얼.X_1P_김유진_260619_빙과_이수현,145,7,1862.0,0,0,전환
2026-09-07,1874056815722546,[빙과_스틱바]_쫀득바_전환_video,[멜론쫀득바] 인플루언서형_6.3W,Black Truffle Ham Series-Music_Refresh-1-1_B1s5qg_4_[26.06]F_V_JD멜_전환_상시_인플루언서형_인플루언서형.전환_main.릴스_공통.X_1P_문선정_260619_빙과_이수민,8,0,264.0,0,0,전환
2026-09-07,1874137513651506,[빙과_스틱바]_쫀득바_전환_video,[멜론쫀득바] [26.08] 전환 재편집_노현경,[26.08]F_V_JD멜_전환_쫀득바출시_인물리뷰형_4050대세감_var2.렉카_엄마아빠.(재)_스틱바P_황경원_260821_빙과_노현경_hEoLSObD.mp4_[26.08]F_V_JD멜_전환_쫀득바출시_인물리뷰형_4050대세감_var3.렉카_트민남.(재)_스틱바P_황경원_260821_빙과_노현경.mp4,2221,60,32793.0,2,0,전환
2026-09-07,1874147098339777,[빙과_스틱바]_쫀득바_전환_video,[멜론쫀득바] [26.07]백정BP_조의진,AI Generated Video-3_0ZFSb6_3_[26.07]F_V_JD멜_전환_쫀득바출시_기타_백정BP_main.릴스_공통.X_2P_김유진_260716_빙과_조의진.mp4,71,9,760.0,0,0,전환
2026-09-07,1874134579340737,[빙과_스틱바]_쫀득바_전환_video,[멜론쫀득바] [26.07]백정BP_조의진,[26.07]F_V_JD멜_전환_쫀득바출시_기타_백정BP_var3.릴스_할인명분.X_2P_김유진_260716_빙과_조의진_hlZaKQje.mp4_[26.07]F_V_JD멜_전환_쫀득바출시_기타_백정BP_var3.릴스_할인명분.X_2P_김유진_260716_빙과_조의진.mp4,20,1,91.0,0,0,전환
2026-09-07,1868419574258802,[빙과_스틱바]_쫀득바_전환_video,[멜론쫀득바] 공구네고형_6.3W,[26.06]F_V_WB바_전환_바닐라웨하스출시_네고형_전화네고형_var2.릴스_POV후킹.X_1P_최나영_260605_제과_강경연_l23UF5Kw.mp4_[26.05]F_V_JD멜_전환_쫀득바출시_네고형_공구네고형_var6.릴스_예예콘텐츠2.진수.X_2C_김유진_260529_2T_피재은,411,14,3748.0,0,0,전환
2026-09-07,1874056815721522,[빙과_스틱바]_쫀득바_전환_video,[멜론쫀득바] 인플루언서형_6.3W,Black Truffle Ham Series-Music_Refresh-3-3_[26.06]F_V_JD멜_전환_상시_인플루언서형_인플루언서형.전환_main.릴스_공통.X_1P_문선정_260619_빙과_이수민,4,1,12.0,0,0,전환
2026-09-07,1874147089789089,[빙과_스틱바]_쫀득바_전환_video,[멜론쫀득바] [26.07] 떡볶이BP_조의진,블랙트러플 하몽 시리즈 - 라라스윗-Music_Refresh-7-8_[26.07]F_V_JD멜_전환_쫀득바출시_신규BP_떡볶이BP_var1.릴스_가성비.X_2P_김유진_260703_빙과_조의진.mp4,21,11,264.0,0,0,전환
2026-09-07,1874147089784497,[빙과_스틱바]_쫀득바_전환_video,[멜론쫀득바] [26.07] 떡볶이BP_조의진,AI Generated Video-3_0ZFSb6_3_[26.07]F_V_JD멜_전환_쫀득바출시_신규BP_떡볶이BP_var1.릴스_가성비.X_2P_김유진_260703_빙과_조의진.mp4,143,31,2074.0,1,0,전환
2026-09-07,1874056815722514,[빙과_스틱바]_쫀득바_전환_video,[멜론쫀득바] 인플루언서형_6.3W,AI Generated Video-6_HwMjls_2_[26.06]F_V_JD멜_전환_상시_인플루언서형_인플루언서형.전환_main.릴스_공통.X_1P_문선정_260619_빙과_이수민,45,5,386.0,0,0,전환
2026-09-07,1874147098339809,[빙과_스틱바]_쫀득바_전환_video,[멜론쫀득바] [26.07]백정BP_조의진,AI Generated Video-2_[26.07]F_V_JD멜_전환_쫀득바출시_기타_백정BP_main.릴스_공통.X_2P_김유진_260716_빙과_조의진.mp4,44,15,558.0,0,0,전환
2026-09-07,1874469822085314,[빙과_스틱바]_쫀득바_인지_video,[멜론] 무디 파트너십 광고 (26년 10월까지만 활용 가능),zzung_184.mp4,7,0,1.0,0,1,인지
2026-09-07,1873959560792561,[빙과_스틱바]_쫀득바_인지2_video,[멜론] 부자들만먹는_6.4W,[26.06]F_V_JD멜_인지_쫀득바출시_신규BP_먹방형_var1.릴스_쫀득.X_1P_문선정_260626_빙과_이수민_PAw0dpIV.mp4_[26.06]F_V_JD멜_인지_쫀득바출시_신규BP_먹방형_var1.릴스_쫀득.X_1P_문선정_260626_빙과_이수민,69,0,61.0,0,13,인지
2026-09-07,1874061791907025,[빙과_스틱바]_쫀득바_전환_video,[멜론쫀득바] 네고형_6.3W,"멜론쫀득바, 멜론쫀득파-Music_Refresh-6-9_[26.06]F_V_JD멜_전환_쫀득바출시_네고형_네고형_var1.릴스_에르메스.X_1P_문선정_260619_빙과_이수민",47,1,365.0,0,0,전환
2026-09-07,1874056815721490,[빙과_스틱바]_쫀득바_전환_video,[멜론쫀득바] 인플루언서형_6.3W,"멜론쫀득바, 멜론쫀득파-Music_Refresh-3-8_[26.06]F_V_JD멜_전환_상시_인플루언서형_인플루언서형.전환_main.릴스_공통.X_1P_문선정_260619_빙과_이수민",8,2,158.0,0,0,전환
2026-09-07,1874147089785857,[빙과_스틱바]_쫀득바_전환_video,[멜론쫀득바] [26.07] 떡볶이BP_조의진,HighCostBau-v10033g50000da3eqvnog65ih6c20fb0_[26.07]F_V_JD멜_전환_쫀득바출시_신규BP_떡볶이BP_var1.릴스_가성비.X_2P_김유진_260703_빙과_조의진.mp4,306,45,3136.0,0,0,전환
2026-09-07,1874153179702514,[빙과_스틱바]_쫀득바_전환_video,[멜론쫀득바] [26.08] 전환 재편집_노현경,AI Generated Video-2_ToZPcK_3_[26.08]F_V_JD멜_전환_쫀득바출시_인물리뷰형_4050대세감_main.렉카_아빠가 사달라.(재)_스틱바P_황경원_260821_빙과_노현경.mp4,15,1,107.0,0,0,전환
2026-09-07,1874153179703538,[빙과_스틱바]_쫀득바_전환_video,[멜론쫀득바] [26.08] 전환 재편집_노현경,"멜론쫀득바, 멜론쫀득파-Music_Refresh-6-9_[26.08]F_V_JD멜_전환_쫀득바출시_인물리뷰형_4050대세감_main.렉카_아빠가 사달라.(재)_스틱바P_황경원_260821_빙과_노현경.mp4",5,2,19.0,0,0,전환
2026-09-07,1868419609280641,[빙과_스틱바]_쫀득바_전환_video,[멜론쫀득바] 공구네고형_6.3W,[26.06]F_V_WB바_전환_바닐라웨하스출시_고객후기형_원물강조형_var2.릴스_원물후킹.슬기.X_1P_최나영_260605_제과_문형민_CxumvqEZ.mp4_[26.05]F_V_JD멜_전환_쫀득바출시_네고형_공구네고형_var1.릴스_예예 자체.진수.X_2C_김유진_260529_2T_피재은,51,1,253.0,0,0,전환
2026-09-07,1868419609282689,[빙과_스틱바]_쫀득바_전환_video,[멜론쫀득바] 공구네고형_6.3W,[26.06]F_V_WB바_전환_바닐라웨하스출시_고객후기형_원물강조형_var1.릴스_원물강조.슬기.X_1P_최나영_260605_제과_문형민_sl7hx9DA.mp4_[26.05]F_V_JD멜_전환_쫀득바출시_네고형_공구네고형_var1.릴스_예예 자체.진수.X_2C_김유진_260529_2T_피재은,15,2,156.0,0,0,전환
2026-09-07,1873959576604178,[빙과_스틱바]_쫀득바_인지2_video,[멜론] 써우리BP_6.4W,[26.06]F_V_JD멜_인지_쫀득바출시_맛인지형_맛인지형.인지_var4.릴스_노을멜론.X_1P_문선정_260612_빙과_이수민_c8GfOUgM.mp4_[26.06]F_V_JD멜_인지_쫀득바출시_맛인지형_맛인지형.인지_var4.릴스_노을멜론.X_1P_문선정_260612_빙과_이수민,671,0,976.0,0,183,인지
2026-09-07,1874147098340609,[빙과_스틱바]_쫀득바_전환_video,[멜론쫀득바] [26.07]백정BP_조의진,HighCostBau-v10033g50000d9vdlknog65mictv53u0_[26.07]F_V_JD멜_전환_쫀득바출시_기타_백정BP_main.릴스_공통.X_2P_김유진_260716_빙과_조의진.mp4,22,5,324.0,0,0,전환
2026-09-07,1868419575197698,[빙과_스틱바]_쫀득바_전환_video,[멜론쫀득바] 공구네고형_6.3W,[26.06]F_V_WB바_전환_바닐라웨하스출시_네고형_네고형_var1.릴스_축약원물.슬기.X_1P_최나영_260605_제과_피재은_oYnwJfb7.mp4_[26.05]F_V_JD멜_전환_쫀득바출시_네고형_공구네고형_var6.릴스_예예콘텐츠2.진수.X_2C_김유진_260529_2T_피재은,110,5,1026.0,0,0,전환
2026-09-07,1868419575200770,[빙과_스틱바]_쫀득바_전환_video,[멜론쫀득바] 공구네고형_6.3W,[26.06]F_V_WB바_전환_바닐라웨하스출시_고객후기형_원물강조형_var1.릴스_원물강조.슬기.X_1P_최나영_260605_제과_문형민_sl7hx9DA.mp4_[26.05]F_V_JD멜_전환_쫀득바출시_네고형_공구네고형_var6.릴스_예예콘텐츠2.진수.X_2C_김유진_260529_2T_피재은,2,0,16.0,0,0,전환
2026-09-07,1874097296807570,[빙과_스틱바]_쫀득바_전환_video,[멜론쫀득바] 컨비니BP_6.3W,블랙트러플 하몽 시리즈 - 라라스윗-Music_Refresh-5-9_[26.06]F_V_JD멜_전환_쫀득바출시_제조과정형_컨비니BP_main.릴스_공통.X_1P_김유진_260619_빙과_정요한,8,1,37.0,0,0,전환
2026-09-07,1874134587687970,[빙과_스틱바]_쫀득바_전환_video,[멜론쫀득바] [26.07]백정BP_조의진,[26.07]F_V_JD멜_전환_쫀득바출시_기타_백정BP_main.릴스_공통.X_2P_김유진_260716_빙과_조의진_jBa6GsYN.mp4_[26.07]F_V_JD멜_전환_쫀득바출시_기타_백정BP_main.릴스_공통.X_2P_김유진_260716_빙과_조의진.mp4,807,131,7988.0,1,0,전환
2026-09-07,1873959662058609,[빙과_스틱바]_쫀득바_인지2_video,[멜론] 요거트바BP_6.3W,[26.06]F_V_JD멜_인지_쫀득바출시_인물리뷰형_편의점원정_var4.릴스_대세감.X_1P_문선정_260612_빙과_정요한_dTrqo0s9.mp4_[26.06]F_V_JD멜_인지_쫀득바출시_인물리뷰형_편의점원정_var4.릴스_대세감.X_1P_문선정_260612_빙과_정요한,116,0,41.0,0,11,인지
2026-09-07,1874153179702482,[빙과_스틱바]_쫀득바_전환_video,[멜론쫀득바] [26.08] 전환 재편집_노현경,HighCostBau-v10033g50000da3eqvnog65ih6c20fb0_[26.08]F_V_JD멜_전환_쫀득바출시_인물리뷰형_4050대세감_main.렉카_아빠가 사달라.(재)_스틱바P_황경원_260821_빙과_노현경.mp4,4,0,11.0,0,0,전환
2026-09-07,1874153179704530,[빙과_스틱바]_쫀득바_전환_video,[멜론쫀득바] [26.08] 전환 재편집_노현경,"멜론쫀득바, 멜론쫀득파-Music_Refresh-3-8_[26.08]F_V_JD멜_전환_쫀득바출시_인물리뷰형_4050대세감_main.렉카_아빠가 사달라.(재)_스틱바P_황경원_260821_빙과_노현경.mp4",8,6,249.0,0,0,전환
2026-09-07,1874153179703506,[빙과_스틱바]_쫀득바_전환_video,[멜론쫀득바] [26.08] 전환 재편집_노현경,AI Generated Video-1_FNZcdS_3_[26.08]F_V_JD멜_전환_쫀득바출시_인물리뷰형_4050대세감_main.렉카_아빠가 사달라.(재)_스틱바P_황경원_260821_빙과_노현경.mp4,72,2,694.0,0,0,전환
2026-09-07,1874134545410177,[빙과_스틱바]_쫀득바_전환_video,[멜론쫀득바] [26.07] 떡볶이BP_조의진,[26.07]F_V_JD멜_전환_쫀득바출시_신규BP_떡볶이BP_var3.릴스_할인명분.X_2P_김유진_260703_빙과_조의진_ZeCol8a7.mp4_[26.07]F_V_JD멜_전환_쫀득바출시_신규BP_떡볶이BP_var3.릴스_할인명분.X_2P_김유진_260703_빙과_조의진.mp4,579,24,8726.0,1,0,전환
2026-09-07,1875228150877506,[빙과_스틱바]_복쫀바_인지2_video,[복숭아] 먹리니 PA,먹리니_PA_J9Tn6Pyz.mp4_먹리니 PA,11530,0,27807.0,0,5727,인지
2026-09-07,1873959526530274,[빙과_스틱바]_쫀득바_인지2_video,[멜론] 책상네고 대체_6.4W,[26.06]F_V_JD멜_인지_쫀득바출시_기타_비하인드썰풀기_var1.릴스_짤림후킹.X_1P_김유진_260626_빙과_강다빈_N8xnAoaE.mp4_[26.06]F_V_JD멜_인지_쫀득바출시_기타_비하인드썰풀기_var1.릴스_짤림후킹.X_1P_김유진_260626_빙과_강다빈,286,0,155.0,0,33,인지
2026-09-07,1874137513664658,[빙과_스틱바]_쫀득바_전환_video,[멜론쫀득바] [26.08] 전환 재편집_노현경,[26.08]F_V_JD멜_전환_쫀득바출시_인물리뷰형_4050대세감_var3.렉카_트민남.(재)_스틱바P_황경원_260821_빙과_노현경_Wv3HxrFu.mp4_[26.08]F_V_JD멜_전환_쫀득바출시_인물리뷰형_4050대세감_var1.렉카_입맛.(재)_스틱바P_황경원_260821_빙과_노현경.mp4,499,66,4546.0,0,0,전환
2026-09-07,1873959681209441,[빙과_스틱바]_쫀득바_인지2_video,[멜론] 인물리뷰(1)_6.3W,[26.06]F_V_JD멜_인지_쫀득바출시_인물리뷰형_인물리뷰형_var3.릴스_코어의외성.X_2P_고가영_260612_빙과_유영현_wjEIQSXr.mp4_[26.06]F_V_JD멜_인지_쫀득바출시_인물리뷰형_인물리뷰형_var3.릴스_코어의외성.X_2P_고가영_260612_빙과_유영현,304,0,1016.0,0,207,인지
2026-09-07,1874097296805282,[빙과_스틱바]_쫀득바_전환_video,[멜론쫀득바] 컨비니BP_6.3W,AI Generated Video-3_0ZFSb6_3_[26.06]F_V_JD멜_전환_쫀득바출시_제조과정형_컨비니BP_main.릴스_공통.X_1P_김유진_260619_빙과_정요한,191,6,1519.0,0,0,전환
2026-09-07,1874762145489089,[빙과_스틱바]_복쫀바_인지2_video,[복숭아] 8월4주차_맛인지_노현경,_26.08_F_V_JD__________var2.___.X__P___260828_____808ac332390d.mp4_[26.08]F_V_JD복_인지_복쫀바출시_맛인지형_오먹_var2.릴스_후숙복숭아.X_스틱바P_이재원_260828_빙과_노현경.mp4,285,0,369.0,0,67,인지
2026-09-07,1874030313976066,[빙과_스틱바]_쫀득바_인지2_video,[멜론] 인물리뷰(1)_6.3W,[26.06]F_V_JD멜_인지_쫀득바출시_인물리뷰형_인물리뷰형_var4.릴스_후킹.X_2P_고가영_260612_빙과_유영현_JfFPUknj.mp4_[26.06]F_V_JD멜_인지_쫀득바출시_인물리뷰형_인물리뷰형_var4.릴스_후킹.X_2P_고가영_260612_빙과_유영현,1388,0,2099.0,0,402,인지
2026-09-07,1868419575199042,[빙과_스틱바]_쫀득바_전환_video,[멜론쫀득바] 공구네고형_6.3W,[26.06]F_V_WB바_전환_바닐라웨하스출시_고객후기형_원물강조형_var2.릴스_원물후킹.슬기.X_1P_최나영_260605_제과_문형민_CxumvqEZ.mp4_[26.05]F_V_JD멜_전환_쫀득바출시_네고형_공구네고형_var6.릴스_예예콘텐츠2.진수.X_2C_김유진_260529_2T_피재은,4,0,36.0,0,0,전환
2026-09-07,1874469822085282,[빙과_스틱바]_쫀득바_인지_video,[멜론] 무디 파트너십 광고 (26년 10월까지만 활용 가능),eunring_.mp4,5,0,7.0,0,3,인지
2026-09-07,1874370092553873,[빙과_스틱바]_쫀득바_인지2_video,[멜론] 무디 파트너십 광고 (26년 10월까지만 활용 가능),riverbinn_N8nEPrUl.mp4_riverbinn,477,0,1033.0,0,201,인지
2026-09-07,1868419667686513,[빙과_스틱바]_쫀득바_전환_video,[멜론쫀득바] 공구네고형_6.3W,[26.06]F_V_WB바_전환_바닐라웨하스출시_네고형_네고형_var8.릴스_혜택.슬기.X_1P_최나영_260605_제과_피재은_H0xpSJs1.mp4_[26.05]F_V_JD멜_전환_쫀득바출시_네고형_공구네고형_main.릴스_본론.진수.X_2C_김유진_260529_2T_피재은,8,1,18.0,0,0,전환
2026-09-07,1874056815720626,[빙과_스틱바]_쫀득바_전환_video,[멜론쫀득바] 인플루언서형_6.3W,HighCostBau-v10033g50000d9qhju7og65sd2k6euv0_[26.06]F_V_JD멜_전환_상시_인플루언서형_인플루언서형.전환_main.릴스_공통.X_1P_문선정_260619_빙과_이수민,684,32,7877.0,1,0,전환
2026-09-07,1874729216782545,[빙과_스틱바]_쫀득바_인지_video,[멜론] 무디 파트너십 광고 (26년 10월까지만 활용 가능),kwaksuaaaa.mp4,13,0,21.0,0,8,인지
2026-09-07,1874056375754034,[빙과_스틱바]_쫀득바_인지_video,[멜론] 무디 파트너십 광고 (26년 10월까지만 활용 가능),honijam,7,0,11.0,0,5,인지
2026-09-07,1874056375749938,[빙과_스틱바]_쫀득바_인지_video,[멜론] 무디 파트너십 광고 (26년 10월까지만 활용 가능),minimore.927,15,0,20.0,0,10,인지
2026-09-07,1874056375753010,[빙과_스틱바]_쫀득바_인지_video,[멜론] 무디 파트너십 광고 (26년 10월까지만 활용 가능),doyouknow_omg,14,0,37.0,0,10,인지
2026-09-07,1874147089789073,[빙과_스틱바]_쫀득바_전환_video,[멜론쫀득바] [26.07] 떡볶이BP_조의진,AI Generated Video-6_HwMjls_2_[26.07]F_V_JD멜_전환_쫀득바출시_신규BP_떡볶이BP_var1.릴스_가성비.X_2P_김유진_260703_빙과_조의진.mp4,42,16,277.0,0,0,전환
2026-09-07,1868782462892353,[빙과_스틱바]_쫀득바_전환_video,[멜론쫀득바] 네고형_6.3W,[26.06]F_V_JD멜_전환_쫀득바출시_네고형_네고형_var1.릴스_에르메스.X_1P_문선정_260619_빙과_이수민_6Gb7hU0n.mp4_[26.06]F_V_JD멜_전환_쫀득바출시_네고형_네고형_var1.릴스_에르메스.X_1P_문선정_260619_빙과_이수민,49,7,245.0,0,0,전환
2026-09-07,1868419667689665,[빙과_스틱바]_쫀득바_전환_video,[멜론쫀득바] 공구네고형_6.3W,[26.06]F_V_WB바_전환_바닐라웨하스출시_네고형_전화네고형_var3.릴스_혜택후킹.X_1P_최나영_260605_제과_강경연_bfnFRSWs.mp4_[26.05]F_V_JD멜_전환_쫀득바출시_네고형_공구네고형_main.릴스_본론.진수.X_2C_김유진_260529_2T_피재은,5,0,55.0,0,0,전환
2026-09-07,1868419667686481,[빙과_스틱바]_쫀득바_전환_video,[멜론쫀득바] 공구네고형_6.3W,[26.06]F_V_WB바_전환_바닐라웨하스출시_네고형_네고형_var7.릴스_최초.슬기.X_1P_최나영_260605_제과_피재은_OU2BsTlp.mp4_[26.05]F_V_JD멜_전환_쫀득바출시_네고형_공구네고형_main.릴스_본론.진수.X_2C_김유진_260529_2T_피재은,43,2,301.0,0,0,전환
2026-09-07,1874056815720594,[빙과_스틱바]_쫀득바_전환_video,[멜론쫀득바] 인플루언서형_6.3W,HighCostBau-v10033g50000da3gukvog65vn24v71ng_[26.06]F_V_JD멜_전환_상시_인플루언서형_인플루언서형.전환_main.릴스_공통.X_1P_문선정_260619_빙과_이수민,1047,37,9982.0,0,0,전환
2026-09-07,1875644222118705,[빙과_스틱바]_쫀득바_전환_video,[멜론쫀득바] 바운스번BP_6.3W,트로플라몽칩-Music_Refresh-3-10_[26.06]F_V_JD멜_전환_쫀득바출시_신규BP_바운스번BP_main.릴스_BP.X_2P_고가영_260612_빙과_조의진,1034,8,1031.0,0,0,전환
2026-09-07,1874134587684210,[빙과_스틱바]_쫀득바_전환_video,[멜론쫀득바] [26.07]백정BP_조의진,[26.07]F_V_JD멜_전환_쫀득바출시_기타_백정BP_var1.릴스_에르메스.X_2P_김유진_260716_빙과_조의진_Lt85bMEF.mp4_[26.07]F_V_JD멜_전환_쫀득바출시_기타_백정BP_var1.릴스_에르메스.X_2P_김유진_260716_빙과_조의진.mp4,732,60,11977.0,1,0,전환
2026-09-07,1873959582885234,[빙과_스틱바]_쫀득바_인지2_video,[망고] 맛인지_6.3W,[26.06]F_V_JD망_인지_쫀득바출시_맛인지형_맛인지형.인지_var1.릴스_젤리식감.진수.6월.수민PJ_2P_문선정_260619_빙과_김지연_oqUjrN9C.mp4_[26.06]F_V_JD망_인지_쫀득바출시_맛인지형_맛인지형.인지_var1.릴스_젤리식감.진수.6월.수민PJ_2P_문선정_260619_빙과_김지연,7,0,20.0,0,4,인지
2026-09-07,1874056375754002,[빙과_스틱바]_쫀득바_인지_video,[멜론] 무디 파트너십 광고 (26년 10월까지만 활용 가능),haaube,60,0,86.0,0,32,인지
2026-09-07,1875115166150738,[빙과_스틱바]_쫀득바_인지_video,[멜론] 닥터후,[26.08]F_V_JD멜_인지_쫀득바출시_바이럴형_권위 설득형_main.렉카_닥터후.500만 틱톡커가 먹어본 초딩 유행템_.X_스틱바P_김바다_260826_빙과_김도희,96,0,84.0,0,38,인지
2026-09-07,1874147077367202,[빙과_스틱바]_쫀득바_전환_video,[멜론쫀득바] [26.07] 지인네고형_정요한,AI Generated Video-2_ylpQZ3_0_[26.07]F_V_JD멜_전환_쫀득바출시_네고형_지인네고형_main.릴스_공통.X_1P_김유진_260710_빙과_정요한.mp4,82,27,621.0,0,0,전환
2026-09-07,1874056375749906,[빙과_스틱바]_쫀득바_인지_video,[멜론] 무디 파트너십 광고 (26년 10월까지만 활용 가능),niker_jaen,66,0,129.0,0,49,인지
2026-09-07,1874056375746834,[빙과_스틱바]_쫀득바_인지_video,[멜론] 무디 파트너십 광고 (26년 10월까지만 활용 가능),quan_d_,39,0,30.0,0,9,인지
2026-09-07,1874056375752978,[빙과_스틱바]_쫀득바_인지_video,[멜론] 무디 파트너십 광고 (26년 10월까지만 활용 가능),ddu___0,8,0,15.0,0,3,인지
2026-09-07,1874061786240273,[빙과_스틱바]_쫀득바_전환_video,[멜론쫀득바] 공구네고형_6.3W,HighCostBau-v10033g50000d9qhju7og65sd2k6euv0_[26.05]F_V_JD멜_전환_쫀득바출시_네고형_공구네고형_main.릴스_본론.진수.X_2C_김유진_260529_2T_피재은,19,1,72.0,0,0,전환
2026-09-07,1868779821681025,[빙과_스틱바]_쫀득바_전환_video,[멜론쫀득바] 컨비니BP_6.3W,[26.06]F_V_JD멜_전환_쫀득바출시_제조과정형_컨비니BP_main.릴스_공통.X_1P_김유진_260619_빙과_정요한_5xWD2bSZ.mp4_[26.06]F_V_JD멜_전환_쫀득바출시_제조과정형_컨비니BP_main.릴스_공통.X_1P_김유진_260619_빙과_정요한,46,0,413.0,0,0,전환
2026-09-07,1874137519531330,[빙과_스틱바]_쫀득바_전환_video,[멜론쫀득바] [26.08] 전환 재편집_노현경,[26.08]F_V_JD멜_전환_쫀득바출시_인물리뷰형_4050대세감_main.렉카_아빠가 사달라.(재)_스틱바P_황경원_260821_빙과_노현경_ALlwDCdu.mp4_[26.08]F_V_JD멜_전환_쫀득바출시_인물리뷰형_4050대세감_main.렉카_아빠가 사달라.(재)_스틱바P_황경원_260821_빙과_노현경.mp4,211,13,2302.0,0,0,전환
2026-09-07,1868419667689697,[빙과_스틱바]_쫀득바_전환_video,[멜론쫀득바] 공구네고형_6.3W,Lala Sweet 골드키위 아이스크림 3박스 + 증정 스틱바 1박스-Music_Refresh-1-7_[26.05]F_V_JD멜_전환_쫀득바출시_네고형_공구네고형_main.릴스_본론.진수.X_2C_김유진_260529_2T_피재은,5,0,54.0,0,0,전환
2026-09-07,1874762145489121,[빙과_스틱바]_복쫀바_인지2_video,[복숭아] 8월4주차_맛인지_노현경,_26.08_F_V_JD__________var4.__100_.X__P___260828_____fd8396e09804.mp4_[26.08]F_V_JD복_인지_복쫀바출시_맛인지형_오먹_var4.릴스_100프로복숭아농축액.X_스틱바P_이재원_260828_빙과_노현경.mp4,651,0,1934.0,0,363,인지
2026-09-07,1874370094864626,[빙과_스틱바]_쫀득바_인지2_video,[멜론] 무디 파트너십 광고 (26년 10월까지만 활용 가능),bbuni_sol_0lW2JXmG.mp4_bbuni_sol,727,0,2150.0,0,459,인지
2026-09-07,1875644222118673,[빙과_스틱바]_쫀득바_전환_video,[멜론쫀득바] 바운스번BP_6.3W,AI Generated Video-2_WQjmWh_3_[26.06]F_V_JD멜_전환_쫀득바출시_신규BP_바운스번BP_main.릴스_BP.X_2P_고가영_260612_빙과_조의진,4758,35,2373.0,4,0,전환
2026-09-07,1875662209285522,[빙과_스틱바]_쫀득바_인지2_video,[멜론] 무디 파트너십 광고 (26년 10월까지만 활용 가능),zzung_184.mp4_zzung_184.mp4,3755,0,2604.0,0,722,인지
2026-09-07,1868419609278577,[빙과_스틱바]_쫀득바_전환_video,[멜론쫀득바] 공구네고형_6.3W,[26.06]F_V_WB바_전환_바닐라웨하스출시_네고형_네고형_main.릴스_축약공통.슬기.X_1P_최나영_260605_제과_피재은_EXwnjgqk.mp4_[26.05]F_V_JD멜_전환_쫀득바출시_네고형_공구네고형_var1.릴스_예예 자체.진수.X_2C_김유진_260529_2T_피재은,316,4,2875.0,0,0,전환
2026-09-07,1873959586022625,[빙과_스틱바]_쫀득바_인지2_video,[망고] 맛인지_6.3W,[26.06]F_V_JD망_인지_쫀득바출시_맛인지형_맛인지형.인지_var2.릴스_망고맛.진수.6월.수민PJ_2P_문선정_260619_빙과_김지연_85l4f3Aq.mp4_[26.06]F_V_JD망_인지_쫀득바출시_맛인지형_맛인지형.인지_var2.릴스_망고맛.진수.6월.수민PJ_2P_문선정_260619_빙과_김지연,119,0,205.0,0,49,인지
2026-09-07,1874052667689074,[빙과_스틱바]_쫀득바_전환_video,[멜론쫀득바] 지인네고형_6.3W,"멜론쫀득바, 멜론쫀득파-Music_Refresh-6-9_[26.06]F_V_JD멜_전환_쫀득바출시_네고형_지인네고형_var4.릴스_맛비주얼.X_1P_김유진_260619_빙과_이수현",36,3,283.0,0,0,전환
2026-09-07,1868419575199010,[빙과_스틱바]_쫀득바_전환_video,[멜론쫀득바] 공구네고형_6.3W,[26.06]F_V_WB바_전환_바닐라웨하스출시_네고형_네고형_var6.릴스_원물.슬기.X_1P_최나영_260605_제과_피재은_ck4ptuWA.mp4_[26.05]F_V_JD멜_전환_쫀득바출시_네고형_공구네고형_var6.릴스_예예콘텐츠2.진수.X_2C_김유진_260529_2T_피재은,24,0,99.0,0,0,전환
2026-09-07,1874056375745714,[빙과_스틱바]_쫀득바_인지_video,[멜론] 무디 파트너십 광고 (26년 10월까지만 활용 가능),bbuni_sol,5,0,2.0,0,2,인지
2026-09-07,1868419609280625,[빙과_스틱바]_쫀득바_전환_video,[멜론쫀득바] 공구네고형_6.3W,[26.06]F_V_WB바_전환_바닐라웨하스출시_고객후기형_원물강조형_var3.릴스_국내최초.슬기.X_1P_최나영_260605_제과_문형민_4GuHqj0Q.mp4_[26.05]F_V_JD멜_전환_쫀득바출시_네고형_공구네고형_var1.릴스_예예 자체.진수.X_2C_김유진_260529_2T_피재은,68,4,749.0,0,0,전환
2026-09-07,1875410600000769,[빙과_스틱바]_복쫀바_인지2_video,[복숭아] 9월 1주차_인물리뷰_JD복,7681681811000311829__26.09_F_V_JD복_전환_복쫀바출시_인물리뷰형_써우리BP_var2.릴스_납작복숭아.X_스틱바P_황경원_260904_빙과_노현경,1133,0,1276.0,0,259,인지
2026-09-07,1875662207350850,[빙과_스틱바]_쫀득바_인지2_video,[멜론] 무디 파트너십 광고 (26년 10월까지만 활용 가능),myhoney_717.mp4_myhoney_717.mp4,2658,0,3409.0,0,793,인지
2026-09-07,1875422375583826,[빙과_스틱바]_복쫀바_인지2_video,[복숭아] 8월4주차_맛인지_노현경,_26.08_F_V_JD__________var6.__1_.X__P___260828_____d81b8c5f2f85.mp4_[26.08]F_V_JD복_인지_복쫀바출시_맛인지형_오먹_var6.릴스_1위.X_스틱바P_이재원_260828_빙과_노현경.mp4,278,0,471.0,0,98,인지
2026-09-07,1874762142933521,[빙과_스틱바]_복쫀바_인지2_video,[복숭아] 8월4주차_맛인지_노현경,_26.08_F_V_JD__________var1.___.X__P___260828_____d7c5f8f88f2a.mp4_[26.08]F_V_JD복_인지_복쫀바출시_맛인지형_오먹_var1.릴스_과일계 에르메스.X_스틱바P_이재원_260828_빙과_노현경.mp4,27,0,3.0,0,1,인지
2026-09-07,1874056375751890,[빙과_스틱바]_쫀득바_인지_video,[멜론] 무디 파트너십 광고 (26년 10월까지만 활용 가능),aekyeong11,3,0,1.0,0,1,인지
2026-09-07,1868419609279505,[빙과_스틱바]_쫀득바_전환_video,[멜론쫀득바] 공구네고형_6.3W,[26.06]F_V_WB바_전환_바닐라웨하스출시_네고형_네고형_var4.릴스_축약반값.슬기.X_1P_최나영_260605_제과_피재은_Ysq4CN7n.mp4_[26.05]F_V_JD멜_전환_쫀득바출시_네고형_공구네고형_var1.릴스_예예 자체.진수.X_2C_김유진_260529_2T_피재은,24,0,192.0,0,0,전환
2026-09-07,1874030338066737,[빙과_스틱바]_쫀득바_인지2_video,[멜론] 현지인도못구하는_7.1W,[26.07]F_V_JD멜_인지_쫀득바출시_인플루언서형_인플루언서형_var2.릴스_인물먼저.X_1P_문선정_260703_빙과_정하얀_JOamzo0T.mp4_[26.07]F_V_JD멜_인지_쫀득바출시_인플루언서형_인플루언서형_var2.릴스_인물먼저.X_1P_문선정_260703_빙과_정하얀,160,0,189.0,0,53,인지
2026-09-07,1868419609276433,[빙과_스틱바]_쫀득바_전환_video,[멜론쫀득바] 공구네고형_6.3W,[26.06]F_V_WB바_전환_바닐라웨하스출시_네고형_네고형_var9.릴스_반값.슬기.X_1P_최나영_260605_제과_피재은_xOYsZVvw.mp4_[26.05]F_V_JD멜_전환_쫀득바출시_네고형_공구네고형_var1.릴스_예예 자체.진수.X_2C_김유진_260529_2T_피재은,5,0,67.0,0,0,전환
2026-09-07,1874052667689042,[빙과_스틱바]_쫀득바_전환_video,[멜론쫀득바] 지인네고형_6.3W,HighCostBau-v10033g50000d9qhju7og65sd2k6euv0_[26.06]F_V_JD멜_전환_쫀득바출시_네고형_지인네고형_var4.릴스_맛비주얼.X_1P_김유진_260619_빙과_이수현,536,20,4812.0,0,0,전환
2026-09-07,1874668517411906,[빙과_스틱바]_쫀득바_인지_video,[멜론쫀득바] [26.08] 인지_바이럴형_백정BP바이럴화_정요한,[26.08]F_V_JD멜_인지_쫀득바출시_바이럴형_정보전달형_main.렉카_식품업계미투제품.X_스틱바P_황경원_260827_빙과_정요한.mp4,78,0,93.0,0,32,인지
2026-09-07,1873959600941425,[빙과_스틱바]_쫀득바_인지2_video,[멜론] 인플루언서형_6.3W,[26.06]F_V_JD멜_인지_상시_인플루언서형_인플루언서형.인지_var1.릴스_쫀득 후킹.X_1P_문선정_260619_빙과_이수민_HCZXPTgo.mp4_[26.06]F_V_JD멜_인지_상시_인플루언서형_인플루언서형.인지_var1.릴스_쫀득 후킹.X_1P_문선정_260619_빙과_이수민,77,0,70.0,0,15,인지
2026-09-07,1868419579552946,[빙과_스틱바]_쫀득바_전환_video,[멜론쫀득바] 공구네고형_6.3W,[26.05]F_V_JD멜_전환_쫀득바출시_네고형_공구네고형_var3.릴스_취식.진수.X_2C_김유진_260529_2T_피재은_O0pRrSC4.mp4_[26.05]F_V_JD멜_전환_쫀득바출시_네고형_공구네고형_var3.릴스_취식.진수.X_2C_김유진_260529_2T_피재은,3,0,79.0,0,0,전환
2026-09-07,1873959654247474,[빙과_스틱바]_쫀득바_인지2_video,[멜론] 요거트바BP_6.3W,[26.06]F_V_JD멜_인지_쫀득바출시_인물리뷰형_편의점원정_main.릴스_공통.X_1P_문선정_260612_빙과_정요한_YkIZOlu0.mp4_[26.06]F_V_JD멜_인지_쫀득바출시_인물리뷰형_편의점원정_main.릴스_공통.X_1P_문선정_260612_빙과_정요한,153,0,359.0,0,88,인지
2026-09-07,1874469822087490,[빙과_스틱바]_쫀득바_인지_video,[멜론] 무디 파트너십 광고 (26년 10월까지만 활용 가능),xcvijy.mp4,1,0,2.0,0,1,인지
2026-09-07,1873959502194113,[빙과_스틱바]_쫀득바_인지2_video,[멜론] 현지인도못구하는_7.1W,[26.07]F_V_JD멜_인지_쫀득바출시_인플루언서형_인플루언서형_main.릴스_비행기표취소.X_1P_문선정_260703_빙과_정하얀_6J9yLGRu.mp4_[26.07]F_V_JD멜_인지_쫀득바출시_인플루언서형_인플루언서형_main.릴스_비행기표취소.X_1P_문선정_260703_빙과_정하얀,478,0,680.0,0,138,인지
2026-09-07,1874147098341473,[빙과_스틱바]_쫀득바_전환_video,[멜론쫀득바] [26.07]백정BP_조의진,블랙트러플 하몽 시리즈 - 라라스윗-Music_Refresh-7-8_[26.07]F_V_JD멜_전환_쫀득바출시_기타_백정BP_main.릴스_공통.X_2P_김유진_260716_빙과_조의진.mp4,18,3,125.0,0,0,전환
2026-09-07,1874097296808514,[빙과_스틱바]_쫀득바_전환_video,[멜론쫀득바] 컨비니BP_6.3W,AI Generated Video-1_[26.06]F_V_JD멜_전환_쫀득바출시_제조과정형_컨비니BP_main.릴스_공통.X_1P_김유진_260619_빙과_정요한,49,1,285.0,0,0,전환
2026-09-07,1874147077367234,[빙과_스틱바]_쫀득바_전환_video,[멜론쫀득바] [26.07] 지인네고형_정요한,"멜론쫀득바, 멜론쫀득파-Music_Refresh-3-8_[26.07]F_V_JD멜_전환_쫀득바출시_네고형_지인네고형_main.릴스_공통.X_1P_김유진_260710_빙과_정요한.mp4",70,23,452.0,0,0,전환
2026-09-07,1874370098478129,[빙과_스틱바]_쫀득바_인지2_video,[멜론] 무디 파트너십 광고 (26년 10월까지만 활용 가능),kdaaeng_5cY4RH6h.mp4_kdaaeng,251,0,610.0,0,129,인지
2026-09-07,1868780396978738,[빙과_스틱바]_쫀득바_전환_video,[멜론쫀득바] 인플루언서형_6.3W,[26.06]F_V_JD멜_전환_상시_인플루언서형_인플루언서형.전환_main.릴스_공통.X_1P_문선정_260619_빙과_이수민_IjhnCENH.mp4_[26.06]F_V_JD멜_전환_상시_인플루언서형_인플루언서형.전환_main.릴스_공통.X_1P_문선정_260619_빙과_이수민,335,12,3545.0,0,0,전환
2026-09-07,1875644222116001,[빙과_스틱바]_쫀득바_전환_video,[멜론쫀득바] 바운스번BP_6.3W,AI Generated Video-5_VQS8GL_3_[26.06]F_V_JD멜_전환_쫀득바출시_신규BP_바운스번BP_main.릴스_BP.X_2P_고가영_260612_빙과_조의진,55,2,196.0,0,0,전환
2026-09-07,1874147077369282,[빙과_스틱바]_쫀득바_전환_video,[멜론쫀득바] [26.07] 지인네고형_정요한,블랙트러플 하몽 시리즈 - 라라스윗-Music_Refresh-7-8_[26.07]F_V_JD멜_전환_쫀득바출시_네고형_지인네고형_main.릴스_공통.X_1P_김유진_260710_빙과_정요한.mp4,51,13,588.0,0,0,전환
2026-09-07,1875644222119073,[빙과_스틱바]_쫀득바_전환_video,[멜론쫀득바] 바운스번BP_6.3W,AI Generated Video-3_[26.06]F_V_JD멜_전환_쫀득바출시_신규BP_바운스번BP_main.릴스_BP.X_2P_고가영_260612_빙과_조의진,2128,21,2511.0,1,0,전환
2026-09-07,1873959592941730,[빙과_스틱바]_쫀득바_인지2_video,[멜론] 인플루언서형_6.3W,[26.06]F_V_JD멜_인지_상시_인플루언서형_인플루언서형.인지_main.릴스_공통.X_1P_문선정_260619_빙과_이수민_OcQS8Jtk.mp4_[26.06]F_V_JD멜_인지_상시_인플루언서형_인플루언서형.인지_var2.릴스_대세감.X_1P_문선정_260619_빙과_이수민,17,0,32.0,0,7,인지
2026-09-07,1874134545420705,[빙과_스틱바]_쫀득바_전환_video,[멜론쫀득바] [26.07] 떡볶이BP_조의진,[26.07]F_V_JD멜_전환_쫀득바출시_신규BP_떡볶이BP_main.릴스_공통.X_2P_김유진_260703_빙과_조의진_SsYfOanz.mp4_[26.07]F_V_JD멜_전환_쫀득바출시_신규BP_떡볶이BP_main.릴스_공통.X_2P_김유진_260703_빙과_조의진.mp4,77,22,1013.0,0,0,전환
2026-09-07,1874147098341441,[빙과_스틱바]_쫀득바_전환_video,[멜론쫀득바] [26.07]백정BP_조의진,블랙트러플 하몽 시리즈 - 라라스윗-Music_Refresh-2-4_[26.07]F_V_JD멜_전환_쫀득바출시_기타_백정BP_main.릴스_공통.X_2P_김유진_260716_빙과_조의진.mp4,13,5,66.0,0,0,전환
2026-09-07,1874097296808546,[빙과_스틱바]_쫀득바_전환_video,[멜론쫀득바] 컨비니BP_6.3W,"멜론쫀득바, 멜론쫀득파-Music_Refresh-3-8_[26.06]F_V_JD멜_전환_쫀득바출시_제조과정형_컨비니BP_main.릴스_공통.X_1P_김유진_260619_빙과_정요한",2,0,1.0,0,0,전환
2026-09-07,1874147077366050,[빙과_스틱바]_쫀득바_전환_video,[멜론쫀득바] [26.07] 지인네고형_정요한,HighCostBau-v10033g50000d9qhju7og65sd2k6euv0_[26.07]F_V_JD멜_전환_쫀득바출시_네고형_지인네고형_main.릴스_공통.X_1P_김유진_260710_빙과_정요한.mp4,123,28,1294.0,0,0,전환
2026-09-07,1874056375748754,[빙과_스틱바]_쫀득바_인지_video,[멜론] 무디 파트너십 광고 (26년 10월까지만 활용 가능),unyouu,11,0,16.0,0,8,인지
2026-09-07,1868419609278545,[빙과_스틱바]_쫀득바_전환_video,[멜론쫀득바] 공구네고형_6.3W,리얼 망고 쫀득바-Music_Refresh-1-2_l2JEuz_4_[26.05]F_V_JD멜_전환_쫀득바출시_네고형_공구네고형_var1.릴스_예예 자체.진수.X_2C_김유진_260529_2T_피재은,7,0,39.0,0,0,전환
2026-09-07,1875644222119041,[빙과_스틱바]_쫀득바_전환_video,[멜론쫀득바] 바운스번BP_6.3W,AI Generated Video-2_[26.06]F_V_JD멜_전환_쫀득바출시_신규BP_바운스번BP_main.릴스_BP.X_2P_고가영_260612_빙과_조의진,1839,22,3392.0,0,0,전환
2026-09-07,1875410590479601,[빙과_스틱바]_복쫀바_인지2_video,[복숭아] 9월 1주차_인물리뷰_JD복,7681681764771119124__26.09_F_V_JD복_전환_복쫀바출시_인물리뷰형_써우리BP_main.릴스_편의점.X_스틱바P_황경원_260904_빙과_노현경,52971,0,58998.0,0,12280,인지
2026-09-07,1873959585040561,[빙과_스틱바]_쫀득바_인지2_video,[망고] 맛인지_6.3W,[26.06]F_V_JD망_인지_쫀득바출시_맛인지형_맛인지형.인지_var3.릴스_대세감.진수.6월.수민PJ_2P_문선정_260619_빙과_김지연_694xYrHj.mp4_[26.06]F_V_JD망_인지_쫀득바출시_맛인지형_맛인지형.인지_var3.릴스_대세감.진수.6월.수민PJ_2P_문선정_260619_빙과_김지연,55,0,62.0,0,14,인지
2026-09-07,1868419609280593,[빙과_스틱바]_쫀득바_전환_video,[멜론쫀득바] 공구네고형_6.3W,[26.06]F_V_WB바_전환_바닐라웨하스출시_네고형_네고형_var6.릴스_원물.슬기.X_1P_최나영_260605_제과_피재은_ck4ptuWA.mp4_[26.05]F_V_JD멜_전환_쫀득바출시_네고형_공구네고형_var1.릴스_예예 자체.진수.X_2C_김유진_260529_2T_피재은,7,0,78.0,0,0,전환
2026-09-07,1873959656924433,[빙과_스틱바]_쫀득바_인지2_video,[멜론] 요거트바BP_6.3W,[26.06]F_V_JD멜_인지_쫀득바출시_인물리뷰형_편의점원정_var3.릴스_왁뿌볼.X_1P_문선정_260612_빙과_정요한_HJ4yRNtY.mp4_[26.06]F_V_JD멜_인지_쫀득바출시_인물리뷰형_편의점원정_var3.릴스_왁뿌볼.X_1P_문선정_260612_빙과_정요한,1,0,6.0,0,1,인지
2026-09-07,1874147077366018,[빙과_스틱바]_쫀득바_전환_video,[멜론쫀득바] [26.07] 지인네고형_정요한,AI Generated Video-1_uOYvhJ_3_[26.07]F_V_JD멜_전환_쫀득바출시_네고형_지인네고형_main.릴스_공통.X_1P_김유진_260710_빙과_정요한.mp4,158,29,1905.0,0,0,전환
2026-09-07,1873959596195153,[빙과_스틱바]_쫀득바_인지2_video,[멜론] 인플루언서형_6.3W,[26.06]F_V_JD멜_인지_상시_인플루언서형_인플루언서형.인지_main.릴스_공통.X_1P_문선정_260619_빙과_이수민_OcQS8Jtk.mp4_[26.06]F_V_JD멜_인지_상시_인플루언서형_인플루언서형.인지_main.릴스_공통.X_1P_문선정_260619_빙과_이수민,27,0,50.0,0,10,인지
2026-09-07,1871586559538209,[빙과_스틱바]_쫀득바_인지_video,0724_추성훈BP_JD멜,[26.07]F_V_JD멜_인지_쫀득바출시_신규BP_추성훈BP_var5.렉카_매출1등.7월.수민PJ_1P_영상팀_260724_빙과_이수민,37347,0,100350.0,0,6169,인지
